$MeshFormat
4.1 0 8
$EndMeshFormat
$PhysicalNames
262
1 1 "linelinD4A"
1 2 "linelinD4B"
1 3 "linelinD4C"
1 4 "linelinD4D"
1 5 "linelinD4E"
1 6 "linelinD4F"
1 7 "linelinD4G"
1 8 "linelinD4H"
1 9 "linelinD4I"
1 10 "linelinD4J"
1 11 "linelinD4K"
1 12 "linelinD4L"
1 13 "linelinD4M"
1 14 "linelinD4N"
1 15 "linelinD4O"
1 16 "linelinD4P"
2 1 "srfA0AP"
2 2 "srfA1AB"
2 3 "srfA1CD"
2 4 "srfA1EF"
2 5 "srfA1GH"
2 6 "srfA1IJ"
2 7 "srfA1KL"
2 8 "srfA1MN"
2 9 "srfA1OP"
2 10 "srfA2A"
2 11 "srfA2B"
2 12 "srfA2C"
2 13 "srfA2D"
2 14 "srfA2E"
2 15 "srfA2F"
2 16 "srfA2G"
2 17 "srfA2H"
2 18 "srfA2I"
2 19 "srfA2J"
2 20 "srfA2K"
2 21 "srfA2L"
2 22 "srfA2M"
2 23 "srfA2N"
2 24 "srfA2O"
2 25 "srfA2P"
2 26 "srfAB4A"
2 27 "srfAB4B"
2 28 "srfAB4C"
2 29 "srfAB4D"
2 30 "srfAB4E"
2 31 "srfAB4F"
2 32 "srfAB4G"
2 33 "srfAB4H"
2 34 "srfAB4I"
2 35 "srfAB4J"
2 36 "srfAB4K"
2 37 "srfAB4L"
2 38 "srfAB4M"
2 39 "srfAB4N"
2 40 "srfAB4O"
2 41 "srfAB4P"
2 42 "srfBC4A"
2 43 "srfBC4B"
2 44 "srfBC4C"
2 45 "srfBC4D"
2 46 "srfBC4E"
2 47 "srfBC4F"
2 48 "srfBC4G"
2 49 "srfBC4H"
2 50 "srfBC4I"
2 51 "srfBC4J"
2 52 "srfBC4K"
2 53 "srfBC4L"
2 54 "srfBC4M"
2 55 "srfBC4N"
2 56 "srfBC4O"
2 57 "srfBC4P"
2 58 "srfCD4A"
2 59 "srfCD4B"
2 60 "srfCD4C"
2 61 "srfCD4D"
2 62 "srfCD4E"
2 63 "srfCD4F"
2 64 "srfCD4G"
2 65 "srfCD4H"
2 66 "srfCD4I"
2 67 "srfCD4J"
2 68 "srfCD4K"
2 69 "srfCD4L"
2 70 "srfCD4M"
2 71 "srfCD4N"
2 72 "srfCD4O"
2 73 "srfCD4P"
2 74 "srfDE4A"
2 75 "srfDE4B"
2 76 "srfDE4C"
2 77 "srfDE4D"
2 78 "srfDE4E"
2 79 "srfDE4F"
2 80 "srfDE4G"
2 81 "srfDE4H"
2 82 "srfDE4I"
2 83 "srfDE4J"
2 84 "srfDE4K"
2 85 "srfDE4L"
2 86 "srfDE4M"
2 87 "srfDE4N"
2 88 "srfDE4O"
2 89 "srfDE4P"
2 90 "srfEF4A"
2 91 "srfEF4B"
2 92 "srfEF4C"
2 93 "srfEF4D"
2 94 "srfEF4E"
2 95 "srfEF4F"
2 96 "srfEF4G"
2 97 "srfEF4H"
2 98 "srfEF4I"
2 99 "srfEF4J"
2 100 "srfEF4K"
2 101 "srfEF4L"
2 102 "srfEF4M"
2 103 "srfEF4N"
2 104 "srfEF4O"
2 105 "srfEF4P"
2 106 "srfFG4A"
2 107 "srfFG4B"
2 108 "srfFG4C"
2 109 "srfFG4D"
2 110 "srfFG4E"
2 111 "srfFG4F"
2 112 "srfFG4G"
2 113 "srfFG4H"
2 114 "srfFG4I"
2 115 "srfFG4J"
2 116 "srfFG4K"
2 117 "srfFG4L"
2 118 "srfFG4M"
2 119 "srfFG4N"
2 120 "srfFG4O"
2 121 "srfFG4P"
2 122 "srfG0AP"
2 123 "srfG1AB"
2 124 "srfG1CD"
2 125 "srfG1EF"
2 126 "srfG1GH"
2 127 "srfG1IJ"
2 128 "srfG1KL"
2 129 "srfG1MN"
2 130 "srfG1OP"
2 131 "srfG2A"
2 132 "srfG2B"
2 133 "srfG2C"
2 134 "srfG2D"
2 135 "srfG2E"
2 136 "srfG2F"
2 137 "srfG2G"
2 138 "srfG2H"
2 139 "srfG2I"
2 140 "srfG2J"
2 141 "srfG2K"
2 142 "srfG2L"
2 143 "srfG2M"
2 144 "srfG2N"
2 145 "srfG2O"
2 146 "srfG2P"
3 1 "volAB1"
3 2 "volAB2AB"
3 3 "volAB2CD"
3 4 "volAB2EF"
3 5 "volAB2GH"
3 6 "volAB2IJ"
3 7 "volAB2KL"
3 8 "volAB2MN"
3 9 "volAB2OP"
3 10 "volAB3A"
3 11 "volAB3B"
3 12 "volAB3C"
3 13 "volAB3D"
3 14 "volAB3E"
3 15 "volAB3F"
3 16 "volAB3G"
3 17 "volAB3H"
3 18 "volAB3I"
3 19 "volAB3J"
3 20 "volAB3K"
3 21 "volAB3L"
3 22 "volAB3M"
3 23 "volAB3N"
3 24 "volAB3O"
3 25 "volAB3P"
3 26 "volBC1"
3 27 "volBC2AB"
3 28 "volBC2CD"
3 29 "volBC2EF"
3 30 "volBC2GH"
3 31 "volBC2IJ"
3 32 "volBC2KL"
3 33 "volBC2MN"
3 34 "volBC2OP"
3 35 "volBC3A"
3 36 "volBC3B"
3 37 "volBC3C"
3 38 "volBC3D"
3 39 "volBC3E"
3 40 "volBC3F"
3 41 "volBC3G"
3 42 "volBC3H"
3 43 "volBC3I"
3 44 "volBC3J"
3 45 "volBC3K"
3 46 "volBC3L"
3 47 "volBC3M"
3 48 "volBC3N"
3 49 "volBC3O"
3 50 "volBC3P"
3 51 "volCD1"
3 52 "volCD2AB"
3 53 "volCD2CD"
3 54 "volCD2EF"
3 55 "volCD2GH"
3 56 "volCD2IJ"
3 57 "volCD2KL"
3 58 "volCD2MN"
3 59 "volCD2OP"
3 60 "volCD3A"
3 61 "volCD3B"
3 62 "volCD3C"
3 63 "volCD3D"
3 64 "volCD3E"
3 65 "volCD3F"
3 66 "volCD3G"
3 67 "volCD3H"
3 68 "volCD3I"
3 69 "volCD3J"
3 70 "volCD3K"
3 71 "volCD3L"
3 72 "volCD3M"
3 73 "volCD3N"
3 74 "volCD3O"
3 75 "volCD3P"
3 76 "volDE1"
3 77 "volDE2AB"
3 78 "volDE2CD"
3 79 "volDE2EF"
3 80 "volDE2GH"
3 81 "volDE2IJ"
3 82 "volDE2KL"
3 83 "volDE2MN"
3 84 "volDE2OP"
3 85 "volDE3A"
3 86 "volDE3B"
3 87 "volDE3C"
3 88 "volDE3D"
3 89 "volDE3E"
3 90 "volDE3F"
3 91 "volDE3G"
3 92 "volDE3H"
3 93 "volDE3I"
3 94 "volDE3J"
3 95 "volDE3K"
3 96 "volDE3L"
3 97 "volDE3M"
3 98 "volDE3N"
3 99 "volDE3O"
3 100 "volDE3P"
$EndPhysicalNames
$Entities
0 16 146 100
1 -0.0058 0.014 0.03 0 0.0152 0.03 1 1 0
2 -0.0107 0.0107 0.03 -0.0058 0.014 0.03 1 2 0
3 -0.014 0.0058 0.03 -0.0107 0.0107 0.03 1 3 0
4 -0.0152 0 0.03 -0.014 0.0058 0.03 1 4 0
5 -0.0152 -0.0058 0.03 -0.014 0 0.03 1 5 0
6 -0.014 -0.0107 0.03 -0.0107 -0.0058 0.03 1 6 0
7 -0.0107 -0.014 0.03 -0.0058 -0.0107 0.03 1 7 0
8 -0.0058 -0.0152 0.03 0 -0.014 0.03 1 8 0
9 0 -0.0152 0.03 0.0058 -0.014 0.03 1 9 0
10 0.0058 -0.014 0.03 0.0107 -0.0107 0.03 1 10 0
11 0.0107 -0.0107 0.03 0.014 -0.0058 0.03 1 11 0
12 0.014 -0.0058 0.03 0.0152 0 0.03 1 12 0
13 0.014 0 0.03 0.0152 0.0058 0.03 1 13 0
14 0.0107 0.0058 0.03 0.014 0.0107 0.03 1 14 0
15 0.0058 0.0107 0.03 0.0107 0.014 0.03 1 15 0
16 0 0.014 0.03 0.0058 0.0152 0.03 1 16 0
1 -0.0051 -0.0051 0 0.0051 0.0051 0 1 1 0
2 -0.0072 0.0036 0 0 0.0101 0 1 2 0
3 -0.0101 0 0 -0.0036 0.0072 0 1 3 0
4 -0.0101 -0.0072 0 -0.0036 0 0 1 4 0
5 -0.0072 -0.0101 0 0 -0.0036 0 1 5 0
6 0 -0.0101 0 0.0072 -0.0036 0 1 6 0
7 0.0036 -0.0072 0 0.0101 0 0 1 7 0
8 0.0036 0 0 0.0101 0.0072 0 1 8 0
9 0 0.0036 0 0.0072 0.0101 0 1 9 0
10 -0.0058 0.0094 0 0 0.0152 0 1 10 0
11 -0.0107 0.0072 0 -0.0039 0.014 0 1 11 0
12 -0.014 0.0039 0 -0.0072 0.0107 0 1 12 0
13 -0.0152 0 0 -0.0094 0.0058 0 1 13 0
14 -0.0152 -0.0058 0 -0.0094 0 0 1 14 0
15 -0.014 -0.0107 0 -0.0072 -0.0039 0 1 15 0
16 -0.0107 -0.014 0 -0.0039 -0.0072 0 1 16 0
17 -0.0058 -0.0152 0 0 -0.0094 0 1 17 0
18 0 -0.0152 0 0.0058 -0.0094 0 1 18 0
19 0.0039 -0.014 0 0.0107 -0.0072 0 1 19 0
20 0.0072 -0.0107 0 0.014 -0.0039 0 1 20 0
21 0.0094 -0.0058 0 0.0152 0 0 1 21 0
22 0.0094 0 0 0.0152 0.0058 0 1 22 0
23 0.0072 0.0039 0 0.014 0.0107 0 1 23 0
24 0.0039 0.0072 0 0.0107 0.014 0 1 24 0
25 0 0.0094 0 0.0058 0.0152 0 1 25 0
26 -0.0058 0.014 0 0 0.0152 0.02 1 26 0
27 -0.0107 0.0107 0 -0.0058 0.014 0.02 1 27 0
28 -0.014 0.0058 0 -0.0107 0.0107 0.02 1 28 0
29 -0.0152 0 0 -0.014 0.0058 0.02 1 29 0
30 -0.0152 -0.0058 0 -0.014 0 0.02 1 30 0
31 -0.014 -0.0107 0 -0.0107 -0.0058 0.02 1 31 0
32 -0.0107 -0.014 0 -0.0058 -0.0107 0.02 1 32 0
33 -0.0058 -0.0152 0 0 -0.014 0.02 1 33 0
34 0 -0.0152 0 0.0058 -0.014 0.02 1 34 0
35 0.0058 -0.014 0 0.0107 -0.0107 0.02 1 35 0
36 0.0107 -0.0107 0 0.014 -0.0058 0.02 1 36 0
37 0.014 -0.0058 0 0.0152 0 0.02 1 37 0
38 0.014 0 0 0.0152 0.0058 0.02 1 38 0
39 0.0107 0.0058 0 0.014 0.0107 0.02 1 39 0
40 0.0058 0.0107 0 0.0107 0.014 0.02 1 40 0
41 0 0.014 0 0.0058 0.0152 0.02 1 41 0
42 -0.0058 0.014 0.02 0 0.0152 0.025 1 42 0
43 -0.0107 0.0107 0.02 -0.0058 0.014 0.025 1 43 0
44 -0.014 0.0058 0.02 -0.0107 0.0107 0.025 1 44 0
45 -0.0152 0 0.02 -0.014 0.0058 0.025 1 45 0
46 -0.0152 -0.0058 0.02 -0.014 0 0.025 1 46 0
47 -0.014 -0.0107 0.02 -0.0107 -0.0058 0.025 1 47 0
48 -0.0107 -0.014 0.02 -0.0058 -0.0107 0.025 1 48 0
49 -0.0058 -0.0152 0.02 0 -0.014 0.025 1 49 0
50 0 -0.0152 0.02 0.0058 -0.014 0.025 1 50 0
51 0.0058 -0.014 0.02 0.0107 -0.0107 0.025 1 51 0
52 0.0107 -0.0107 0.02 0.014 -0.0058 0.025 1 52 0
53 0.014 -0.0058 0.02 0.0152 0 0.025 1 53 0
54 0.014 0 0.02 0.0152 0.0058 0.025 1 54 0
55 0.0107 0.0058 0.02 0.014 0.0107 0.025 1 55 0
56 0.0058 0.0107 0.02 0.0107 0.014 0.025 1 56 0
57 0 0.014 0.02 0.0058 0.0152 0.025 1 57 0
58 -0.0058 0.014 0.025 0 0.0152 0.03 1 58 0
59 -0.0107 0.0107 0.025 -0.0058 0.014 0.03 1 59 0
60 -0.014 0.0058 0.025 -0.0107 0.0107 0.03 1 60 0
61 -0.0152 0 0.025 -0.014 0.0058 0.03 1 61 0
62 -0.0152 -0.0058 0.025 -0.014 0 0.03 1 62 0
63 -0.014 -0.0107 0.025 -0.0107 -0.0058 0.03 1 63 0
64 -0.0107 -0.014 0.025 -0.0058 -0.0107 0.03 1 64 0
65 -0.0058 -0.0152 0.025 0 -0.014 0.03 1 65 0
66 0 -0.0152 0.025 0.0058 -0.014 0.03 1 66 0
67 0.0058 -0.014 0.025 0.0107 -0.0107 0.03 1 67 0
68 0.0107 -0.0107 0.025 0.014 -0.0058 0.03 1 68 0
69 0.014 -0.0058 0.025 0.0152 0 0.03 1 69 0
70 0.014 0 0.025 0.0152 0.0058 0.03 1 70 0
71 0.0107 0.0058 0.025 0.014 0.0107 0.03 1 71 0
72 0.0058 0.0107 0.025 0.0107 0.014 0.03 1 72 0
73 0 0.014 0.025 0.0058 0.0152 0.03 1 73 0
74 -0.0058 0.014 0.03 0 0.0152 0.035 1 74 0
75 -0.0107 0.0107 0.03 -0.0058 0.014 0.035 1 75 0
76 -0.014 0.0058 0.03 -0.0107 0.0107 0.035 1 76 0
77 -0.0152 0 0.03 -0.014 0.0058 0.035 1 77 0
78 -0.0152 -0.0058 0.03 -0.014 0 0.035 1 78 0
79 -0.014 -0.0107 0.03 -0.0107 -0.0058 0.035 1 79 0
80 -0.0107 -0.014 0.03 -0.0058 -0.0107 0.035 1 80 0
81 -0.0058 -0.0152 0.03 0 -0.014 0.035 1 81 0
82 0 -0.0152 0.03 0.0058 -0.014 0.035 1 82 0
83 0.0058 -0.014 0.03 0.0107 -0.0107 0.035 1 83 0
84 0.0107 -0.0107 0.03 0.014 -0.0058 0.035 1 84 0
85 0.014 -0.0058 0.03 0.0152 0 0.035 1 85 0
86 0.014 0 0.03 0.0152 0.0058 0.035 1 86 0
87 0.0107 0.0058 0.03 0.014 0.0107 0.035 1 87 0
88 0.0058 0.0107 0.03 0.0107 0.014 0.035 1 88 0
89 0 0.014 0.03 0.0058 0.0152 0.035 1 89 0
90 -0.0058 0.014 0.035 0 0.0152 0.04 1 90 0
91 -0.0107 0.0107 0.035 -0.0058 0.014 0.04 1 91 0
92 -0.014 0.0058 0.035 -0.0107 0.0107 0.04 1 92 0
93 -0.0152 0 0.035 -0.014 0.0058 0.04 1 93 0
94 -0.0152 -0.0058 0.035 -0.014 0 0.04 1 94 0
95 -0.014 -0.0107 0.035 -0.0107 -0.0058 0.04 1 95 0
96 -0.0107 -0.014 0.035 -0.0058 -0.0107 0.04 1 96 0
97 -0.0058 -0.0152 0.035 0 -0.014 0.04 1 97 0
98 0 -0.0152 0.035 0.0058 -0.014 0.04 1 98 0
99 0.0058 -0.014 0.035 0.0107 -0.0107 0.04 1 99 0
100 0.0107 -0.0107 0.035 0.014 -0.0058 0.04 1 100 0
101 0.014 -0.0058 0.035 0.0152 0 0.04 1 101 0
102 0.014 0 0.035 0.0152 0.0058 0.04 1 102 0
103 0.0107 0.0058 0.035 0.014 0.0107 0.04 1 103 0
104 0.0058 0.0107 0.035 0.0107 0.014 0.04 1 104 0
105 0 0.014 0.035 0.0058 0.0152 0.04 1 105 0
106 -0.0058 0.014 0.04 0 0.0152 0.06 1 106 0
107 -0.0107 0.0107 0.04 -0.0058 0.014 0.06 1 107 0
108 -0.014 0.0058 0.04 -0.0107 0.0107 0.06 1 108 0
109 -0.0152 0 0.04 -0.014 0.0058 0.06 1 109 0
110 -0.0152 -0.0058 0.04 -0.014 0 0.06 1 110 0
111 -0.014 -0.0107 0.04 -0.0107 -0.0058 0.06 1 111 0
112 -0.0107 -0.014 0.04 -0.0058 -0.0107 0.06 1 112 0
113 -0.0058 -0.0152 0.04 0 -0.014 0.06 1 113 0
114 0 -0.0152 0.04 0.0058 -0.014 0.06 1 114 0
115 0.0058 -0.014 0.04 0.0107 -0.0107 0.06 1 115 0
116 0.0107 -0.0107 0.04 0.014 -0.0058 0.06 1 116 0
117 0.014 -0.0058 0.04 0.0152 0 0.06 1 117 0
118 0.014 0 0.04 0.0152 0.0058 0.06 1 118 0
119 0.0107 0.0058 0.04 0.014 0.0107 0.06 1 119 0
120 0.0058 0.0107 0.04 0.0107 0.014 0.06 1 120 0
121 0 0.014 0.04 0.0058 0.0152 0.06 1 121 0
122 -0.0051 -0.0051 0.06 0.0051 0.0051 0.06 1 122 0
123 -0.0072 0.0036 0.06 0 0.0101 0.06 1 123 0
124 -0.0101 0 0.06 -0.0036 0.0072 0.06 1 124 0
125 -0.0101 -0.0072 0.06 -0.0036 0 0.06 1 125 0
126 -0.0072 -0.0101 0.06 0 -0.0036 0.06 1 126 0
127 0 -0.0101 0.06 0.0072 -0.0036 0.06 1 127 0
128 0.0036 -0.0072 0.06 0.0101 0 0.06 1 128 0
129 0.0036 0 0.06 0.0101 0.0072 0.06 1 129 0
130 0 0.0036 0.06 0.0072 0.0101 0.06 1 130 0
131 -0.0058 0.0094 0.06 0 0.0152 0.06 1 131 0
132 -0.0107 0.0072 0.06 -0.0039 0.014 0.06 1 132 0
133 -0.014 0.0039 0.06 -0.0072 0.0107 0.06 1 133 0
134 -0.0152 0 0.06 -0.0094 0.0058 0.06 1 134 0
135 -0.0152 -0.0058 0.06 -0.0094 0 0.06 1 135 0
136 -0.014 -0.0107 0.06 -0.0072 -0.0039 0.06 1 136 0
137 -0.0107 -0.014 0.06 -0.0039 -0.0072 0.06 1 137 0
138 -0.0058 -0.0152 0.06 0 -0.0094 0.06 1 138 0
139 0 -0.0152 0.06 0.0058 -0.0094 0.06 1 139 0
140 0.0039 -0.014 0.06 0.0107 -0.0072 0.06 1 140 0
141 0.0072 -0.0107 0.06 0.014 -0.0039 0.06 1 141 0
142 0.0094 -0.0058 0.06 0.0152 0 0.06 1 142 0
143 0.0094 0 0.06 0.0152 0.0058 0.06 1 143 0
144 0.0072 0.0039 0.06 0.014 0.0107 0.06 1 144 0
145 0.0039 0.0072 0.06 0.0107 0.014 0.06 1 145 0
146 0 0.0094 0.06 0.0058 0.0152 0.06 1 146 0
1 -0.0051 -0.0051 0 0.0051 0.0051 0.02 1 1 0
2 -0.0072 0.0036 0 0 0.0101 0.02 1 2 0
3 -0.0101 0 0 -0.0036 0.0072 0.02 1 3 0
4 -0.0101 -0.0072 0 -0.0036 0 0.02 1 4 0
5 -0.0072 -0.0101 0 0 -0.0036 0.02 1 5 0
6 0 -0.0101 0 0.0072 -0.0036 0.02 1 6 0
7 0.0036 -0.0072 0 0.0101 0 0.02 1 7 0
8 0.0036 0 0 0.0101 0.0072 0.02 1 8 0
9 0 0.0036 0 0.0072 0.0101 0.02 1 9 0
10 -0.0058 0.0094 0 0 0.0152 0.02 1 10 0
11 -0.0107 0.0072 0 -0.0039 0.014 0.02 1 11 0
12 -0.014 0.0039 0 -0.0072 0.0107 0.02 1 12 0
13 -0.0152 0 0 -0.0094 0.0058 0.02 1 13 0
14 -0.0152 -0.0058 0 -0.0094 0 0.02 1 14 0
15 -0.014 -0.0107 0 -0.0072 -0.0039 0.02 1 15 0
16 -0.0107 -0.014 0 -0.0039 -0.0072 0.02 1 16 0
17 -0.0058 -0.0152 0 0 -0.0094 0.02 1 17 0
18 0 -0.0152 0 0.0058 -0.0094 0.02 1 18 0
19 0.0039 -0.014 0 0.0107 -0.0072 0.02 1 19 0
20 0.0072 -0.0107 0 0.014 -0.0039 0.02 1 20 0
21 0.0094 -0.0058 0 0.0152 0 0.02 1 21 0
22 0.0094 0 0 0.0152 0.0058 0.02 1 22 0
23 0.0072 0.0039 0 0.014 0.0107 0.02 1 23 0
24 0.0039 0.0072 0 0.0107 0.014 0.02 1 24 0
25 0 0.0094 0 0.0058 0.0152 0.02 1 25 0
26 -0.0051 -0.0051 0.02 0.0051 0.0051 0.03 1 26 0
27 -0.0072 0.0036 0.02 0 0.0101 0.03 1 27 0
28 -0.0101 0 0.02 -0.0036 0.0072 0.03 1 28 0
29 -0.0101 -0.0072 0.02 -0.0036 0 0.03 1 29 0
30 -0.0072 -0.0101 0.02 0 -0.0036 0.03 1 30 0
31 0 -0.0101 0.02 0.0072 -0.0036 0.03 1 31 0
32 0.0036 -0.0072 0.02 0.0101 0 0.03 1 32 0
33 0.0036 0 0.02 0.0101 0.0072 0.03 1 33 0
34 0 0.0036 0.02 0.0072 0.0101 0.03 1 34 0
35 -0.0058 0.0094 0.02 0 0.0152 0.03 1 35 0
36 -0.0107 0.0072 0.02 -0.0039 0.014 0.03 1 36 0
37 -0.014 0.0039 0.02 -0.0072 0.0107 0.03 1 37 0
38 -0.0152 0 0.02 -0.0094 0.0058 0.03 1 38 0
39 -0.0152 -0.0058 0.02 -0.0094 0 0.03 1 39 0
40 -0.014 -0.0107 0.02 -0.0072 -0.0039 0.03 1 40 0
41 -0.0107 -0.014 0.02 -0.0039 -0.0072 0.03 1 41 0
42 -0.0058 -0.0152 0.02 0 -0.0094 0.03 1 42 0
43 0 -0.0152 0.02 0.0058 -0.0094 0.03 1 43 0
44 0.0039 -0.014 0.02 0.0107 -0.0072 0.03 1 44 0
45 0.0072 -0.0107 0.02 0.014 -0.0039 0.03 1 45 0
46 0.0094 -0.0058 0.02 0.0152 0 0.03 1 46 0
47 0.0094 0 0.02 0.0152 0.0058 0.03 1 47 0
48 0.0072 0.0039 0.02 0.014 0.0107 0.03 1 48 0
49 0.0039 0.0072 0.02 0.0107 0.014 0.03 1 49 0
50 0 0.0094 0.02 0.0058 0.0152 0.03 1 50 0
51 -0.0051 -0.0051 0.03 0.0051 0.0051 0.04 1 51 0
52 -0.0072 0.0036 0.03 0 0.0101 0.04 1 52 0
53 -0.0101 0 0.03 -0.0036 0.0072 0.04 1 53 0
54 -0.0101 -0.0072 0.03 -0.0036 0 0.04 1 54 0
55 -0.0072 -0.0101 0.03 0 -0.0036 0.04 1 55 0
56 0 -0.0101 0.03 0.0072 -0.0036 0.04 1 56 0
57 0.0036 -0.0072 0.03 0.0101 0 0.04 1 57 0
58 0.0036 0 0.03 0.0101 0.0072 0.04 1 58 0
59 0 0.0036 0.03 0.0072 0.0101 0.04 1 59 0
60 -0.0058 0.0094 0.03 0 0.0152 0.04 1 60 0
61 -0.0107 0.0072 0.03 -0.0039 0.014 0.04 1 61 0
62 -0.014 0.0039 0.03 -0.0072 0.0107 0.04 1 62 0
63 -0.0152 0 0.03 -0.0094 0.0058 0.04 1 63 0
64 -0.0152 -0.0058 0.03 -0.0094 0 0.04 1 64 0
65 -0.014 -0.0107 0.03 -0.0072 -0.0039 0.04 1 65 0
66 -0.0107 -0.014 0.03 -0.0039 -0.0072 0.04 1 66 0
67 -0.0058 -0.0152 0.03 0 -0.0094 0.04 1 67 0
68 0 -0.0152 0.03 0.0058 -0.0094 0.04 1 68 0
69 0.0039 -0.014 0.03 0.0107 -0.0072 0.04 1 69 0
70 0.0072 -0.0107 0.03 0.014 -0.0039 0.04 1 70 0
71 0.0094 -0.0058 0.03 0.0152 0 0.04 1 71 0
72 0.0094 0 0.03 0.0152 0.0058 0.04 1 72 0
73 0.0072 0.0039 0.03 0.014 0.0107 0.04 1 73 0
74 0.0039 0.0072 0.03 0.0107 0.014 0.04 1 74 0
75 0 0.0094 0.03 0.0058 0.0152 0.04 1 75 0
76 -0.0051 -0.0051 0.04 0.0051 0.0051 0.06 1 76 0
77 -0.0072 0.0036 0.04 0 0.0101 0.06 1 77 0
78 -0.0101 0 0.04 -0.0036 0.0072 0.06 1 78 0
79 -0.0101 -0.0072 0.04 -0.0036 0 0.06 1 79 0
80 -0.0072 -0.0101 0.04 0 -0.0036 0.06 1 80 0
81 0 -0.0101 0.04 0.0072 -0.0036 0.06 1 81 0
82 0.0036 -0.0072 0.04 0.0101 0 0.06 1 82 0
83 0.0036 0 0.04 0.0101 0.0072 0.06 1 83 0
84 0 0.0036 0.04 0.0072 0.0101 0.06 1 84 0
85 -0.0058 0.0094 0.04 0 0.0152 0.06 1 85 0
86 -0.0107 0.0072 0.04 -0.0039 0.014 0.06 1 86 0
87 -0.014 0.0039 0.04 -0.0072 0.0107 0.06 1 87 0
88 -0.0152 0 0.04 -0.0094 0.0058 0.06 1 88 0
89 -0.0152 -0.0058 0.04 -0.0094 0 0.06 1 89 0
90 -0.014 -0.0107 0.04 -0.0072 -0.0039 0.06 1 90 0
91 -0.0107 -0.014 0.04 -0.0039 -0.0072 0.06 1 91 0
92 -0.0058 -0.0152 0.04 0 -0.0094 0.06 1 92 0
93 0 -0.0152 0.04 0.0058 -0.0094 0.06 1 93 0
94 0.0039 -0.014 0.04 0.0107 -0.0072 0.06 1 94 0
95 0.0072 -0.0107 0.04 0.014 -0.0039 0.06 1 95 0
96 0.0094 -0.0058 0.04 0.0152 0 0.06 1 96 0
97 0.0094 0 0.04 0.0152 0.0058 0.06 1 97 0
98 0.0072 0.0039 0.04 0.014 0.0107 0.06 1 98 0
99 0.0039 0.0072 0.04 0.0107 0.014 0.06 1 99 0
100 0 0.0094 0.04 0.0058 0.0152 0.06 1 100 0
$EndEntities
$Nodes
1 5991 1 5991
3 1 0 5991
1
2
3
4
5
6
7
8
9
10
11
12
13
14
15
16
17
18
19
20
21
22
23
24
25
26
27
28
29
30
31
32
33
34
35
36
37
38
39
40
41
42
43
44
45
46
47
48
49
50
51
52
53
54
55
56
57
58
59
60
61
62
63
64
65
66
67
68
69
70
71
72
73
74
75
76
77
78
79
80
81
82
83
84
85
86
87
88
89
90
91
92
93
94
95
96
97
98
99
100
101
102
103
104
105
106
107
108
109
110
111
112
113
114
115
116
117
118
119
120
121
122
123
124
125
126
127
128
129
130
131
132
133
134
135
136
137
138
139
140
141
142
143
144
145
146
147
148
149
150
151
152
153
154
155
156
157
158
159
160
161
162
163
164
165
166
167
168
169
170
171
172
173
174
175
176
177
178
179
180
181
182
183
184
185
186
187
188
189
190
191
192
193
194
195
196
197
198
199
200
201
202
203
204
205
206
207
208
209
210
211
212
213
214
215
216
217
218
219
220
221
222
223
224
225
226
227
228
229
230
231
232
233
234
235
236
237
238
239
240
241
242
243
244
245
246
247
248
249
250
251
252
253
254
255
256
257
258
259
260
261
262
263
264
265
266
267
268
269
270
271
272
273
274
275
276
277
278
279
280
281
282
283
284
285
286
287
288
289
290
291
292
293
294
295
296
297
298
299
300
301
302
303
304
305
306
307
308
309
310
311
312
313
314
315
316
317
318
319
320
321
322
323
324
325
326
327
328
329
330
331
332
333
334
335
336
337
338
339
340
341
342
343
344
345
346
347
348
349
350
351
352
353
354
355
356
357
358
359
360
361
362
363
364
365
366
367
368
369
370
371
372
373
374
375
376
377
378
379
380
381
382
383
384
385
386
387
388
389
390
391
392
393
394
395
396
397
398
399
400
401
402
403
404
405
406
407
408
409
410
411
412
413
414
415
416
417
418
419
420
421
422
423
424
425
426
427
428
429
430
431
432
433
434
435
436
437
438
439
440
441
442
443
444
445
446
447
448
449
450
451
452
453
454
455
456
457
458
459
460
461
462
463
464
465
466
467
468
469
470
471
472
473
474
475
476
477
478
479
480
481
482
483
484
485
486
487
488
489
490
491
492
493
494
495
496
497
498
499
500
501
502
503
504
505
506
507
508
509
510
511
512
513
514
515
516
517
518
519
520
521
522
523
524
525
526
527
528
529
530
531
532
533
534
535
536
537
538
539
540
541
542
543
544
545
546
547
548
549
550
551
552
553
554
555
556
557
558
559
560
561
562
563
564
565
566
567
568
569
570
571
572
573
574
575
576
577
578
579
580
581
582
583
584
585
586
587
588
589
590
591
592
593
594
595
596
597
598
599
600
601
602
603
604
605
606
607
608
609
610
611
612
613
614
615
616
617
618
619
620
621
622
623
624
625
626
627
628
629
630
631
632
633
634
635
636
637
638
639
640
641
642
643
644
645
646
647
648
649
650
651
652
653
654
655
656
657
658
659
660
661
662
663
664
665
666
667
668
669
670
671
672
673
674
675
676
677
678
679
680
681
682
683
684
685
686
687
688
689
690
691
692
693
694
695
696
697
698
699
700
701
702
703
704
705
706
707
708
709
710
711
712
713
714
715
716
717
718
719
720
721
722
723
724
725
726
727
728
729
730
731
732
733
734
735
736
737
738
739
740
741
742
743
744
745
746
747
748
749
750
751
752
753
754
755
756
757
758
759
760
761
762
763
764
765
766
767
768
769
770
771
772
773
774
775
776
777
778
779
780
781
782
783
784
785
786
787
788
789
790
791
792
793
794
795
796
797
798
799
800
801
802
803
804
805
806
807
808
809
810
811
812
813
814
815
816
817
818
819
820
821
822
823
824
825
826
827
828
829
830
831
832
833
834
835
836
837
838
839
840
841
842
843
844
845
846
847
848
849
850
851
852
853
854
855
856
857
858
859
860
861
862
863
864
865
866
867
868
869
870
871
872
873
874
875
876
877
878
879
880
881
882
883
884
885
886
887
888
889
890
891
892
893
894
895
896
897
898
899
900
901
902
903
904
905
906
907
908
909
910
911
912
913
914
915
916
917
918
919
920
921
922
923
924
925
926
927
928
929
930
931
932
933
934
935
936
937
938
939
940
941
942
943
944
945
946
947
948
949
950
951
952
953
954
955
956
957
958
959
960
961
962
963
964
965
966
967
968
969
970
971
972
973
974
975
976
977
978
979
980
981
982
983
984
985
986
987
988
989
990
991
992
993
994
995
996
997
998
999
1000
1001
1002
1003
1004
1005
1006
1007
1008
1009
1010
1011
1012
1013
1014
1015
1016
1017
1018
1019
1020
1021
1022
1023
1024
1025
1026
1027
1028
1029
1030
1031
1032
1033
1034
1035
1036
1037
1038
1039
1040
1041
1042
1043
1044
1045
1046
1047
1048
1049
1050
1051
1052
1053
1054
1055
1056
1057
1058
1059
1060
1061
1062
1063
1064
1065
1066
1067
1068
1069
1070
1071
1072
1073
1074
1075
1076
1077
1078
1079
1080
1081
1082
1083
1084
1085
1086
1087
1088
1089
1090
1091
1092
1093
1094
1095
1096
1097
1098
1099
1100
1101
1102
1103
1104
1105
1106
1107
1108
1109
1110
1111
1112
1113
1114
1115
1116
1117
1118
1119
1120
1121
1122
1123
1124
1125
1126
1127
1128
1129
1130
1131
1132
1133
1134
1135
1136
1137
1138
1139
1140
1141
1142
1143
1144
1145
1146
1147
1148
1149
1150
1151
1152
1153
1154
1155
1156
1157
1158
1159
1160
1161
1162
1163
1164
1165
1166
1167
1168
1169
1170
1171
1172
1173
1174
1175
1176
1177
1178
1179
1180
1181
1182
1183
1184
1185
1186
1187
1188
1189
1190
1191
1192
1193
1194
1195
1196
1197
1198
1199
1200
1201
1202
1203
1204
1205
1206
1207
1208
1209
1210
1211
1212
1213
1214
1215
1216
1217
1218
1219
1220
1221
1222
1223
1224
1225
1226
1227
1228
1229
1230
1231
1232
1233
1234
1235
1236
1237
1238
1239
1240
1241
1242
1243
1244
1245
1246
1247
1248
1249
1250
1251
1252
1253
1254
1255
1256
1257
1258
1259
1260
1261
1262
1263
1264
1265
1266
1267
1268
1269
1270
1271
1272
1273
1274
1275
1276
1277
1278
1279
1280
1281
1282
1283
1284
1285
1286
1287
1288
1289
1290
1291
1292
1293
1294
1295
1296
1297
1298
1299
1300
1301
1302
1303
1304
1305
1306
1307
1308
1309
1310
1311
1312
1313
1314
1315
1316
1317
1318
1319
1320
1321
1322
1323
1324
1325
1326
1327
1328
1329
1330
1331
1332
1333
1334
1335
1336
1337
1338
1339
1340
1341
1342
1343
1344
1345
1346
1347
1348
1349
1350
1351
1352
1353
1354
1355
1356
1357
1358
1359
1360
1361
1362
1363
1364
1365
1366
1367
1368
1369
1370
1371
1372
1373
1374
1375
1376
1377
1378
1379
1380
1381
1382
1383
1384
1385
1386
1387
1388
1389
1390
1391
1392
1393
1394
1395
1396
1397
1398
1399
1400
1401
1402
1403
1404
1405
1406
1407
1408
1409
1410
1411
1412
1413
1414
1415
1416
1417
1418
1419
1420
1421
1422
1423
1424
1425
1426
1427
1428
1429
1430
1431
1432
1433
1434
1435
1436
1437
1438
1439
1440
1441
1442
1443
1444
1445
1446
1447
1448
1449
1450
1451
1452
1453
1454
1455
1456
1457
1458
1459
1460
1461
1462
1463
1464
1465
1466
1467
1468
1469
1470
1471
1472
1473
1474
1475
1476
1477
1478
1479
1480
1481
1482
1483
1484
1485
1486
1487
1488
1489
1490
1491
1492
1493
1494
1495
1496
1497
1498
1499
1500
1501
1502
1503
1504
1505
1506
1507
1508
1509
1510
1511
1512
1513
1514
1515
1516
1517
1518
1519
1520
1521
1522
1523
1524
1525
1526
1527
1528
1529
1530
1531
1532
1533
1534
1535
1536
1537
1538
1539
1540
1541
1542
1543
1544
1545
1546
1547
1548
1549
1550
1551
1552
1553
1554
1555
1556
1557
1558
1559
1560
1561
1562
1563
1564
1565
1566
1567
1568
1569
1570
1571
1572
1573
1574
1575
1576
1577
1578
1579
1580
1581
1582
1583
1584
1585
1586
1587
1588
1589
1590
1591
1592
1593
1594
1595
1596
1597
1598
1599
1600
1601
1602
1603
1604
1605
1606
1607
1608
1609
1610
1611
1612
1613
1614
1615
1616
1617
1618
1619
1620
1621
1622
1623
1624
1625
1626
1627
1628
1629
1630
1631
1632
1633
1634
1635
1636
1637
1638
1639
1640
1641
1642
1643
1644
1645
1646
1647
1648
1649
1650
1651
1652
1653
1654
1655
1656
1657
1658
1659
1660
1661
1662
1663
1664
1665
1666
1667
1668
1669
1670
1671
1672
1673
1674
1675
1676
1677
1678
1679
1680
1681
1682
1683
1684
1685
1686
1687
1688
1689
1690
1691
1692
1693
1694
1695
1696
1697
1698
1699
1700
1701
1702
1703
1704
1705
1706
1707
1708
1709
1710
1711
1712
1713
1714
1715
1716
1717
1718
1719
1720
1721
1722
1723
1724
1725
1726
1727
1728
1729
1730
1731
1732
1733
1734
1735
1736
1737
1738
1739
1740
1741
1742
1743
1744
1745
1746
1747
1748
1749
1750
1751
1752
1753
1754
1755
1756
1757
1758
1759
1760
1761
1762
1763
1764
1765
1766
1767
1768
1769
1770
1771
1772
1773
1774
1775
1776
1777
1778
1779
1780
1781
1782
1783
1784
1785
1786
1787
1788
1789
1790
1791
1792
1793
1794
1795
1796
1797
1798
1799
1800
1801
1802
1803
1804
1805
1806
1807
1808
1809
1810
1811
1812
1813
1814
1815
1816
1817
1818
1819
1820
1821
1822
1823
1824
1825
1826
1827
1828
1829
1830
1831
1832
1833
1834
1835
1836
1837
1838
1839
1840
1841
1842
1843
1844
1845
1846
1847
1848
1849
1850
1851
1852
1853
1854
1855
1856
1857
1858
1859
1860
1861
1862
1863
1864
1865
1866
1867
1868
1869
1870
1871
1872
1873
1874
1875
1876
1877
1878
1879
1880
1881
1882
1883
1884
1885
1886
1887
1888
1889
1890
1891
1892
1893
1894
1895
1896
1897
1898
1899
1900
1901
1902
1903
1904
1905
1906
1907
1908
1909
1910
1911
1912
1913
1914
1915
1916
1917
1918
1919
1920
1921
1922
1923
1924
1925
1926
1927
1928
1929
1930
1931
1932
1933
1934
1935
1936
1937
1938
1939
1940
1941
1942
1943
1944
1945
1946
1947
1948
1949
1950
1951
1952
1953
1954
1955
1956
1957
1958
1959
1960
1961
1962
1963
1964
1965
1966
1967
1968
1969
1970
1971
1972
1973
1974
1975
1976
1977
1978
1979
1980
1981
1982
1983
1984
1985
1986
1987
1988
1989
1990
1991
1992
1993
1994
1995
1996
1997
1998
1999
2000
2001
2002
2003
2004
2005
2006
2007
2008
2009
2010
2011
2012
2013
2014
2015
2016
2017
2018
2019
2020
2021
2022
2023
2024
2025
2026
2027
2028
2029
2030
2031
2032
2033
2034
2035
2036
2037
2038
2039
2040
2041
2042
2043
2044
2045
2046
2047
2048
2049
2050
2051
2052
2053
2054
2055
2056
2057
2058
2059
2060
2061
2062
2063
2064
2065
2066
2067
2068
2069
2070
2071
2072
2073
2074
2075
2076
2077
2078
2079
2080
2081
2082
2083
2084
2085
2086
2087
2088
2089
2090
2091
2092
2093
2094
2095
2096
2097
2098
2099
2100
2101
2102
2103
2104
2105
2106
2107
2108
2109
2110
2111
2112
2113
2114
2115
2116
2117
2118
2119
2120
2121
2122
2123
2124
2125
2126
2127
2128
2129
2130
2131
2132
2133
2134
2135
2136
2137
2138
2139
2140
2141
2142
2143
2144
2145
2146
2147
2148
2149
2150
2151
2152
2153
2154
2155
2156
2157
2158
2159
2160
2161
2162
2163
2164
2165
2166
2167
2168
2169
2170
2171
2172
2173
2174
2175
2176
2177
2178
2179
2180
2181
2182
2183
2184
2185
2186
2187
2188
2189
2190
2191
2192
2193
2194
2195
2196
2197
2198
2199
2200
2201
2202
2203
2204
2205
2206
2207
2208
2209
2210
2211
2212
2213
2214
2215
2216
2217
2218
2219
2220
2221
2222
2223
2224
2225
2226
2227
2228
2229
2230
2231
2232
2233
2234
2235
2236
2237
2238
2239
2240
2241
2242
2243
2244
2245
2246
2247
2248
2249
2250
2251
2252
2253
2254
2255
2256
2257
2258
2259
2260
2261
2262
2263
2264
2265
2266
2267
2268
2269
2270
2271
2272
2273
2274
2275
2276
2277
2278
2279
2280
2281
2282
2283
2284
2285
2286
2287
2288
2289
2290
2291
2292
2293
2294
2295
2296
2297
2298
2299
2300
2301
2302
2303
2304
2305
2306
2307
2308
2309
2310
2311
2312
2313
2314
2315
2316
2317
2318
2319
2320
2321
2322
2323
2324
2325
2326
2327
2328
2329
2330
2331
2332
2333
2334
2335
2336
2337
2338
2339
2340
2341
2342
2343
2344
2345
2346
2347
2348
2349
2350
2351
2352
2353
2354
2355
2356
2357
2358
2359
2360
2361
2362
2363
2364
2365
2366
2367
2368
2369
2370
2371
2372
2373
2374
2375
2376
2377
2378
2379
2380
2381
2382
2383
2384
2385
2386
2387
2388
2389
2390
2391
2392
2393
2394
2395
2396
2397
2398
2399
2400
2401
2402
2403
2404
2405
2406
2407
2408
2409
2410
2411
2412
2413
2414
2415
2416
2417
2418
2419
2420
2421
2422
2423
2424
2425
2426
2427
2428
2429
2430
2431
2432
2433
2434
2435
2436
2437
2438
2439
2440
2441
2442
2443
2444
2445
2446
2447
2448
2449
2450
2451
2452
2453
2454
2455
2456
2457
2458
2459
2460
2461
2462
2463
2464
2465
2466
2467
2468
2469
2470
2471
2472
2473
2474
2475
2476
2477
2478
2479
2480
2481
2482
2483
2484
2485
2486
2487
2488
2489
2490
2491
2492
2493
2494
2495
2496
2497
2498
2499
2500
2501
2502
2503
2504
2505
2506
2507
2508
2509
2510
2511
2512
2513
2514
2515
2516
2517
2518
2519
2520
2521
2522
2523
2524
2525
2526
2527
2528
2529
2530
2531
2532
2533
2534
2535
2536
2537
2538
2539
2540
2541
2542
2543
2544
2545
2546
2547
2548
2549
2550
2551
2552
2553
2554
2555
2556
2557
2558
2559
2560
2561
2562
2563
2564
2565
2566
2567
2568
2569
2570
2571
2572
2573
2574
2575
2576
2577
2578
2579
2580
2581
2582
2583
2584
2585
2586
2587
2588
2589
2590
2591
2592
2593
2594
2595
2596
2597
2598
2599
2600
2601
2602
2603
2604
2605
2606
2607
2608
2609
2610
2611
2612
2613
2614
2615
2616
2617
2618
2619
2620
2621
2622
2623
2624
2625
2626
2627
2628
2629
2630
2631
2632
2633
2634
2635
2636
2637
2638
2639
2640
2641
2642
2643
2644
2645
2646
2647
2648
2649
2650
2651
2652
2653
2654
2655
2656
2657
2658
2659
2660
2661
2662
2663
2664
2665
2666
2667
2668
2669
2670
2671
2672
2673
2674
2675
2676
2677
2678
2679
2680
2681
2682
2683
2684
2685
2686
2687
2688
2689
2690
2691
2692
2693
2694
2695
2696
2697
2698
2699
2700
2701
2702
2703
2704
2705
2706
2707
2708
2709
2710
2711
2712
2713
2714
2715
2716
2717
2718
2719
2720
2721
2722
2723
2724
2725
2726
2727
2728
2729
2730
2731
2732
2733
2734
2735
2736
2737
2738
2739
2740
2741
2742
2743
2744
2745
2746
2747
2748
2749
2750
2751
2752
2753
2754
2755
2756
2757
2758
2759
2760
2761
2762
2763
2764
2765
2766
2767
2768
2769
2770
2771
2772
2773
2774
2775
2776
2777
2778
2779
2780
2781
2782
2783
2784
2785
2786
2787
2788
2789
2790
2791
2792
2793
2794
2795
2796
2797
2798
2799
2800
2801
2802
2803
2804
2805
2806
2807
2808
2809
2810
2811
2812
2813
2814
2815
2816
2817
2818
2819
2820
2821
2822
2823
2824
2825
2826
2827
2828
2829
2830
2831
2832
2833
2834
2835
2836
2837
2838
2839
2840
2841
2842
2843
2844
2845
2846
2847
2848
2849
2850
2851
2852
2853
2854
2855
2856
2857
2858
2859
2860
2861
2862
2863
2864
2865
2866
2867
2868
2869
2870
2871
2872
2873
2874
2875
2876
2877
2878
2879
2880
2881
2882
2883
2884
2885
2886
2887
2888
2889
2890
2891
2892
2893
2894
2895
2896
2897
2898
2899
2900
2901
2902
2903
2904
2905
2906
2907
2908
2909
2910
2911
2912
2913
2914
2915
2916
2917
2918
2919
2920
2921
2922
2923
2924
2925
2926
2927
2928
2929
2930
2931
2932
2933
2934
2935
2936
2937
2938
2939
2940
2941
2942
2943
2944
2945
2946
2947
2948
2949
2950
2951
2952
2953
2954
2955
2956
2957
2958
2959
2960
2961
2962
2963
2964
2965
2966
2967
2968
2969
2970
2971
2972
2973
2974
2975
2976
2977
2978
2979
2980
2981
2982
2983
2984
2985
2986
2987
2988
2989
2990
2991
2992
2993
2994
2995
2996
2997
2998
2999
3000
3001
3002
3003
3004
3005
3006
3007
3008
3009
3010
3011
3012
3013
3014
3015
3016
3017
3018
3019
3020
3021
3022
3023
3024
3025
3026
3027
3028
3029
3030
3031
3032
3033
3034
3035
3036
3037
3038
3039
3040
3041
3042
3043
3044
3045
3046
3047
3048
3049
3050
3051
3052
3053
3054
3055
3056
3057
3058
3059
3060
3061
3062
3063
3064
3065
3066
3067
3068
3069
3070
3071
3072
3073
3074
3075
3076
3077
3078
3079
3080
3081
3082
3083
3084
3085
3086
3087
3088
3089
3090
3091
3092
3093
3094
3095
3096
3097
3098
3099
3100
3101
3102
3103
3104
3105
3106
3107
3108
3109
3110
3111
3112
3113
3114
3115
3116
3117
3118
3119
3120
3121
3122
3123
3124
3125
3126
3127
3128
3129
3130
3131
3132
3133
3134
3135
3136
3137
3138
3139
3140
3141
3142
3143
3144
3145
3146
3147
3148
3149
3150
3151
3152
3153
3154
3155
3156
3157
3158
3159
3160
3161
3162
3163
3164
3165
3166
3167
3168
3169
3170
3171
3172
3173
3174
3175
3176
3177
3178
3179
3180
3181
3182
3183
3184
3185
3186
3187
3188
3189
3190
3191
3192
3193
3194
3195
3196
3197
3198
3199
3200
3201
3202
3203
3204
3205
3206
3207
3208
3209
3210
3211
3212
3213
3214
3215
3216
3217
3218
3219
3220
3221
3222
3223
3224
3225
3226
3227
3228
3229
3230
3231
3232
3233
3234
3235
3236
3237
3238
3239
3240
3241
3242
3243
3244
3245
3246
3247
3248
3249
3250
3251
3252
3253
3254
3255
3256
3257
3258
3259
3260
3261
3262
3263
3264
3265
3266
3267
3268
3269
3270
3271
3272
3273
3274
3275
3276
3277
3278
3279
3280
3281
3282
3283
3284
3285
3286
3287
3288
3289
3290
3291
3292
3293
3294
3295
3296
3297
3298
3299
3300
3301
3302
3303
3304
3305
3306
3307
3308
3309
3310
3311
3312
3313
3314
3315
3316
3317
3318
3319
3320
3321
3322
3323
3324
3325
3326
3327
3328
3329
3330
3331
3332
3333
3334
3335
3336
3337
3338
3339
3340
3341
3342
3343
3344
3345
3346
3347
3348
3349
3350
3351
3352
3353
3354
3355
3356
3357
3358
3359
3360
3361
3362
3363
3364
3365
3366
3367
3368
3369
3370
3371
3372
3373
3374
3375
3376
3377
3378
3379
3380
3381
3382
3383
3384
3385
3386
3387
3388
3389
3390
3391
3392
3393
3394
3395
3396
3397
3398
3399
3400
3401
3402
3403
3404
3405
3406
3407
3408
3409
3410
3411
3412
3413
3414
3415
3416
3417
3418
3419
3420
3421
3422
3423
3424
3425
3426
3427
3428
3429
3430
3431
3432
3433
3434
3435
3436
3437
3438
3439
3440
3441
3442
3443
3444
3445
3446
3447
3448
3449
3450
3451
3452
3453
3454
3455
3456
3457
3458
3459
3460
3461
3462
3463
3464
3465
3466
3467
3468
3469
3470
3471
3472
3473
3474
3475
3476
3477
3478
3479
3480
3481
3482
3483
3484
3485
3486
3487
3488
3489
3490
3491
3492
3493
3494
3495
3496
3497
3498
3499
3500
3501
3502
3503
3504
3505
3506
3507
3508
3509
3510
3511
3512
3513
3514
3515
3516
3517
3518
3519
3520
3521
3522
3523
3524
3525
3526
3527
3528
3529
3530
3531
3532
3533
3534
3535
3536
3537
3538
3539
3540
3541
3542
3543
3544
3545
3546
3547
3548
3549
3550
3551
3552
3553
3554
3555
3556
3557
3558
3559
3560
3561
3562
3563
3564
3565
3566
3567
3568
3569
3570
3571
3572
3573
3574
3575
3576
3577
3578
3579
3580
3581
3582
3583
3584
3585
3586
3587
3588
3589
3590
3591
3592
3593
3594
3595
3596
3597
3598
3599
3600
3601
3602
3603
3604
3605
3606
3607
3608
3609
3610
3611
3612
3613
3614
3615
3616
3617
3618
3619
3620
3621
3622
3623
3624
3625
3626
3627
3628
3629
3630
3631
3632
3633
3634
3635
3636
3637
3638
3639
3640
3641
3642
3643
3644
3645
3646
3647
3648
3649
3650
3651
3652
3653
3654
3655
3656
3657
3658
3659
3660
3661
3662
3663
3664
3665
3666
3667
3668
3669
3670
3671
3672
3673
3674
3675
3676
3677
3678
3679
3680
3681
3682
3683
3684
3685
3686
3687
3688
3689
3690
3691
3692
3693
3694
3695
3696
3697
3698
3699
3700
3701
3702
3703
3704
3705
3706
3707
3708
3709
3710
3711
3712
3713
3714
3715
3716
3717
3718
3719
3720
3721
3722
3723
3724
3725
3726
3727
3728
3729
3730
3731
3732
3733
3734
3735
3736
3737
3738
3739
3740
3741
3742
3743
3744
3745
3746
3747
3748
3749
3750
3751
3752
3753
3754
3755
3756
3757
3758
3759
3760
3761
3762
3763
3764
3765
3766
3767
3768
3769
3770
3771
3772
3773
3774
3775
3776
3777
3778
3779
3780
3781
3782
3783
3784
3785
3786
3787
3788
3789
3790
3791
3792
3793
3794
3795
3796
3797
3798
3799
3800
3801
3802
3803
3804
3805
3806
3807
3808
3809
3810
3811
3812
3813
3814
3815
3816
3817
3818
3819
3820
3821
3822
3823
3824
3825
3826
3827
3828
3829
3830
3831
3832
3833
3834
3835
3836
3837
3838
3839
3840
3841
3842
3843
3844
3845
3846
3847
3848
3849
3850
3851
3852
3853
3854
3855
3856
3857
3858
3859
3860
3861
3862
3863
3864
3865
3866
3867
3868
3869
3870
3871
3872
3873
3874
3875
3876
3877
3878
3879
3880
3881
3882
3883
3884
3885
3886
3887
3888
3889
3890
3891
3892
3893
3894
3895
3896
3897
3898
3899
3900
3901
3902
3903
3904
3905
3906
3907
3908
3909
3910
3911
3912
3913
3914
3915
3916
3917
3918
3919
3920
3921
3922
3923
3924
3925
3926
3927
3928
3929
3930
3931
3932
3933
3934
3935
3936
3937
3938
3939
3940
3941
3942
3943
3944
3945
3946
3947
3948
3949
3950
3951
3952
3953
3954
3955
3956
3957
3958
3959
3960
3961
3962
3963
3964
3965
3966
3967
3968
3969
3970
3971
3972
3973
3974
3975
3976
3977
3978
3979
3980
3981
3982
3983
3984
3985
3986
3987
3988
3989
3990
3991
3992
3993
3994
3995
3996
3997
3998
3999
4000
4001
4002
4003
4004
4005
4006
4007
4008
4009
4010
4011
4012
4013
4014
4015
4016
4017
4018
4019
4020
4021
4022
4023
4024
4025
4026
4027
4028
4029
4030
4031
4032
4033
4034
4035
4036
4037
4038
4039
4040
4041
4042
4043
4044
4045
4046
4047
4048
4049
4050
4051
4052
4053
4054
4055
4056
4057
4058
4059
4060
4061
4062
4063
4064
4065
4066
4067
4068
4069
4070
4071
4072
4073
4074
4075
4076
4077
4078
4079
4080
4081
4082
4083
4084
4085
4086
4087
4088
4089
4090
4091
4092
4093
4094
4095
4096
4097
4098
4099
4100
4101
4102
4103
4104
4105
4106
4107
4108
4109
4110
4111
4112
4113
4114
4115
4116
4117
4118
4119
4120
4121
4122
4123
4124
4125
4126
4127
4128
4129
4130
4131
4132
4133
4134
4135
4136
4137
4138
4139
4140
4141
4142
4143
4144
4145
4146
4147
4148
4149
4150
4151
4152
4153
4154
4155
4156
4157
4158
4159
4160
4161
4162
4163
4164
4165
4166
4167
4168
4169
4170
4171
4172
4173
4174
4175
4176
4177
4178
4179
4180
4181
4182
4183
4184
4185
4186
4187
4188
4189
4190
4191
4192
4193
4194
4195
4196
4197
4198
4199
4200
4201
4202
4203
4204
4205
4206
4207
4208
4209
4210
4211
4212
4213
4214
4215
4216
4217
4218
4219
4220
4221
4222
4223
4224
4225
4226
4227
4228
4229
4230
4231
4232
4233
4234
4235
4236
4237
4238
4239
4240
4241
4242
4243
4244
4245
4246
4247
4248
4249
4250
4251
4252
4253
4254
4255
4256
4257
4258
4259
4260
4261
4262
4263
4264
4265
4266
4267
4268
4269
4270
4271
4272
4273
4274
4275
4276
4277
4278
4279
4280
4281
4282
4283
4284
4285
4286
4287
4288
4289
4290
4291
4292
4293
4294
4295
4296
4297
4298
4299
4300
4301
4302
4303
4304
4305
4306
4307
4308
4309
4310
4311
4312
4313
4314
4315
4316
4317
4318
4319
4320
4321
4322
4323
4324
4325
4326
4327
4328
4329
4330
4331
4332
4333
4334
4335
4336
4337
4338
4339
4340
4341
4342
4343
4344
4345
4346
4347
4348
4349
4350
4351
4352
4353
4354
4355
4356
4357
4358
4359
4360
4361
4362
4363
4364
4365
4366
4367
4368
4369
4370
4371
4372
4373
4374
4375
4376
4377
4378
4379
4380
4381
4382
4383
4384
4385
4386
4387
4388
4389
4390
4391
4392
4393
4394
4395
4396
4397
4398
4399
4400
4401
4402
4403
4404
4405
4406
4407
4408
4409
4410
4411
4412
4413
4414
4415
4416
4417
4418
4419
4420
4421
4422
4423
4424
4425
4426
4427
4428
4429
4430
4431
4432
4433
4434
4435
4436
4437
4438
4439
4440
4441
4442
4443
4444
4445
4446
4447
4448
4449
4450
4451
4452
4453
4454
4455
4456
4457
4458
4459
4460
4461
4462
4463
4464
4465
4466
4467
4468
4469
4470
4471
4472
4473
4474
4475
4476
4477
4478
4479
4480
4481
4482
4483
4484
4485
4486
4487
4488
4489
4490
4491
4492
4493
4494
4495
4496
4497
4498
4499
4500
4501
4502
4503
4504
4505
4506
4507
4508
4509
4510
4511
4512
4513
4514
4515
4516
4517
4518
4519
4520
4521
4522
4523
4524
4525
4526
4527
4528
4529
4530
4531
4532
4533
4534
4535
4536
4537
4538
4539
4540
4541
4542
4543
4544
4545
4546
4547
4548
4549
4550
4551
4552
4553
4554
4555
4556
4557
4558
4559
4560
4561
4562
4563
4564
4565
4566
4567
4568
4569
4570
4571
4572
4573
4574
4575
4576
4577
4578
4579
4580
4581
4582
4583
4584
4585
4586
4587
4588
4589
4590
4591
4592
4593
4594
4595
4596
4597
4598
4599
4600
4601
4602
4603
4604
4605
4606
4607
4608
4609
4610
4611
4612
4613
4614
4615
4616
4617
4618
4619
4620
4621
4622
4623
4624
4625
4626
4627
4628
4629
4630
4631
4632
4633
4634
4635
4636
4637
4638
4639
4640
4641
4642
4643
4644
4645
4646
4647
4648
4649
4650
4651
4652
4653
4654
4655
4656
4657
4658
4659
4660
4661
4662
4663
4664
4665
4666
4667
4668
4669
4670
4671
4672
4673
4674
4675
4676
4677
4678
4679
4680
4681
4682
4683
4684
4685
4686
4687
4688
4689
4690
4691
4692
4693
4694
4695
4696
4697
4698
4699
4700
4701
4702
4703
4704
4705
4706
4707
4708
4709
4710
4711
4712
4713
4714
4715
4716
4717
4718
4719
4720
4721
4722
4723
4724
4725
4726
4727
4728
4729
4730
4731
4732
4733
4734
4735
4736
4737
4738
4739
4740
4741
4742
4743
4744
4745
4746
4747
4748
4749
4750
4751
4752
4753
4754
4755
4756
4757
4758
4759
4760
4761
4762
4763
4764
4765
4766
4767
4768
4769
4770
4771
4772
4773
4774
4775
4776
4777
4778
4779
4780
4781
4782
4783
4784
4785
4786
4787
4788
4789
4790
4791
4792
4793
4794
4795
4796
4797
4798
4799
4800
4801
4802
4803
4804
4805
4806
4807
4808
4809
4810
4811
4812
4813
4814
4815
4816
4817
4818
4819
4820
4821
4822
4823
4824
4825
4826
4827
4828
4829
4830
4831
4832
4833
4834
4835
4836
4837
4838
4839
4840
4841
4842
4843
4844
4845
4846
4847
4848
4849
4850
4851
4852
4853
4854
4855
4856
4857
4858
4859
4860
4861
4862
4863
4864
4865
4866
4867
4868
4869
4870
4871
4872
4873
4874
4875
4876
4877
4878
4879
4880
4881
4882
4883
4884
4885
4886
4887
4888
4889
4890
4891
4892
4893
4894
4895
4896
4897
4898
4899
4900
4901
4902
4903
4904
4905
4906
4907
4908
4909
4910
4911
4912
4913
4914
4915
4916
4917
4918
4919
4920
4921
4922
4923
4924
4925
4926
4927
4928
4929
4930
4931
4932
4933
4934
4935
4936
4937
4938
4939
4940
4941
4942
4943
4944
4945
4946
4947
4948
4949
4950
4951
4952
4953
4954
4955
4956
4957
4958
4959
4960
4961
4962
4963
4964
4965
4966
4967
4968
4969
4970
4971
4972
4973
4974
4975
4976
4977
4978
4979
4980
4981
4982
4983
4984
4985
4986
4987
4988
4989
4990
4991
4992
4993
4994
4995
4996
4997
4998
4999
5000
5001
5002
5003
5004
5005
5006
5007
5008
5009
5010
5011
5012
5013
5014
5015
5016
5017
5018
5019
5020
5021
5022
5023
5024
5025
5026
5027
5028
5029
5030
5031
5032
5033
5034
5035
5036
5037
5038
5039
5040
5041
5042
5043
5044
5045
5046
5047
5048
5049
5050
5051
5052
5053
5054
5055
5056
5057
5058
5059
5060
5061
5062
5063
5064
5065
5066
5067
5068
5069
5070
5071
5072
5073
5074
5075
5076
5077
5078
5079
5080
5081
5082
5083
5084
5085
5086
5087
5088
5089
5090
5091
5092
5093
5094
5095
5096
5097
5098
5099
5100
5101
5102
5103
5104
5105
5106
5107
5108
5109
5110
5111
5112
5113
5114
5115
5116
5117
5118
5119
5120
5121
5122
5123
5124
5125
5126
5127
5128
5129
5130
5131
5132
5133
5134
5135
5136
5137
5138
5139
5140
5141
5142
5143
5144
5145
5146
5147
5148
5149
5150
5151
5152
5153
5154
5155
5156
5157
5158
5159
5160
5161
5162
5163
5164
5165
5166
5167
5168
5169
5170
5171
5172
5173
5174
5175
5176
5177
5178
5179
5180
5181
5182
5183
5184
5185
5186
5187
5188
5189
5190
5191
5192
5193
5194
5195
5196
5197
5198
5199
5200
5201
5202
5203
5204
5205
5206
5207
5208
5209
5210
5211
5212
5213
5214
5215
5216
5217
5218
5219
5220
5221
5222
5223
5224
5225
5226
5227
5228
5229
5230
5231
5232
5233
5234
5235
5236
5237
5238
5239
5240
5241
5242
5243
5244
5245
5246
5247
5248
5249
5250
5251
5252
5253
5254
5255
5256
5257
5258
5259
5260
5261
5262
5263
5264
5265
5266
5267
5268
5269
5270
5271
5272
5273
5274
5275
5276
5277
5278
5279
5280
5281
5282
5283
5284
5285
5286
5287
5288
5289
5290
5291
5292
5293
5294
5295
5296
5297
5298
5299
5300
5301
5302
5303
5304
5305
5306
5307
5308
5309
5310
5311
5312
5313
5314
5315
5316
5317
5318
5319
5320
5321
5322
5323
5324
5325
5326
5327
5328
5329
5330
5331
5332
5333
5334
5335
5336
5337
5338
5339
5340
5341
5342
5343
5344
5345
5346
5347
5348
5349
5350
5351
5352
5353
5354
5355
5356
5357
5358
5359
5360
5361
5362
5363
5364
5365
5366
5367
5368
5369
5370
5371
5372
5373
5374
5375
5376
5377
5378
5379
5380
5381
5382
5383
5384
5385
5386
5387
5388
5389
5390
5391
5392
5393
5394
5395
5396
5397
5398
5399
5400
5401
5402
5403
5404
5405
5406
5407
5408
5409
5410
5411
5412
5413
5414
5415
5416
5417
5418
5419
5420
5421
5422
5423
5424
5425
5426
5427
5428
5429
5430
5431
5432
5433
5434
5435
5436
5437
5438
5439
5440
5441
5442
5443
5444
5445
5446
5447
5448
5449
5450
5451
5452
5453
5454
5455
5456
5457
5458
5459
5460
5461
5462
5463
5464
5465
5466
5467
5468
5469
5470
5471
5472
5473
5474
5475
5476
5477
5478
5479
5480
5481
5482
5483
5484
5485
5486
5487
5488
5489
5490
5491
5492
5493
5494
5495
5496
5497
5498
5499
5500
5501
5502
5503
5504
5505
5506
5507
5508
5509
5510
5511
5512
5513
5514
5515
5516
5517
5518
5519
5520
5521
5522
5523
5524
5525
5526
5527
5528
5529
5530
5531
5532
5533
5534
5535
5536
5537
5538
5539
5540
5541
5542
5543
5544
5545
5546
5547
5548
5549
5550
5551
5552
5553
5554
5555
5556
5557
5558
5559
5560
5561
5562
5563
5564
5565
5566
5567
5568
5569
5570
5571
5572
5573
5574
5575
5576
5577
5578
5579
5580
5581
5582
5583
5584
5585
5586
5587
5588
5589
5590
5591
5592
5593
5594
5595
5596
5597
5598
5599
5600
5601
5602
5603
5604
5605
5606
5607
5608
5609
5610
5611
5612
5613
5614
5615
5616
5617
5618
5619
5620
5621
5622
5623
5624
5625
5626
5627
5628
5629
5630
5631
5632
5633
5634
5635
5636
5637
5638
5639
5640
5641
5642
5643
5644
5645
5646
5647
5648
5649
5650
5651
5652
5653
5654
5655
5656
5657
5658
5659
5660
5661
5662
5663
5664
5665
5666
5667
5668
5669
5670
5671
5672
5673
5674
5675
5676
5677
5678
5679
5680
5681
5682
5683
5684
5685
5686
5687
5688
5689
5690
5691
5692
5693
5694
5695
5696
5697
5698
5699
5700
5701
5702
5703
5704
5705
5706
5707
5708
5709
5710
5711
5712
5713
5714
5715
5716
5717
5718
5719
5720
5721
5722
5723
5724
5725
5726
5727
5728
5729
5730
5731
5732
5733
5734
5735
5736
5737
5738
5739
5740
5741
5742
5743
5744
5745
5746
5747
5748
5749
5750
5751
5752
5753
5754
5755
5756
5757
5758
5759
5760
5761
5762
5763
5764
5765
5766
5767
5768
5769
5770
5771
5772
5773
5774
5775
5776
5777
5778
5779
5780
5781
5782
5783
5784
5785
5786
5787
5788
5789
5790
5791
5792
5793
5794
5795
5796
5797
5798
5799
5800
5801
5802
5803
5804
5805
5806
5807
5808
5809
5810
5811
5812
5813
5814
5815
5816
5817
5818
5819
5820
5821
5822
5823
5824
5825
5826
5827
5828
5829
5830
5831
5832
5833
5834
5835
5836
5837
5838
5839
5840
5841
5842
5843
5844
5845
5846
5847
5848
5849
5850
5851
5852
5853
5854
5855
5856
5857
5858
5859
5860
5861
5862
5863
5864
5865
5866
5867
5868
5869
5870
5871
5872
5873
5874
5875
5876
5877
5878
5879
5880
5881
5882
5883
5884
5885
5886
5887
5888
5889
5890
5891
5892
5893
5894
5895
5896
5897
5898
5899
5900
5901
5902
5903
5904
5905
5906
5907
5908
5909
5910
5911
5912
5913
5914
5915
5916
5917
5918
5919
5920
5921
5922
5923
5924
5925
5926
5927
5928
5929
5930
5931
5932
5933
5934
5935
5936
5937
5938
5939
5940
5941
5942
5943
5944
5945
5946
5947
5948
5949
5950
5951
5952
5953
5954
5955
5956
5957
5958
5959
5960
5961
5962
5963
5964
5965
5966
5967
5968
5969
5970
5971
5972
5973
5974
5975
5976
5977
5978
5979
5980
5981
5982
5983
5984
5985
5986
5987
5988
5989
5990
5991
-0.014 -0.0058 0.03
-0.014 -0.0058 0.035
-0.0152 0 0.035
-0.0152 0 0.03
-0.014 -0.0058 0.04
-0.0152 0 0.04
-0.0094 -0.0039 0.04
-0.0094 -0.0039 0.03
-0.0101 0 0.04
-0.0101 0 0.03
-0.014 -0.0058 0.02
-0.014 -0.0058 0.025
-0.0152 0 0.025
-0.0152 0 0.02
-0.0094 -0.0039 0.02
-0.0101 0 0.02
-0.0094 -0.0039 0.06
-0.0101 0 0.06
-0.014 -0.0058 0.06
-0.0152 0 0.06
-0.0094 -0.0039 0
-0.0101 0 0
-0.014 -0.0058 0
-0.0152 0 0
-0.014 0.0058 0.035
-0.014 0.0058 0.03
-0.014 0.0058 0.04
-0.0094 0.0039 0.04
-0.0094 0.0039 0.03
-0.014 0.0058 0.06
-0.0094 0.0039 0.06
-0.014 0.0058 0.02
-0.014 0.0058 0
-0.0094 0.0039 0.02
-0.0094 0.0039 0
-0.014 0.0058 0.025
-0.0107 0.0107 0.035
-0.0107 0.0107 0.03
-0.0107 0.0107 0.04
-0.0072 0.0072 0.04
-0.0072 0.0072 0.03
-0.0107 0.0107 0.06
-0.0072 0.0072 0.06
-0.0107 -0.0107 0.04
-0.0107 -0.0107 0.035
-0.0107 -0.0107 0.03
-0.0072 -0.0072 0.04
-0.0072 -0.0072 0.03
-0.0072 -0.0072 0.06
-0.0107 -0.0107 0.06
-0.0107 0.0107 0.02
-0.0107 0.0107 0
-0.0072 0.0072 0.02
-0.0072 0.0072 0
-0.0072 -0.0072 0.02
-0.0072 -0.0072 0
-0.0107 -0.0107 0
-0.0107 -0.0107 0.02
-0.0107 -0.0107 0.025
-0.0107 0.0107 0.025
-0.0058 0.014 0.035
-0.0058 0.014 0.03
-0.0058 0.014 0.04
-0.0039 0.0094 0.04
-0.0039 0.0094 0.03
-0.0058 0.014 0.06
-0.0039 0.0094 0.06
-0.0058 -0.014 0.04
-0.0058 -0.014 0.06
-0.0039 -0.0094 0.06
-0.0039 -0.0094 0.04
-0.0058 -0.014 0
-0.0058 -0.014 0.02
-0.0039 -0.0094 0.02
-0.0039 -0.0094 0
-0.0058 -0.014 0.025
-0.0058 -0.014 0.03
-0.0039 -0.0094 0.03
-0.0058 -0.014 0.035
-0.0058 0.014 0.025
-0.0058 0.014 0.02
-0.0039 0.0094 0.02
-0.0039 0.0094 0
-0.0058 0.014 0
-0.0051 0 0.02
-0.0036 -0.0036 0.02
-0.0051 0 0
-0.0036 -0.0036 0
-0.0051 0 0.03
-0.0036 -0.0036 0.03
-0.0051 0 0.04
-0.0036 -0.0036 0.04
-0.0051 0 0.06
-0.0036 -0.0036 0.06
-0.0036 0.0036 0
-0.0036 0.0036 0.02
-0.0036 0.0036 0.03
-0.0036 0.0036 0.04
-0.0036 0.0036 0.06
0 -0.0101 0.02
0 -0.0051 0.02
0 -0.0101 0
0 -0.0051 0
0 -0.0101 0.03
0 -0.0051 0.03
0 -0.0101 0.04
0 -0.0051 0.04
0 -0.0101 0.06
0 -0.0051 0.06
0 0.0101 0
0 0.0051 0
0 0.0101 0.02
0 0.0051 0.02
0 0.0101 0.03
0 0.0051 0.03
0 0.0101 0.04
0 0.0051 0.04
0 0.0101 0.06
0 0.0051 0.06
0 -0.0152 0
0 -0.0152 0.02
0 -0.0152 0.025
0 -0.0152 0.03
0 -0.0152 0.04
0 -0.0152 0.035
0 -0.0152 0.06
0 0.0152 0.035
0 0.0152 0.03
0 0.0152 0.04
0 0.0152 0.06
0 0.0152 0
0 0.0152 0.02
0 0.0152 0.025
0.0036 0.0036 0
0.0051 0 0
0.0036 -0.0036 0
0.0036 0.0036 0.02
0.0051 0 0.02
0.0036 -0.0036 0.02
0.0036 0.0036 0.03
0.0051 0 0.03
0.0036 -0.0036 0.03
0.0036 0.0036 0.04
0.0051 0 0.04
0.0036 -0.0036 0.04
0.0036 0.0036 0.06
0.0051 0 0.06
0.0036 -0.0036 0.06
0.0058 -0.014 0.02
0.0058 -0.014 0.025
0.0058 -0.014 0.03
0.0039 -0.0094 0.03
0.0039 -0.0094 0.02
0.0058 -0.014 0.035
0.0058 -0.014 0.04
0.0039 -0.0094 0.04
0.0058 -0.014 0
0.0039 -0.0094 0
0.0058 -0.014 0.06
0.0039 -0.0094 0.06
0.0058 0.014 0.03
0.0058 0.014 0.035
0.0058 0.014 0.04
0.0039 0.0094 0.04
0.0039 0.0094 0.03
0.0058 0.014 0.06
0.0039 0.0094 0.06
0.0072 -0.0072 0
0.0072 -0.0072 0.02
0.0072 -0.0072 0.03
0.0072 -0.0072 0.04
0.0072 -0.0072 0.06
0.0072 0.0072 0.04
0.0072 0.0072 0.03
0.0039 0.0094 0.02
0.0072 0.0072 0.02
0.0039 0.0094 0
0.0072 0.0072 0
0.0058 0.014 0
0.0058 0.014 0.02
0.0058 0.014 0.025
0.0072 0.0072 0.06
0.0101 0 0.03
0.0094 -0.0039 0.03
0.0101 0 0.04
0.0094 -0.0039 0.04
0.0101 0 0.06
0.0094 -0.0039 0.06
0.0094 0.0039 0.02
0.0101 0 0.02
0.0094 0.0039 0
0.0101 0 0
0.0094 0.0039 0.03
0.0094 0.0039 0.04
0.0094 -0.0039 0
0.0094 -0.0039 0.02
0.0094 0.0039 0.06
0.0107 -0.0107 0.035
0.0107 -0.0107 0.04
0.0107 -0.0107 0.03
0.0107 -0.0107 0.02
0.0107 -0.0107 0.025
0.0107 -0.0107 0
0.0107 0.0107 0
0.0107 0.0107 0.02
0.0107 0.0107 0.025
0.0107 0.0107 0.03
0.0107 0.0107 0.04
0.0107 0.0107 0.06
0.0107 0.0107 0.035
0.0107 -0.0107 0.06
0.014 -0.0058 0.04
0.014 -0.0058 0.06
0.014 0.0058 0.02
0.014 0.0058 0.025
0.014 0.0058 0.03
0.014 0.0058 0.035
0.014 0.0058 0.04
0.014 0.0058 0.06
0.014 -0.0058 0
0.014 -0.0058 0.02
0.014 -0.0058 0.025
0.014 -0.0058 0.03
0.014 -0.0058 0.035
0.014 0.0058 0
0.0152 0 0.02
0.0152 0 0.025
0.0152 0 0.03
0.0152 0 0.035
0.0152 0 0.04
0.0152 0 0
0.0152 0 0.06
-0.014 -0.0058 0.0325
-0.0146 -0.0029 0.035
-0.0152 0 0.0325
-0.0146 -0.0029 0.03
-0.014 -0.0058 0.0375
-0.0146 -0.0029 0.04
-0.0152 0 0.0375
-0.0117 -0.0048 0.04
-0.0094 -0.0039 0.035
-0.0094 -0.0039 0.0325
-0.0094 -0.0039 0.0375
-0.0117 -0.0048 0.03
-0.0127 0 0.04
-0.0097 -0.0019 0.04
-0.0101 0 0.0349
-0.0101 0 0.0375
-0.0101 0 0.0325
-0.0127 0 0.03
-0.0097 -0.0019 0.03
-0.014 -0.0058 0.0225
-0.0146 -0.0029 0.025
-0.0152 0 0.0225
-0.0146 -0.0029 0.02
-0.014 -0.0058 0.0275
-0.0152 0 0.0275
-0.0094 -0.0039 0.025
-0.0094 -0.0039 0.0225
-0.0094 -0.0039 0.0275
-0.0117 -0.0048 0.02
-0.0101 0 0.025
-0.0101 0 0.0275
-0.0101 0 0.0225
-0.0127 0 0.02
-0.0097 -0.0019 0.02
-0.0094 -0.0039 0.0467
-0.0094 -0.0039 0.0532
-0.0094 -0.0039 0.0434
-0.0094 -0.0039 0.05
-0.0094 -0.0039 0.0566
-0.0097 -0.0019 0.06
-0.0101 0 0.0529
-0.0101 0 0.0468
-0.0101 0 0.0564
-0.0101 0 0.0498
-0.0101 0 0.0434
-0.014 -0.0058 0.05
-0.014 -0.0058 0.045
-0.014 -0.0058 0.055
-0.0117 -0.0048 0.06
-0.0146 -0.0029 0.06
-0.0127 0 0.06
-0.0152 0 0.05
-0.0152 0 0.045
-0.0152 0 0.055
-0.0094 -0.0039 0.0068
-0.0094 -0.0039 0.0132
-0.0094 -0.0039 0.0034
-0.0094 -0.0039 0.01
-0.0094 -0.0039 0.0166
-0.0101 0 0.007
-0.0101 0 0.0131
-0.0101 0 0.0035
-0.0101 0 0.0101
-0.0101 0 0.0166
-0.0097 -0.0019 0
-0.014 -0.0058 0.01
-0.014 -0.0058 0.005
-0.014 -0.0058 0.015
-0.0117 -0.0048 0
-0.0152 0 0.0099
-0.0152 0 0.0049
-0.0152 0 0.0149
-0.0127 0 0
-0.0146 -0.0029 0
-0.0146 0.0029 0.035
-0.014 0.0058 0.0325
-0.0146 0.0029 0.03
-0.0146 0.0029 0.04
-0.014 0.0058 0.0375
-0.0117 0.0048 0.04
-0.0097 0.0019 0.04
-0.0117 0.0048 0.03
-0.0094 0.0039 0.0333
-0.0094 0.0039 0.0365
-0.0094 0.0039 0.0316
-0.0094 0.0039 0.0349
-0.0094 0.0039 0.0383
-0.0097 0.0019 0.03
-0.0146 0.0029 0.06
-0.014 0.0058 0.0469
-0.014 0.0058 0.0529
-0.014 0.0058 0.0434
-0.014 0.0058 0.0499
-0.014 0.0058 0.0565
-0.0117 0.0048 0.06
-0.0097 0.0019 0.06
-0.0094 0.0039 0.0453
-0.0094 0.0039 0.0497
-0.0094 0.0039 0.0542
-0.0094 0.0039 0.0427
-0.0094 0.0039 0.0475
-0.0094 0.0039 0.052
-0.0094 0.0039 0.0571
-0.0146 0.0029 0.02
-0.014 0.0058 0.007
-0.014 0.0058 0.013
-0.014 0.0058 0.0035
-0.014 0.0058 0.01
-0.014 0.0058 0.0165
-0.0146 0.0029 0
-0.0117 0.0048 0.02
-0.0097 0.0019 0.02
-0.0117 0.0048 0
-0.0094 0.0039 0.0056
-0.0094 0.0039 0.01
-0.0094 0.0039 0.0145
-0.0094 0.0039 0.0028
-0.0094 0.0039 0.0078
-0.0094 0.0039 0.0123
-0.0094 0.0039 0.0173
-0.0097 0.0019 0
-0.0146 0.0029 0.025
-0.014 0.0058 0.0225
-0.014 0.0058 0.0275
-0.0094 0.0039 0.0233
-0.0094 0.0039 0.0266
-0.0094 0.0039 0.0217
-0.0094 0.0039 0.0249
-0.0094 0.0039 0.0283
-0.0124 0.0082 0.035
-0.0132 0.007 0.035
-0.0116 0.0095 0.035
-0.0107 0.0107 0.0325
-0.0124 0.0083 0.03
-0.0132 0.007 0.03
-0.0116 0.0095 0.03
-0.0124 0.0083 0.04
-0.0107 0.0107 0.0375
-0.0088 0.0088 0.04
-0.008 0.008 0.04
-0.0098 0.0098 0.04
-0.0083 0.0055 0.04
-0.0087 0.0087 0.03
-0.0097 0.0097 0.03
-0.008 0.008 0.03
-0.0072 0.0072 0.0377
-0.0072 0.0072 0.0359
-0.0072 0.0072 0.0339
-0.0072 0.0072 0.0321
-0.0072 0.0072 0.0389
-0.0072 0.0072 0.0368
-0.0072 0.0072 0.0349
-0.0072 0.0072 0.033
-0.0072 0.0072 0.031
-0.0082 0.0057 0.03
-0.0088 0.0048 0.03
-0.0077 0.0064 0.03
-0.0124 0.0083 0.06
-0.0107 0.0107 0.0454
-0.0107 0.0107 0.05
-0.0107 0.0107 0.0545
-0.0107 0.0107 0.0427
-0.0107 0.0107 0.0477
-0.0107 0.0107 0.0522
-0.0107 0.0107 0.0572
-0.009 0.009 0.06
-0.0083 0.0055 0.06
-0.0072 0.0072 0.0563
-0.0072 0.0072 0.0537
-0.0072 0.0072 0.0517
-0.0072 0.0072 0.0498
-0.0072 0.0072 0.0478
-0.0072 0.0072 0.0459
-0.0072 0.0072 0.0433
-0.0072 0.0072 0.0582
-0.0072 0.0072 0.055
-0.0072 0.0072 0.0527
-0.0072 0.0072 0.0507
-0.0072 0.0072 0.0488
-0.0072 0.0072 0.0469
-0.0072 0.0072 0.0446
-0.0072 0.0072 0.0417
-0.0107 -0.0107 0.0375
-0.0124 -0.0083 0.04
-0.0124 -0.0083 0.035
-0.0107 -0.0107 0.0325
-0.0124 -0.0083 0.03
-0.009 -0.009 0.04
-0.0072 -0.0072 0.035
-0.0072 -0.0072 0.0375
-0.0072 -0.0072 0.0325
-0.009 -0.009 0.03
-0.0083 -0.0055 0.04
-0.0083 -0.0055 0.03
-0.0072 -0.0072 0.0533
-0.0072 -0.0072 0.0467
-0.0072 -0.0072 0.0567
-0.0072 -0.0072 0.05
-0.0072 -0.0072 0.0433
-0.0083 -0.0055 0.06
-0.0107 -0.0107 0.0501
-0.0107 -0.0107 0.045
-0.0107 -0.0107 0.055
-0.009 -0.009 0.06
-0.0124 -0.0083 0.06
-0.0124 0.0083 0.02
-0.0107 0.0107 0.0056
-0.0107 0.0107 0.0101
-0.0107 0.0107 0.0146
-0.0107 0.0107 0.0028
-0.0107 0.0107 0.0078
-0.0107 0.0107 0.0124
-0.0107 0.0107 0.0173
-0.0124 0.0083 0
-0.0088 0.0088 0.02
-0.0098 0.0098 0.02
-0.008 0.008 0.02
-0.0082 0.0057 0.02
-0.0088 0.0048 0.02
-0.0077 0.0064 0.02
-0.009 0.009 0
-0.0072 0.0072 0.0037
-0.0072 0.0072 0.0063
-0.0072 0.0072 0.0083
-0.0072 0.0072 0.0102
-0.0072 0.0072 0.0121
-0.0072 0.0072 0.0141
-0.0072 0.0072 0.0167
-0.0072 0.0072 0.0018
-0.0072 0.0072 0.005
-0.0072 0.0072 0.0073
-0.0072 0.0072 0.0092
-0.0072 0.0072 0.0112
-0.0072 0.0072 0.0131
-0.0072 0.0072 0.0154
-0.0072 0.0072 0.0183
-0.0083 0.0055 0
-0.0072 -0.0072 0.0133
-0.0072 -0.0072 0.0067
-0.0072 -0.0072 0.0167
-0.0072 -0.0072 0.01
-0.0072 -0.0072 0.0033
-0.0083 -0.0055 0.02
-0.0083 -0.0055 0
-0.0107 -0.0107 0.01
-0.0107 -0.0107 0.005
-0.0107 -0.0107 0.015
-0.009 -0.009 0.02
-0.009 -0.009 0
-0.0124 -0.0083 0.02
-0.0124 -0.0083 0
-0.0107 -0.0107 0.0225
-0.0124 -0.0083 0.025
-0.0107 -0.0107 0.0275
-0.0072 -0.0072 0.025
-0.0072 -0.0072 0.0275
-0.0072 -0.0072 0.0225
-0.0123 0.0084 0.025
-0.0132 0.0071 0.025
-0.0115 0.0096 0.025
-0.0107 0.0107 0.0225
-0.0107 0.0107 0.0275
-0.0072 0.0072 0.0279
-0.0072 0.0072 0.0261
-0.0072 0.0072 0.0241
-0.0072 0.0072 0.0223
-0.0072 0.0072 0.029
-0.0072 0.0072 0.027
-0.0072 0.0072 0.0251
-0.0072 0.0072 0.0232
-0.0072 0.0072 0.0211
-0.0084 0.0123 0.035
-0.0096 0.0115 0.035
-0.0071 0.0132 0.035
-0.0058 0.014 0.0325
-0.0083 0.0124 0.03
-0.0095 0.0116 0.03
-0.007 0.0132 0.03
-0.0083 0.0124 0.04
-0.0058 0.014 0.0375
-0.0048 0.0117 0.04
-0.0057 0.0082 0.04
-0.0064 0.0077 0.04
-0.0048 0.0088 0.04
-0.0048 0.0117 0.03
-0.0039 0.0094 0.0334
-0.0039 0.0094 0.0366
-0.0039 0.0094 0.0317
-0.0039 0.0094 0.035
-0.0039 0.0094 0.0383
-0.0057 0.0082 0.03
-0.0064 0.0077 0.03
-0.0048 0.0088 0.03
-0.0058 0.014 0.0453
-0.0058 0.014 0.0499
-0.0058 0.014 0.0545
-0.0058 0.014 0.0427
-0.0058 0.014 0.0476
-0.0058 0.014 0.0522
-0.0058 0.014 0.0572
-0.0048 0.0117 0.06
-0.0039 0.0094 0.0445
-0.0039 0.0094 0.0481
-0.0039 0.0094 0.0516
-0.0039 0.0094 0.0552
-0.0039 0.0094 0.0422
-0.0039 0.0094 0.0463
-0.0039 0.0094 0.0498
-0.0039 0.0094 0.0534
-0.0039 0.0094 0.0576
-0.0083 0.0124 0.06
-0.0055 0.0083 0.06
-0.0058 -0.014 0.05
-0.0058 -0.014 0.045
-0.0058 -0.014 0.055
-0.0083 -0.0124 0.06
-0.0083 -0.0124 0.04
-0.0055 -0.0083 0.06
-0.0048 -0.0117 0.06
-0.0039 -0.0094 0.0468
-0.0039 -0.0094 0.0532
-0.0039 -0.0094 0.0434
-0.0039 -0.0094 0.05
-0.0039 -0.0094 0.0566
-0.0055 -0.0083 0.04
-0.0048 -0.0117 0.04
-0.0058 -0.014 0.01
-0.0058 -0.014 0.005
-0.0058 -0.014 0.015
-0.0083 -0.0124 0.02
-0.0083 -0.0124 0
-0.0055 -0.0083 0.02
-0.0048 -0.0117 0.02
-0.0039 -0.0094 0.0068
-0.0039 -0.0094 0.0132
-0.0039 -0.0094 0.0034
-0.0039 -0.0094 0.01
-0.0039 -0.0094 0.0166
-0.0055 -0.0083 0
-0.0048 -0.0117 0
-0.0058 -0.014 0.0225
-0.0083 -0.0124 0.025
-0.0058 -0.014 0.0275
-0.0083 -0.0124 0.03
-0.0048 -0.0117 0.03
-0.0039 -0.0094 0.025
-0.0039 -0.0094 0.0225
-0.0039 -0.0094 0.0275
-0.0055 -0.0083 0.03
-0.0058 -0.014 0.0325
-0.0083 -0.0124 0.035
-0.0058 -0.014 0.0375
-0.0039 -0.0094 0.035
-0.0039 -0.0094 0.0325
-0.0039 -0.0094 0.0375
-0.0084 0.0123 0.025
-0.0096 0.0115 0.025
-0.0071 0.0132 0.025
-0.0058 0.014 0.0225
-0.0083 0.0124 0.02
-0.0058 0.014 0.0275
-0.0048 0.0117 0.02
-0.0039 0.0094 0.0234
-0.0039 0.0094 0.0266
-0.0039 0.0094 0.0217
-0.0039 0.0094 0.025
-0.0039 0.0094 0.0283
-0.0057 0.0082 0.02
-0.0064 0.0077 0.02
-0.0048 0.0088 0.02
-0.0048 0.0117 0
-0.0058 0.014 0.0055
-0.0058 0.014 0.0101
-0.0058 0.014 0.0147
-0.0058 0.014 0.0028
-0.0058 0.014 0.0078
-0.0058 0.014 0.0124
-0.0058 0.014 0.0173
-0.0039 0.0094 0.0048
-0.0039 0.0094 0.0084
-0.0039 0.0094 0.0119
-0.0039 0.0094 0.0155
-0.0039 0.0094 0.0024
-0.0039 0.0094 0.0066
-0.0039 0.0094 0.0102
-0.0039 0.0094 0.0137
-0.0039 0.0094 0.0178
-0.0083 0.0124 0
-0.0055 0.0083 0
-0.0076 0 0.02
-0.0043 -0.0018 0.02
-0.0054 -0.0054 0.02
-0.0076 0 0
-0.0051 0 0.007
-0.0051 0 0.013
-0.0051 0 0.0035
-0.0051 0 0.01
-0.0051 0 0.0165
-0.0043 -0.0018 0
-0.0036 -0.0036 0.0068
-0.0036 -0.0036 0.0132
-0.0036 -0.0036 0.0034
-0.0036 -0.0036 0.01
-0.0036 -0.0036 0.0166
-0.0054 -0.0054 0
-0.0076 0 0.03
-0.0043 -0.0018 0.03
-0.0054 -0.0054 0.03
-0.0051 0 0.0251
-0.0051 0 0.0275
-0.0051 0 0.0225
-0.0036 -0.0036 0.025
-0.0036 -0.0036 0.0275
-0.0036 -0.0036 0.0225
-0.0076 0 0.04
-0.0043 -0.0018 0.04
-0.0054 -0.0054 0.04
-0.0051 0 0.035
-0.0051 0 0.0375
-0.0051 0 0.0325
-0.0036 -0.0036 0.035
-0.0036 -0.0036 0.0375
-0.0036 -0.0036 0.0325
-0.0076 0 0.06
-0.0043 -0.0018 0.06
-0.0054 -0.0054 0.06
-0.0051 0 0.053
-0.0051 0 0.047
-0.0051 0 0.0565
-0.0051 0 0.05
-0.0051 0 0.0435
-0.0036 -0.0036 0.0532
-0.0036 -0.0036 0.0468
-0.0036 -0.0036 0.0566
-0.0036 -0.0036 0.05
-0.0036 -0.0036 0.0434
-0.0054 0.0054 0
-0.0043 0.0018 0
-0.0036 0.0036 0.0055
-0.0036 0.0036 0.01
-0.0036 0.0036 0.0146
-0.0036 0.0036 0.0028
-0.0036 0.0036 0.0078
-0.0036 0.0036 0.0123
-0.0036 0.0036 0.0173
-0.0056 0.0056 0.02
-0.0046 0.0046 0.02
-0.0064 0.0064 0.02
-0.0043 0.0018 0.02
-0.0036 0.0036 0.0251
-0.0036 0.0036 0.0275
-0.0036 0.0036 0.0225
-0.0056 0.0056 0.03
-0.0046 0.0046 0.03
-0.0064 0.0064 0.03
-0.0043 0.0018 0.03
-0.0036 0.0036 0.035
-0.0036 0.0036 0.0375
-0.0036 0.0036 0.0325
-0.0056 0.0056 0.04
-0.0046 0.0046 0.04
-0.0064 0.0064 0.04
-0.0043 0.0018 0.04
-0.0036 0.0036 0.0545
-0.0036 0.0036 0.05
-0.0036 0.0036 0.0454
-0.0036 0.0036 0.0572
-0.0036 0.0036 0.0522
-0.0036 0.0036 0.0477
-0.0036 0.0036 0.0427
-0.0054 0.0054 0.06
-0.0043 0.0018 0.06
-0.0019 -0.0097 0.02
-0.0018 -0.0043 0.02
0 -0.0076 0.02
0 -0.0101 0.0131
0 -0.0101 0.007
0 -0.0101 0.0166
0 -0.0101 0.0101
0 -0.0101 0.0035
-0.0019 -0.0097 0
-0.0018 -0.0043 0
0 -0.0051 0.013
0 -0.0051 0.007
0 -0.0051 0.0165
0 -0.0051 0.01
0 -0.0051 0.0035
0 -0.0076 0
-0.0019 -0.0097 0.03
-0.0018 -0.0043 0.03
0 -0.0076 0.03
0 -0.0101 0.025
0 -0.0101 0.0275
0 -0.0101 0.0225
0 -0.0051 0.0251
0 -0.0051 0.0275
0 -0.0051 0.0225
-0.0019 -0.0097 0.04
-0.0018 -0.0043 0.04
0 -0.0076 0.04
0 -0.0101 0.0349
0 -0.0101 0.0375
0 -0.0101 0.0325
0 -0.0051 0.035
0 -0.0051 0.0375
0 -0.0051 0.0325
-0.0019 -0.0097 0.06
-0.0018 -0.0043 0.06
0 -0.0076 0.06
0 -0.0101 0.0529
0 -0.0101 0.0468
0 -0.0101 0.0564
0 -0.0101 0.0498
0 -0.0101 0.0434
0 -0.0051 0.053
0 -0.0051 0.047
0 -0.0051 0.0565
0 -0.0051 0.05
0 -0.0051 0.0435
-0.0019 0.0097 0
0 0.0076 0
-0.0018 0.0043 0
-0.0019 0.0097 0.02
0 0.0101 0.0131
0 0.0101 0.0071
0 0.0101 0.0166
0 0.0101 0.0101
0 0.0101 0.0036
0 0.0051 0.0131
0 0.0051 0.007
0 0.0051 0.0165
0 0.0051 0.01
0 0.0051 0.0035
0 0.0076 0.02
-0.0018 0.0043 0.02
-0.0019 0.0097 0.03
0 0.0101 0.025
0 0.0101 0.0275
0 0.0101 0.0225
0 0.0051 0.0251
0 0.0051 0.0225
0 0.0051 0.0275
0 0.0076 0.03
-0.0018 0.0043 0.03
-0.0019 0.0097 0.04
0 0.0101 0.035
0 0.0101 0.0325
0 0.0101 0.0375
0 0.0051 0.035
0 0.0051 0.0325
0 0.0051 0.0375
0 0.0076 0.04
-0.0018 0.0043 0.04
-0.0019 0.0097 0.06
0 0.0101 0.0529
0 0.0101 0.0469
0 0.0101 0.0564
0 0.0101 0.0499
0 0.0101 0.0434
0 0.0051 0.0469
0 0.0051 0.053
0 0.0051 0.0435
0 0.0051 0.05
0 0.0051 0.0565
0 0.0076 0.06
-0.0018 0.0043 0.06
0 -0.0152 0.0099
0 -0.0152 0.0049
0 -0.0152 0.0149
-0.0029 -0.0146 0.02
-0.0029 -0.0146 0
0 -0.0127 0.02
0 -0.0127 0
0 -0.0152 0.0225
-0.0029 -0.0146 0.025
0 -0.0152 0.0275
-0.0029 -0.0146 0.03
0 -0.0127 0.03
0 -0.0152 0.0375
-0.0029 -0.0146 0.04
-0.0029 -0.0146 0.035
0 -0.0152 0.0325
0 -0.0127 0.04
0 -0.0152 0.05
0 -0.0152 0.045
0 -0.0152 0.055
-0.0029 -0.0146 0.06
0 -0.0127 0.06
-0.0029 0.0146 0.035
0 0.0152 0.0325
-0.0029 0.0146 0.03
-0.0029 0.0146 0.04
0 0.0152 0.0375
0 0.0127 0.04
0 0.0127 0.03
0 0.0152 0.0469
0 0.0152 0.0532
0 0.0152 0.0434
0 0.0152 0.05
0 0.0152 0.0566
0 0.0127 0.06
-0.0029 0.0146 0.06
0 0.0127 0
0 0.0152 0.0131
0 0.0152 0.0068
0 0.0152 0.0165
0 0.0152 0.0099
0 0.0152 0.0034
0 0.0127 0.02
-0.0029 0.0146 0
-0.0029 0.0146 0.02
-0.0029 0.0146 0.025
0 0.0152 0.0225
0 0.0152 0.0275
0.0018 0.0043 0
0.0043 0.0018 0
0.0043 -0.0018 0
0.0018 -0.0043 0
0.0018 0.0043 0.02
0.0043 0.0018 0.02
0.0043 -0.0018 0.02
0.0018 -0.0043 0.02
0.0036 0.0036 0.0132
0.0036 0.0036 0.0068
0.0036 0.0036 0.0166
0.0036 0.0036 0.01
0.0036 0.0036 0.0034
0.0051 0 0.0131
0.0051 0 0.007
0.0051 0 0.0165
0.0051 0 0.01
0.0051 0 0.0035
0.0036 -0.0036 0.0146
0.0036 -0.0036 0.01
0.0036 -0.0036 0.0055
0.0036 -0.0036 0.0173
0.0036 -0.0036 0.0123
0.0036 -0.0036 0.0078
0.0036 -0.0036 0.0028
0.0018 0.0043 0.03
0.0043 0.0018 0.03
0.0043 -0.0018 0.03
0.0018 -0.0043 0.03
0.0036 0.0036 0.025
0.0036 0.0036 0.0275
0.0036 0.0036 0.0225
0.0051 0 0.0251
0.0051 0 0.0275
0.0051 0 0.0225
0.0036 -0.0036 0.0251
0.0036 -0.0036 0.0275
0.0036 -0.0036 0.0225
0.0018 0.0043 0.04
0.0043 0.0018 0.04
0.0043 -0.0018 0.04
0.0018 -0.0043 0.04
0.0036 0.0036 0.035
0.0036 0.0036 0.0375
0.0036 0.0036 0.0325
0.0051 0 0.035
0.0051 0 0.0375
0.0051 0 0.0325
0.0036 -0.0036 0.035
0.0036 -0.0036 0.0375
0.0036 -0.0036 0.0325
0.0018 0.0043 0.06
0.0043 0.0018 0.06
0.0043 -0.0018 0.06
0.0018 -0.0043 0.06
0.0036 0.0036 0.0532
0.0036 0.0036 0.0468
0.0036 0.0036 0.0566
0.0036 0.0036 0.05
0.0036 0.0036 0.0434
0.0051 0 0.053
0.0051 0 0.047
0.0051 0 0.0565
0.0051 0 0.05
0.0051 0 0.0435
0.0036 -0.0036 0.0545
0.0036 -0.0036 0.05
0.0036 -0.0036 0.0454
0.0036 -0.0036 0.0572
0.0036 -0.0036 0.0522
0.0036 -0.0036 0.0477
0.0036 -0.0036 0.0427
0.0029 -0.0146 0.02
0.0058 -0.014 0.0225
0.0029 -0.0146 0.025
0.0058 -0.014 0.0275
0.0029 -0.0146 0.03
0.0048 -0.0117 0.03
0.0039 -0.0094 0.0233
0.0039 -0.0094 0.0266
0.0039 -0.0094 0.0217
0.0039 -0.0094 0.0249
0.0039 -0.0094 0.0283
0.0048 -0.0117 0.02
0.0019 -0.0097 0.03
0.0019 -0.0097 0.02
0.0029 -0.0146 0.035
0.0058 -0.014 0.0375
0.0029 -0.0146 0.04
0.0058 -0.014 0.0325
0.0048 -0.0117 0.04
0.0039 -0.0094 0.0365
0.0039 -0.0094 0.0333
0.0039 -0.0094 0.0383
0.0039 -0.0094 0.0349
0.0039 -0.0094 0.0316
0.0019 -0.0097 0.04
0.0058 -0.014 0.007
0.0058 -0.014 0.013
0.0058 -0.014 0.0035
0.0058 -0.014 0.01
0.0058 -0.014 0.0165
0.0039 -0.0094 0.0056
0.0039 -0.0094 0.01
0.0039 -0.0094 0.0145
0.0039 -0.0094 0.0028
0.0039 -0.0094 0.0078
0.0039 -0.0094 0.0123
0.0039 -0.0094 0.0173
0.0048 -0.0117 0
0.0029 -0.0146 0
0.0019 -0.0097 0
0.0058 -0.014 0.0469
0.0058 -0.014 0.0529
0.0058 -0.014 0.0434
0.0058 -0.014 0.0499
0.0058 -0.014 0.0565
0.0048 -0.0117 0.06
0.0039 -0.0094 0.0453
0.0039 -0.0094 0.0497
0.0039 -0.0094 0.0542
0.0039 -0.0094 0.0427
0.0039 -0.0094 0.0475
0.0039 -0.0094 0.052
0.0039 -0.0094 0.0571
0.0029 -0.0146 0.06
0.0019 -0.0097 0.06
0.0029 0.0146 0.03
0.0029 0.0146 0.035
0.0058 0.014 0.0325
0.0029 0.0146 0.04
0.0058 0.014 0.0375
0.0019 0.0097 0.04
0.0048 0.0117 0.04
0.0048 0.0117 0.03
0.0039 0.0094 0.035
0.0039 0.0094 0.0325
0.0039 0.0094 0.0375
0.0019 0.0097 0.03
0.0029 0.0146 0.06
0.0058 0.014 0.05
0.0058 0.014 0.045
0.0058 0.014 0.055
0.0019 0.0097 0.06
0.0048 0.0117 0.06
0.0039 0.0094 0.0468
0.0039 0.0094 0.0531
0.0039 0.0094 0.0434
0.0039 0.0094 0.05
0.0039 0.0094 0.0565
0.0054 -0.0054 0
0.0055 -0.0083 0
0.0056 -0.0056 0.02
0.0046 -0.0046 0.02
0.0064 -0.0064 0.02
0.0072 -0.0072 0.0167
0.0072 -0.0072 0.0141
0.0072 -0.0072 0.0121
0.0072 -0.0072 0.0102
0.0072 -0.0072 0.0083
0.0072 -0.0072 0.0063
0.0072 -0.0072 0.0037
0.0072 -0.0072 0.0183
0.0072 -0.0072 0.0154
0.0072 -0.0072 0.0131
0.0072 -0.0072 0.0112
0.0072 -0.0072 0.0092
0.0072 -0.0072 0.0073
0.0072 -0.0072 0.005
0.0072 -0.0072 0.0018
0.0057 -0.0082 0.02
0.0064 -0.0077 0.02
0.0048 -0.0088 0.02
0.0056 -0.0056 0.03
0.0046 -0.0046 0.03
0.0064 -0.0064 0.03
0.0072 -0.0072 0.0279
0.0072 -0.0072 0.0261
0.0072 -0.0072 0.0241
0.0072 -0.0072 0.0223
0.0072 -0.0072 0.029
0.0072 -0.0072 0.027
0.0072 -0.0072 0.0251
0.0072 -0.0072 0.0232
0.0072 -0.0072 0.0211
0.0057 -0.0082 0.03
0.0064 -0.0077 0.03
0.0048 -0.0088 0.03
0.0056 -0.0056 0.04
0.0046 -0.0046 0.04
0.0064 -0.0064 0.04
0.0072 -0.0072 0.0377
0.0072 -0.0072 0.0359
0.0072 -0.0072 0.0339
0.0072 -0.0072 0.0321
0.0072 -0.0072 0.0389
0.0072 -0.0072 0.0368
0.0072 -0.0072 0.0349
0.0072 -0.0072 0.033
0.0072 -0.0072 0.031
0.0055 -0.0083 0.04
0.0054 -0.0054 0.06
0.0072 -0.0072 0.0563
0.0072 -0.0072 0.0537
0.0072 -0.0072 0.0517
0.0072 -0.0072 0.0498
0.0072 -0.0072 0.0478
0.0072 -0.0072 0.0459
0.0072 -0.0072 0.0433
0.0072 -0.0072 0.0582
0.0072 -0.0072 0.055
0.0072 -0.0072 0.0527
0.0072 -0.0072 0.0507
0.0072 -0.0072 0.0488
0.0072 -0.0072 0.0469
0.0072 -0.0072 0.0446
0.0072 -0.0072 0.0417
0.0055 -0.0083 0.06
0.0055 0.0083 0.04
0.0054 0.0054 0.04
0.0055 0.0083 0.03
0.0072 0.0072 0.035
0.0072 0.0072 0.0325
0.0072 0.0072 0.0375
0.0054 0.0054 0.03
0.0019 0.0097 0.02
0.0055 0.0083 0.02
0.0054 0.0054 0.02
0.0019 0.0097 0
0.0039 0.0094 0.0069
0.0039 0.0094 0.0132
0.0039 0.0094 0.0035
0.0039 0.0094 0.01
0.0039 0.0094 0.0166
0.0055 0.0083 0
0.0072 0.0072 0.0133
0.0072 0.0072 0.0067
0.0072 0.0072 0.0166
0.0072 0.0072 0.01
0.0072 0.0072 0.0034
0.0054 0.0054 0
0.0039 0.0094 0.025
0.0039 0.0094 0.0225
0.0039 0.0094 0.0275
0.0072 0.0072 0.025
0.0072 0.0072 0.0275
0.0072 0.0072 0.0225
0.0029 0.0146 0
0.0048 0.0117 0
0.0029 0.0146 0.02
0.0058 0.014 0.01
0.0058 0.014 0.005
0.0058 0.014 0.015
0.0048 0.0117 0.02
0.0029 0.0146 0.025
0.0058 0.014 0.0275
0.0058 0.014 0.0225
0.0055 0.0083 0.06
0.0054 0.0054 0.06
0.0072 0.0072 0.0533
0.0072 0.0072 0.0467
0.0072 0.0072 0.0566
0.0072 0.0072 0.05
0.0072 0.0072 0.0434
0.0076 0 0.03
0.0097 -0.0019 0.03
0.0082 -0.0057 0.03
0.0088 -0.0048 0.03
0.0077 -0.0064 0.03
0.0076 0 0.04
0.0101 0 0.035
0.0101 0 0.0325
0.0101 0 0.0375
0.0097 -0.0019 0.04
0.0094 -0.0039 0.0334
0.0094 -0.0039 0.0366
0.0094 -0.0039 0.0317
0.0094 -0.0039 0.035
0.0094 -0.0039 0.0383
0.0082 -0.0057 0.04
0.0088 -0.0048 0.04
0.0077 -0.0064 0.04
0.0076 0 0.06
0.0101 0 0.0529
0.0101 0 0.0469
0.0101 0 0.0564
0.0101 0 0.0499
0.0101 0 0.0434
0.0097 -0.0019 0.06
0.0094 -0.0039 0.0445
0.0094 -0.0039 0.0481
0.0094 -0.0039 0.0516
0.0094 -0.0039 0.0552
0.0094 -0.0039 0.0422
0.0094 -0.0039 0.0463
0.0094 -0.0039 0.0498
0.0094 -0.0039 0.0534
0.0094 -0.0039 0.0576
0.0083 -0.0055 0.06
0.0083 0.0055 0.02
0.0097 0.0019 0.02
0.0076 0 0.02
0.0083 0.0055 0
0.0094 0.0039 0.0069
0.0094 0.0039 0.0132
0.0094 0.0039 0.0035
0.0094 0.0039 0.01
0.0094 0.0039 0.0166
0.0097 0.0019 0
0.0101 0 0.0131
0.0101 0 0.0071
0.0101 0 0.0166
0.0101 0 0.0101
0.0101 0 0.0036
0.0076 0 0
0.0083 0.0055 0.03
0.0097 0.0019 0.03
0.0094 0.0039 0.025
0.0094 0.0039 0.0225
0.0094 0.0039 0.0275
0.0101 0 0.025
0.0101 0 0.0275
0.0101 0 0.0225
0.0083 0.0055 0.04
0.0097 0.0019 0.04
0.0094 0.0039 0.035
0.0094 0.0039 0.0325
0.0094 0.0039 0.0375
0.0097 -0.0019 0
0.0083 -0.0055 0
0.0097 -0.0019 0.02
0.0094 -0.0039 0.0048
0.0094 -0.0039 0.0084
0.0094 -0.0039 0.0119
0.0094 -0.0039 0.0155
0.0094 -0.0039 0.0024
0.0094 -0.0039 0.0066
0.0094 -0.0039 0.0102
0.0094 -0.0039 0.0137
0.0094 -0.0039 0.0178
0.0082 -0.0057 0.02
0.0088 -0.0048 0.02
0.0077 -0.0064 0.02
0.0094 -0.0039 0.0234
0.0094 -0.0039 0.0266
0.0094 -0.0039 0.0217
0.0094 -0.0039 0.025
0.0094 -0.0039 0.0283
0.0083 0.0055 0.06
0.0097 0.0019 0.06
0.0094 0.0039 0.0468
0.0094 0.0039 0.0531
0.0094 0.0039 0.0434
0.0094 0.0039 0.05
0.0094 0.0039 0.0565
0.0082 -0.0124 0.035
0.0095 -0.0116 0.035
0.007 -0.0132 0.035
0.0107 -0.0107 0.0375
0.0083 -0.0124 0.04
0.0083 -0.0124 0.03
0.0095 -0.0116 0.03
0.007 -0.0132 0.03
0.0107 -0.0107 0.0325
0.0088 -0.0088 0.04
0.0098 -0.0098 0.04
0.008 -0.008 0.04
0.0087 -0.0087 0.03
0.0097 -0.0097 0.03
0.008 -0.008 0.03
0.0083 -0.0124 0.02
0.0107 -0.0107 0.0225
0.0083 -0.0124 0.025
0.0095 -0.0116 0.025
0.007 -0.0132 0.025
0.0107 -0.0107 0.0275
0.0088 -0.0088 0.02
0.0098 -0.0098 0.02
0.008 -0.008 0.02
0.0107 -0.0107 0.0146
0.0107 -0.0107 0.0101
0.0107 -0.0107 0.0056
0.0107 -0.0107 0.0173
0.0107 -0.0107 0.0124
0.0107 -0.0107 0.0078
0.0107 -0.0107 0.0028
0.009 -0.009 0
0.0083 -0.0124 0
0.0083 0.0124 0
0.009 0.009 0
0.0083 0.0124 0.02
0.0107 0.0107 0.01
0.0107 0.0107 0.005
0.0107 0.0107 0.015
0.009 0.009 0.02
0.0083 0.0124 0.025
0.0107 0.0107 0.0225
0.0083 0.0124 0.03
0.0107 0.0107 0.0275
0.009 0.009 0.03
0.0083 0.0124 0.04
0.009 0.009 0.04
0.0083 0.0124 0.06
0.0107 0.0107 0.0501
0.0107 0.0107 0.045
0.0107 0.0107 0.055
0.009 0.009 0.06
0.0083 0.0124 0.035
0.0107 0.0107 0.0325
0.0107 0.0107 0.0375
0.0107 -0.0107 0.0454
0.0107 -0.0107 0.05
0.0107 -0.0107 0.0545
0.0107 -0.0107 0.0427
0.0107 -0.0107 0.0477
0.0107 -0.0107 0.0522
0.0107 -0.0107 0.0572
0.009 -0.009 0.06
0.0083 -0.0124 0.06
0.0117 -0.0048 0.04
0.0124 -0.0083 0.04
0.014 -0.0058 0.0453
0.014 -0.0058 0.0499
0.014 -0.0058 0.0545
0.014 -0.0058 0.0427
0.014 -0.0058 0.0476
0.014 -0.0058 0.0522
0.014 -0.0058 0.0572
0.0117 -0.0048 0.06
0.0124 -0.0083 0.06
0.0124 0.0083 0.02
0.0124 0.0083 0.025
0.014 0.0058 0.0225
0.0124 0.0083 0.03
0.014 0.0058 0.0275
0.0117 0.0048 0.03
0.0117 0.0048 0.02
0.0124 0.0083 0.035
0.014 0.0058 0.0325
0.0124 0.0083 0.04
0.014 0.0058 0.0375
0.0117 0.0048 0.04
0.0124 0.0083 0.06
0.014 0.0058 0.05
0.014 0.0058 0.045
0.014 0.0058 0.055
0.0117 0.0048 0.06
0.0117 -0.0048 0
0.0124 -0.0083 0
0.014 -0.0058 0.0055
0.014 -0.0058 0.0101
0.014 -0.0058 0.0147
0.014 -0.0058 0.0028
0.014 -0.0058 0.0078
0.014 -0.0058 0.0124
0.014 -0.0058 0.0173
0.0117 -0.0048 0.02
0.0124 -0.0083 0.02
0.014 -0.0058 0.0225
0.0124 -0.0082 0.025
0.0132 -0.007 0.025
0.0116 -0.0095 0.025
0.014 -0.0058 0.0275
0.0124 -0.0083 0.03
0.0132 -0.007 0.03
0.0116 -0.0095 0.03
0.0117 -0.0048 0.03
0.014 -0.0058 0.0325
0.0123 -0.0084 0.035
0.0132 -0.0071 0.035
0.0115 -0.0096 0.035
0.014 -0.0058 0.0375
0.0124 0.0083 0
0.014 0.0058 0.01
0.014 0.0058 0.005
0.014 0.0058 0.015
0.0117 0.0048 0
0.0146 0.0029 0.02
0.0146 0.0029 0.025
0.0152 0 0.0225
0.0146 0.0029 0.03
0.0152 0 0.0275
0.0127 0 0.03
0.0127 0 0.02
0.0146 0.0029 0.035
0.0152 0 0.0325
0.0146 0.0029 0.04
0.0152 0 0.0375
0.0127 0 0.04
0.0127 0 0
0.0146 -0.0029 0
0.0152 0 0.0068
0.0152 0 0.0131
0.0152 0 0.0034
0.0152 0 0.0099
0.0152 0 0.0165
0.0146 -0.0029 0.02
0.0146 -0.0029 0.025
0.0146 -0.0029 0.03
0.0146 -0.0029 0.035
0.0146 -0.0029 0.04
0.0152 0 0.0532
0.0152 0 0.0469
0.0152 0 0.0566
0.0152 0 0.05
0.0152 0 0.0434
0.0127 0 0.06
0.0146 -0.0029 0.06
0.0146 0.0029 0
0.0146 0.0029 0.06
-0.0146 -0.0029 0.0325
-0.0146 -0.0029 0.0375
-0.0117 -0.0048 0.0325
-0.0117 -0.0048 0.035
-0.0117 -0.0048 0.0375
-0.0121 -0.0029 0.04
-0.0127 0 0.035
-0.0127 0 0.0325
-0.0127 0 0.0375
-0.0121 -0.0029 0.03
-0.0097 -0.0019 0.0375
-0.0097 -0.0019 0.0325
-0.0097 -0.0019 0.0349
-0.0146 -0.0029 0.0225
-0.0146 -0.0029 0.0275
-0.0117 -0.0048 0.0275
-0.0117 -0.0048 0.025
-0.0117 -0.0048 0.0225
-0.0127 0 0.0275
-0.0127 0 0.025
-0.0127 0 0.0225
-0.0121 -0.0029 0.02
-0.0097 -0.0019 0.0275
-0.0097 -0.0019 0.025
-0.0097 -0.0019 0.0225
-0.0097 -0.0019 0.0434
-0.0097 -0.0019 0.0468
-0.0097 -0.0019 0.0566
-0.0097 -0.0019 0.053
-0.0097 -0.0019 0.0498
-0.0117 -0.0048 0.0434
-0.0117 -0.0048 0.0484
-0.0117 -0.0048 0.0566
-0.0117 -0.0048 0.0516
-0.0121 -0.0029 0.06
-0.0127 0 0.0434
-0.0127 0 0.0484
-0.0127 0 0.0564
-0.0127 0 0.0514
-0.0146 -0.0029 0.045
-0.0146 -0.0029 0.05
-0.0146 -0.0029 0.055
-0.0097 -0.0019 0.0166
-0.0097 -0.0019 0.0132
-0.0097 -0.0019 0.0034
-0.0097 -0.0019 0.0069
-0.0097 -0.0019 0.0101
-0.0117 -0.0048 0.0166
-0.0117 -0.0048 0.0116
-0.0117 -0.0048 0.0034
-0.0117 -0.0048 0.0084
-0.0127 0 0.0166
-0.0127 0 0.0115
-0.0127 0 0.0035
-0.0127 0 0.0084
-0.0121 -0.0029 0
-0.0146 -0.0029 0.015
-0.0146 -0.0029 0.0099
-0.0146 -0.0029 0.0049
-0.0146 0.0029 0.0325
-0.0146 0.0029 0.0375
-0.0121 0.0029 0.04
-0.0116 0.0048 0.0349
-0.0128 0.0053 0.035
-0.0128 0.0053 0.0325
-0.0128 0.0053 0.0375
-0.0117 0.0048 0.0316
-0.0105 0.0043 0.0341
-0.0117 0.0048 0.0383
-0.0105 0.0043 0.0357
-0.0121 0.0029 0.03
-0.0097 0.0019 0.0383
-0.0097 0.0019 0.0357
-0.0097 0.0019 0.0316
-0.0097 0.0019 0.0341
-0.0146 0.0029 0.0434
-0.0146 0.0029 0.0484
-0.0146 0.0029 0.0565
-0.0146 0.0029 0.0515
-0.0121 0.0029 0.06
-0.0117 0.0048 0.0427
-0.0117 0.0048 0.0461
-0.0117 0.0048 0.0571
-0.0117 0.0048 0.0536
-0.0117 0.0048 0.0513
-0.0117 0.0048 0.0483
-0.0097 0.0019 0.0427
-0.0097 0.0019 0.0461
-0.0097 0.0019 0.0571
-0.0097 0.0019 0.0535
-0.0097 0.0019 0.0513
-0.0097 0.0019 0.0482
-0.0146 0.0029 0.0165
-0.0146 0.0029 0.0114
-0.0146 0.0029 0.0035
-0.0146 0.0029 0.0084
-0.0121 0.0029 0.02
-0.0117 0.0048 0.0173
-0.0117 0.0048 0.0138
-0.0117 0.0048 0.0028
-0.0117 0.0048 0.0063
-0.0117 0.0048 0.0115
-0.0117 0.0048 0.0085
-0.0121 0.0029 0
-0.0097 0.0019 0.0173
-0.0097 0.0019 0.0138
-0.0097 0.0019 0.0028
-0.0097 0.0019 0.0063
-0.0097 0.0019 0.0116
-0.0097 0.0019 0.0085
-0.0146 0.0029 0.0225
-0.0146 0.0029 0.0275
-0.0116 0.0048 0.025
-0.0117 0.0048 0.0283
-0.0128 0.0053 0.0275
-0.0128 0.0053 0.025
-0.0105 0.0043 0.0258
-0.0117 0.0048 0.0217
-0.0128 0.0053 0.0225
-0.0105 0.0043 0.0241
-0.0097 0.0019 0.0283
-0.0097 0.0019 0.0258
-0.0097 0.0019 0.0217
-0.0097 0.0019 0.0241
-0.0132 0.007 0.0325
-0.0124 0.0083 0.0325
-0.0116 0.0095 0.0325
-0.0124 0.0083 0.0374
-0.0132 0.007 0.0387
-0.0132 0.007 0.0362
-0.0124 0.0083 0.0362
-0.0116 0.0095 0.0387
-0.0116 0.0095 0.0362
-0.01 0.0073 0.04
-0.0097 0.0056 0.04
-0.012 0.0065 0.04
-0.0104 0.009 0.04
-0.0086 0.0072 0.04
-0.0094 0.008 0.04
-0.0083 0.0083 0.0329
-0.0083 0.0083 0.0369
-0.0088 0.0088 0.0349
-0.0095 0.0095 0.0374
-0.0095 0.0095 0.0326
-0.0101 0.0101 0.0338
-0.0101 0.0101 0.0313
-0.0101 0.0101 0.0387
-0.0101 0.0101 0.0362
-0.0092 0.0092 0.0362
-0.0098 0.0098 0.035
-0.0092 0.0092 0.0338
-0.0091 0.0091 0.0313
-0.0091 0.0091 0.0387
-0.008 0.008 0.0389
-0.008 0.008 0.031
-0.0077 0.0077 0.0373
-0.0085 0.0085 0.0385
-0.0089 0.0089 0.0371
-0.0085 0.0085 0.0314
-0.0077 0.0077 0.0325
-0.0089 0.0089 0.0327
-0.0077 0.0077 0.0364
-0.008 0.008 0.0344
-0.008 0.008 0.0354
-0.0086 0.0086 0.0359
-0.0077 0.0077 0.0334
-0.0086 0.0086 0.0339
-0.0105 0.0065 0.03
-0.0123 0.0061 0.03
-0.0099 0.0052 0.03
-0.0115 0.0074 0.03
-0.0093 0.0061 0.03
-0.0106 0.0085 0.03
-0.0085 0.0072 0.03
-0.0096 0.0076 0.03
-0.0082 0.0056 0.0349
-0.0082 0.0056 0.0384
-0.0081 0.0058 0.033
-0.008 0.0059 0.0367
-0.0085 0.0052 0.0316
-0.0088 0.0047 0.0392
-0.0077 0.0064 0.0392
-0.0088 0.0047 0.0375
-0.0089 0.0045 0.0308
-0.0089 0.0045 0.0324
-0.0083 0.0054 0.0308
-0.0077 0.0064 0.0381
-0.0077 0.0064 0.031
-0.0088 0.0047 0.0341
-0.0088 0.0047 0.0357
-0.0087 0.0048 0.0332
-0.0081 0.0057 0.034
-0.0083 0.0055 0.0323
-0.0081 0.0057 0.0358
-0.0087 0.0049 0.0366
-0.0081 0.0057 0.0375
-0.0076 0.0065 0.0372
-0.0076 0.0065 0.0363
-0.0077 0.0064 0.0354
-0.0077 0.0064 0.0344
-0.0076 0.0065 0.0335
-0.0076 0.0065 0.0326
-0.0078 0.0062 0.0318
-0.0124 0.0083 0.0427
-0.0124 0.0083 0.0461
-0.0124 0.0083 0.0572
-0.0124 0.0083 0.0537
-0.0124 0.0083 0.0484
-0.0124 0.0083 0.0514
-0.0101 0.0073 0.06
-0.0088 0.0088 0.0526
-0.0088 0.0088 0.0471
-0.0086 0.0086 0.055
-0.0092 0.0092 0.0427
-0.0086 0.0086 0.0449
-0.0084 0.0084 0.0507
-0.0084 0.0084 0.0489
-0.0089 0.0089 0.0577
-0.01 0.01 0.0413
-0.009 0.009 0.0413
-0.01 0.01 0.044
-0.008 0.008 0.0417
-0.008 0.008 0.0588
-0.0098 0.0098 0.0588
-0.0098 0.0098 0.0561
-0.008 0.008 0.057
-0.0082 0.0082 0.043
-0.0098 0.0098 0.0485
-0.0098 0.0098 0.0462
-0.0087 0.0087 0.046
-0.0097 0.0097 0.0451
-0.0089 0.0089 0.0438
-0.0098 0.0098 0.0535
-0.0098 0.0098 0.0513
-0.0086 0.0086 0.0516
-0.0096 0.0096 0.0503
-0.0096 0.0096 0.0494
-0.0086 0.0086 0.048
-0.0084 0.0084 0.0498
-0.0097 0.0097 0.0548
-0.0087 0.0087 0.0538
-0.0087 0.0087 0.0563
-0.0079 0.0079 0.0543
-0.0079 0.0079 0.0557
-0.008 0.008 0.0521
-0.008 0.008 0.0531
-0.0078 0.0078 0.0502
-0.0078 0.0078 0.0512
-0.0078 0.0078 0.0484
-0.0078 0.0078 0.0494
-0.008 0.008 0.0465
-0.008 0.008 0.0475
-0.0079 0.0079 0.0441
-0.0079 0.0079 0.0454
-0.0082 0.0056 0.0525
-0.0083 0.0054 0.0467
-0.008 0.0059 0.049
-0.008 0.0059 0.0505
-0.0083 0.0055 0.0433
-0.0081 0.0058 0.0549
-0.0082 0.0056 0.0571
-0.0077 0.0063 0.0416
-0.0088 0.0047 0.0416
-0.0088 0.0047 0.0443
-0.0088 0.0047 0.0585
-0.0077 0.0064 0.0585
-0.0088 0.0047 0.0557
-0.0077 0.0063 0.0433
-0.0077 0.0064 0.0567
-0.0088 0.0047 0.046
-0.0088 0.0047 0.0482
-0.0083 0.0055 0.045
-0.0088 0.0047 0.0511
-0.0088 0.0047 0.0534
-0.0087 0.0049 0.0501
-0.0081 0.0058 0.0515
-0.0082 0.0057 0.0478
-0.0087 0.0049 0.0493
-0.008 0.0059 0.0497
-0.0081 0.0057 0.0537
-0.0087 0.0048 0.0546
-0.0082 0.0057 0.056
-0.0076 0.0065 0.0556
-0.0076 0.0065 0.0543
-0.0077 0.0064 0.0531
-0.0077 0.0064 0.0521
-0.0076 0.0065 0.0511
-0.0076 0.0065 0.0501
-0.0076 0.0065 0.0494
-0.0076 0.0065 0.0484
-0.0077 0.0063 0.0473
-0.0077 0.0063 0.0463
-0.0077 0.0063 0.0446
-0.0124 -0.0083 0.0375
-0.0124 -0.0083 0.0325
-0.009 -0.009 0.0375
-0.009 -0.009 0.035
-0.009 -0.009 0.0325
-0.0101 -0.0073 0.04
-0.0101 -0.0073 0.03
-0.0083 -0.0055 0.0375
-0.0083 -0.0055 0.035
-0.0083 -0.0055 0.0325
-0.0083 -0.0055 0.0433
-0.0083 -0.0055 0.0467
-0.0083 -0.0055 0.0567
-0.0083 -0.0055 0.0532
-0.0083 -0.0055 0.0499
-0.009 -0.009 0.0433
-0.009 -0.009 0.0484
-0.009 -0.009 0.0567
-0.009 -0.009 0.0517
-0.0101 -0.0073 0.06
-0.0124 -0.0083 0.045
-0.0124 -0.0083 0.055
-0.0124 -0.0083 0.05
-0.0124 0.0083 0.0173
-0.0124 0.0083 0.0138
-0.0124 0.0083 0.0028
-0.0124 0.0083 0.0063
-0.0124 0.0083 0.0085
-0.0124 0.0083 0.0116
-0.0102 0.007 0.02
-0.0098 0.0054 0.02
-0.0121 0.0064 0.02
-0.0105 0.0089 0.02
-0.0092 0.0063 0.02
-0.0095 0.0079 0.02
-0.0085 0.0072 0.02
-0.0088 0.0088 0.0074
-0.0088 0.0088 0.0129
-0.0093 0.0093 0.0177
-0.0086 0.0086 0.005
-0.0085 0.0085 0.0155
-0.0084 0.0084 0.0093
-0.0084 0.0084 0.011
-0.0082 0.0082 0.018
-0.0089 0.0089 0.0023
-0.01 0.01 0.0188
-0.01 0.01 0.0161
-0.0091 0.0091 0.0188
-0.0098 0.0098 0.0012
-0.008 0.008 0.0012
-0.0098 0.0098 0.0039
-0.0077 0.0077 0.019
-0.0085 0.0085 0.019
-0.0077 0.0077 0.0173
-0.008 0.008 0.003
-0.0098 0.0098 0.0087
-0.0098 0.0098 0.0065
-0.0087 0.0087 0.0062
-0.0097 0.0097 0.0053
-0.0087 0.0087 0.0037
-0.0098 0.0098 0.0138
-0.0098 0.0098 0.0115
-0.0096 0.0096 0.0097
-0.0086 0.0086 0.0084
-0.0086 0.0086 0.012
-0.0096 0.0096 0.0106
-0.0084 0.0084 0.0102
-0.0096 0.0096 0.015
-0.0086 0.0086 0.0142
-0.0089 0.0089 0.0166
-0.0088 0.0088 0.0178
-0.0079 0.0079 0.0043
-0.0079 0.0079 0.0056
-0.008 0.008 0.0069
-0.008 0.008 0.0078
-0.0078 0.0078 0.0088
-0.0078 0.0078 0.0098
-0.0078 0.0078 0.0106
-0.0078 0.0078 0.0116
-0.008 0.008 0.0125
-0.008 0.008 0.0135
-0.0078 0.0078 0.0148
-0.0078 0.0078 0.0161
-0.0083 0.0083 0.0167
-0.0101 0.0073 0
-0.0082 0.0056 0.0164
-0.0082 0.0056 0.0074
-0.0082 0.0056 0.0131
-0.008 0.0059 0.0094
-0.008 0.0059 0.011
-0.0081 0.0058 0.0051
-0.0082 0.0056 0.0029
-0.0088 0.0047 0.0155
-0.0088 0.0047 0.0182
-0.0082 0.0056 0.0182
-0.0077 0.0064 0.0014
-0.0088 0.0047 0.0014
-0.0088 0.0047 0.0042
-0.0077 0.0064 0.0183
-0.0077 0.0064 0.0033
-0.0088 0.0047 0.0065
-0.0088 0.0047 0.0087
-0.0087 0.0048 0.0053
-0.0081 0.0057 0.0062
-0.0082 0.0057 0.004
-0.0088 0.0047 0.0115
-0.0088 0.0047 0.0138
-0.0081 0.0057 0.0084
-0.0087 0.0049 0.0097
-0.0087 0.0049 0.0105
-0.0081 0.0058 0.012
-0.008 0.0059 0.0102
-0.0082 0.0056 0.0147
-0.0077 0.0064 0.0165
-0.0076 0.0065 0.0057
-0.0076 0.0065 0.0044
-0.0077 0.0064 0.0078
-0.0077 0.0064 0.0069
-0.0076 0.0065 0.0098
-0.0076 0.0065 0.0089
-0.0076 0.0066 0.0116
-0.0076 0.0066 0.0106
-0.0077 0.0064 0.0136
-0.0077 0.0064 0.0126
-0.0077 0.0064 0.0152
-0.0083 -0.0055 0.0167
-0.0083 -0.0055 0.0133
-0.0083 -0.0055 0.0033
-0.0083 -0.0055 0.0067
-0.0083 -0.0055 0.0101
-0.009 -0.009 0.0167
-0.009 -0.009 0.0033
-0.009 -0.009 0.0084
-0.009 -0.009 0.0117
-0.0101 -0.0073 0.02
-0.0101 -0.0073 0
-0.0124 -0.0083 0.015
-0.0124 -0.0083 0.005
-0.0124 -0.0083 0.01
-0.0124 -0.0083 0.0225
-0.0124 -0.0083 0.0275
-0.009 -0.009 0.0275
-0.009 -0.009 0.025
-0.009 -0.009 0.0225
-0.0083 -0.0055 0.0275
-0.0083 -0.0055 0.025
-0.0083 -0.0055 0.0225
-0.0124 0.0083 0.0226
-0.0132 0.0071 0.0238
-0.0132 0.0071 0.0213
-0.0116 0.0095 0.0213
-0.0124 0.0083 0.0238
-0.0116 0.0095 0.0238
-0.0132 0.007 0.0275
-0.0124 0.0083 0.0275
-0.0115 0.0096 0.0275
-0.0083 0.0083 0.0271
-0.0083 0.0083 0.0231
-0.0088 0.0088 0.025
-0.0095 0.0095 0.0226
-0.0095 0.0095 0.0274
-0.0101 0.0101 0.0287
-0.0101 0.0101 0.0262
-0.0091 0.0091 0.0287
-0.008 0.008 0.029
-0.0101 0.0101 0.0238
-0.0101 0.0101 0.0213
-0.0091 0.0091 0.0213
-0.008 0.008 0.0211
-0.0092 0.0092 0.0238
-0.0098 0.0098 0.025
-0.0092 0.0092 0.0262
-0.0077 0.0077 0.0275
-0.0085 0.0085 0.0285
-0.0089 0.0089 0.0273
-0.0085 0.0085 0.0215
-0.0077 0.0077 0.0227
-0.0089 0.0089 0.0228
-0.0077 0.0077 0.0266
-0.008 0.008 0.0246
-0.008 0.008 0.0256
-0.0086 0.0086 0.0261
-0.0077 0.0077 0.0236
-0.0086 0.0086 0.0241
-0.0082 0.0056 0.025
-0.0081 0.0058 0.0232
-0.0081 0.0057 0.0268
-0.0085 0.0051 0.0217
-0.0085 0.0051 0.0283
-0.0089 0.0045 0.0274
-0.0089 0.0045 0.0292
-0.0083 0.0054 0.0292
-0.0089 0.0045 0.0209
-0.0089 0.0045 0.0225
-0.0083 0.0054 0.0209
-0.0077 0.0064 0.029
-0.0077 0.0064 0.0211
-0.0088 0.0047 0.0242
-0.0088 0.0047 0.0258
-0.0087 0.0048 0.0233
-0.0082 0.0057 0.0241
-0.0083 0.0054 0.0225
-0.0082 0.0057 0.0259
-0.0087 0.0048 0.0267
-0.0083 0.0054 0.0276
-0.0078 0.0061 0.0281
-0.0078 0.0061 0.022
-0.0076 0.0064 0.0274
-0.0076 0.0064 0.0264
-0.0077 0.0064 0.0255
-0.0077 0.0064 0.0246
-0.0076 0.0065 0.0237
-0.0076 0.0065 0.0227
-0.0096 0.0115 0.0325
-0.0083 0.0124 0.0325
-0.007 0.0132 0.0325
-0.0083 0.0124 0.0374
-0.0095 0.0116 0.0387
-0.0095 0.0116 0.0362
-0.0083 0.0124 0.0362
-0.0071 0.0132 0.0387
-0.0071 0.0132 0.0362
-0.007 0.0102 0.04
-0.0089 0.0105 0.04
-0.0064 0.0121 0.04
-0.0079 0.0095 0.04
-0.0072 0.0085 0.04
-0.0054 0.0098 0.04
-0.0063 0.0092 0.04
-0.0049 0.0117 0.0346
-0.0049 0.0118 0.0375
-0.0053 0.0129 0.0348
-0.0053 0.0129 0.0323
-0.0053 0.0129 0.0387
-0.0053 0.0129 0.0362
-0.0049 0.0117 0.036
-0.0048 0.0117 0.0317
-0.0044 0.0105 0.034
-0.0044 0.0106 0.0387
-0.0044 0.0106 0.037
-0.0044 0.0105 0.0356
-0.0065 0.0105 0.03
-0.0085 0.0106 0.03
-0.0072 0.0085 0.03
-0.0052 0.0099 0.03
-0.0061 0.0123 0.03
-0.0074 0.0115 0.03
-0.0061 0.0093 0.03
-0.0076 0.0096 0.03
-0.0056 0.0082 0.0349
-0.0058 0.008 0.0328
-0.0058 0.0081 0.0371
-0.0051 0.0085 0.0385
-0.0051 0.0085 0.0314
-0.0062 0.0078 0.0387
-0.0062 0.0078 0.0313
-0.0067 0.0075 0.0382
-0.0067 0.0075 0.0393
-0.0059 0.008 0.0393
-0.0067 0.0075 0.0306
-0.0067 0.0075 0.0317
-0.0059 0.008 0.0306
-0.0054 0.0083 0.0392
-0.0045 0.0089 0.0392
-0.0045 0.0089 0.0375
-0.0045 0.0089 0.0324
-0.0045 0.0089 0.0307
-0.0054 0.0083 0.0307
-0.0065 0.0076 0.0365
-0.0065 0.0076 0.0374
-0.006 0.0079 0.0379
-0.0064 0.0077 0.0344
-0.0064 0.0077 0.0354
-0.0057 0.0081 0.036
-0.0065 0.0076 0.0324
-0.0065 0.0076 0.0334
-0.0057 0.0081 0.0339
-0.006 0.0079 0.032
-0.0057 0.0082 0.0386
-0.0047 0.0088 0.0357
-0.0047 0.0088 0.0341
-0.0049 0.0087 0.0331
-0.0055 0.0083 0.0321
-0.0049 0.0087 0.0368
-0.0055 0.0083 0.0378
-0.0057 0.0082 0.0314
-0.0048 0.0116 0.0499
-0.0048 0.0117 0.0422
-0.0048 0.0117 0.0449
-0.0048 0.0117 0.0576
-0.0048 0.0117 0.0549
-0.0053 0.0128 0.0499
-0.0053 0.0128 0.0476
-0.0048 0.0117 0.0467
-0.0043 0.0105 0.049
-0.0053 0.0128 0.0522
-0.0048 0.0117 0.053
-0.0043 0.0105 0.0507
-0.0083 0.0124 0.0427
-0.0083 0.0124 0.0454
-0.0083 0.0124 0.0572
-0.0083 0.0124 0.0545
-0.0083 0.0124 0.0499
-0.0083 0.0124 0.0476
-0.0083 0.0124 0.0522
-0.0073 0.0101 0.06
-0.0056 0.0082 0.0421
-0.0057 0.0081 0.0468
-0.0057 0.0081 0.0528
-0.0059 0.008 0.0487
-0.0058 0.0081 0.0507
-0.0059 0.008 0.0445
-0.0058 0.0081 0.0551
-0.0055 0.0083 0.0574
-0.0064 0.0077 0.041
-0.0064 0.0077 0.0427
-0.0056 0.0082 0.041
-0.0063 0.0077 0.0587
-0.0047 0.0088 0.0587
-0.0063 0.0077 0.0569
-0.0047 0.0088 0.041
-0.0047 0.0088 0.0433
-0.0047 0.0088 0.0563
-0.0065 0.0076 0.0544
-0.0065 0.0076 0.0557
-0.0056 0.0082 0.0563
-0.0064 0.0077 0.0522
-0.0064 0.0077 0.0532
-0.0057 0.0081 0.0539
-0.0065 0.0076 0.0503
-0.0065 0.0076 0.0512
-0.0057 0.0081 0.0518
-0.0066 0.0076 0.0482
-0.0066 0.0076 0.0492
-0.0059 0.008 0.0497
-0.0064 0.0076 0.0464
-0.0064 0.0076 0.0473
-0.0058 0.0081 0.0477
-0.0065 0.0076 0.0439
-0.0065 0.0076 0.0452
-0.0058 0.0081 0.0457
-0.0057 0.0081 0.0433
-0.0048 0.0087 0.0475
-0.0048 0.0087 0.0456
-0.0049 0.0087 0.0445
-0.0048 0.0087 0.0511
-0.0048 0.0087 0.0494
-0.0049 0.0087 0.0484
-0.0048 0.0087 0.054
-0.0048 0.0087 0.0522
-0.0048 0.0087 0.0552
-0.0083 -0.0124 0.045
-0.0083 -0.0124 0.05
-0.0083 -0.0124 0.055
-0.0073 -0.0101 0.06
-0.0055 -0.0083 0.0433
-0.0055 -0.0083 0.0567
-0.0055 -0.0083 0.0532
-0.0055 -0.0083 0.0467
-0.0055 -0.0083 0.0499
-0.0073 -0.0101 0.04
-0.0048 -0.0117 0.0434
-0.0048 -0.0117 0.0484
-0.0048 -0.0117 0.0566
-0.0048 -0.0117 0.0516
-0.0083 -0.0124 0.005
-0.0083 -0.0124 0.015
-0.0083 -0.0124 0.01
-0.0073 -0.0101 0.02
-0.0055 -0.0083 0.0167
-0.0055 -0.0083 0.0033
-0.0055 -0.0083 0.0133
-0.0055 -0.0083 0.0067
-0.0055 -0.0083 0.0101
-0.0073 -0.0101 0
-0.0048 -0.0117 0.0034
-0.0048 -0.0117 0.0084
-0.0048 -0.0117 0.0166
-0.0048 -0.0117 0.0116
-0.0083 -0.0124 0.0225
-0.0083 -0.0124 0.0275
-0.0048 -0.0117 0.0225
-0.0048 -0.0117 0.025
-0.0048 -0.0117 0.0275
-0.0073 -0.0101 0.03
-0.0055 -0.0083 0.0275
-0.0055 -0.0083 0.0225
-0.0055 -0.0083 0.025
-0.0083 -0.0124 0.0325
-0.0083 -0.0124 0.0375
-0.0048 -0.0117 0.0375
-0.0048 -0.0117 0.035
-0.0048 -0.0117 0.0325
-0.0055 -0.0083 0.0375
-0.0055 -0.0083 0.0325
-0.0055 -0.0083 0.035
-0.0083 0.0124 0.0226
-0.0095 0.0116 0.0238
-0.0095 0.0116 0.0213
-0.0071 0.0132 0.0213
-0.0083 0.0124 0.0238
-0.0071 0.0132 0.0238
-0.0096 0.0115 0.0275
-0.0083 0.0124 0.0275
-0.007 0.0132 0.0275
-0.0049 0.0117 0.0254
-0.0049 0.0118 0.0225
-0.0048 0.0117 0.0283
-0.0053 0.0129 0.0277
-0.0053 0.0129 0.0252
-0.0044 0.0105 0.026
-0.0053 0.0129 0.0238
-0.0053 0.0129 0.0213
-0.0049 0.0117 0.024
-0.0044 0.0106 0.0213
-0.0044 0.0106 0.023
-0.0044 0.0105 0.0244
-0.007 0.0102 0.02
-0.0064 0.0121 0.02
-0.0089 0.0105 0.02
-0.0079 0.0095 0.02
-0.0072 0.0085 0.02
-0.0054 0.0098 0.02
-0.0063 0.0092 0.02
-0.0056 0.0082 0.0251
-0.0058 0.0081 0.0229
-0.0058 0.008 0.0272
-0.0051 0.0085 0.0215
-0.0051 0.0085 0.0286
-0.0062 0.0078 0.0213
-0.0062 0.0078 0.0287
-0.0067 0.0075 0.0283
-0.0067 0.0075 0.0294
-0.0059 0.008 0.0294
-0.0067 0.0075 0.0207
-0.0067 0.0075 0.0218
-0.0059 0.008 0.0207
-0.0054 0.0083 0.0293
-0.0045 0.0089 0.0293
-0.0045 0.0089 0.0276
-0.0045 0.0089 0.0225
-0.0045 0.0089 0.0207
-0.0054 0.0083 0.0207
-0.0065 0.0076 0.0266
-0.0065 0.0076 0.0275
-0.006 0.0079 0.0279
-0.0064 0.0077 0.0246
-0.0064 0.0077 0.0256
-0.0057 0.0081 0.0261
-0.0065 0.0076 0.0226
-0.0065 0.0076 0.0235
-0.0057 0.0081 0.024
-0.006 0.0079 0.0221
-0.0057 0.0082 0.0286
-0.0047 0.0088 0.0258
-0.0047 0.0088 0.0242
-0.0049 0.0087 0.0232
-0.0055 0.0083 0.0222
-0.0049 0.0087 0.0269
-0.0055 0.0083 0.0279
-0.0057 0.0082 0.0214
-0.0048 0.0116 0.0101
-0.0048 0.0117 0.0178
-0.0048 0.0117 0.0151
-0.0048 0.0117 0.0024
-0.0048 0.0117 0.0051
-0.0053 0.0128 0.0101
-0.0053 0.0128 0.0078
-0.0048 0.0117 0.007
-0.0043 0.0105 0.0093
-0.0053 0.0128 0.0124
-0.0048 0.0117 0.0133
-0.0043 0.0105 0.011
-0.0073 0.0101 0
-0.0083 0.0124 0.0173
-0.0083 0.0124 0.0146
-0.0083 0.0124 0.0028
-0.0083 0.0124 0.0055
-0.0083 0.0124 0.0101
-0.0083 0.0124 0.0078
-0.0083 0.0124 0.0123
-0.0056 0.0082 0.0179
-0.0057 0.0081 0.0132
-0.0057 0.0081 0.0072
-0.0059 0.008 0.0113
-0.0058 0.0081 0.0092
-0.0059 0.008 0.0155
-0.0058 0.0081 0.0049
-0.0055 0.0083 0.0026
-0.0064 0.0077 0.0173
-0.0064 0.0077 0.019
-0.0056 0.0082 0.019
-0.0047 0.0088 0.0013
-0.0063 0.0077 0.0013
-0.0063 0.0077 0.0031
-0.0047 0.0088 0.019
-0.0047 0.0088 0.0167
-0.0047 0.0088 0.0037
-0.0065 0.0076 0.0043
-0.0065 0.0076 0.0056
-0.0056 0.0082 0.0037
-0.0064 0.0077 0.0068
-0.0064 0.0077 0.0077
-0.0057 0.0081 0.006
-0.0065 0.0076 0.0088
-0.0065 0.0076 0.0097
-0.0057 0.0081 0.0082
-0.0065 0.0076 0.0108
-0.0065 0.0076 0.0117
-0.0059 0.008 0.0103
-0.0064 0.0077 0.0127
-0.0064 0.0077 0.0136
-0.0058 0.0081 0.0123
-0.0065 0.0076 0.0148
-0.0065 0.0076 0.0161
-0.0058 0.0081 0.0143
-0.0057 0.0081 0.0167
-0.0048 0.0087 0.0078
-0.0048 0.0087 0.006
-0.0048 0.0087 0.0048
-0.0048 0.0087 0.0106
-0.0048 0.0087 0.0088
-0.0048 0.0087 0.0144
-0.0048 0.0087 0.0125
-0.0049 0.0087 0.0116
-0.0049 0.0087 0.0155
-0.0067 -0.0028 0.02
-0.008 -0.0033 0.02
-0.0084 -0.0014 0.02
-0.0069 -0.005 0.02
-0.0059 -0.0014 0.02
-0.0051 -0.0032 0.02
-0.0076 0 0.0166
-0.0076 0 0.0035
-0.0076 0 0.0131
-0.0076 0 0.007
-0.0076 0 0.01
-0.0043 -0.0018 0.0166
-0.0043 -0.0018 0.0131
-0.0043 -0.0018 0.0034
-0.0043 -0.0018 0.0069
-0.0043 -0.0018 0.0101
-0.0054 -0.0054 0.0167
-0.0054 -0.0054 0.0033
-0.0054 -0.0054 0.0133
-0.0054 -0.0054 0.0067
-0.0054 -0.0054 0.01
-0.0067 -0.0028 0
-0.0084 -0.0014 0
-0.008 -0.0033 0
-0.0069 -0.005 0
-0.0059 -0.0014 0
-0.0051 -0.0032 0
-0.0067 -0.0028 0.03
-0.008 -0.0033 0.03
-0.0084 -0.0014 0.03
-0.0069 -0.005 0.03
-0.0059 -0.0014 0.03
-0.0051 -0.0032 0.03
-0.0076 0 0.0275
-0.0076 0 0.025
-0.0076 0 0.0225
-0.0043 -0.0018 0.0225
-0.0043 -0.0018 0.0251
-0.0043 -0.0018 0.0275
-0.0054 -0.0054 0.0275
-0.0054 -0.0054 0.025
-0.0054 -0.0054 0.0225
-0.0067 -0.0028 0.04
-0.008 -0.0033 0.04
-0.0084 -0.0014 0.04
-0.0069 -0.005 0.04
-0.0059 -0.0014 0.04
-0.0051 -0.0032 0.04
-0.0076 0 0.0375
-0.0076 0 0.035
-0.0076 0 0.0325
-0.0043 -0.0018 0.0325
-0.0043 -0.0018 0.035
-0.0043 -0.0018 0.0375
-0.0054 -0.0054 0.0375
-0.0054 -0.0054 0.035
-0.0054 -0.0054 0.0325
-0.0067 -0.0028 0.06
-0.008 -0.0033 0.06
-0.0084 -0.0014 0.06
-0.0069 -0.005 0.06
-0.0059 -0.0014 0.06
-0.0051 -0.0032 0.06
-0.0076 0 0.0434
-0.0076 0 0.0565
-0.0076 0 0.0529
-0.0076 0 0.0469
-0.0076 0 0.0499
-0.0043 -0.0018 0.0434
-0.0043 -0.0018 0.0469
-0.0043 -0.0018 0.0566
-0.0043 -0.0018 0.0531
-0.0043 -0.0018 0.0499
-0.0054 -0.0054 0.0433
-0.0054 -0.0054 0.0567
-0.0054 -0.0054 0.0467
-0.0054 -0.0054 0.0533
-0.0054 -0.0054 0.05
-0.0067 0.0028 0
-0.008 0.0033 0
-0.0084 0.0014 0
-0.0059 0.0014 0
-0.0069 0.005 0
-0.0051 0.0032 0
-0.0055 0.0055 0.0074
-0.0056 0.0056 0.0129
-0.0057 0.0057 0.0157
-0.005 0.005 0.0177
-0.0058 0.0058 0.005
-0.0059 0.0059 0.011
-0.006 0.006 0.0092
-0.0061 0.0061 0.018
-0.0054 0.0054 0.0023
-0.0066 0.0066 0.019
-0.0066 0.0066 0.0174
-0.0058 0.0058 0.019
-0.0063 0.0063 0.0012
-0.0045 0.0045 0.0012
-0.0063 0.0063 0.003
-0.0045 0.0045 0.0039
-0.0043 0.0043 0.0162
-0.0043 0.0043 0.0189
-0.0053 0.0053 0.0189
-0.0065 0.0065 0.0056
-0.0065 0.0065 0.0043
-0.0056 0.0056 0.0036
-0.0064 0.0064 0.0078
-0.0064 0.0064 0.0069
-0.0057 0.0057 0.0062
-0.0066 0.0066 0.0097
-0.0066 0.0066 0.0088
-0.0058 0.0058 0.0083
-0.0065 0.0065 0.0116
-0.0065 0.0065 0.0106
-0.006 0.006 0.0101
-0.0064 0.0064 0.0135
-0.0064 0.0064 0.0125
-0.0057 0.0057 0.0119
-0.0064 0.0064 0.0162
-0.0064 0.0064 0.0149
-0.0056 0.0056 0.0143
-0.0059 0.0059 0.0169
-0.0046 0.0046 0.0065
-0.0046 0.0046 0.0087
-0.0047 0.0047 0.0052
-0.0046 0.0046 0.0115
-0.0046 0.0046 0.0138
-0.0048 0.0048 0.0096
-0.0047 0.0047 0.0105
-0.0047 0.0047 0.0152
-0.0053 0.0053 0.0167
-0.0055 0.0055 0.0179
-0.0043 0.0018 0.0173
-0.0043 0.0018 0.0138
-0.0043 0.0018 0.0028
-0.0043 0.0018 0.0063
-0.0043 0.0018 0.0085
-0.0043 0.0018 0.0115
-0.007 0.0031 0.02
-0.0086 0.0016 0.02
-0.0082 0.0035 0.02
-0.006 0.0016 0.02
-0.0076 0.0044 0.02
-0.0069 0.0056 0.02
-0.0053 0.0033 0.02
-0.0063 0.0043 0.02
-0.0061 0.0061 0.0231
-0.0061 0.0061 0.027
-0.0055 0.0055 0.0251
-0.0051 0.0051 0.0225
-0.0051 0.0051 0.0276
-0.0062 0.0062 0.0215
-0.0062 0.0062 0.0285
-0.0067 0.0067 0.0293
-0.0067 0.0067 0.0282
-0.0059 0.0059 0.0293
-0.0067 0.0067 0.0219
-0.0067 0.0067 0.0208
-0.0059 0.0059 0.0208
-0.0053 0.0053 0.0212
-0.0043 0.0043 0.0212
-0.0043 0.0043 0.0238
-0.0043 0.0043 0.0263
-0.0043 0.0043 0.0288
-0.0053 0.0053 0.0288
-0.0066 0.0066 0.0275
-0.0066 0.0066 0.0265
-0.0061 0.0061 0.0278
-0.0063 0.0063 0.0256
-0.0063 0.0063 0.0246
-0.0058 0.0058 0.026
-0.0066 0.0066 0.0236
-0.0066 0.0066 0.0227
-0.0058 0.0058 0.0241
-0.0061 0.0061 0.0223
-0.0056 0.0056 0.022
-0.0045 0.0045 0.0251
-0.0053 0.0053 0.0238
-0.0053 0.0053 0.0263
-0.0056 0.0056 0.0281
-0.0056 0.0056 0.0228
-0.0056 0.0056 0.0273
-0.0043 0.0018 0.0225
-0.0043 0.0018 0.0275
-0.0043 0.0018 0.0251
-0.007 0.0031 0.03
-0.0086 0.0016 0.03
-0.0082 0.0035 0.03
-0.006 0.0016 0.03
-0.0076 0.0044 0.03
-0.0069 0.0056 0.03
-0.0053 0.0033 0.03
-0.0063 0.0043 0.03
-0.006 0.006 0.0329
-0.0061 0.0061 0.0369
-0.0055 0.0055 0.035
-0.0049 0.0049 0.0326
-0.0051 0.0051 0.0376
-0.0061 0.0061 0.0385
-0.0067 0.0067 0.0392
-0.0067 0.0067 0.0381
-0.0059 0.0059 0.0392
-0.0064 0.0064 0.031
-0.0052 0.0052 0.0313
-0.0042 0.0042 0.0313
-0.0042 0.0042 0.0338
-0.0043 0.0043 0.0363
-0.0043 0.0043 0.0388
-0.0053 0.0053 0.0388
-0.0066 0.0066 0.0373
-0.0066 0.0066 0.0364
-0.0061 0.0061 0.0377
-0.0063 0.0063 0.0354
-0.0063 0.0063 0.0344
-0.0058 0.0058 0.0359
-0.0066 0.0066 0.0334
-0.0066 0.0066 0.0325
-0.0058 0.0058 0.0339
-0.0058 0.0058 0.0314
-0.0054 0.0054 0.0327
-0.0045 0.0045 0.035
-0.0052 0.0052 0.0338
-0.0053 0.0053 0.0363
-0.0056 0.0056 0.038
-0.0056 0.0056 0.0372
-0.0043 0.0018 0.0325
-0.0043 0.0018 0.0375
-0.0043 0.0018 0.035
-0.0067 0.0026 0.04
-0.0084 0.0013 0.04
-0.008 0.0032 0.04
-0.0059 0.0013 0.04
-0.0075 0.0047 0.04
-0.0061 0.0041 0.04
-0.0052 0.0031 0.04
-0.0056 0.0056 0.0526
-0.0056 0.0056 0.0471
-0.0056 0.0056 0.0448
-0.0058 0.0058 0.055
-0.0051 0.0051 0.0427
-0.0059 0.0059 0.049
-0.006 0.006 0.0507
-0.0054 0.0054 0.0577
-0.0064 0.0064 0.0417
-0.0045 0.0045 0.0588
-0.0063 0.0063 0.0588
-0.0063 0.0063 0.057
-0.0053 0.0053 0.0413
-0.0043 0.0043 0.0413
-0.0043 0.0043 0.044
-0.0045 0.0045 0.0561
-0.0065 0.0065 0.0557
-0.0065 0.0065 0.0543
-0.0056 0.0056 0.0563
-0.0064 0.0064 0.0531
-0.0064 0.0064 0.0521
-0.0057 0.0057 0.0538
-0.0066 0.0066 0.0512
-0.0066 0.0066 0.0503
-0.0058 0.0058 0.0516
-0.0065 0.0065 0.0494
-0.0065 0.0065 0.0484
-0.0059 0.0059 0.0499
-0.0064 0.0064 0.0475
-0.0064 0.0064 0.0465
-0.0057 0.0057 0.048
-0.0064 0.0064 0.0453
-0.0064 0.0064 0.0441
-0.0056 0.0056 0.0459
-0.0061 0.0061 0.043
-0.0054 0.0054 0.0437
-0.0046 0.0046 0.0513
-0.0046 0.0046 0.0535
-0.0047 0.0047 0.0547
-0.0046 0.0046 0.0462
-0.0046 0.0046 0.0485
-0.0048 0.0048 0.0503
-0.0047 0.0047 0.0495
-0.0046 0.0046 0.0451
-0.0043 0.0018 0.0427
-0.0043 0.0018 0.0462
-0.0043 0.0018 0.0572
-0.0043 0.0018 0.0537
-0.0043 0.0018 0.0485
-0.0043 0.0018 0.0515
-0.0067 0.0028 0.06
-0.0084 0.0014 0.06
-0.008 0.0033 0.06
-0.0059 0.0014 0.06
-0.0069 0.005 0.06
-0.0051 0.0032 0.06
-0.0028 -0.0067 0.02
-0.0033 -0.008 0.02
-0.005 -0.0069 0.02
-0.0032 -0.0051 0.02
-0.0014 -0.0084 0.02
-0.0014 -0.0059 0.02
-0.0019 -0.0097 0.0166
-0.0019 -0.0097 0.0034
-0.0019 -0.0097 0.0132
-0.0019 -0.0097 0.0069
-0.0019 -0.0097 0.0101
-0.0018 -0.0043 0.0166
-0.0018 -0.0043 0.0034
-0.0018 -0.0043 0.0131
-0.0018 -0.0043 0.0069
-0.0018 -0.0043 0.0101
0 -0.0076 0.0166
0 -0.0076 0.0131
0 -0.0076 0.0035
0 -0.0076 0.007
0 -0.0076 0.01
-0.0028 -0.0067 0
-0.005 -0.0069 0
-0.0033 -0.008 0
-0.0032 -0.0051 0
-0.0014 -0.0084 0
-0.0014 -0.0059 0
-0.0028 -0.0067 0.03
-0.0033 -0.008 0.03
-0.005 -0.0069 0.03
-0.0032 -0.0051 0.03
-0.0014 -0.0084 0.03
-0.0014 -0.0059 0.03
-0.0019 -0.0097 0.0225
-0.0019 -0.0097 0.0275
-0.0019 -0.0097 0.025
-0.0018 -0.0043 0.0225
-0.0018 -0.0043 0.0275
-0.0018 -0.0043 0.0251
0 -0.0076 0.0225
0 -0.0076 0.025
0 -0.0076 0.0275
-0.0028 -0.0067 0.04
-0.0033 -0.008 0.04
-0.005 -0.0069 0.04
-0.0032 -0.0051 0.04
-0.0014 -0.0084 0.04
-0.0014 -0.0059 0.04
-0.0019 -0.0097 0.0375
-0.0019 -0.0097 0.0325
-0.0019 -0.0097 0.0349
-0.0018 -0.0043 0.0325
-0.0018 -0.0043 0.0375
-0.0018 -0.0043 0.035
0 -0.0076 0.0325
0 -0.0076 0.035
0 -0.0076 0.0375
-0.0028 -0.0067 0.06
-0.0033 -0.008 0.06
-0.005 -0.0069 0.06
-0.0032 -0.0051 0.06
-0.0014 -0.0084 0.06
-0.0014 -0.0059 0.06
-0.0019 -0.0097 0.0566
-0.0019 -0.0097 0.0434
-0.0019 -0.0097 0.0468
-0.0019 -0.0097 0.053
-0.0019 -0.0097 0.0498
-0.0018 -0.0043 0.0434
-0.0018 -0.0043 0.0566
-0.0018 -0.0043 0.0469
-0.0018 -0.0043 0.0531
-0.0018 -0.0043 0.0499
0 -0.0076 0.0434
0 -0.0076 0.0469
0 -0.0076 0.0565
0 -0.0076 0.0529
0 -0.0076 0.0499
-0.0028 0.0067 0
-0.0033 0.008 0
-0.005 0.0069 0
-0.0032 0.0051 0
-0.0014 0.0084 0
-0.0014 0.0059 0
-0.0019 0.0097 0.0178
-0.0019 0.0097 0.0024
-0.0019 0.0097 0.0059
-0.0019 0.0097 0.0143
-0.0019 0.0097 0.0078
-0.0019 0.0097 0.0125
-0.0019 0.0097 0.0108
0 0.0076 0.0035
0 0.0076 0.0071
0 0.0076 0.0166
0 0.0076 0.0131
0 0.0076 0.0101
-0.0018 0.0043 0.0028
-0.0018 0.0043 0.0173
-0.0018 0.0043 0.0063
-0.0018 0.0043 0.0139
-0.0018 0.0043 0.0085
-0.0018 0.0043 0.0116
-0.0031 0.007 0.02
-0.0056 0.0069 0.02
-0.0035 0.0082 0.02
-0.0016 0.0086 0.02
-0.0044 0.0076 0.02
-0.0016 0.006 0.02
-0.0033 0.0053 0.02
-0.0043 0.0063 0.02
-0.0019 0.0097 0.0283
-0.0019 0.0097 0.0217
-0.0019 0.0097 0.0242
-0.0019 0.0097 0.0258
0 0.0076 0.0225
0 0.0076 0.025
0 0.0076 0.0275
-0.0018 0.0043 0.0225
-0.0018 0.0043 0.0251
-0.0018 0.0043 0.0275
-0.0031 0.007 0.03
-0.0056 0.0069 0.03
-0.0035 0.0082 0.03
-0.0016 0.0086 0.03
-0.0044 0.0076 0.03
-0.0016 0.006 0.03
-0.0034 0.0053 0.03
-0.0043 0.0063 0.03
-0.0019 0.0097 0.0383
-0.0019 0.0097 0.0317
-0.0019 0.0097 0.0342
-0.0019 0.0097 0.0358
0 0.0076 0.0325
0 0.0076 0.035
0 0.0076 0.0375
-0.0018 0.0043 0.0325
-0.0018 0.0043 0.035
-0.0018 0.0043 0.0375
-0.0031 0.007 0.04
-0.0056 0.0069 0.04
-0.0035 0.0082 0.04
-0.0016 0.0086 0.04
-0.0044 0.0076 0.04
-0.0016 0.006 0.04
-0.0033 0.0053 0.04
-0.0043 0.0063 0.04
-0.0019 0.0097 0.0422
-0.0019 0.0097 0.0576
-0.0019 0.0097 0.0457
-0.0019 0.0097 0.0541
-0.0019 0.0097 0.0475
-0.0019 0.0097 0.0492
-0.0019 0.0097 0.0522
0 0.0076 0.0434
0 0.0076 0.0469
0 0.0076 0.0565
0 0.0076 0.0529
0 0.0076 0.0499
-0.0018 0.0043 0.0427
-0.0018 0.0043 0.0572
-0.0018 0.0043 0.0461
-0.0018 0.0043 0.0537
-0.0018 0.0043 0.0515
-0.0018 0.0043 0.0484
-0.0028 0.0067 0.06
-0.005 0.0069 0.06
-0.0033 0.008 0.06
-0.0032 0.0051 0.06
-0.0014 0.0084 0.06
-0.0014 0.0059 0.06
-0.0029 -0.0146 0.0049
-0.0029 -0.0146 0.0099
-0.0029 -0.0146 0.015
-0.0029 -0.0121 0.02
-0.0029 -0.0121 0
0 -0.0127 0.0166
0 -0.0127 0.0035
0 -0.0127 0.0084
0 -0.0127 0.0115
-0.0029 -0.0146 0.0225
-0.0029 -0.0146 0.0275
0 -0.0127 0.0225
0 -0.0127 0.0275
0 -0.0127 0.025
-0.0029 -0.0121 0.03
-0.0029 -0.0146 0.0375
-0.0029 -0.0146 0.0325
0 -0.0127 0.0325
0 -0.0127 0.0375
0 -0.0127 0.035
-0.0029 -0.0121 0.04
-0.0029 -0.0146 0.045
-0.0029 -0.0146 0.055
-0.0029 -0.0146 0.05
-0.0029 -0.0121 0.06
0 -0.0127 0.0434
0 -0.0127 0.0564
0 -0.0127 0.0484
0 -0.0127 0.0514
-0.0029 0.0146 0.0325
-0.0029 0.0146 0.0375
-0.0029 0.0121 0.04
0 0.0127 0.0325
0 0.0127 0.0375
0 0.0127 0.035
-0.0029 0.0121 0.03
0 0.0127 0.0434
0 0.0127 0.0566
0 0.0127 0.053
0 0.0127 0.0469
0 0.0127 0.0499
-0.0029 0.0146 0.0427
-0.0029 0.0146 0.0572
-0.0029 0.0146 0.0461
-0.0029 0.0146 0.0538
-0.0029 0.0146 0.0484
-0.0029 0.0146 0.0515
-0.0029 0.0121 0.06
0 0.0127 0.0034
0 0.0127 0.007
0 0.0127 0.0166
0 0.0127 0.0131
0 0.0127 0.0101
-0.0029 0.0121 0
-0.0029 0.0146 0.0173
-0.0029 0.0146 0.0028
-0.0029 0.0146 0.0062
-0.0029 0.0146 0.0139
-0.0029 0.0146 0.0084
-0.0029 0.0146 0.0116
-0.0029 0.0121 0.02
-0.0029 0.0146 0.0225
-0.0029 0.0146 0.0275
0 0.0127 0.0225
0 0.0127 0.025
0 0.0127 0.0275
0 0 0
-0.0025 0 0
-0.0018 -0.0018 0
-0.0018 0.0018 0
0 -0.0025 0
0 0.0025 0
0.0018 -0.0018 0
0.0018 0.0018 0
0.0025 0 0
0 0 0.02
-0.0018 -0.0018 0.02
-0.0025 0 0.02
-0.0018 0.0018 0.02
0 -0.0025 0.02
0 0.0025 0.02
0.0018 -0.0018 0.02
0.0018 0.0018 0.02
0.0025 0 0.02
0.0018 0.0043 0.0034
0.0018 0.0043 0.0069
0.0018 0.0043 0.0166
0.0018 0.0043 0.0132
0.0018 0.0043 0.0101
0.0043 0.0018 0.0034
0.0043 0.0018 0.0069
0.0043 0.0018 0.0166
0.0043 0.0018 0.0132
0.0043 0.0018 0.0101
0.0043 -0.0018 0.0028
0.0043 -0.0018 0.0063
0.0043 -0.0018 0.0173
0.0043 -0.0018 0.0139
0.0043 -0.0018 0.0116
0.0043 -0.0018 0.0085
0.0018 -0.0043 0.0173
0.0018 -0.0043 0.0138
0.0018 -0.0043 0.0028
0.0018 -0.0043 0.0063
0.0018 -0.0043 0.0085
0.0018 -0.0043 0.0115
0 0 0.03
-0.0018 -0.0018 0.03
-0.0025 0 0.03
-0.0018 0.0018 0.03
0 -0.0025 0.03
0 0.0025 0.03
0.0018 -0.0018 0.03
0.0018 0.0018 0.03
0.0025 0 0.03
0.0018 0.0043 0.0225
0.0018 0.0043 0.0251
0.0018 0.0043 0.0275
0.0043 0.0018 0.0225
0.0043 0.0018 0.0251
0.0043 0.0018 0.0275
0.0043 -0.0018 0.0225
0.0043 -0.0018 0.0251
0.0043 -0.0018 0.0275
0.0018 -0.0043 0.0225
0.0018 -0.0043 0.0275
0.0018 -0.0043 0.0251
0 0 0.04
-0.0018 -0.0018 0.04
-0.0025 0 0.04
-0.0018 0.0018 0.04
0 -0.0025 0.04
0 0.0025 0.04
0.0018 -0.0018 0.04
0.0018 0.0018 0.04
0.0025 0 0.04
0.0018 0.0043 0.0325
0.0018 0.0043 0.035
0.0018 0.0043 0.0375
0.0043 0.0018 0.0325
0.0043 0.0018 0.035
0.0043 0.0018 0.0375
0.0043 -0.0018 0.0325
0.0043 -0.0018 0.035
0.0043 -0.0018 0.0375
0.0018 -0.0043 0.0325
0.0018 -0.0043 0.0375
0.0018 -0.0043 0.035
0 0 0.06
-0.0018 -0.0018 0.06
-0.0025 0 0.06
-0.0018 0.0018 0.06
0 -0.0025 0.06
0 0.0025 0.06
0.0018 -0.0018 0.06
0.0018 0.0018 0.06
0.0025 0 0.06
0.0018 0.0043 0.0434
0.0018 0.0043 0.0468
0.0018 0.0043 0.0566
0.0018 0.0043 0.0531
0.0018 0.0043 0.0499
0.0043 0.0018 0.0434
0.0043 0.0018 0.0469
0.0043 0.0018 0.0566
0.0043 0.0018 0.0531
0.0043 0.0018 0.0499
0.0043 -0.0018 0.0427
0.0043 -0.0018 0.0462
0.0043 -0.0018 0.0572
0.0043 -0.0018 0.0537
0.0043 -0.0018 0.0515
0.0043 -0.0018 0.0485
0.0018 -0.0043 0.0427
0.0018 -0.0043 0.0462
0.0018 -0.0043 0.0572
0.0018 -0.0043 0.0537
0.0018 -0.0043 0.0485
0.0018 -0.0043 0.0515
0.0029 -0.0146 0.0225
0.0029 -0.0146 0.0275
0.0048 -0.0116 0.025
0.0053 -0.0128 0.0225
0.0053 -0.0128 0.025
0.0048 -0.0117 0.0217
0.0043 -0.0105 0.0241
0.0053 -0.0128 0.0275
0.0048 -0.0117 0.0283
0.0043 -0.0105 0.0258
0.0029 -0.0121 0.03
0.0029 -0.0121 0.02
0.0019 -0.0097 0.0217
0.0019 -0.0097 0.0241
0.0019 -0.0097 0.0283
0.0019 -0.0097 0.0258
0.0029 -0.0146 0.0375
0.0029 -0.0146 0.0325
0.0048 -0.0116 0.0349
0.0048 -0.0117 0.0316
0.0053 -0.0128 0.0325
0.0053 -0.0128 0.035
0.0043 -0.0105 0.0341
0.0053 -0.0128 0.0375
0.0048 -0.0117 0.0383
0.0043 -0.0105 0.0357
0.0029 -0.0121 0.04
0.0019 -0.0097 0.0316
0.0019 -0.0097 0.0341
0.0019 -0.0097 0.0383
0.0019 -0.0097 0.0357
0.0048 -0.0117 0.0173
0.0048 -0.0117 0.0138
0.0048 -0.0117 0.0028
0.0048 -0.0117 0.0063
0.0048 -0.0117 0.0115
0.0048 -0.0117 0.0085
0.0029 -0.0146 0.0035
0.0029 -0.0146 0.0084
0.0029 -0.0146 0.0165
0.0029 -0.0146 0.0114
0.0019 -0.0097 0.0173
0.0019 -0.0097 0.0138
0.0019 -0.0097 0.0028
0.0019 -0.0097 0.0063
0.0019 -0.0097 0.0085
0.0019 -0.0097 0.0116
0.0029 -0.0121 0
0.0048 -0.0117 0.0427
0.0048 -0.0117 0.0461
0.0048 -0.0117 0.0571
0.0048 -0.0117 0.0536
0.0048 -0.0117 0.0513
0.0048 -0.0117 0.0483
0.0029 -0.0146 0.0434
0.0029 -0.0146 0.0484
0.0029 -0.0146 0.0565
0.0029 -0.0146 0.0515
0.0029 -0.0121 0.06
0.0019 -0.0097 0.0427
0.0019 -0.0097 0.0461
0.0019 -0.0097 0.0571
0.0019 -0.0097 0.0535
0.0019 -0.0097 0.0482
0.0019 -0.0097 0.0513
0.0029 0.0146 0.0325
0.0029 0.0146 0.0375
0.0029 0.0121 0.04
0.0048 0.0117 0.0325
0.0048 0.0117 0.035
0.0048 0.0117 0.0375
0.0029 0.0121 0.03
0.0019 0.0097 0.0325
0.0019 0.0097 0.0375
0.0019 0.0097 0.035
0.0029 0.0146 0.0434
0.0029 0.0146 0.0566
0.0029 0.0146 0.0484
0.0029 0.0146 0.0516
0.0029 0.0121 0.06
0.0019 0.0097 0.0434
0.0019 0.0097 0.0469
0.0019 0.0097 0.0565
0.0019 0.0097 0.053
0.0019 0.0097 0.0499
0.0048 0.0117 0.0434
0.0048 0.0117 0.0484
0.0048 0.0117 0.0565
0.0048 0.0117 0.0515
0.0028 -0.0067 0
0.0014 -0.0059 0
0.0014 -0.0084 0
0.0033 -0.008 0
0.0032 -0.0051 0
0.005 -0.0069 0
0.0055 -0.0055 0.0074
0.0056 -0.0056 0.0129
0.0057 -0.0057 0.0157
0.005 -0.005 0.0177
0.0058 -0.0058 0.005
0.0059 -0.0059 0.011
0.006 -0.006 0.0092
0.0061 -0.0061 0.018
0.0054 -0.0054 0.0023
0.0045 -0.0045 0.0012
0.0063 -0.0063 0.0012
0.0045 -0.0045 0.0039
0.0043 -0.0043 0.0189
0.0043 -0.0043 0.0162
0.0053 -0.0053 0.0189
0.0063 -0.0063 0.003
0.0066 -0.0066 0.019
0.0058 -0.0058 0.019
0.0066 -0.0066 0.0174
0.0046 -0.0046 0.0138
0.0046 -0.0046 0.0115
0.0047 -0.0047 0.0152
0.0056 -0.0056 0.0143
0.0053 -0.0053 0.0167
0.0046 -0.0046 0.0087
0.0046 -0.0046 0.0065
0.0048 -0.0048 0.0096
0.0058 -0.0058 0.0083
0.0057 -0.0057 0.0119
0.0047 -0.0047 0.0105
0.006 -0.006 0.0101
0.0057 -0.0057 0.0062
0.0047 -0.0047 0.0052
0.0056 -0.0056 0.0036
0.0055 -0.0055 0.0179
0.0064 -0.0064 0.0149
0.0064 -0.0064 0.0162
0.0059 -0.0059 0.0169
0.0064 -0.0064 0.0125
0.0064 -0.0064 0.0135
0.0065 -0.0065 0.0106
0.0065 -0.0065 0.0116
0.0066 -0.0066 0.0088
0.0066 -0.0066 0.0097
0.0064 -0.0064 0.0069
0.0064 -0.0064 0.0078
0.0065 -0.0065 0.0043
0.0065 -0.0065 0.0056
0.0055 -0.0083 0.0164
0.0056 -0.0082 0.0074
0.0055 -0.0083 0.0128
0.0061 -0.0079 0.0102
0.0058 -0.0081 0.0051
0.0056 -0.0082 0.0029
0.0047 -0.0088 0.0155
0.0047 -0.0088 0.0182
0.0056 -0.0082 0.0182
0.0064 -0.0077 0.0014
0.0047 -0.0088 0.0014
0.0047 -0.0088 0.0042
0.0064 -0.0077 0.0033
0.0064 -0.0077 0.0183
0.0047 -0.0088 0.0065
0.0047 -0.0088 0.0087
0.0048 -0.0087 0.0053
0.0057 -0.0081 0.0062
0.0057 -0.0082 0.004
0.0047 -0.0088 0.0114
0.0047 -0.0088 0.0137
0.0058 -0.0081 0.0088
0.005 -0.0086 0.0101
0.0058 -0.0081 0.0115
0.0055 -0.0083 0.0146
0.0063 -0.0077 0.0165
0.0063 -0.0077 0.0152
0.0063 -0.0077 0.0135
0.0063 -0.0077 0.0125
0.0066 -0.0075 0.0111
0.0066 -0.0075 0.0102
0.0066 -0.0075 0.0092
0.0064 -0.0077 0.0078
0.0064 -0.0077 0.0069
0.0065 -0.0076 0.0057
0.0065 -0.0076 0.0044
0.0031 -0.007 0.02
0.0016 -0.0086 0.02
0.0016 -0.006 0.02
0.0035 -0.0082 0.02
0.0033 -0.0053 0.02
0.0043 -0.0063 0.02
0.0044 -0.0076 0.02
0.0056 -0.0069 0.02
0.0061 -0.0061 0.0231
0.0061 -0.0061 0.027
0.0055 -0.0055 0.0251
0.0051 -0.0051 0.0225
0.0051 -0.0051 0.0276
0.0062 -0.0062 0.0215
0.0062 -0.0062 0.0285
0.0043 -0.0043 0.0238
0.0043 -0.0043 0.0212
0.0053 -0.0053 0.0212
0.0043 -0.0043 0.0288
0.0043 -0.0043 0.0263
0.0053 -0.0053 0.0288
0.0059 -0.0059 0.0208
0.0067 -0.0067 0.0208
0.0067 -0.0067 0.0219
0.0067 -0.0067 0.0293
0.0059 -0.0059 0.0293
0.0067 -0.0067 0.0282
0.0053 -0.0053 0.0238
0.0045 -0.0045 0.0251
0.0053 -0.0053 0.0263
0.0056 -0.0056 0.022
0.0056 -0.0056 0.0281
0.0066 -0.0066 0.0265
0.0066 -0.0066 0.0275
0.0061 -0.0061 0.0278
0.0063 -0.0063 0.0246
0.0063 -0.0063 0.0256
0.0058 -0.0058 0.026
0.0066 -0.0066 0.0227
0.0066 -0.0066 0.0236
0.0058 -0.0058 0.0241
0.0061 -0.0061 0.0223
0.0056 -0.0056 0.0228
0.0056 -0.0056 0.0273
0.0056 -0.0082 0.025
0.0057 -0.0081 0.0232
0.0051 -0.0085 0.0217
0.0057 -0.0081 0.0268
0.0051 -0.0085 0.0283
0.0045 -0.0089 0.0274
0.0045 -0.0089 0.0292
0.0054 -0.0083 0.0292
0.0045 -0.0089 0.0209
0.0045 -0.0089 0.0225
0.0054 -0.0083 0.0209
0.0064 -0.0077 0.0211
0.0064 -0.0077 0.029
0.0047 -0.0088 0.0242
0.0047 -0.0088 0.0258
0.0048 -0.0087 0.0233
0.0057 -0.0082 0.0241
0.0054 -0.0083 0.0225
0.0057 -0.0082 0.0259
0.0048 -0.0087 0.0267
0.0054 -0.0083 0.0276
0.0061 -0.0078 0.022
0.0064 -0.0076 0.0274
0.0064 -0.0076 0.0264
0.0061 -0.0078 0.0281
0.0064 -0.0077 0.0255
0.0064 -0.0077 0.0246
0.0064 -0.0076 0.0237
0.0064 -0.0076 0.0227
0.0031 -0.007 0.03
0.0016 -0.0086 0.03
0.0016 -0.006 0.03
0.0035 -0.0082 0.03
0.0033 -0.0053 0.03
0.0043 -0.0063 0.03
0.0044 -0.0076 0.03
0.0056 -0.0069 0.03
0.006 -0.006 0.0329
0.0061 -0.0061 0.0369
0.0055 -0.0055 0.035
0.0049 -0.0049 0.0326
0.0051 -0.0051 0.0376
0.0061 -0.0061 0.0385
0.0042 -0.0042 0.0338
0.0042 -0.0042 0.0313
0.0052 -0.0052 0.0313
0.0043 -0.0043 0.0388
0.0043 -0.0043 0.0363
0.0053 -0.0053 0.0388
0.0064 -0.0064 0.031
0.0067 -0.0067 0.0392
0.0059 -0.0059 0.0392
0.0067 -0.0067 0.0381
0.0052 -0.0052 0.0338
0.0045 -0.0045 0.035
0.0053 -0.0053 0.0363
0.0058 -0.0058 0.0314
0.0066 -0.0066 0.0325
0.0054 -0.0054 0.0327
0.0056 -0.0056 0.038
0.0066 -0.0066 0.0364
0.0066 -0.0066 0.0373
0.0061 -0.0061 0.0377
0.0063 -0.0063 0.0344
0.0063 -0.0063 0.0354
0.0058 -0.0058 0.0359
0.0066 -0.0066 0.0334
0.0058 -0.0058 0.0339
0.0056 -0.0056 0.0372
0.0058 -0.0081 0.0356
0.0056 -0.0082 0.038
0.0058 -0.0081 0.0332
0.0053 -0.0084 0.0317
0.0046 -0.0089 0.0309
0.0046 -0.0089 0.0325
0.0055 -0.0083 0.0309
0.0047 -0.0088 0.039
0.0064 -0.0077 0.039
0.0047 -0.0088 0.0373
0.0064 -0.0077 0.031
0.0064 -0.0077 0.0379
0.0048 -0.0087 0.0344
0.0048 -0.0087 0.0361
0.0057 -0.0082 0.0368
0.0048 -0.0087 0.0332
0.0058 -0.0081 0.0344
0.0055 -0.0083 0.0325
0.0062 -0.0078 0.0319
0.0065 -0.0076 0.0367
0.0065 -0.0076 0.0357
0.0065 -0.0076 0.0348
0.0065 -0.0076 0.0336
0.0065 -0.0076 0.0326
0.0026 -0.0067 0.04
0.0013 -0.0084 0.04
0.0013 -0.0059 0.04
0.0032 -0.008 0.04
0.0031 -0.0052 0.04
0.0041 -0.0061 0.04
0.0047 -0.0075 0.04
0.0056 -0.0056 0.0526
0.0056 -0.0056 0.0471
0.0056 -0.0056 0.0448
0.0058 -0.0058 0.055
0.0051 -0.0051 0.0427
0.0059 -0.0059 0.049
0.006 -0.006 0.0507
0.0054 -0.0054 0.0577
0.0043 -0.0043 0.044
0.0043 -0.0043 0.0413
0.0053 -0.0053 0.0413
0.0063 -0.0063 0.0588
0.0045 -0.0045 0.0588
0.0045 -0.0045 0.0561
0.0064 -0.0064 0.0417
0.0063 -0.0063 0.057
0.0046 -0.0046 0.0535
0.0046 -0.0046 0.0513
0.0047 -0.0047 0.0547
0.0057 -0.0057 0.0538
0.0056 -0.0056 0.0563
0.0046 -0.0046 0.0485
0.0046 -0.0046 0.0462
0.0058 -0.0058 0.0516
0.0048 -0.0048 0.0503
0.0047 -0.0047 0.0495
0.0057 -0.0057 0.048
0.0059 -0.0059 0.0499
0.0056 -0.0056 0.0459
0.0046 -0.0046 0.0451
0.0054 -0.0054 0.0437
0.0061 -0.0061 0.043
0.0065 -0.0065 0.0543
0.0065 -0.0065 0.0557
0.0064 -0.0064 0.0521
0.0064 -0.0064 0.0531
0.0066 -0.0066 0.0503
0.0066 -0.0066 0.0512
0.0065 -0.0065 0.0484
0.0065 -0.0065 0.0494
0.0064 -0.0064 0.0465
0.0064 -0.0064 0.0475
0.0064 -0.0064 0.0441
0.0064 -0.0064 0.0453
0.0056 -0.0082 0.0525
0.0054 -0.0083 0.0467
0.0059 -0.008 0.049
0.0059 -0.008 0.0505
0.0055 -0.0083 0.0433
0.0058 -0.0081 0.0549
0.0056 -0.0082 0.0571
0.0063 -0.0077 0.0416
0.0047 -0.0088 0.0416
0.0047 -0.0088 0.0443
0.0047 -0.0088 0.0585
0.0064 -0.0077 0.0585
0.0047 -0.0088 0.0557
0.0063 -0.0077 0.0433
0.0064 -0.0077 0.0567
0.0047 -0.0088 0.046
0.0047 -0.0088 0.0482
0.0055 -0.0083 0.045
0.0047 -0.0088 0.0511
0.0047 -0.0088 0.0534
0.0049 -0.0087 0.0501
0.0058 -0.0081 0.0515
0.0057 -0.0082 0.0478
0.0049 -0.0087 0.0493
0.0059 -0.008 0.0497
0.0057 -0.0081 0.0537
0.0048 -0.0087 0.0546
0.0057 -0.0082 0.056
0.0065 -0.0076 0.0556
0.0065 -0.0076 0.0543
0.0064 -0.0077 0.0531
0.0064 -0.0077 0.0521
0.0065 -0.0076 0.0511
0.0065 -0.0076 0.0501
0.0065 -0.0076 0.0494
0.0065 -0.0076 0.0484
0.0063 -0.0077 0.0473
0.0063 -0.0077 0.0463
0.0063 -0.0077 0.0446
0.0028 -0.0067 0.06
0.0014 -0.0084 0.06
0.0014 -0.0059 0.06
0.0033 -0.008 0.06
0.0032 -0.0051 0.06
0.005 -0.0069 0.06
0.0028 0.0067 0.04
0.0014 0.0059 0.04
0.0014 0.0084 0.04
0.0033 0.008 0.04
0.0032 0.0051 0.04
0.005 0.0069 0.04
0.0055 0.0083 0.0375
0.0055 0.0083 0.035
0.0055 0.0083 0.0325
0.0054 0.0054 0.0325
0.0054 0.0054 0.0375
0.0054 0.0054 0.035
0.0028 0.0067 0.03
0.0014 0.0084 0.03
0.0014 0.0059 0.03
0.0033 0.008 0.03
0.0032 0.0051 0.03
0.005 0.0069 0.03
0.0028 0.0067 0.02
0.0014 0.0059 0.02
0.0014 0.0084 0.02
0.0033 0.008 0.02
0.0032 0.0051 0.02
0.005 0.0069 0.02
0.0019 0.0097 0.0035
0.0019 0.0097 0.007
0.0019 0.0097 0.0166
0.0019 0.0097 0.0131
0.0019 0.0097 0.0101
0.0055 0.0083 0.0166
0.0055 0.0083 0.0132
0.0055 0.0083 0.0034
0.0055 0.0083 0.0068
0.0055 0.0083 0.0101
0.0054 0.0054 0.0034
0.0054 0.0054 0.0067
0.0054 0.0054 0.0166
0.0054 0.0054 0.0133
0.0054 0.0054 0.01
0.0028 0.0067 0
0.0014 0.0084 0
0.0014 0.0059 0
0.0033 0.008 0
0.0032 0.0051 0
0.005 0.0069 0
0.0019 0.0097 0.0225
0.0019 0.0097 0.025
0.0019 0.0097 0.0275
0.0055 0.0083 0.0275
0.0055 0.0083 0.025
0.0055 0.0083 0.0225
0.0054 0.0054 0.0225
0.0054 0.0054 0.025
0.0054 0.0054 0.0275
0.0029 0.0121 0
0.0029 0.0146 0.0034
0.0029 0.0146 0.0165
0.0029 0.0146 0.0084
0.0029 0.0146 0.0116
0.0029 0.0121 0.02
0.0048 0.0117 0.0166
0.0048 0.0117 0.0035
0.0048 0.0117 0.0085
0.0048 0.0117 0.0116
0.0029 0.0146 0.0275
0.0029 0.0146 0.0225
0.0048 0.0117 0.0275
0.0048 0.0117 0.025
0.0048 0.0117 0.0225
0.0028 0.0067 0.06
0.0014 0.0059 0.06
0.0014 0.0084 0.06
0.0033 0.008 0.06
0.0032 0.0051 0.06
0.005 0.0069 0.06
0.0055 0.0083 0.0434
0.0055 0.0083 0.0468
0.0055 0.0083 0.0566
0.0055 0.0083 0.0532
0.0055 0.0083 0.0499
0.0054 0.0054 0.0434
0.0054 0.0054 0.0467
0.0054 0.0054 0.0566
0.0054 0.0054 0.0533
0.0054 0.0054 0.05
0.007 -0.0031 0.03
0.006 -0.0016 0.03
0.0053 -0.0034 0.03
0.0086 -0.0016 0.03
0.0063 -0.0043 0.03
0.0069 -0.0056 0.03
0.0082 -0.0035 0.03
0.0076 -0.0044 0.03
0.0076 0 0.0325
0.0076 0 0.035
0.0076 0 0.0375
0.0097 -0.0019 0.0317
0.0097 -0.0019 0.0342
0.0097 -0.0019 0.0383
0.0097 -0.0019 0.0358
0.0082 -0.0056 0.0349
0.008 -0.0058 0.0328
0.0081 -0.0058 0.0371
0.0085 -0.0051 0.0385
0.0085 -0.0051 0.0314
0.0078 -0.0062 0.0387
0.0078 -0.0062 0.0313
0.0075 -0.0067 0.0306
0.0075 -0.0067 0.0317
0.008 -0.0059 0.0306
0.0075 -0.0067 0.0382
0.0075 -0.0067 0.0393
0.008 -0.0059 0.0393
0.0089 -0.0045 0.0307
0.0083 -0.0054 0.0307
0.0089 -0.0045 0.0324
0.0089 -0.0045 0.0392
0.0089 -0.0045 0.0375
0.0083 -0.0054 0.0392
0.0076 -0.0065 0.0365
0.0076 -0.0065 0.0374
0.0079 -0.006 0.0379
0.0077 -0.0064 0.0344
0.0077 -0.0064 0.0354
0.0081 -0.0057 0.036
0.0076 -0.0065 0.0324
0.0076 -0.0065 0.0334
0.0081 -0.0057 0.0339
0.0079 -0.006 0.032
0.0082 -0.0057 0.0314
0.0088 -0.0047 0.0357
0.0088 -0.0047 0.0341
0.0087 -0.0049 0.0331
0.0083 -0.0055 0.0321
0.0087 -0.0049 0.0368
0.0083 -0.0055 0.0378
0.0082 -0.0057 0.0386
0.007 -0.0031 0.04
0.0053 -0.0033 0.04
0.006 -0.0016 0.04
0.0086 -0.0016 0.04
0.0063 -0.0043 0.04
0.0069 -0.0056 0.04
0.0082 -0.0035 0.04
0.0076 -0.0044 0.04
0.0076 0 0.0434
0.0076 0 0.0469
0.0076 0 0.0565
0.0076 0 0.0529
0.0076 0 0.0499
0.0097 -0.0019 0.0422
0.0097 -0.0019 0.0457
0.0097 -0.0019 0.0576
0.0097 -0.0019 0.0541
0.0097 -0.0019 0.0492
0.0097 -0.0019 0.0522
0.0097 -0.0019 0.0475
0.0082 -0.0056 0.0421
0.0081 -0.0057 0.0468
0.0081 -0.0057 0.0528
0.008 -0.0059 0.0487
0.0081 -0.0058 0.0507
0.008 -0.0059 0.0445
0.0081 -0.0058 0.0551
0.0083 -0.0055 0.0574
0.0077 -0.0064 0.041
0.0077 -0.0064 0.0427
0.0082 -0.0056 0.041
0.0077 -0.0063 0.0587
0.0088 -0.0047 0.0587
0.0077 -0.0063 0.0569
0.0088 -0.0047 0.041
0.0088 -0.0047 0.0433
0.0088 -0.0047 0.0563
0.0076 -0.0065 0.0544
0.0076 -0.0065 0.0557
0.0082 -0.0056 0.0563
0.0077 -0.0064 0.0522
0.0077 -0.0064 0.0532
0.0081 -0.0057 0.0539
0.0076 -0.0065 0.0503
0.0076 -0.0065 0.0512
0.0081 -0.0057 0.0518
0.0076 -0.0066 0.0482
0.0076 -0.0066 0.0492
0.008 -0.0059 0.0497
0.0076 -0.0064 0.0464
0.0076 -0.0064 0.0473
0.0081 -0.0058 0.0477
0.0076 -0.0065 0.0439
0.0076 -0.0065 0.0452
0.0081 -0.0058 0.0457
0.0081 -0.0057 0.0433
0.0087 -0.0048 0.0475
0.0087 -0.0048 0.0456
0.0087 -0.0049 0.0445
0.0087 -0.0048 0.0511
0.0087 -0.0048 0.0494
0.0087 -0.0049 0.0484
0.0087 -0.0048 0.054
0.0087 -0.0048 0.0522
0.0087 -0.0048 0.0552
0.0067 -0.0028 0.06
0.0051 -0.0032 0.06
0.0059 -0.0014 0.06
0.0084 -0.0014 0.06
0.0069 -0.005 0.06
0.008 -0.0033 0.06
0.0067 0.0028 0.02
0.0059 0.0014 0.02
0.0051 0.0032 0.02
0.0069 0.005 0.02
0.0084 0.0014 0.02
0.008 0.0033 0.02
0.0083 0.0055 0.0166
0.0083 0.0055 0.0034
0.0083 0.0055 0.0132
0.0083 0.0055 0.0068
0.0083 0.0055 0.0101
0.0097 0.0019 0.0166
0.0097 0.0019 0.0131
0.0097 0.0019 0.0035
0.0097 0.0019 0.007
0.0097 0.0019 0.0101
0.0076 0 0.0035
0.0076 0 0.0166
0.0076 0 0.0131
0.0076 0 0.0071
0.0076 0 0.0101
0.0067 0.0028 0
0.0051 0.0032 0
0.0059 0.0014 0
0.0069 0.005 0
0.0084 0.0014 0
0.008 0.0033 0
0.0067 0.0028 0.03
0.0059 0.0014 0.03
0.0051 0.0032 0.03
0.0069 0.005 0.03
0.0084 0.0014 0.03
0.008 0.0033 0.03
0.0083 0.0055 0.0275
0.0083 0.0055 0.025
0.0083 0.0055 0.0225
0.0097 0.0019 0.0275
0.0097 0.0019 0.0225
0.0097 0.0019 0.025
0.0076 0 0.0225
0.0076 0 0.025
0.0076 0 0.0275
0.0067 0.0028 0.04
0.0059 0.0014 0.04
0.0051 0.0032 0.04
0.0069 0.005 0.04
0.0084 0.0014 0.04
0.008 0.0033 0.04
0.0083 0.0055 0.0375
0.0083 0.0055 0.0325
0.0083 0.0055 0.035
0.0097 0.0019 0.0325
0.0097 0.0019 0.0375
0.0097 0.0019 0.035
0.0067 -0.0028 0
0.0059 -0.0014 0
0.0051 -0.0032 0
0.0084 -0.0014 0
0.0069 -0.005 0
0.008 -0.0033 0
0.0097 -0.0019 0.0178
0.0097 -0.0019 0.0143
0.0097 -0.0019 0.0024
0.0097 -0.0019 0.0059
0.0097 -0.0019 0.0078
0.0097 -0.0019 0.0108
0.0097 -0.0019 0.0125
0.0082 -0.0056 0.0179
0.0081 -0.0057 0.0132
0.0081 -0.0057 0.0072
0.008 -0.0059 0.0113
0.0081 -0.0058 0.0092
0.008 -0.0059 0.0155
0.0081 -0.0058 0.0049
0.0083 -0.0055 0.0026
0.0088 -0.0047 0.0013
0.0077 -0.0063 0.0013
0.0077 -0.0063 0.0031
0.0077 -0.0064 0.0173
0.0077 -0.0064 0.019
0.0082 -0.0056 0.019
0.0088 -0.0047 0.0037
0.0088 -0.0047 0.019
0.0088 -0.0047 0.0167
0.0076 -0.0065 0.0148
0.0076 -0.0065 0.0161
0.0081 -0.0057 0.0167
0.0077 -0.0064 0.0127
0.0077 -0.0064 0.0136
0.0081 -0.0058 0.0143
0.0076 -0.0066 0.0108
0.0076 -0.0066 0.0117
0.0081 -0.0058 0.0123
0.0076 -0.0065 0.0088
0.0076 -0.0065 0.0097
0.008 -0.0059 0.0103
0.0077 -0.0064 0.0068
0.0077 -0.0064 0.0077
0.0081 -0.0057 0.0082
0.0076 -0.0065 0.0043
0.0076 -0.0065 0.0056
0.0081 -0.0057 0.006
0.0082 -0.0056 0.0037
0.0087 -0.0048 0.0078
0.0087 -0.0048 0.006
0.0087 -0.0048 0.0048
0.0087 -0.0048 0.0106
0.0087 -0.0048 0.0088
0.0087 -0.0048 0.0144
0.0087 -0.0048 0.0125
0.0087 -0.0049 0.0116
0.0087 -0.0049 0.0155
0.007 -0.0031 0.02
0.0053 -0.0033 0.02
0.006 -0.0016 0.02
0.0086 -0.0016 0.02
0.0063 -0.0043 0.02
0.0069 -0.0056 0.02
0.0082 -0.0035 0.02
0.0076 -0.0044 0.02
0.0097 -0.0019 0.0283
0.0097 -0.0019 0.0258
0.0097 -0.0019 0.0217
0.0097 -0.0019 0.0242
0.0082 -0.0056 0.0251
0.0081 -0.0058 0.0229
0.008 -0.0058 0.0272
0.0085 -0.0051 0.0215
0.0085 -0.0051 0.0286
0.0078 -0.0062 0.0213
0.0078 -0.0062 0.0287
0.0075 -0.0067 0.0207
0.0075 -0.0067 0.0218
0.008 -0.0059 0.0207
0.0075 -0.0067 0.0283
0.0075 -0.0067 0.0294
0.008 -0.0059 0.0294
0.0083 -0.0054 0.0293
0.0089 -0.0045 0.0293
0.0089 -0.0045 0.0276
0.0089 -0.0045 0.0207
0.0083 -0.0054 0.0207
0.0089 -0.0045 0.0225
0.0076 -0.0065 0.0266
0.0076 -0.0065 0.0275
0.0079 -0.006 0.028
0.0077 -0.0064 0.0246
0.0077 -0.0064 0.0256
0.0081 -0.0057 0.0261
0.0076 -0.0065 0.0226
0.0076 -0.0065 0.0235
0.0081 -0.0057 0.024
0.0079 -0.006 0.0221
0.0082 -0.0057 0.0286
0.0082 -0.0057 0.0214
0.0088 -0.0047 0.0258
0.0088 -0.0047 0.0242
0.0087 -0.0049 0.0232
0.0083 -0.0055 0.0222
0.0087 -0.0049 0.0269
0.0083 -0.0055 0.0279
0.0067 0.0028 0.06
0.0059 0.0014 0.06
0.0051 0.0032 0.06
0.0069 0.005 0.06
0.0084 0.0014 0.06
0.008 0.0033 0.06
0.0083 0.0055 0.0434
0.0083 0.0055 0.0566
0.0083 0.0055 0.0468
0.0083 0.0055 0.0532
0.0083 0.0055 0.0499
0.0097 0.0019 0.0434
0.0097 0.0019 0.0469
0.0097 0.0019 0.0565
0.0097 0.0019 0.053
0.0097 0.0019 0.0499
0.0083 -0.0124 0.0374
0.007 -0.0132 0.0362
0.007 -0.0132 0.0387
0.0083 -0.0124 0.0362
0.0095 -0.0116 0.0387
0.0095 -0.0116 0.0362
0.007 -0.0132 0.0325
0.0083 -0.0124 0.0325
0.0095 -0.0116 0.0325
0.0083 -0.0083 0.0329
0.0083 -0.0083 0.0369
0.0088 -0.0088 0.0349
0.0095 -0.0095 0.0374
0.0095 -0.0095 0.0326
0.008 -0.008 0.031
0.008 -0.008 0.0389
0.0101 -0.0101 0.0362
0.0101 -0.0101 0.0387
0.0101 -0.0101 0.0313
0.0101 -0.0101 0.0338
0.0098 -0.0098 0.035
0.0092 -0.0092 0.0362
0.0092 -0.0092 0.0338
0.0091 -0.0091 0.0387
0.0091 -0.0091 0.0313
0.0077 -0.0077 0.0373
0.0077 -0.0077 0.0364
0.0085 -0.0085 0.0385
0.008 -0.008 0.0354
0.008 -0.008 0.0344
0.0086 -0.0086 0.0359
0.0077 -0.0077 0.0334
0.0077 -0.0077 0.0325
0.0086 -0.0086 0.0339
0.0085 -0.0085 0.0314
0.0089 -0.0089 0.0371
0.0089 -0.0089 0.0327
0.0073 -0.01 0.04
0.0065 -0.012 0.04
0.0056 -0.0097 0.04
0.009 -0.0104 0.04
0.0072 -0.0086 0.04
0.008 -0.0094 0.04
0.0065 -0.0105 0.03
0.0052 -0.0099 0.03
0.0061 -0.0123 0.03
0.0074 -0.0115 0.03
0.0061 -0.0093 0.03
0.0072 -0.0085 0.03
0.0085 -0.0106 0.03
0.0076 -0.0096 0.03
0.0083 -0.0124 0.0226
0.007 -0.0132 0.0213
0.007 -0.0132 0.0238
0.0095 -0.0116 0.0213
0.0083 -0.0124 0.0238
0.0095 -0.0116 0.0238
0.007 -0.0132 0.0275
0.0083 -0.0124 0.0275
0.0095 -0.0116 0.0275
0.0083 -0.0083 0.0271
0.0083 -0.0083 0.0231
0.0088 -0.0088 0.025
0.0095 -0.0095 0.0226
0.0095 -0.0095 0.0274
0.008 -0.008 0.0211
0.008 -0.008 0.029
0.0101 -0.0101 0.0262
0.0101 -0.0101 0.0287
0.0091 -0.0091 0.0287
0.0101 -0.0101 0.0213
0.0101 -0.0101 0.0238
0.0091 -0.0091 0.0213
0.0098 -0.0098 0.025
0.0092 -0.0092 0.0238
0.0092 -0.0092 0.0262
0.0077 -0.0077 0.0275
0.0077 -0.0077 0.0266
0.0085 -0.0085 0.0285
0.008 -0.008 0.0256
0.008 -0.008 0.0246
0.0086 -0.0086 0.0261
0.0077 -0.0077 0.0236
0.0077 -0.0077 0.0227
0.0086 -0.0086 0.0241
0.0085 -0.0085 0.0215
0.0089 -0.0089 0.0273
0.0089 -0.0089 0.0228
0.007 -0.0102 0.02
0.0054 -0.0098 0.02
0.0064 -0.0121 0.02
0.0089 -0.0105 0.02
0.0063 -0.0092 0.02
0.0072 -0.0085 0.02
0.0079 -0.0095 0.02
0.0088 -0.0088 0.0074
0.0088 -0.0088 0.0129
0.0093 -0.0093 0.0177
0.0086 -0.0086 0.005
0.0085 -0.0085 0.0155
0.0084 -0.0084 0.0093
0.0084 -0.0084 0.011
0.0082 -0.0082 0.018
0.0089 -0.0089 0.0023
0.008 -0.008 0.0012
0.0098 -0.0098 0.0012
0.008 -0.008 0.003
0.0077 -0.0077 0.019
0.0077 -0.0077 0.0173
0.0085 -0.0085 0.019
0.01 -0.01 0.0188
0.0091 -0.0091 0.0188
0.01 -0.01 0.0161
0.0098 -0.0098 0.0039
0.0078 -0.0078 0.0161
0.0078 -0.0078 0.0148
0.0083 -0.0083 0.0167
0.008 -0.008 0.0135
0.008 -0.008 0.0125
0.0086 -0.0086 0.0142
0.0078 -0.0078 0.0116
0.0078 -0.0078 0.0106
0.0086 -0.0086 0.012
0.0078 -0.0078 0.0098
0.0078 -0.0078 0.0088
0.0084 -0.0084 0.0102
0.008 -0.008 0.0078
0.008 -0.008 0.0069
0.0086 -0.0086 0.0084
0.0079 -0.0079 0.0056
0.0079 -0.0079 0.0043
0.0087 -0.0087 0.0062
0.0087 -0.0087 0.0037
0.0088 -0.0088 0.0178
0.0098 -0.0098 0.0115
0.0098 -0.0098 0.0138
0.0096 -0.0096 0.015
0.0089 -0.0089 0.0166
0.0098 -0.0098 0.0065
0.0098 -0.0098 0.0087
0.0096 -0.0096 0.0097
0.0096 -0.0096 0.0106
0.0097 -0.0097 0.0053
0.0083 -0.0124 0.0173
0.0083 -0.0124 0.0138
0.0083 -0.0124 0.0028
0.0083 -0.0124 0.0063
0.0083 -0.0124 0.0116
0.0083 -0.0124 0.0085
0.0073 -0.0101 0
0.0073 0.0101 0
0.0083 0.0124 0.005
0.0083 0.0124 0.01
0.0083 0.0124 0.015
0.0073 0.0101 0.02
0.009 0.009 0.0166
0.009 0.009 0.0034
0.009 0.009 0.0084
0.009 0.009 0.0117
0.0083 0.0124 0.0225
0.0083 0.0124 0.0275
0.0073 0.0101 0.03
0.009 0.009 0.0275
0.009 0.009 0.025
0.009 0.009 0.0225
0.0073 0.0101 0.04
0.0083 0.0124 0.045
0.0083 0.0124 0.055
0.0083 0.0124 0.05
0.0073 0.0101 0.06
0.009 0.009 0.0434
0.009 0.009 0.0566
0.009 0.009 0.0484
0.009 0.009 0.0517
0.0083 0.0124 0.0325
0.0083 0.0124 0.0375
0.009 0.009 0.0375
0.009 0.009 0.0325
0.009 0.009 0.035
0.0088 -0.0088 0.0526
0.0087 -0.0087 0.0463
0.0086 -0.0086 0.055
0.0092 -0.0092 0.043
0.0084 -0.0084 0.0507
0.0083 -0.0083 0.0488
0.0089 -0.0089 0.0577
0.008 -0.008 0.0417
0.0098 -0.0098 0.0588
0.008 -0.008 0.0588
0.008 -0.008 0.057
0.009 -0.009 0.0415
0.01 -0.01 0.0415
0.01 -0.01 0.0442
0.0098 -0.0098 0.0561
0.0079 -0.0079 0.0557
0.0079 -0.0079 0.0543
0.0087 -0.0087 0.0563
0.008 -0.008 0.0531
0.008 -0.008 0.0521
0.0087 -0.0087 0.0538
0.0078 -0.0078 0.0512
0.0078 -0.0078 0.0502
0.0086 -0.0086 0.0516
0.0078 -0.0078 0.0493
0.0078 -0.0078 0.0483
0.0084 -0.0084 0.0497
0.0079 -0.0079 0.047
0.0079 -0.0079 0.0461
0.0085 -0.0085 0.0475
0.0079 -0.0079 0.0448
0.0082 -0.0082 0.0432
0.009 -0.009 0.0446
0.0097 -0.0097 0.0458
0.0097 -0.0097 0.0481
0.0098 -0.0098 0.0513
0.0098 -0.0098 0.0535
0.0096 -0.0096 0.0503
0.0095 -0.0095 0.0494
0.0097 -0.0097 0.0548
0.0083 -0.0124 0.0427
0.0083 -0.0124 0.0461
0.0083 -0.0124 0.0572
0.0083 -0.0124 0.0537
0.0083 -0.0124 0.0514
0.0083 -0.0124 0.0484
0.0073 -0.0101 0.06
0.0105 -0.0068 0.04
0.0085 -0.0072 0.04
0.0123 -0.0063 0.04
0.0099 -0.0053 0.04
0.0093 -0.0062 0.04
0.0106 -0.0088 0.04
0.0096 -0.0078 0.04
0.0116 -0.0048 0.0499
0.0117 -0.0048 0.0422
0.0117 -0.0048 0.0576
0.0117 -0.0048 0.0449
0.0117 -0.0048 0.0549
0.0117 -0.0048 0.0467
0.0105 -0.0043 0.0507
0.0105 -0.0043 0.049
0.0128 -0.0053 0.0476
0.0117 -0.0048 0.053
0.0128 -0.0053 0.0522
0.0128 -0.0053 0.0499
0.0101 -0.0073 0.06
0.0124 -0.0083 0.0427
0.0124 -0.0083 0.0454
0.0124 -0.0083 0.0572
0.0124 -0.0083 0.0545
0.0124 -0.0083 0.0476
0.0124 -0.0083 0.0499
0.0124 -0.0083 0.0522
0.0124 0.0083 0.0225
0.0124 0.0083 0.0275
0.0101 0.0073 0.03
0.0117 0.0048 0.0225
0.0117 0.0048 0.025
0.0117 0.0048 0.0275
0.0101 0.0073 0.02
0.0124 0.0083 0.0325
0.0124 0.0083 0.0375
0.0101 0.0073 0.04
0.0117 0.0048 0.0325
0.0117 0.0048 0.0375
0.0117 0.0048 0.035
0.0124 0.0083 0.045
0.0124 0.0083 0.05
0.0124 0.0083 0.055
0.0101 0.0073 0.06
0.0117 0.0048 0.0434
0.0117 0.0048 0.0565
0.0117 0.0048 0.0484
0.0117 0.0048 0.0515
0.0101 -0.0073 0
0.0116 -0.0048 0.0101
0.0117 -0.0048 0.0024
0.0117 -0.0048 0.0178
0.0117 -0.0048 0.0051
0.0117 -0.0048 0.0151
0.0117 -0.0048 0.007
0.0105 -0.0043 0.011
0.0105 -0.0043 0.0093
0.0128 -0.0053 0.0078
0.0117 -0.0048 0.0133
0.0128 -0.0053 0.0124
0.0128 -0.0053 0.0101
0.0105 -0.0068 0.02
0.0085 -0.0072 0.02
0.0099 -0.0053 0.02
0.0123 -0.0063 0.02
0.0093 -0.0062 0.02
0.0106 -0.0088 0.02
0.0096 -0.0078 0.02
0.0124 -0.0083 0.0173
0.0124 -0.0083 0.0146
0.0124 -0.0083 0.0028
0.0124 -0.0083 0.0055
0.0124 -0.0083 0.0101
0.0124 -0.0083 0.0123
0.0124 -0.0083 0.0078
0.0124 -0.0083 0.0226
0.0116 -0.0095 0.0213
0.0116 -0.0095 0.0238
0.0132 -0.007 0.0213
0.0124 -0.0083 0.0238
0.0132 -0.007 0.0238
0.0116 -0.0095 0.0275
0.0124 -0.0083 0.0275
0.0132 -0.007 0.0275
0.0117 -0.0049 0.0254
0.0118 -0.0049 0.0225
0.0117 -0.0048 0.0283
0.0106 -0.0044 0.0213
0.0129 -0.0053 0.0213
0.0106 -0.0044 0.023
0.0129 -0.0053 0.0238
0.0129 -0.0053 0.0252
0.0129 -0.0053 0.0277
0.0117 -0.0049 0.024
0.0105 -0.0044 0.026
0.0105 -0.0044 0.0244
0.0105 -0.0065 0.03
0.0085 -0.0072 0.03
0.0099 -0.0052 0.03
0.0123 -0.0061 0.03
0.0093 -0.0061 0.03
0.0106 -0.0085 0.03
0.0115 -0.0074 0.03
0.0096 -0.0076 0.03
0.0115 -0.0096 0.0325
0.0124 -0.0083 0.0325
0.0132 -0.007 0.0325
0.0124 -0.0083 0.0374
0.0116 -0.0095 0.0362
0.0116 -0.0095 0.0387
0.0124 -0.0083 0.0362
0.0132 -0.0071 0.0387
0.0132 -0.0071 0.0362
0.0117 -0.0049 0.0346
0.0118 -0.0049 0.0375
0.0117 -0.0048 0.0317
0.0129 -0.0053 0.0387
0.0106 -0.0044 0.0387
0.0106 -0.0044 0.037
0.0129 -0.0053 0.0362
0.0129 -0.0053 0.0323
0.0129 -0.0053 0.0348
0.0105 -0.0044 0.034
0.0117 -0.0049 0.036
0.0105 -0.0044 0.0356
0.0124 0.0083 0.005
0.0124 0.0083 0.015
0.0124 0.0083 0.01
0.0101 0.0073 0
0.0117 0.0048 0.0166
0.0117 0.0048 0.0035
0.0117 0.0048 0.0116
0.0117 0.0048 0.0085
0.0146 0.0029 0.0225
0.0146 0.0029 0.0275
0.0121 0.0029 0.03
0.0127 0 0.0275
0.0127 0 0.0225
0.0127 0 0.025
0.0121 0.0029 0.02
0.0146 0.0029 0.0325
0.0146 0.0029 0.0375
0.0121 0.0029 0.04
0.0127 0 0.0325
0.0127 0 0.0375
0.0127 0 0.035
0.0121 -0.0029 0
0.0127 0 0.0166
0.0127 0 0.0034
0.0127 0 0.007
0.0127 0 0.0131
0.0127 0 0.0101
0.0121 -0.0029 0.02
0.0146 -0.0029 0.0028
0.0146 -0.0029 0.0173
0.0146 -0.0029 0.0139
0.0146 -0.0029 0.0062
0.0146 -0.0029 0.0084
0.0146 -0.0029 0.0116
0.0146 -0.0029 0.0225
0.0146 -0.0029 0.0275
0.0121 -0.0029 0.03
0.0146 -0.0029 0.0325
0.0146 -0.0029 0.0375
0.0121 -0.0029 0.04
0.0127 0 0.0434
0.0127 0 0.0566
0.0127 0 0.053
0.0127 0 0.0469
0.0127 0 0.0499
0.0121 -0.0029 0.06
0.0146 -0.0029 0.0427
0.0146 -0.0029 0.0572
0.0146 -0.0029 0.0461
0.0146 -0.0029 0.0538
0.0146 -0.0029 0.0484
0.0146 -0.0029 0.0515
0.0146 0.0029 0.0165
0.0146 0.0029 0.0116
0.0146 0.0029 0.0034
0.0146 0.0029 0.0084
0.0121 0.0029 0
0.0146 0.0029 0.0434
0.0146 0.0029 0.0484
0.0146 0.0029 0.0566
0.0146 0.0029 0.0516
0.0121 0.0029 0.06
-0.0121 -0.0029 0.0325
-0.0121 -0.0029 0.035
-0.0121 -0.0029 0.0375
-0.0117 -0.0023 0.025
-0.0105 -0.0031 0.0275
-0.0109 -0.0012 0.0275
-0.0129 -0.0041 0.025
-0.0109 -0.0012 0.025
-0.0105 -0.0031 0.025
-0.0134 -0.0012 0.025
-0.0129 -0.0041 0.0225
-0.0134 -0.0012 0.0225
-0.0109 -0.0012 0.0225
-0.0134 -0.0012 0.0275
-0.0129 -0.0041 0.0275
-0.0123 -0.0019 0.0566
-0.0123 -0.0019 0.0516
-0.0123 -0.0019 0.0434
-0.0123 -0.0019 0.0484
-0.0123 -0.0019 0.0083
-0.0123 -0.0019 0.0034
-0.0123 -0.0019 0.0166
-0.0123 -0.0019 0.0115
-0.0123 0.0019 0.0316
-0.0123 0.0019 0.0358
-0.0134 0.0024 0.035
-0.0134 0.0024 0.0375
-0.0123 0.0019 0.0383
-0.0123 0.0019 0.0341
-0.0123 0.0019 0.0571
-0.0121 0.0029 0.0529
-0.0123 0.0019 0.0427
-0.0121 0.0029 0.0468
-0.0123 0.0019 0.0499
-0.0123 0.0019 0.0028
-0.0121 0.0029 0.007
-0.0121 0.0029 0.0131
-0.0123 0.0019 0.0173
-0.0123 0.0019 0.0099
-0.0123 0.0019 0.0283
-0.0123 0.0019 0.0258
-0.0134 0.0024 0.025
-0.0134 0.0024 0.0275
-0.0123 0.0019 0.0217
-0.0123 0.0019 0.0242
-0.0102 0.0071 0.037
-0.0103 0.0069 0.0379
-0.0083 0.0069 0.0377
-0.0103 0.0083 0.0372
-0.0082 0.0071 0.0368
-0.0094 0.0074 0.0314
-0.0115 0.0074 0.0325
-0.0104 0.0083 0.0339
-0.0109 0.0089 0.0338
-0.01 0.008 0.0313
-0.0112 0.0078 0.0387
-0.0091 0.0064 0.0392
-0.0092 0.0078 0.0385
-0.0109 0.0061 0.037
-0.0102 0.0071 0.0358
-0.0104 0.0083 0.036
-0.0082 0.0071 0.033
-0.0084 0.0067 0.0322
-0.0106 0.0085 0.035
-0.0086 0.007 0.0308
-0.0099 0.0053 0.034
-0.0101 0.005 0.0333
-0.0109 0.0089 0.0374
-0.0097 0.0084 0.0387
-0.0095 0.0058 0.0308
-0.0085 0.0072 0.0349
-0.0109 0.0089 0.0313
-0.0099 0.0052 0.0316
-0.0111 0.0056 0.0325
-0.012 0.0065 0.035
-0.0098 0.0054 0.0358
-0.012 0.0065 0.0362
-0.0086 0.0072 0.0389
-0.0099 0.0052 0.0349
-0.0109 0.0089 0.0362
-0.0103 0.0069 0.035
-0.0084 0.0074 0.0358
-0.0109 0.0061 0.0387
-0.0105 0.0067 0.0333
-0.0102 0.007 0.034
-0.0085 0.0073 0.034
-0.0084 0.0071 0.0561
-0.0083 0.0072 0.055
-0.0111 0.0058 0.0539
-0.0113 0.0072 0.054
-0.0111 0.0057 0.055
-0.0112 0.0057 0.0416
-0.0091 0.0064 0.0416
-0.0116 0.0075 0.0413
-0.0096 0.0082 0.0413
-0.0087 0.0073 0.043
-0.0086 0.0072 0.0574
-0.0115 0.0074 0.0553
-0.0084 0.0071 0.0441
-0.0116 0.0075 0.0448
-0.0113 0.0072 0.0459
-0.0112 0.0057 0.0451
-0.0083 0.007 0.0516
-0.0082 0.0071 0.0506
-0.011 0.0059 0.0517
-0.0112 0.0071 0.0518
-0.0111 0.0057 0.0527
-0.0084 0.0073 0.0537
-0.0114 0.0073 0.0528
-0.0085 0.0072 0.0525
-0.0085 0.0071 0.0469
-0.0085 0.007 0.0458
-0.0112 0.0056 0.0468
-0.0114 0.0073 0.047
-0.0111 0.0057 0.0585
-0.0115 0.0074 0.0588
-0.011 0.0058 0.0479
-0.0091 0.0064 0.0588
-0.0112 0.0071 0.0479
-0.0082 0.0071 0.0489
-0.0084 0.0069 0.0478
-0.011 0.0059 0.0487
-0.0085 0.0071 0.0416
-0.0082 0.0072 0.0497
-0.0112 0.0071 0.0509
-0.0101 -0.0073 0.035
-0.0101 -0.0073 0.0325
-0.0101 -0.0073 0.0375
-0.0106 -0.0065 0.0433
-0.0106 -0.0065 0.0483
-0.0101 -0.0073 0.0516
-0.0106 -0.0065 0.0567
-0.0117 0.0076 0.0153
-0.0113 0.0072 0.0142
-0.0088 0.0075 0.017
-0.0084 0.007 0.0159
-0.0111 0.0057 0.0147
-0.0098 0.0082 0.0188
-0.0092 0.0076 0.019
-0.0092 0.0063 0.0182
-0.0082 0.0069 0.0172
-0.0111 0.0057 0.013
-0.011 0.0059 0.012
-0.0112 0.0071 0.012
-0.0082 0.0072 0.011
-0.0083 0.007 0.0121
-0.0111 0.0057 0.0072
-0.0112 0.0071 0.0081
-0.0083 0.007 0.0084
-0.0085 0.0072 0.0074
-0.0114 0.0073 0.0072
-0.0111 0.0057 0.0182
-0.0111 0.0058 0.006
-0.0111 0.0057 0.0049
-0.0114 0.0073 0.013
-0.0085 0.0072 0.013
-0.0084 0.007 0.0143
-0.0111 0.0057 0.0014
-0.0115 0.0074 0.0012
-0.0086 0.0072 0.0026
-0.0115 0.0074 0.0047
-0.0113 0.0072 0.006
-0.0082 0.0071 0.0094
-0.0117 0.0076 0.0188
-0.0082 0.0069 0.019
-0.0091 0.0064 0.0012
-0.0083 0.0072 0.005
-0.0085 0.0074 0.0037
-0.0084 0.0071 0.0062
-0.011 0.0059 0.0112
-0.011 0.0059 0.0082
-0.0082 0.0072 0.0102
-0.0112 0.0071 0.009
-0.0106 -0.0065 0.0167
-0.0106 -0.0065 0.0117
-0.0106 -0.0065 0.0033
-0.0106 -0.0065 0.0084
-0.0101 -0.0073 0.025
-0.0101 -0.0073 0.0275
-0.0101 -0.0073 0.0225
-0.0106 0.0086 0.025
-0.0103 0.0083 0.026
-0.0102 0.007 0.0259
-0.0082 0.007 0.027
-0.0085 0.0073 0.0259
-0.0109 0.0089 0.0262
-0.0114 0.0074 0.0275
-0.01 0.008 0.0287
-0.0094 0.0074 0.0285
-0.0109 0.0089 0.0226
-0.0103 0.0083 0.0228
-0.0113 0.0076 0.0213
-0.0093 0.0076 0.0215
-0.0098 0.0082 0.0213
-0.0101 0.005 0.0266
-0.0099 0.0053 0.0259
-0.0085 0.0072 0.025
-0.0109 0.0089 0.0287
-0.0095 0.0058 0.0292
-0.0111 0.0056 0.0275
-0.0087 0.0071 0.0211
-0.0094 0.006 0.0209
-0.0099 0.0052 0.025
-0.0099 0.0053 0.0241
-0.0109 0.0089 0.0238
-0.0082 0.007 0.0232
-0.012 0.0066 0.0238
-0.012 0.0066 0.025
-0.0084 0.0067 0.0224
-0.0105 0.0067 0.0222
-0.0102 0.007 0.0229
-0.0104 0.0067 0.0267
-0.0084 0.0067 0.0277
-0.0103 0.0083 0.024
-0.0086 0.0069 0.0292
-0.0103 0.007 0.025
-0.0113 0.0055 0.0209
-0.012 0.0065 0.0275
-0.0102 0.0071 0.0241
-0.0085 0.0073 0.0241
-0.0109 0.0061 0.023
-0.0113 0.0055 0.0292
-0.0063 0.0092 0.0306
-0.0058 0.0095 0.0307
-0.0062 0.0093 0.0314
-0.0072 0.0081 0.0321
-0.0074 0.0094 0.0314
-0.0071 0.0082 0.0328
-0.0057 0.0111 0.0323
-0.0053 0.0099 0.0337
-0.0066 0.01 0.0337
-0.0066 0.009 0.0393
-0.0064 0.0091 0.0385
-0.0061 0.0094 0.0392
-0.0052 0.01 0.0348
-0.007 0.0082 0.0339
-0.0071 0.0082 0.037
-0.0076 0.0093 0.0385
-0.0072 0.0081 0.0378
-0.0059 0.011 0.0387
-0.0054 0.0099 0.0373
-0.0066 0.01 0.0372
-0.005 0.0101 0.038
-0.0072 0.0085 0.0349
-0.0075 0.0083 0.0306
-0.0052 0.01 0.0362
-0.007 0.0082 0.0359
-0.0083 0.0103 0.0339
-0.0089 0.0109 0.0338
-0.0086 0.0106 0.035
-0.008 0.01 0.0313
-0.0089 0.0109 0.0313
-0.0075 0.0083 0.0393
-0.0052 0.0099 0.0317
-0.0066 0.012 0.0348
-0.0082 0.0098 0.0387
-0.0089 0.0109 0.0374
-0.0076 0.0113 0.0387
-0.0066 0.0121 0.0374
-0.0069 0.0103 0.0362
-0.0086 0.0106 0.0362
-0.0069 0.0103 0.0348
-0.0083 0.0103 0.0372
-0.0066 0.0121 0.036
-0.0071 0.0117 0.032
-0.0064 0.0129 0.0335
-0.0064 0.0129 0.031
-0.0077 0.012 0.031
-0.006 0.0117 0.0333
-0.0077 0.012 0.0335
-0.0068 0.0111 0.031
-0.0083 0.0106 0.0323
-0.0077 0.01 0.0324
-0.0058 0.0111 0.0548
-0.0072 0.0113 0.0548
-0.0072 0.0083 0.0551
-0.007 0.0084 0.0562
-0.0056 0.0112 0.056
-0.0073 0.0083 0.0447
-0.0075 0.0086 0.0436
-0.0075 0.0116 0.044
-0.0059 0.011 0.0449
-0.0072 0.0113 0.0451
-0.0053 0.0099 0.0483
-0.0068 0.0102 0.0485
-0.0072 0.0084 0.0469
-0.0074 0.0084 0.0479
-0.0054 0.0098 0.0493
-0.0071 0.0083 0.0539
-0.0058 0.0111 0.0536
-0.0058 0.0111 0.0461
-0.0072 0.0084 0.0458
-0.0066 0.01 0.0494
-0.0072 0.0082 0.0488
-0.0074 0.0115 0.0561
-0.0072 0.0086 0.0575
-0.0073 0.0114 0.0535
-0.0072 0.0085 0.0527
-0.0073 0.0114 0.0462
-0.0074 0.0087 0.0424
-0.0071 0.0082 0.0498
-0.0053 0.0099 0.0503
-0.0078 0.0112 0.0499
-0.0068 0.0102 0.0512
-0.0053 0.0099 0.0513
-0.0074 0.0115 0.0588
-0.0056 0.0112 0.0587
-0.0066 0.01 0.0503
-0.0071 0.0082 0.0507
-0.0064 0.0091 0.0588
-0.007 0.0083 0.0517
-0.0073 0.0114 0.0485
-0.0072 0.0085 0.041
-0.0063 0.0092 0.041
-0.0081 0.0097 0.0413
-0.0057 0.0111 0.0437
-0.0057 0.0111 0.041
-0.0075 0.0116 0.0413
-0.0065 -0.0106 0.0483
-0.0065 -0.0106 0.0433
-0.0073 -0.0101 0.0516
-0.0065 -0.0106 0.0567
-0.0065 -0.0106 0.0167
-0.0065 -0.0106 0.0117
-0.0065 -0.0106 0.0033
-0.0065 -0.0106 0.0084
-0.0073 -0.0101 0.025
-0.0073 -0.0101 0.0275
-0.0073 -0.0101 0.0225
-0.0073 -0.0101 0.035
-0.0073 -0.0101 0.0325
-0.0073 -0.0101 0.0375
-0.0058 0.0095 0.0293
-0.0063 0.0092 0.0294
-0.0062 0.0093 0.0286
-0.0071 0.0082 0.0271
-0.0072 0.0081 0.0279
-0.0074 0.0094 0.0285
-0.0053 0.0099 0.0263
-0.0066 0.01 0.0263
-0.0057 0.0111 0.0277
-0.0061 0.0094 0.0207
-0.0066 0.009 0.0207
-0.0064 0.0091 0.0215
-0.0052 0.01 0.0252
-0.007 0.0082 0.0261
-0.0076 0.0093 0.0215
-0.0072 0.0081 0.0222
-0.0071 0.0082 0.023
-0.005 0.0101 0.022
-0.0059 0.011 0.0213
-0.0054 0.0099 0.0227
-0.0072 0.0085 0.0251
-0.0075 0.0083 0.0294
-0.0052 0.01 0.0238
-0.007 0.0082 0.0241
-0.0086 0.0106 0.025
-0.0083 0.0103 0.026
-0.0089 0.0109 0.0262
-0.0089 0.0109 0.0226
-0.0083 0.0103 0.0228
-0.0076 0.0113 0.0213
-0.0082 0.0098 0.0213
-0.0075 0.0083 0.0207
-0.008 0.01 0.0287
-0.0089 0.0109 0.0287
-0.0052 0.0099 0.0283
-0.0066 0.012 0.0252
-0.0066 0.0121 0.0226
-0.0089 0.0109 0.0238
-0.007 0.0103 0.025
-0.0083 0.0103 0.024
-0.007 0.0103 0.0238
-0.0066 0.0121 0.024
-0.0071 0.0102 0.0228
-0.0071 0.0117 0.028
-0.0064 0.0129 0.029
-0.0064 0.0129 0.0265
-0.0077 0.012 0.029
-0.006 0.0117 0.0267
-0.0068 0.0111 0.029
-0.0077 0.012 0.0265
-0.0083 0.0106 0.0277
-0.0077 0.01 0.0276
-0.007 0.0106 0.0168
-0.0058 0.0111 0.0052
-0.0056 0.0112 0.004
-0.007 0.0084 0.0038
-0.0072 0.0113 0.0052
-0.0072 0.0083 0.0049
-0.0053 0.0099 0.0117
-0.0054 0.0098 0.0107
-0.0074 0.0084 0.0121
-0.0068 0.0102 0.0115
-0.0072 0.0085 0.0131
-0.0058 0.0111 0.0064
-0.0071 0.0083 0.0061
-0.0072 0.0082 0.0112
-0.0066 0.01 0.0106
-0.0072 0.0086 0.0025
-0.0074 0.0115 0.0039
-0.0064 0.0123 0.0184
-0.0064 0.0123 0.0157
-0.0089 0.0107 0.0184
-0.0073 0.0114 0.0065
-0.0072 0.0085 0.0073
-0.0071 0.0083 0.0143
-0.0072 0.0083 0.0155
-0.0063 0.0094 0.015
-0.0064 0.0093 0.0161
-0.0077 0.0096 0.0161
-0.0078 0.0112 0.0101
-0.0089 0.0107 0.0157
-0.0066 0.01 0.0097
-0.0068 0.0102 0.0088
-0.0053 0.0099 0.0097
-0.0071 0.0082 0.0101
-0.0079 0.0097 0.0149
-0.0053 0.0099 0.0087
-0.0056 0.0112 0.0013
-0.0074 0.0115 0.0012
-0.0058 0.0111 0.0139
-0.0073 0.0114 0.0138
-0.0071 0.0082 0.0093
-0.0054 0.01 0.0162
-0.0054 0.01 0.0184
-0.0064 0.0091 0.0012
-0.0073 0.0114 0.0115
-0.0069 0.0082 0.019
-0.0073 0.0114 0.0087
-0.0082 0.01 0.0172
-0.0063 0.0092 0.019
-0.007 0.0104 0.0184
-0.0063 0.0094 0.0174
-0.0082 0.0098 0.0188
-0.0076 0.0092 0.019
-0.0069 0.0082 0.0179
-0.0076 0.0094 0.0174
-0.0071 0.0089 0.0167
-0.0073 0.0084 0.0083
-0.0069 -0.005 0.0167
-0.0069 -0.005 0.0033
-0.0084 -0.0014 0.0035
-0.0059 -0.0014 0.0035
-0.0065 -0.0037 0.0068
-0.0051 -0.0032 0.0034
-0.008 -0.0033 0.0034
-0.0072 -0.0019 0.0069
-0.0084 -0.0014 0.0166
-0.0059 -0.0014 0.0165
-0.008 -0.0033 0.0166
-0.0072 -0.0019 0.0131
-0.0051 -0.0032 0.0166
-0.0065 -0.0037 0.0132
-0.0065 -0.0037 0.01
-0.0072 -0.0019 0.0099
-0.0051 -0.0032 0.0275
-0.0069 -0.005 0.0275
-0.0059 -0.0014 0.0275
-0.0084 -0.0014 0.0275
-0.008 -0.0033 0.0225
-0.0072 -0.0019 0.025
-0.0059 -0.0014 0.0225
-0.0084 -0.0014 0.0225
-0.008 -0.0033 0.0275
-0.0069 -0.005 0.0225
-0.0051 -0.0032 0.0225
-0.0065 -0.0037 0.025
-0.0069 -0.005 0.0325
-0.0051 -0.0032 0.0325
-0.0069 -0.005 0.0375
-0.0051 -0.0032 0.0375
-0.0084 -0.0014 0.0325
-0.0059 -0.0014 0.0325
-0.008 -0.0033 0.0375
-0.0065 -0.0037 0.035
-0.0072 -0.0019 0.035
-0.008 -0.0033 0.0325
-0.0059 -0.0014 0.0375
-0.0069 -0.005 0.0567
-0.0069 -0.005 0.0433
-0.0059 -0.0014 0.0565
-0.0084 -0.0014 0.0434
-0.0059 -0.0014 0.0435
-0.0051 -0.0032 0.0566
-0.008 -0.0033 0.0434
-0.0072 -0.0019 0.0468
-0.0051 -0.0032 0.0434
-0.008 -0.0033 0.0566
-0.0065 -0.0037 0.0532
-0.0065 -0.0037 0.0468
-0.0072 -0.0019 0.0531
-0.0072 -0.0019 0.0501
-0.0065 -0.0037 0.05
-0.0068 0.0057 0.0119
-0.0075 0.0047 0.0115
-0.0076 0.0049 0.0105
-0.0069 0.0059 0.011
-0.008 0.0033 0.0028
-0.0075 0.0042 0.0014
-0.0068 0.0055 0.0026
-0.0061 0.0041 0.0012
-0.0074 0.0046 0.004
-0.0069 0.0056 0.013
-0.0077 0.0049 0.0096
-0.007 0.006 0.0093
-0.0071 0.0058 0.0083
-0.0072 0.0044 0.0161
-0.0075 0.0048 0.0151
-0.007 0.0057 0.0161
-0.0066 0.0053 0.0171
-0.0065 0.0037 0.01
-0.0075 0.0047 0.0087
-0.006 0.004 0.0189
-0.0082 0.0035 0.0173
-0.0076 0.0043 0.0182
-0.0069 0.0056 0.0074
-0.0065 0.0037 0.0146
-0.0051 0.0032 0.0028
-0.0065 0.0037 0.0056
-0.0076 0.0048 0.0053
-0.0065 0.0046 0.019
-0.0072 0.0059 0.0172
-0.0072 0.0019 0.0085
-0.0053 0.0028 0.0072
-0.0072 0.0019 0.0063
-0.0059 0.0014 0.0035
-0.0084 0.0014 0.0035
-0.0071 0.0059 0.019
-0.0053 0.0033 0.0173
-0.006 0.0016 0.0165
-0.0072 0.0019 0.0115
-0.0075 0.0047 0.0065
-0.007 0.0057 0.0144
-0.0053 0.0028 0.013
-0.0069 0.0058 0.005
-0.0072 0.0019 0.0138
-0.0067 0.0056 0.0037
-0.007 0.006 0.0101
-0.0086 0.0016 0.0166
-0.007 0.0057 0.0062
-0.0059 0.0046 0.0138
-0.0066 0.0028 0.0131
-0.0068 0.0051 0.0221
-0.0073 0.0056 0.0216
-0.0073 0.0056 0.0224
-0.0068 0.0051 0.028
-0.0066 0.0054 0.0272
-0.0072 0.0045 0.0271
-0.0051 0.0025 0.0238
-0.0053 0.0028 0.0251
-0.0074 0.0047 0.0242
-0.0072 0.0019 0.0242
-0.0072 0.0045 0.0229
-0.0051 0.0025 0.0263
-0.006 0.0041 0.0212
-0.0066 0.0046 0.0208
-0.0078 0.0041 0.0209
-0.0074 0.0057 0.0284
-0.0078 0.0041 0.0292
-0.0066 0.0047 0.0293
-0.006 0.0041 0.0288
-0.0082 0.0035 0.0283
-0.0082 0.0035 0.0217
-0.006 0.0016 0.0225
-0.0072 0.0019 0.0258
-0.006 0.0016 0.0275
-0.0071 0.0059 0.0269
-0.0071 0.0059 0.026
-0.0071 0.0059 0.0241
-0.0071 0.0059 0.0232
-0.0068 0.0056 0.025
-0.0072 0.0059 0.0293
-0.0051 0.0025 0.0288
-0.0086 0.0016 0.0225
-0.0072 0.0059 0.0208
-0.0072 0.006 0.0277
-0.0066 0.0053 0.0263
-0.0077 0.005 0.0232
-0.0072 0.0045 0.0255
-0.0075 0.0041 0.0392
-0.0072 0.0059 0.0384
-0.0066 0.0053 0.038
-0.0059 0.0038 0.0388
-0.0065 0.0055 0.0371
-0.0072 0.0045 0.037
-0.0053 0.0027 0.035
-0.0051 0.0025 0.0363
-0.005 0.0024 0.0338
-0.006 0.0016 0.0325
-0.0082 0.0035 0.0316
-0.0072 0.0019 0.0341
-0.0071 0.0044 0.0329
-0.0059 0.004 0.0313
-0.0059 0.0013 0.0375
-0.0072 0.0019 0.0358
-0.008 0.0032 0.0383
-0.007 0.0054 0.0308
-0.0073 0.0056 0.0322
-0.0071 0.006 0.0368
-0.0072 0.0059 0.0359
-0.0068 0.0056 0.0349
-0.0069 0.0056 0.0392
-0.0051 0.0025 0.0388
-0.007 0.0059 0.033
-0.0071 0.0058 0.0339
-0.0086 0.0016 0.0325
-0.0077 0.0042 0.0308
-0.0066 0.0053 0.0362
-0.0065 0.0052 0.0337
-0.0077 0.005 0.0331
-0.0071 0.006 0.0376
-0.0066 0.0028 0.035
-0.0065 0.0046 0.0314
-0.0061 0.0041 0.0588
-0.0075 0.0042 0.0585
-0.0068 0.0055 0.0574
-0.0074 0.0046 0.0559
-0.008 0.0033 0.0571
-0.0077 0.0049 0.0502
-0.0071 0.0058 0.0516
-0.007 0.006 0.0506
-0.0075 0.0041 0.0416
-0.0059 0.0039 0.0413
-0.0067 0.0053 0.043
-0.0072 0.0045 0.044
-0.008 0.0032 0.0427
-0.0076 0.0049 0.0494
-0.0075 0.0047 0.0484
-0.0068 0.0057 0.048
-0.007 0.0059 0.049
-0.0069 0.0055 0.0469
-0.0069 0.0056 0.044
-0.0075 0.0047 0.0451
-0.0072 0.0019 0.0461
-0.0051 0.0025 0.0448
-0.0059 0.0013 0.0435
-0.0051 0.0032 0.0572
-0.0065 0.0037 0.0543
-0.0076 0.0048 0.0546
-0.0065 0.0037 0.0498
-0.0069 0.0055 0.0416
-0.0084 0.0013 0.0434
-0.0059 0.0014 0.0565
-0.0051 0.0025 0.0413
-0.0072 0.0019 0.0536
-0.007 0.0055 0.0457
-0.0072 0.0019 0.0514
-0.0072 0.0019 0.0483
-0.0066 0.0028 0.0527
-0.0053 0.0028 0.047
-0.0069 0.0058 0.055
-0.0069 0.0056 0.0525
-0.0067 0.0056 0.0563
-0.0053 0.0028 0.0459
-0.007 0.0059 0.0498
-0.0067 0.0027 0.0468
-0.007 0.0057 0.0538
-0.0059 0.0046 0.0535
-0.0059 0.0046 0.0512
-0.005 -0.0069 0.0167
-0.005 -0.0069 0.0033
-0.0014 -0.0059 0.0035
-0.0014 -0.0084 0.0035
-0.0037 -0.0065 0.0068
-0.0033 -0.008 0.0034
-0.0032 -0.0051 0.0034
-0.0019 -0.0072 0.0069
-0.0014 -0.0084 0.0166
-0.0014 -0.0059 0.0165
-0.0033 -0.008 0.0166
-0.0019 -0.0072 0.0131
-0.0032 -0.0051 0.0166
-0.0037 -0.0065 0.0132
-0.0037 -0.0065 0.01
-0.0019 -0.0072 0.0099
-0.005 -0.0069 0.0275
-0.0032 -0.0051 0.0275
-0.0014 -0.0084 0.0275
-0.0014 -0.0059 0.0275
-0.0014 -0.0084 0.0225
-0.0033 -0.008 0.0225
-0.0019 -0.0072 0.025
-0.0014 -0.0059 0.0225
-0.0033 -0.008 0.0275
-0.0032 -0.0051 0.0225
-0.0037 -0.0065 0.025
-0.005 -0.0069 0.0225
-0.0032 -0.0051 0.0325
-0.005 -0.0069 0.0325
-0.005 -0.0069 0.0375
-0.0032 -0.0051 0.0375
-0.0014 -0.0084 0.0325
-0.0014 -0.0059 0.0325
-0.0037 -0.0065 0.035
-0.0033 -0.008 0.0375
-0.0033 -0.008 0.0325
-0.0019 -0.0072 0.035
-0.0014 -0.0059 0.0375
-0.005 -0.0069 0.0567
-0.005 -0.0069 0.0433
-0.0014 -0.0059 0.0565
-0.0014 -0.0084 0.0434
-0.0014 -0.0059 0.0435
-0.0032 -0.0051 0.0566
-0.0033 -0.008 0.0434
-0.0019 -0.0072 0.0469
-0.0032 -0.0051 0.0434
-0.0037 -0.0065 0.0468
-0.0033 -0.008 0.0566
-0.0037 -0.0065 0.0532
-0.0019 -0.0072 0.0531
-0.0019 -0.0072 0.0501
-0.0037 -0.0065 0.05
-0.0059 0.007 0.0092
-0.0058 0.007 0.0101
-0.0049 0.0076 0.0097
-0.0049 0.0077 0.0088
-0.0049 0.0076 0.0114
-0.0037 0.0065 0.011
-0.0047 0.0075 0.0124
-0.0059 0.007 0.0112
-0.0037 0.0065 0.0092
-0.0047 0.0075 0.0079
-0.0054 0.0069 0.0025
-0.0041 0.0061 0.0012
-0.0041 0.0075 0.0013
-0.0033 0.008 0.0024
-0.0046 0.0074 0.0036
-0.0032 0.0051 0.0028
-0.0037 0.0065 0.0051
-0.0056 0.0068 0.0131
-0.0047 0.0075 0.0142
-0.0044 0.0072 0.0166
-0.0048 0.0075 0.0156
-0.0053 0.0066 0.0178
-0.0035 0.0082 0.0178
-0.004 0.006 0.0189
-0.0043 0.0076 0.019
-0.0058 0.0072 0.018
-0.0057 0.007 0.0168
-0.0056 0.0068 0.0073
-0.0047 0.0075 0.0061
-0.0048 0.0076 0.0049
-0.0058 0.0069 0.0156
-0.0019 0.0072 0.0125
-0.0019 0.0072 0.0108
-0.0059 0.0071 0.019
-0.0014 0.0059 0.0035
-0.0019 0.0072 0.0059
-0.0028 0.0053 0.013
-0.0028 0.0053 0.0072
-0.0019 0.0072 0.0077
-0.0019 0.0072 0.0143
-0.0025 0.005 0.0189
-0.0058 0.0069 0.0049
-0.0058 0.0071 0.0082
-0.0025 0.005 0.0154
-0.0016 0.006 0.0165
-0.0057 0.0068 0.0061
-0.0057 0.0068 0.0142
-0.0056 0.0067 0.0036
-0.0058 0.007 0.0121
-0.0016 0.0086 0.0166
-0.0053 0.0066 0.0189
-0.0029 0.0054 0.0144
-0.0057 0.0074 0.0285
-0.0062 0.007 0.0286
-0.0059 0.0072 0.0293
-0.006 0.0071 0.0271
-0.006 0.0071 0.0279
-0.0055 0.0066 0.0274
-0.0047 0.0074 0.0258
-0.0056 0.0068 0.0251
-0.0051 0.0068 0.0281
-0.0059 0.0072 0.0208
-0.0062 0.007 0.0214
-0.0056 0.0073 0.0215
-0.0055 0.0066 0.0227
-0.0051 0.0068 0.022
-0.006 0.0071 0.0222
-0.0045 0.0072 0.0229
-0.006 0.0071 0.023
-0.0057 0.0068 0.0261
-0.0019 0.0072 0.0242
-0.0025 0.0051 0.0238
-0.0028 0.0053 0.0251
-0.0045 0.0072 0.0271
-0.0041 0.0077 0.0207
-0.0041 0.006 0.0212
-0.0035 0.0082 0.0217
-0.0019 0.0072 0.0258
-0.0025 0.0051 0.0263
-0.0046 0.0066 0.0208
-0.0016 0.006 0.0225
-0.0041 0.006 0.0288
-0.0047 0.0066 0.0293
-0.0041 0.0077 0.0293
-0.0035 0.0082 0.0283
-0.0016 0.006 0.0275
-0.0059 0.0071 0.0241
-0.0016 0.0086 0.0225
-0.0025 0.0051 0.0288
-0.0053 0.0066 0.0238
-0.0045 0.0072 0.0245
-0.0047 0.0074 0.0342
-0.0056 0.0068 0.0349
-0.006 0.0071 0.0378
-0.0055 0.0066 0.0373
-0.0051 0.0068 0.038
-0.0056 0.0073 0.0385
-0.0045 0.0072 0.0371
-0.0062 0.007 0.0386
-0.0059 0.0072 0.0392
-0.006 0.0071 0.037
-0.0061 0.0069 0.0321
-0.0059 0.007 0.0329
-0.0056 0.0073 0.0322
-0.0019 0.0072 0.0358
-0.0027 0.0053 0.035
-0.0025 0.0051 0.0363
-0.0059 0.0067 0.0306
-0.0054 0.007 0.0307
-0.005 0.0077 0.0331
-0.0044 0.0071 0.033
-0.0041 0.006 0.0388
-0.0035 0.0082 0.0383
-0.0041 0.0077 0.0392
-0.0019 0.0072 0.0342
-0.0024 0.005 0.0338
-0.0046 0.0066 0.0392
-0.0016 0.006 0.0375
-0.005 0.0067 0.032
-0.004 0.0059 0.0313
-0.0041 0.0077 0.0307
-0.0035 0.0082 0.0317
-0.0016 0.006 0.0325
-0.0059 0.0072 0.0359
-0.0016 0.0086 0.0325
-0.0058 0.0071 0.0339
-0.0025 0.0051 0.0388
-0.0053 0.0066 0.0362
-0.0045 0.0072 0.0355
-0.0049 0.0076 0.0503
-0.0058 0.007 0.0499
-0.0059 0.007 0.0507
-0.0049 0.0077 0.0511
-0.0037 0.0065 0.0508
-0.0049 0.0076 0.0486
-0.0047 0.0075 0.0476
-0.0037 0.0065 0.049
-0.0059 0.0069 0.0488
-0.0047 0.0075 0.0521
-0.0054 0.0069 0.0575
-0.0046 0.0074 0.0564
-0.0033 0.008 0.0576
-0.0041 0.0061 0.0588
-0.0041 0.0075 0.0587
-0.0032 0.0051 0.0572
-0.0037 0.0065 0.0549
-0.0047 0.0075 0.0446
-0.0045 0.0072 0.0436
-0.0037 0.0065 0.0449
-0.0041 0.006 0.0413
-0.0043 0.0076 0.041
-0.0053 0.0067 0.0424
-0.0035 0.0082 0.0422
-0.0047 0.0075 0.0458
-0.0056 0.0068 0.0469
-0.0056 0.0068 0.0527
-0.0047 0.0075 0.0539
-0.0048 0.0076 0.0551
-0.0019 0.0072 0.0492
-0.0019 0.0072 0.0475
-0.0019 0.0072 0.0541
-0.0014 0.0059 0.0565
-0.0028 0.0053 0.047
-0.0016 0.006 0.0435
-0.0033 0.0053 0.0427
-0.0028 0.0053 0.0528
-0.0019 0.0072 0.0523
-0.0056 0.0069 0.041
-0.0019 0.0072 0.0457
-0.0058 0.0069 0.0551
-0.0058 0.0071 0.0518
-0.0058 0.0068 0.0446
-0.0057 0.0068 0.0458
-0.0057 0.0068 0.0538
-0.0056 0.0067 0.0564
-0.0056 0.0069 0.0434
-0.0058 0.007 0.0479
-0.0016 0.0086 0.0434
-0.0019 -0.0123 0.0083
-0.0019 -0.0123 0.0034
-0.0019 -0.0123 0.0166
-0.0019 -0.0123 0.0115
-0.0029 -0.0121 0.025
-0.0029 -0.0121 0.0275
-0.0029 -0.0121 0.0225
-0.0029 -0.0121 0.0325
-0.0029 -0.0121 0.035
-0.0029 -0.0121 0.0375
-0.0019 -0.0123 0.0566
-0.0019 -0.0123 0.0516
-0.0019 -0.0123 0.0434
-0.0019 -0.0123 0.0484
-0.0024 0.0109 0.0387
-0.0024 0.0135 0.0362
-0.0024 0.0109 0.0362
-0.0024 0.0109 0.0348
-0.0024 0.0135 0.0348
-0.0024 0.0135 0.0323
-0.0019 0.0123 0.0317
-0.0019 0.0123 0.0576
-0.0019 0.0123 0.0422
-0.0019 0.0123 0.0542
-0.0019 0.0123 0.0475
-0.0024 0.0134 0.0484
-0.0024 0.0134 0.0515
-0.0019 0.0123 0.0524
-0.0019 0.0123 0.0492
-0.0019 0.0123 0.0457
-0.0019 0.0123 0.0024
-0.0019 0.0123 0.0178
-0.0019 0.0123 0.0058
-0.0019 0.0123 0.0076
-0.0024 0.0134 0.0085
-0.0024 0.0134 0.0116
-0.0019 0.0123 0.0108
-0.0019 0.0123 0.0125
-0.0019 0.0123 0.0143
-0.0024 0.0109 0.0213
-0.0024 0.0135 0.0213
-0.0024 0.0109 0.0238
-0.0024 0.0135 0.0238
-0.0024 0.0109 0.0252
-0.0024 0.0135 0.0252
-0.0024 0.0135 0.0277
-0.0019 0.0123 0.0283
0.0018 -0.0018 0.0028
0 -0.0025 0.0035
-0.0018 0.0018 0.0028
-0.0018 -0.0018 0.0034
0.0018 0.0018 0.0034
0.0018 -0.0018 0.0173
-0.0018 0.0018 0.0173
0.0018 0.0018 0.0166
-0.0018 -0.0018 0.0166
-0.0025 -0.0025 0.007
0.0025 0.0025 0.007
-0.0018 -0.0007 0.0085
0 0 0.01
0 -0.0036 0.0139
0 0 0.007
0 0 0.0123
-0.0007 -0.0018 0.0138
0.0007 0.0018 0.0116
0 0 0.0146
-0.0025 0 0.0035
0 0.0025 0.0165
0.0025 0 0.0165
0.0025 0.0025 0.0131
-0.0025 0 0.0165
0 0.0025 0.0035
0.0025 0.0025 0.01
0.0018 0.0007 0.0085
0.0025 0 0.0035
0.0007 0.0018 0.0139
-0.0013 -0.0022 0.011
-0.0032 -0.0011 0.012
-0.0032 -0.0011 0.009
-0.0024 -0.0029 0.0121
-0.0024 0.0007 0.0105
-0.0006 -0.0036 0.009
0.0012 -0.0029 0.0105
0.0025 -0.0025 0.007
-0.0025 0.0025 0.007
0.0012 -0.0029 0.0128
-0.0006 -0.0036 0.012
0.0018 -0.0018 0.0275
0 0 0.025
0.0018 -0.0018 0.0225
0 -0.0025 0.0225
0 -0.0025 0.0275
-0.0025 0 0.0275
-0.0018 0.0018 0.0275
-0.0018 0.0018 0.0225
-0.0025 0 0.0225
0.0025 0 0.0225
0.0025 0 0.0275
0 0.0025 0.0225
0 0.0025 0.0275
-0.0018 -0.0018 0.0275
-0.0018 -0.0018 0.0225
0.0018 0.0018 0.0275
0.0018 0.0018 0.0225
0.0018 -0.0018 0.0325
0 -0.0025 0.0325
0.0018 -0.0018 0.0375
0 -0.0025 0.0375
0 0 0.035
-0.0025 0 0.0325
-0.0018 0.0018 0.0325
-0.0025 0 0.0375
-0.0018 0.0018 0.0375
0.0025 0 0.0375
0.0025 0 0.0325
0 0.0025 0.0375
0 0.0025 0.0325
-0.0018 -0.0018 0.0325
-0.0018 -0.0018 0.0375
0.0018 0.0018 0.0375
0.0018 0.0018 0.0325
0.0036 0 0.0484
0 0.0036 0.0484
0 0.0036 0.0516
0 -0.0036 0.0484
0.0018 -0.0018 0.0572
-0.0018 0.0018 0.0572
-0.0025 0 0.0565
0 -0.0025 0.0565
0.0018 -0.0018 0.0427
-0.0018 0.0018 0.0427
-0.0018 -0.0018 0.0566
0.0018 0.0018 0.0566
0.0018 0.0018 0.0434
0.0025 -0.0025 0.053
-0.0025 0.0025 0.053
-0.0018 -0.0018 0.0434
0 0 0.05
0.0007 0.0018 0.0515
0 0 0.053
-0.0007 -0.0018 0.0515
0.0025 0 0.0565
0 0.0025 0.0565
-0.0007 0.0018 0.0531
0.0007 -0.0018 0.0531
0 -0.0036 0.0516
-0.0036 0 0.0484
-0.0018 0.0007 0.0468
0 -0.0025 0.0435
0 0.0025 0.0435
0.0025 0 0.0435
0.0025 -0.0025 0.047
0 0 0.0468
0.0007 -0.0018 0.0469
-0.0025 0.0025 0.0469
-0.0025 0 0.0435
0.0024 -0.0134 0.025
0.0024 -0.0134 0.0275
0.0019 -0.0123 0.0283
0.0019 -0.0123 0.0258
0.0019 -0.0123 0.0217
0.0019 -0.0123 0.0242
0.0019 -0.0123 0.0316
0.0019 -0.0123 0.0358
0.0024 -0.0134 0.035
0.0024 -0.0134 0.0375
0.0019 -0.0123 0.0383
0.0019 -0.0123 0.0341
0.0029 -0.0121 0.007
0.0019 -0.0123 0.0028
0.0019 -0.0123 0.0173
0.0029 -0.0121 0.0131
0.0019 -0.0123 0.0099
0.0019 -0.0123 0.0571
0.0029 -0.0121 0.0529
0.0029 -0.0121 0.0468
0.0019 -0.0123 0.0427
0.0019 -0.0123 0.0499
0.0029 0.0121 0.0325
0.0029 0.0121 0.035
0.0029 0.0121 0.0375
0.0019 0.0123 0.0434
0.0019 0.0123 0.0469
0.0029 0.0121 0.0514
0.0029 0.0121 0.0564
0.0044 -0.0072 0.0161
0.0048 -0.0075 0.0151
0.0056 -0.007 0.0161
0.0052 -0.0066 0.0171
0.0033 -0.008 0.0028
0.0041 -0.0061 0.0012
0.0046 -0.0074 0.004
0.0055 -0.0068 0.0026
0.0042 -0.0075 0.0014
0.004 -0.006 0.0189
0.0035 -0.0082 0.0173
0.0043 -0.0076 0.0182
0.0049 -0.0077 0.0096
0.0047 -0.0075 0.0087
0.0037 -0.0065 0.01
0.0056 -0.0069 0.0074
0.0058 -0.0071 0.0083
0.0025 -0.005 0.0154
0.0016 -0.006 0.0165
0.0019 -0.0072 0.0138
0.0037 -0.0065 0.0146
0.0032 -0.0051 0.0028
0.0037 -0.0065 0.0056
0.0049 -0.0076 0.0105
0.0048 -0.0076 0.0053
0.0046 -0.0065 0.019
0.0058 -0.0072 0.0172
0.006 -0.0069 0.0097
0.006 -0.0069 0.0106
0.0028 -0.0053 0.013
0.0055 -0.0069 0.0129
0.0019 -0.0072 0.0115
0.0028 -0.0053 0.0072
0.0019 -0.0072 0.0085
0.0014 -0.0084 0.0035
0.0014 -0.0059 0.0035
0.0019 -0.0072 0.0063
0.0059 -0.0071 0.019
0.0056 -0.007 0.0143
0.0047 -0.0075 0.0065
0.0047 -0.0075 0.0137
0.0025 -0.005 0.0189
0.0058 -0.0069 0.005
0.0056 -0.0067 0.0037
0.0016 -0.0086 0.0166
0.0057 -0.007 0.0062
0.0057 -0.0071 0.0119
0.0046 -0.0059 0.0114
0.0037 -0.0065 0.0123
0.0056 -0.0073 0.0277
0.0051 -0.0068 0.028
0.0057 -0.0074 0.0284
0.0056 -0.0073 0.0224
0.0056 -0.0073 0.0216
0.0051 -0.0068 0.0221
0.0028 -0.0053 0.0251
0.0025 -0.0051 0.0238
0.0045 -0.0072 0.0229
0.0019 -0.0072 0.0242
0.0047 -0.0074 0.0242
0.0025 -0.0051 0.0263
0.0046 -0.0066 0.0208
0.0041 -0.006 0.0212
0.0041 -0.0078 0.0209
0.0041 -0.006 0.0288
0.0047 -0.0066 0.0293
0.0041 -0.0078 0.0292
0.0035 -0.0082 0.0283
0.0045 -0.0072 0.0271
0.0035 -0.0082 0.0217
0.0016 -0.006 0.0225
0.0016 -0.006 0.0275
0.0019 -0.0072 0.0258
0.0059 -0.0071 0.0269
0.0059 -0.0071 0.026
0.0059 -0.0071 0.0232
0.0059 -0.0071 0.0241
0.0056 -0.0068 0.025
0.0059 -0.0072 0.0293
0.0025 -0.0051 0.0288
0.0016 -0.0086 0.0225
0.0059 -0.0072 0.0208
0.005 -0.0077 0.0232
0.005 -0.0077 0.0268
0.0047 -0.0074 0.0258
0.0047 -0.0074 0.0341
0.0056 -0.0068 0.0353
0.0019 -0.0072 0.0341
0.0027 -0.0053 0.035
0.0024 -0.005 0.0338
0.0044 -0.0071 0.0329
0.0045 -0.0072 0.037
0.0019 -0.0072 0.0358
0.0025 -0.0051 0.0363
0.0047 -0.0074 0.0357
0.0059 -0.0072 0.0382
0.0053 -0.0066 0.0378
0.0059 -0.0072 0.0374
0.005 -0.0077 0.0367
0.006 -0.0071 0.0363
0.004 -0.0059 0.0313
0.0016 -0.006 0.0325
0.0035 -0.0082 0.0316
0.0032 -0.008 0.0383
0.0038 -0.0059 0.0388
0.0013 -0.0059 0.0375
0.0054 -0.007 0.0309
0.0056 -0.0072 0.0323
0.0059 -0.0071 0.033
0.0025 -0.0051 0.0388
0.0016 -0.0086 0.0325
0.0042 -0.0077 0.0309
0.005 -0.0077 0.0331
0.0046 -0.0065 0.0314
0.0048 -0.0077 0.0389
0.006 -0.0075 0.0395
0.0052 -0.0067 0.0395
0.0043 -0.0086 0.0395
0.0052 -0.008 0.0385
0.0043 -0.0086 0.0377
0.0037 -0.0072 0.0395
0.0055 -0.0069 0.0387
0.0049 -0.0064 0.0383
0.0059 -0.0071 0.0342
0.0042 -0.0075 0.0585
0.0041 -0.0061 0.0588
0.0055 -0.0068 0.0574
0.0046 -0.0074 0.0559
0.0033 -0.008 0.0571
0.006 -0.007 0.0506
0.0049 -0.0077 0.0502
0.0058 -0.0071 0.0516
0.0041 -0.0075 0.0416
0.0032 -0.008 0.0427
0.0045 -0.0072 0.044
0.0039 -0.0059 0.0413
0.0053 -0.0067 0.043
0.0057 -0.0068 0.048
0.0059 -0.007 0.049
0.0049 -0.0076 0.0494
0.0047 -0.0075 0.0484
0.0055 -0.0069 0.0469
0.0047 -0.0075 0.0451
0.0056 -0.0069 0.044
0.0032 -0.0051 0.0572
0.0037 -0.0065 0.0543
0.0048 -0.0076 0.0546
0.0037 -0.0065 0.0498
0.0055 -0.0069 0.0416
0.0019 -0.0072 0.0462
0.0013 -0.0084 0.0434
0.0013 -0.0059 0.0435
0.0014 -0.0059 0.0565
0.0025 -0.0051 0.0413
0.0019 -0.0072 0.0536
0.0055 -0.007 0.0457
0.0019 -0.0072 0.0483
0.0019 -0.0072 0.0514
0.0028 -0.0066 0.0528
0.0028 -0.0053 0.047
0.0058 -0.0069 0.055
0.0056 -0.0069 0.0525
0.0056 -0.0067 0.0563
0.0025 -0.0051 0.0448
0.0028 -0.0053 0.0459
0.0059 -0.007 0.0498
0.0027 -0.0067 0.0468
0.0057 -0.007 0.0538
0.0046 -0.0059 0.0535
0.0046 -0.0059 0.0512
0.0032 0.0051 0.0325
0.0014 0.0084 0.0325
0.0014 0.0059 0.0325
0.0019 0.0072 0.035
0.0033 0.008 0.0325
0.005 0.0069 0.0375
0.0033 0.008 0.0375
0.0037 0.0065 0.035
0.0032 0.0051 0.0375
0.0014 0.0059 0.0375
0.005 0.0069 0.0034
0.005 0.0069 0.0166
0.0014 0.0059 0.0035
0.0014 0.0059 0.0165
0.0014 0.0084 0.0166
0.0032 0.0051 0.0034
0.0019 0.0072 0.0131
0.0033 0.008 0.0166
0.0032 0.0051 0.0166
0.0033 0.008 0.0035
0.0037 0.0065 0.0068
0.0037 0.0065 0.0132
0.0019 0.0072 0.007
0.0037 0.0065 0.0101
0.0019 0.0072 0.01
0.0032 0.0051 0.0275
0.0014 0.0059 0.0275
0.0014 0.0084 0.0275
0.0014 0.0084 0.0225
0.0014 0.0059 0.0225
0.0033 0.008 0.0225
0.0019 0.0072 0.025
0.005 0.0069 0.0225
0.0032 0.0051 0.0225
0.0037 0.0065 0.025
0.0033 0.008 0.0275
0.0019 0.0123 0.0166
0.0019 0.0123 0.0131
0.0029 0.0121 0.0086
0.0029 0.0121 0.0036
0.0029 0.0121 0.0275
0.0029 0.0121 0.025
0.0029 0.0121 0.0225
0.005 0.0069 0.0566
0.005 0.0069 0.0434
0.0014 0.0059 0.0565
0.0014 0.0059 0.0435
0.0014 0.0084 0.0434
0.0032 0.0051 0.0434
0.0037 0.0065 0.0468
0.0019 0.0072 0.0469
0.0033 0.008 0.0434
0.0032 0.0051 0.0566
0.0037 0.0065 0.0532
0.0033 0.008 0.0565
0.0019 0.0072 0.053
0.0019 0.0072 0.0499
0.0037 0.0065 0.05
0.0068 -0.0056 0.0349
0.0074 -0.0047 0.0342
0.0066 -0.0055 0.0373
0.0071 -0.006 0.0378
0.0073 -0.0056 0.0385
0.0068 -0.0051 0.038
0.0072 -0.0045 0.0371
0.007 -0.0062 0.0386
0.0072 -0.0059 0.0392
0.0071 -0.006 0.037
0.007 -0.0059 0.0329
0.0069 -0.0061 0.0321
0.0073 -0.0056 0.0322
0.0072 -0.0019 0.0358
0.0051 -0.0025 0.0363
0.0053 -0.0027 0.035
0.0067 -0.0059 0.0306
0.007 -0.0054 0.0307
0.0077 -0.005 0.0331
0.0071 -0.0044 0.033
0.0082 -0.0035 0.0383
0.006 -0.0041 0.0388
0.0077 -0.0041 0.0392
0.0072 -0.0019 0.0342
0.005 -0.0024 0.0338
0.0066 -0.0046 0.0392
0.006 -0.0016 0.0375
0.0059 -0.004 0.0313
0.0082 -0.0035 0.0317
0.0077 -0.0041 0.0307
0.0067 -0.005 0.032
0.006 -0.0016 0.0325
0.0072 -0.0059 0.0359
0.0086 -0.0016 0.0325
0.0071 -0.0058 0.0339
0.0051 -0.0025 0.0388
0.0066 -0.0053 0.0362
0.0072 -0.0045 0.0355
0.0076 -0.0049 0.0503
0.0077 -0.0049 0.0511
0.007 -0.0059 0.0507
0.007 -0.0058 0.0499
0.0065 -0.0037 0.0508
0.0065 -0.0037 0.049
0.0075 -0.0047 0.0476
0.0076 -0.0049 0.0486
0.0069 -0.0059 0.0488
0.0082 -0.0035 0.0422
0.006 -0.0041 0.0413
0.0072 -0.0045 0.0436
0.0072 -0.0019 0.0457
0.0051 -0.0025 0.0448
0.006 -0.0016 0.0435
0.0075 -0.0047 0.0521
0.0069 -0.0054 0.0575
0.0061 -0.0041 0.0588
0.0075 -0.0041 0.0587
0.008 -0.0033 0.0576
0.0074 -0.0046 0.0564
0.0051 -0.0032 0.0572
0.0065 -0.0037 0.0549
0.0076 -0.0043 0.041
0.0067 -0.0053 0.0424
0.0075 -0.0047 0.0458
0.0068 -0.0056 0.0469
0.0075 -0.0047 0.0539
0.0068 -0.0056 0.0527
0.0076 -0.0048 0.0551
0.0072 -0.0019 0.0493
0.0072 -0.0019 0.0475
0.0072 -0.0019 0.0541
0.0059 -0.0014 0.0565
0.0053 -0.0028 0.047
0.0072 -0.0019 0.0523
0.0053 -0.0028 0.0528
0.0051 -0.0025 0.0413
0.0069 -0.0056 0.041
0.0069 -0.0058 0.0551
0.0071 -0.0058 0.0518
0.0068 -0.0058 0.0446
0.0068 -0.0057 0.0458
0.0075 -0.0047 0.0446
0.0068 -0.0057 0.0538
0.0067 -0.0056 0.0564
0.0053 -0.0028 0.0459
0.0069 -0.0056 0.0434
0.007 -0.0058 0.0479
0.0086 -0.0016 0.0434
0.0069 0.005 0.0034
0.0069 0.005 0.0166
0.0059 0.0014 0.0035
0.0059 0.0014 0.0165
0.0084 0.0014 0.0166
0.0051 0.0032 0.0034
0.0072 0.0019 0.0131
0.008 0.0033 0.0166
0.0051 0.0032 0.0166
0.008 0.0033 0.0035
0.0065 0.0037 0.0068
0.0065 0.0037 0.0132
0.0072 0.0019 0.007
0.0065 0.0037 0.0101
0.0072 0.0019 0.01
0.0051 0.0032 0.0275
0.0059 0.0014 0.0275
0.0084 0.0014 0.0275
0.008 0.0033 0.0225
0.0072 0.0019 0.025
0.0059 0.0014 0.0225
0.0084 0.0014 0.0225
0.0065 0.0037 0.025
0.0051 0.0032 0.0225
0.0069 0.005 0.0225
0.008 0.0033 0.0275
0.0051 0.0032 0.0325
0.0084 0.0014 0.0325
0.0059 0.0014 0.0325
0.008 0.0033 0.0325
0.0072 0.0019 0.035
0.0051 0.0032 0.0375
0.0069 0.005 0.0375
0.008 0.0033 0.0375
0.0065 0.0037 0.035
0.0059 0.0014 0.0375
0.0076 -0.0049 0.0097
0.007 -0.0058 0.0101
0.007 -0.0059 0.0092
0.0077 -0.0049 0.0088
0.0065 -0.0037 0.011
0.0075 -0.0047 0.0124
0.0076 -0.0049 0.0114
0.0069 -0.0059 0.0112
0.0065 -0.0037 0.0092
0.0075 -0.0047 0.0079
0.008 -0.0033 0.0024
0.0075 -0.0041 0.0013
0.0069 -0.0054 0.0025
0.0061 -0.0041 0.0012
0.0074 -0.0046 0.0036
0.0065 -0.0037 0.0051
0.0051 -0.0032 0.0028
0.0075 -0.0047 0.0142
0.0068 -0.0056 0.0131
0.0072 -0.0044 0.0166
0.0075 -0.0048 0.0156
0.0082 -0.0035 0.0178
0.0076 -0.0043 0.019
0.006 -0.004 0.0189
0.0066 -0.0053 0.0178
0.007 -0.0057 0.0168
0.0072 -0.0058 0.018
0.0075 -0.0047 0.0061
0.0068 -0.0056 0.0073
0.0076 -0.0048 0.0049
0.0069 -0.0058 0.0156
0.0072 -0.0019 0.0125
0.0072 -0.0019 0.0108
0.0071 -0.0059 0.019
0.0072 -0.0019 0.0059
0.0059 -0.0014 0.0035
0.0053 -0.0028 0.013
0.0072 -0.0019 0.0077
0.0053 -0.0028 0.0072
0.0072 -0.0019 0.0143
0.005 -0.0025 0.0189
0.0069 -0.0058 0.0049
0.0071 -0.0058 0.0082
0.005 -0.0025 0.0154
0.006 -0.0016 0.0165
0.0068 -0.0057 0.0061
0.0068 -0.0057 0.0142
0.0067 -0.0056 0.0036
0.007 -0.0058 0.0121
0.0086 -0.0016 0.0166
0.0066 -0.0053 0.0189
0.0054 -0.0029 0.0144
0.0072 -0.0059 0.0293
0.007 -0.0062 0.0286
0.0074 -0.0057 0.0285
0.0068 -0.0056 0.0251
0.0074 -0.0047 0.0258
0.0073 -0.0056 0.0215
0.007 -0.0062 0.0214
0.0072 -0.0059 0.0208
0.0071 -0.006 0.0222
0.0066 -0.0055 0.0227
0.0068 -0.0051 0.022
0.0072 -0.0045 0.0229
0.0071 -0.006 0.023
0.0077 -0.005 0.0268
0.0072 -0.0045 0.0271
0.0072 -0.0019 0.0242
0.0051 -0.0025 0.0238
0.0053 -0.0028 0.0251
0.0077 -0.0041 0.0207
0.0082 -0.0035 0.0217
0.006 -0.0041 0.0212
0.0072 -0.0019 0.0258
0.0051 -0.0025 0.0263
0.0066 -0.0046 0.0208
0.006 -0.0016 0.0225
0.0066 -0.0047 0.0293
0.0077 -0.0041 0.0293
0.0068 -0.0051 0.0281
0.006 -0.0041 0.0288
0.0082 -0.0035 0.0283
0.006 -0.0016 0.0275
0.0071 -0.0059 0.0241
0.0071 -0.0059 0.026
0.0071 -0.006 0.0271
0.0086 -0.0016 0.0225
0.0051 -0.0025 0.0288
0.0066 -0.0053 0.0238
0.0073 -0.0056 0.0278
0.0069 -0.0061 0.0279
0.0072 -0.0045 0.0245
0.0069 0.005 0.0566
0.0069 0.005 0.0434
0.0059 0.0014 0.0565
0.0084 0.0014 0.0434
0.0059 0.0014 0.0435
0.0051 0.0032 0.0434
0.0072 0.0019 0.0469
0.0065 0.0037 0.0468
0.008 0.0033 0.0434
0.0051 0.0032 0.0566
0.008 0.0033 0.0565
0.0065 0.0037 0.0532
0.0072 0.0019 0.053
0.0072 0.0019 0.05
0.0065 0.0037 0.0499
0.007 -0.0082 0.0363
0.0069 -0.0083 0.0374
0.0069 -0.0103 0.0377
0.0083 -0.0103 0.0372
0.007 -0.0102 0.0365
0.0073 -0.0085 0.0341
0.007 -0.0082 0.033
0.0053 -0.0099 0.0341
0.0053 -0.0099 0.0353
0.0073 -0.0085 0.0353
0.0064 -0.0091 0.039
0.0078 -0.0092 0.0385
0.0078 -0.0112 0.0387
0.0083 -0.0104 0.036
0.0085 -0.0106 0.035
0.007 -0.0086 0.0309
0.0084 -0.0097 0.0387
0.0089 -0.0109 0.0374
0.0059 -0.0095 0.0309
0.0074 -0.0094 0.0314
0.008 -0.01 0.0313
0.0089 -0.0109 0.0313
0.0089 -0.0109 0.0338
0.0065 -0.012 0.035
0.0065 -0.012 0.0362
0.0072 -0.0086 0.0389
0.0052 -0.0099 0.0316
0.0056 -0.0111 0.0325
0.0061 -0.0109 0.037
0.0089 -0.0109 0.0362
0.0061 -0.0093 0.0316
0.0073 -0.0084 0.0316
0.0066 -0.01 0.0339
0.0071 -0.0106 0.0337
0.0061 -0.0109 0.0387
0.0074 -0.0115 0.0325
0.007 -0.0102 0.0351
0.0076 -0.0113 0.0363
0.0059 -0.0109 0.035
0.0076 -0.0113 0.0351
0.0082 -0.0098 0.0338
0.0076 -0.0092 0.036
0.0079 -0.0095 0.035
0.0064 -0.0091 0.0354
0.0064 -0.0091 0.0342
0.0076 -0.0092 0.034
0.0073 -0.0085 0.0259
0.007 -0.0082 0.0269
0.007 -0.0103 0.0259
0.0083 -0.0104 0.026
0.0086 -0.0106 0.025
0.008 -0.01 0.0287
0.0074 -0.0094 0.0285
0.0074 -0.0115 0.0275
0.0089 -0.0109 0.0262
0.0068 -0.0089 0.029
0.0058 -0.0095 0.0292
0.0067 -0.0084 0.0277
0.0067 -0.0084 0.0224
0.007 -0.0082 0.0232
0.0076 -0.0093 0.0215
0.0082 -0.0098 0.0213
0.0089 -0.0109 0.0226
0.0076 -0.0113 0.0213
0.0083 -0.0103 0.0228
0.0053 -0.0099 0.0259
0.005 -0.0101 0.0266
0.006 -0.0094 0.0209
0.0071 -0.0087 0.0211
0.0072 -0.0085 0.025
0.0089 -0.0109 0.0287
0.0052 -0.0099 0.025
0.0053 -0.0099 0.0241
0.0089 -0.0109 0.0238
0.0065 -0.012 0.0238
0.0065 -0.012 0.025
0.0067 -0.0105 0.0267
0.0067 -0.0105 0.0222
0.007 -0.0103 0.0229
0.0083 -0.0103 0.024
0.0069 -0.0103 0.025
0.0055 -0.0113 0.0209
0.007 -0.0103 0.0241
0.0073 -0.0085 0.0241
0.0061 -0.0109 0.023
0.0055 -0.0113 0.0292
0.007 -0.0084 0.0159
0.0057 -0.0111 0.0147
0.0072 -0.0113 0.0142
0.0076 -0.0117 0.0153
0.0074 -0.0088 0.017
0.0062 -0.0092 0.0182
0.0082 -0.0098 0.0188
0.0076 -0.0092 0.019
0.0069 -0.0082 0.0172
0.0071 -0.0112 0.0081
0.0057 -0.0111 0.0072
0.007 -0.0083 0.0084
0.0072 -0.0085 0.0074
0.0073 -0.0114 0.0072
0.0057 -0.0111 0.0182
0.0071 -0.0112 0.0112
0.0071 -0.0112 0.012
0.0058 -0.0111 0.006
0.0057 -0.0111 0.0049
0.0057 -0.0111 0.0014
0.0072 -0.0086 0.0026
0.0074 -0.0115 0.0012
0.0074 -0.0115 0.0047
0.007 -0.0084 0.0142
0.0073 -0.0114 0.013
0.0057 -0.0111 0.0129
0.0071 -0.0085 0.0129
0.007 -0.0083 0.0119
0.0072 -0.0113 0.006
0.0072 -0.0081 0.0097
0.0076 -0.0117 0.0188
0.0069 -0.0082 0.019
0.0064 -0.0091 0.0012
0.0072 -0.0081 0.0106
0.0072 -0.0083 0.005
0.0059 -0.011 0.0116
0.0074 -0.0085 0.0037
0.0059 -0.011 0.0086
0.0071 -0.0084 0.0062
0.0065 0.0106 0.0166
0.0065 0.0106 0.0117
0.0065 0.0106 0.0034
0.0065 0.0106 0.0084
0.0073 0.0101 0.025
0.0073 0.0101 0.0225
0.0073 0.0101 0.0275
0.0065 0.0106 0.0483
0.0065 0.0106 0.0434
0.0065 0.0106 0.0566
0.0073 0.0101 0.0516
0.0073 0.0101 0.0325
0.0073 0.0101 0.035
0.0073 0.0101 0.0375
0.0058 -0.0111 0.0539
0.0057 -0.0111 0.055
0.0072 -0.0113 0.054
0.0071 -0.0084 0.0561
0.0072 -0.0083 0.055
0.0074 -0.0115 0.0553
0.0072 -0.0086 0.0574
0.0064 -0.0091 0.0416
0.0057 -0.0112 0.0416
0.0075 -0.0116 0.0415
0.0074 -0.0087 0.0431
0.0083 -0.0096 0.0415
0.0057 -0.0111 0.0527
0.0071 -0.0112 0.0518
0.007 -0.0083 0.0516
0.0071 -0.0082 0.0506
0.0073 -0.0114 0.0528
0.0073 -0.0084 0.0537
0.0072 -0.0085 0.0525
0.0061 -0.0089 0.0502
0.0071 -0.0112 0.0478
0.0061 -0.0089 0.0493
0.0057 -0.0112 0.0451
0.0075 -0.0116 0.0449
0.0073 -0.0114 0.0466
0.0071 -0.0085 0.0448
0.0057 -0.0111 0.0585
0.0074 -0.0115 0.0588
0.0069 -0.0083 0.0478
0.0071 -0.0082 0.0489
0.0071 -0.0085 0.0465
0.0056 -0.0112 0.0468
0.0071 -0.0082 0.0497
0.0064 -0.0091 0.0588
0.0072 -0.0086 0.0417
0.0073 -0.0101 0.0498
0.0113 -0.0072 0.0548
0.0111 -0.0058 0.0548
0.0083 -0.0072 0.0551
0.0084 -0.007 0.0562
0.0112 -0.0056 0.056
0.0084 -0.0071 0.0539
0.0111 -0.0058 0.0536
0.0115 -0.0074 0.0561
0.0086 -0.0072 0.0575
0.0114 -0.0073 0.0535
0.0085 -0.0072 0.0527
0.0086 -0.0076 0.0438
0.0084 -0.0073 0.0454
0.0114 -0.0073 0.0458
0.011 -0.0059 0.0449
0.0116 -0.0075 0.0442
0.0111 -0.0058 0.0461
0.0084 -0.0072 0.0465
0.01 -0.0066 0.0493
0.0098 -0.0054 0.0493
0.0082 -0.0071 0.0487
0.0082 -0.0071 0.0498
0.0099 -0.0053 0.0503
0.0087 -0.0074 0.0425
0.0102 -0.0068 0.0512
0.0099 -0.0053 0.0513
0.0115 -0.0074 0.0588
0.0112 -0.0056 0.0587
0.0112 -0.0078 0.0499
0.01 -0.0066 0.0503
0.0099 -0.0053 0.0483
0.0082 -0.0071 0.0507
0.0102 -0.0068 0.0481
0.0091 -0.0064 0.0588
0.0083 -0.007 0.0517
0.0093 -0.0062 0.041
0.0098 -0.008 0.0415
0.0085 -0.0072 0.041
0.0114 -0.0073 0.0481
0.0111 -0.0057 0.0437
0.0084 -0.0073 0.0475
0.0111 -0.0057 0.041
0.0116 -0.0075 0.0415
0.0101 0.0073 0.025
0.0101 0.0073 0.0225
0.0101 0.0073 0.0275
0.0101 0.0073 0.0325
0.0101 0.0073 0.035
0.0101 0.0073 0.0375
0.0106 0.0065 0.0483
0.0106 0.0065 0.0434
0.0106 0.0065 0.0566
0.0101 0.0073 0.0516
0.0106 -0.007 0.0168
0.0111 -0.0058 0.0052
0.0112 -0.0056 0.004
0.0113 -0.0072 0.0052
0.0084 -0.007 0.0038
0.0083 -0.0072 0.0049
0.0098 -0.0054 0.0107
0.0099 -0.0053 0.0117
0.0085 -0.0072 0.0131
0.0102 -0.0068 0.0115
0.0084 -0.0074 0.0121
0.0111 -0.0058 0.0064
0.0083 -0.0071 0.0061
0.01 -0.0066 0.0106
0.0082 -0.0072 0.0112
0.0115 -0.0074 0.0039
0.0086 -0.0072 0.0025
0.0123 -0.0064 0.0157
0.0123 -0.0064 0.0184
0.0107 -0.0089 0.0184
0.0085 -0.0072 0.0073
0.0114 -0.0073 0.0065
0.0083 -0.0072 0.0155
0.0083 -0.0071 0.0143
0.0093 -0.0064 0.0161
0.0094 -0.0063 0.015
0.0096 -0.0077 0.0161
0.0112 -0.0078 0.0101
0.0107 -0.0089 0.0157
0.01 -0.0066 0.0097
0.0102 -0.0068 0.0088
0.0099 -0.0053 0.0097
0.0082 -0.0071 0.0101
0.0097 -0.0079 0.0148
0.0099 -0.0053 0.0087
0.0112 -0.0056 0.0013
0.0115 -0.0074 0.0012
0.0111 -0.0058 0.0139
0.0114 -0.0073 0.0138
0.0082 -0.0071 0.0093
0.01 -0.0054 0.0184
0.01 -0.0054 0.0161
0.0091 -0.0064 0.0012
0.0114 -0.0073 0.0115
0.0082 -0.0069 0.019
0.0114 -0.0073 0.0087
0.01 -0.0082 0.0172
0.0093 -0.0062 0.019
0.0093 -0.0075 0.019
0.0082 -0.0069 0.0179
0.0094 -0.0063 0.0173
0.0105 -0.0069 0.0184
0.0099 -0.0081 0.0188
0.0094 -0.0076 0.0174
0.0089 -0.0071 0.0167
0.0084 -0.0073 0.0083
0.0095 -0.0058 0.0293
0.0092 -0.0063 0.0294
0.0093 -0.0062 0.0286
0.0094 -0.0074 0.0285
0.0082 -0.0071 0.0271
0.0081 -0.0072 0.0279
0.0093 -0.0063 0.0215
0.0095 -0.006 0.0207
0.0091 -0.0065 0.0207
0.0111 -0.0057 0.0277
0.0099 -0.0053 0.0263
0.01 -0.0066 0.0263
0.01 -0.0052 0.0252
0.0082 -0.007 0.0261
0.0081 -0.0072 0.0222
0.0082 -0.0071 0.023
0.0094 -0.0075 0.0215
0.0099 -0.0054 0.0227
0.0101 -0.005 0.022
0.0111 -0.0058 0.0213
0.0085 -0.0072 0.0251
0.0083 -0.0075 0.0294
0.01 -0.0052 0.0238
0.0082 -0.007 0.0241
0.0083 -0.0075 0.0207
0.0104 -0.0083 0.026
0.0106 -0.0085 0.025
0.0109 -0.0089 0.0262
0.01 -0.0081 0.0213
0.0109 -0.0089 0.0226
0.0103 -0.0083 0.0228
0.0114 -0.0075 0.0213
0.01 -0.008 0.0287
0.0109 -0.0089 0.0287
0.0115 -0.0074 0.0275
0.0099 -0.0052 0.0283
0.0121 -0.0066 0.0226
0.0109 -0.0089 0.0238
0.0121 -0.0065 0.0252
0.0103 -0.0069 0.025
0.0104 -0.0083 0.024
0.0103 -0.0069 0.0238
0.0121 -0.0066 0.024
0.0102 -0.0071 0.0228
0.0093 -0.0062 0.0314
0.0095 -0.0058 0.0307
0.0092 -0.0063 0.0306
0.0082 -0.0071 0.0329
0.0081 -0.0072 0.0321
0.0094 -0.0074 0.0314
0.0095 -0.006 0.0392
0.0093 -0.0063 0.0385
0.0091 -0.0065 0.0393
0.0099 -0.0053 0.0337
0.01 -0.0066 0.0337
0.0111 -0.0057 0.0323
0.01 -0.0052 0.0348
0.0082 -0.007 0.0339
0.0094 -0.0075 0.0385
0.0082 -0.0071 0.037
0.0081 -0.0072 0.0378
0.0111 -0.0058 0.0387
0.0099 -0.0054 0.0373
0.01 -0.0066 0.0372
0.0101 -0.005 0.038
0.0085 -0.0072 0.0349
0.0083 -0.0075 0.0306
0.01 -0.0052 0.0362
0.0082 -0.007 0.0359
0.0106 -0.0086 0.035
0.0103 -0.0083 0.0339
0.0109 -0.0089 0.0338
0.0083 -0.0075 0.0393
0.01 -0.008 0.0313
0.0109 -0.0089 0.0313
0.0099 -0.0052 0.0317
0.012 -0.0066 0.0348
0.01 -0.0081 0.0387
0.0109 -0.0089 0.0374
0.0114 -0.0075 0.0387
0.0121 -0.0066 0.0374
0.0103 -0.0069 0.0362
0.0106 -0.0086 0.0362
0.0103 -0.0069 0.0348
0.0103 -0.0083 0.0372
0.0121 -0.0066 0.036
0.0117 -0.0071 0.032
0.0129 -0.0064 0.031
0.0129 -0.0064 0.0335
0.012 -0.0077 0.031
0.0117 -0.006 0.0333
0.0111 -0.0068 0.031
0.012 -0.0077 0.0335
0.0106 -0.0083 0.0323
0.01 -0.0077 0.0324
0.0106 0.0065 0.0166
0.0106 0.0065 0.0117
0.0106 0.0065 0.0034
0.0106 0.0065 0.0084
0.0121 0.0029 0.0275
0.0121 0.0029 0.0225
0.0121 0.0029 0.025
0.0121 0.0029 0.0325
0.0121 0.0029 0.035
0.0121 0.0029 0.0375
0.0123 -0.0019 0.0024
0.0123 -0.0019 0.0178
0.0123 -0.0019 0.0058
0.0123 -0.0019 0.0125
0.0134 -0.0024 0.0116
0.0134 -0.0024 0.0085
0.0123 -0.0019 0.0076
0.0123 -0.0019 0.0108
0.0123 -0.0019 0.0143
0.0109 -0.0024 0.0213
0.0135 -0.0024 0.0213
0.0135 -0.0024 0.0238
0.0109 -0.0024 0.0238
0.0135 -0.0024 0.0252
0.0109 -0.0024 0.0252
0.0135 -0.0024 0.0277
0.0123 -0.0019 0.0283
0.0109 -0.0024 0.0387
0.0135 -0.0024 0.0362
0.0109 -0.0024 0.0362
0.0109 -0.0024 0.0348
0.0135 -0.0024 0.0348
0.0135 -0.0024 0.0323
0.0123 -0.0019 0.0317
0.0123 -0.0019 0.0576
0.0123 -0.0019 0.0422
0.0123 -0.0019 0.0542
0.0123 -0.0019 0.0524
0.0134 -0.0024 0.0515
0.0134 -0.0024 0.0484
0.0123 -0.0019 0.0492
0.0123 -0.0019 0.0475
0.0123 -0.0019 0.0457
0.0123 0.0019 0.0166
0.0123 0.0019 0.0131
0.0121 0.0029 0.0086
0.0121 0.0029 0.0036
0.0123 0.0019 0.0434
0.0123 0.0019 0.0469
0.0121 0.0029 0.0514
0.0121 0.0029 0.0564
$EndNodes
$Elements
262 4602 1 4602
1 1 8 1
19 62 128 823
1 2 8 2
16 38 508 509
17 508 62 510
1 3 8 2
13 26 366 367
14 366 38 368
1 4 8 1
11 4 26 309
1 5 8 1
9 4 1 236
1 6 8 1
6 1 46 419
1 7 8 1
3 46 77 576
1 8 8 1
1 77 123 809
1 9 8 1
2 123 151 923
1 10 8 2
4 151 1207 1209
5 1207 200 1208
1 11 8 2
7 200 1310 1312
8 1310 223 1311
1 12 8 1
10 223 228 1345
1 13 8 1
12 216 228 1327
1 14 8 1
15 207 216 1280
1 15 8 1
18 161 207 1244
1 16 8 1
20 128 161 974
2 1 9 8
4559 87 2703 88 2704 2705 631
4560 95 2703 87 2706 2704 670
4561 88 2703 103 2705 2707 714
4562 111 2703 95 2708 2706 754
4563 103 2703 136 2707 2709 850
4564 134 2703 111 2710 2708 847
4565 135 2703 134 2711 2710 848
4566 136 2703 135 2709 2711 849
2 2 9 5
4581 83 2545 54 2546 2547 621
4582 54 2545 95 2547 2548 669
4583 110 2545 83 2549 2546 752
4584 95 2545 111 2548 2550 754
4585 111 2545 110 2550 2549 753
2 3 9 5
4571 35 2254 22 2255 2256 353
4572 22 2254 87 2256 2257 625
4573 54 2254 35 2258 2255 469
4574 95 2254 54 2259 2258 669
4575 87 2254 95 2257 2259 670
2 4 9 5
4545 22 2197 21 2198 2199 297
4546 21 2197 56 2199 2200 476
4547 87 2197 22 2201 2198 625
4548 56 2197 88 2200 2202 637
4549 88 2197 87 2202 2201 631
2 5 9 5
4535 56 2488 75 2489 2490 571
4536 88 2488 56 2491 2489 637
4537 75 2488 102 2490 2492 713
4538 103 2488 88 2493 2491 714
4539 102 2488 103 2492 2493 720
2 6 9 5
4540 103 2905 102 2906 2907 720
4541 102 2905 158 2907 2908 958
4542 136 2905 103 2909 2906 850
4543 168 2905 136 2910 2909 997
4544 158 2905 168 2908 2910 998
2 7 9 5
4550 135 3490 136 3491 3492 849
4551 192 3490 135 3493 3491 1161
4552 136 3490 168 3492 3494 997
4553 168 3490 195 3494 3495 1176
4554 195 3490 192 3495 3493 1175
2 8 9 5
4576 134 3457 135 3458 3459 848
4577 178 3457 134 3460 3458 1087
4578 135 3457 192 3459 3461 1161
4579 191 3457 178 3462 3460 1149
4580 192 3457 191 3461 3462 1155
2 9 9 5
4586 110 3267 111 3268 3269 753
4587 177 3267 110 3270 3268 1075
4588 111 3267 134 3269 3271 847
4589 134 3267 178 3271 3272 1087
4590 178 3267 177 3272 3270 1081
2 10 9 2
4599 110 83 84 752 603 2690
4600 131 110 84 835 2690 842
2 11 9 2
4595 83 54 52 621 453 2123
4596 83 52 84 2123 620 603
2 12 9 2
4591 35 33 52 345 446 1734
4592 54 35 52 469 1734 453
2 13 9 2
4567 22 24 33 305 342 1460
4568 35 22 33 353 1460 345
2 14 9 2
4555 21 23 22 301 1412 297
4556 22 23 24 1412 306 305
2 15 9 2
4531 21 57 23 1785 483 301
4532 56 57 21 481 1785 476
2 16 9 2
4527 75 57 56 2024 481 571
4528 75 72 57 572 563 2024
2 17 9 2
4523 102 72 75 2641 572 713
4524 120 72 102 803 2641 805
2 18 9 2
4525 157 120 102 957 805 2863
4526 157 102 158 2863 958 956
2 19 9 2
4529 203 157 158 1234 956 3762
4530 203 158 168 3762 998 1233
2 20 9 2
4533 203 168 195 1233 1176 3887
4534 220 203 195 1295 3887 1294
2 21 9 2
4557 220 195 192 1294 1175 3985
4558 231 220 192 1337 3985 1336
2 22 9 2
4569 225 192 191 4020 1155 1323
4570 231 192 225 1336 4020 1355
2 23 9 2
4593 204 191 178 3967 1149 1236
4594 225 191 204 1323 3967 1319
2 24 9 2
4597 204 178 177 1236 1081 3763
4598 204 177 179 3763 1095 1235
2 25 9 2
4601 179 110 131 3282 835 1094
4602 179 177 110 1095 1075 3282
2 26 9 7
4511 606 81 132 610 843 2691
4512 84 604 131 607 2692 842
4513 604 837 131 2693 840 2692
4514 606 132 836 2691 838 2694
4515 605 837 604 2695 2693 608
4516 606 836 605 2694 2696 609
4517 605 836 837 2696 839 2695
2 27 9 8
4499 51 81 606 592 610 2124
4500 441 51 606 445 2124 2125
4501 52 604 84 2126 607 620
4502 52 439 604 442 2127 2126
4503 440 605 439 2128 2129 443
4504 439 605 604 2129 608 2127
4505 441 605 440 2130 2128 444
4506 441 606 605 2125 609 2130
2 28 9 7
4488 51 441 32 445 1673 438
4489 441 338 32 1674 341 1673
4490 52 33 439 446 1675 442
4491 439 33 337 1675 339 1676
4492 440 337 338 1677 340 1678
4493 440 439 337 443 1676 1677
4494 440 338 441 1678 1674 444
2 29 9 5
4478 338 14 32 1449 336 341
4479 338 302 14 1450 304 1449
4480 337 33 24 339 342 1451
4481 337 24 302 1451 303 1452
4482 337 302 338 1452 1450 340
2 30 9 4
4467 14 298 11 1413 300 255
4468 14 302 298 304 1414 1413
4469 24 23 302 306 1415 303
4470 302 23 298 1415 299 1414
2 31 9 4
4455 11 298 58 300 1786 482
4456 23 57 477 483 478 1787
4457 23 477 298 1787 1788 299
4458 298 477 58 1788 479 1786
2 32 9 4
4444 72 477 57 2015 478 563
4445 559 73 58 561 562 2016
4446 559 58 477 2016 479 2017
4447 559 477 72 2017 2015 560
2 33 9 4
4435 799 72 120 2637 803 800
4436 799 559 72 2638 560 2637
4437 121 73 559 802 561 2639
4438 799 121 559 801 2639 2638
2 34 9 5
4439 157 944 120 946 2853 957
4440 944 799 120 2854 800 2853
4441 945 149 121 948 919 2855
4442 945 121 799 2855 801 2856
4443 945 799 944 2856 2854 947
2 35 9 7
4448 201 149 1226 1217 3756 1229
4449 1226 149 945 3756 948 3757
4450 203 1228 157 1232 3758 1234
4451 1228 944 157 3759 946 3758
4452 1227 945 944 3760 947 3761
4453 1227 944 1228 3761 3759 1231
4454 1227 1226 945 1230 3757 3760
2 36 9 8
4459 201 1298 221 3907 1302 1304
4460 1226 1298 201 3908 3907 1229
4461 203 220 1296 1295 1299 3909
4462 203 1296 1228 3909 3910 1232
4463 1226 1227 1297 1230 3911 3912
4464 1226 1297 1298 3912 1301 3908
4465 1227 1228 1297 1231 3913 3911
4466 1228 1296 1297 3910 1300 3913
2 37 9 7
4471 220 231 1296 1337 3992 1299
4472 1298 226 221 3993 1343 1302
4473 1298 1339 226 3994 1342 3993
4474 1296 231 1338 3992 1340 3995
4475 1297 1296 1338 1300 3995 3996
4476 1298 1297 1339 1301 3997 3994
4477 1297 1338 1339 3996 1341 3997
2 38 9 5
4483 226 1339 214 1342 4016 1324
4484 1339 1320 214 4017 1322 4016
4485 231 225 1338 1355 4018 1340
4486 1338 225 1320 4018 1321 4019
4487 1339 1338 1320 1341 4019 4017
2 39 9 4
4495 225 204 1238 1319 1239 3964
4496 214 1320 205 1322 3965 1277
4497 1320 1238 205 3966 1240 3965
4498 225 1238 1320 3964 3966 1321
2 40 9 4
4507 179 1238 204 3764 1239 1235
4508 179 1097 1238 1098 3765 3764
4509 1097 180 205 1099 1237 3766
4510 1097 205 1238 3766 1240 3765
2 41 9 5
4518 131 837 179 840 3283 1094
4519 132 180 836 1096 3284 838
4520 837 1097 179 3285 1098 3283
4521 836 180 1097 3284 1099 3286
4522 837 836 1097 839 3286 3285
2 42 9 2
4431 81 80 132 591 2698 843
4432 80 133 132 844 845 2698
2 43 9 5
4424 60 2046 51 2047 2048 493
4425 51 2046 81 2048 2049 592
4426 588 2046 60 2050 2047 589
4427 81 2046 80 2049 2051 591
4428 80 2046 588 2051 2050 590
2 44 9 5
4417 36 1797 32 1798 1799 355
4418 32 1797 51 1799 1800 438
4419 490 1797 36 1801 1798 491
4420 51 1797 60 1800 1802 493
4421 60 1797 490 1802 1801 492
2 45 9 2
4413 32 14 13 336 254 1467
4414 32 13 36 1467 354 355
2 46 9 2
4409 13 11 12 1370 252 253
4410 14 11 13 255 1370 254
2 47 9 2
4402 11 59 12 1789 485 252
4403 11 58 59 482 484 1789
2 48 9 2
4395 73 59 58 2029 484 562
4396 76 59 73 574 2029 573
2 49 9 2
4391 121 76 73 2646 573 802
4392 122 76 121 807 2646 806
2 50 9 2
4393 149 122 121 2816 806 919
4394 150 122 149 921 2816 920
2 51 9 5
4397 149 3664 150 3665 3666 920
4398 201 3664 149 3667 3665 1217
4399 150 3664 1219 3666 3668 1221
4400 202 3664 201 3669 3667 1218
4401 1219 3664 202 3668 3669 1220
2 52 9 5
4404 201 3914 202 3915 3916 1218
4405 221 3914 201 3917 3915 1304
4406 202 3914 1306 3916 3918 1308
4407 222 3914 221 3919 3917 1305
4408 1306 3914 222 3918 3919 1307
2 53 9 2
4411 221 226 222 1343 3998 1305
4412 222 226 227 3998 1326 1344
2 54 9 2
4415 226 214 215 1324 1279 3972
4416 227 226 215 1326 3972 1325
2 55 9 2
4422 215 205 206 3866 1243 1278
4423 214 205 215 1277 3866 1279
2 56 9 2
4429 180 181 205 1103 3772 1237
4430 181 206 205 1242 1243 3772
2 57 9 2
4433 132 133 180 845 3293 1096
4434 133 181 180 1101 1103 3293
2 58 9 2
4387 80 62 133 593 2699 844
4388 62 128 133 823 846 2699
2 59 9 4
4381 60 38 588 494 2052 589
4382 38 508 588 509 2053 2052
4383 508 62 80 510 593 2054
4384 588 508 80 2053 2054 590
2 60 9 4
4375 366 36 26 1803 356 367
4376 490 36 366 491 1803 1804
4377 60 490 38 492 1805 494
4378 38 490 366 1805 1804 368
2 61 9 2
4371 36 13 4 354 257 1468
4372 36 4 26 1468 309 356
2 62 9 2
4367 4 12 1 1371 256 236
4368 13 12 4 253 1371 257
2 63 9 2
4361 12 46 1 1790 419 256
4362 12 59 46 485 486 1790
2 64 9 2
4355 76 46 59 2030 486 574
4356 77 46 76 576 2030 575
2 65 9 2
4351 122 77 76 2647 575 807
4352 123 77 122 809 2647 808
2 66 9 2
4353 150 123 122 2817 808 921
4354 151 123 150 923 2817 922
2 67 9 4
4357 1219 151 150 3670 922 1221
4358 1207 151 1219 1209 3670 3671
4359 202 200 1207 1222 1208 3672
4360 202 1207 1219 3672 3671 1220
2 68 9 4
4363 202 1310 200 3920 1312 1222
4364 202 1306 1310 1308 3921 3920
4365 1306 222 223 1307 1309 3922
4366 1310 1306 223 3921 3922 1311
2 69 9 2
4369 222 227 223 1344 3999 1309
4370 223 227 228 3999 1328 1345
2 70 9 2
4373 227 215 216 1325 1281 3973
4374 228 227 216 1328 3973 1327
2 71 9 2
4379 216 206 207 3867 1245 1280
4380 215 206 216 1278 3867 1281
2 72 9 2
4385 181 161 206 1102 3773 1242
4386 161 207 206 1244 1245 3773
2 73 9 2
4389 133 128 181 846 3292 1101
4390 128 161 181 974 1102 3292
2 74 9 2
4347 62 61 128 507 2666 823
4348 61 127 128 821 822 2666
2 75 9 4
4341 38 37 504 365 505 1863
4342 38 504 508 1863 1864 509
4343 508 61 62 1865 507 510
4344 504 61 508 506 1865 1864
2 76 9 4
4335 362 26 25 1481 308 363
4336 366 26 362 367 1481 1482
4337 38 366 37 368 1483 365
4338 37 366 362 1483 1482 364
2 77 9 2
4331 26 4 3 309 235 1416
4332 26 3 25 1416 307 308
2 78 9 2
4327 3 1 2 1357 233 234
4328 4 1 3 236 1357 235
2 79 9 2
4321 1 45 2 1651 417 233
4322 1 46 45 419 418 1651
2 80 9 2
4315 77 45 46 2038 418 576
4316 79 45 77 583 2038 582
2 81 9 2
4311 123 79 77 2653 582 809
4312 125 79 123 813 2653 814
2 82 9 2
4313 151 125 123 2833 814 923
4314 154 125 151 933 2833 936
2 83 9 4
4317 1202 154 151 1204 936 3619
4318 1207 1202 151 3620 3619 1209
4319 200 198 1207 1210 3621 1208
4320 198 1202 1207 1203 3620 3621
2 84 9 4
4323 200 1315 198 3943 1317 1210
4324 200 1310 1315 1312 3944 3943
4325 1310 223 224 1311 1314 3945
4326 1315 1310 224 3944 3945 1316
2 85 9 2
4329 223 228 224 1345 4001 1314
4330 224 228 229 4001 1332 1346
2 86 9 2
4333 228 216 217 1327 1285 3979
4334 229 228 217 1332 3979 1331
2 87 9 2
4339 217 207 210 3873 1255 1284
4340 216 207 217 1280 3873 1285
2 88 9 2
4345 161 162 207 976 3787 1244
4346 162 210 207 1254 1255 3787
2 89 9 2
4349 128 127 161 822 2881 974
4350 127 162 161 975 976 2881
2 90 9 2
4307 61 63 127 512 2667 821
4308 63 129 127 824 825 2667
2 91 9 5
4300 39 1866 37 1867 1868 370
4301 37 1866 504 1868 1869 505
4302 63 1866 39 1870 1867 511
4303 61 1866 63 1871 1870 512
4304 504 1866 61 1869 1871 506
2 92 9 5
4293 27 1484 25 1485 1486 311
4294 25 1484 362 1486 1487 363
4295 39 1484 27 1488 1485 369
4296 37 1484 39 1489 1488 370
4297 362 1484 37 1487 1489 364
2 93 9 2
4289 25 3 6 307 239 1417
4290 25 6 27 1417 310 311
2 94 9 2
4285 3 2 6 234 1358 239
4286 6 2 5 1358 237 238
2 95 9 2
4278 2 44 5 1650 416 237
4279 2 45 44 417 415 1650
2 96 9 2
4271 79 44 45 2039 415 583
4272 68 44 79 549 2039 584
2 97 9 2
4267 125 68 79 2652 584 813
4268 124 68 125 812 2652 811
2 98 9 2
4269 154 124 125 2832 811 933
4270 155 124 154 935 2832 934
2 99 9 5
4273 154 3613 155 3614 3615 934
4274 1202 3613 154 3616 3614 1204
4275 155 3613 199 3615 3617 1206
4276 199 3613 198 3617 3618 1205
4277 198 3613 1202 3618 3616 1203
2 100 9 5
4280 198 3946 199 3947 3948 1205
4281 1315 3946 198 3949 3947 1317
4282 199 3946 212 3948 3950 1267
4283 212 3946 224 3950 3951 1318
4284 224 3946 1315 3951 3949 1316
2 101 9 2
4287 224 229 212 1346 4002 1318
4288 212 229 230 4002 1334 1347
2 102 9 2
4291 229 217 218 1331 1287 3980
4292 230 229 218 1334 3980 1333
2 103 9 2
4298 218 210 208 3874 1256 1286
4299 217 210 218 1284 3874 1287
2 104 9 2
4305 162 163 210 978 3788 1254
4306 163 208 210 1247 1256 3788
2 105 9 2
4309 127 129 162 825 2882 975
4310 129 163 162 977 978 2882
2 106 9 7
4255 63 526 129 529 2678 824
4256 528 66 130 532 834 2679
4257 526 828 129 2680 830 2678
4258 528 130 829 2679 832 2681
4259 527 828 526 2682 2680 530
4260 528 829 527 2681 2683 531
4261 527 829 828 2683 831 2682
2 107 9 8
4243 39 526 63 1948 529 511
4244 39 391 526 394 1949 1948
4245 42 66 528 543 532 1950
4246 393 42 528 397 1950 1951
4247 392 527 391 1952 1953 395
4248 391 527 526 1953 530 1949
4249 393 528 392 1951 1954 396
4250 392 528 527 1954 531 1952
2 108 9 7
4232 39 27 391 369 1560 394
4233 391 27 322 1560 324 1561
4234 42 393 30 397 1562 390
4235 393 323 30 1563 326 1562
4236 392 322 323 1564 325 1565
4237 392 391 322 395 1561 1564
4238 392 323 393 1565 1563 396
2 109 9 5
4222 322 27 6 324 310 1432
4223 322 6 284 1432 285 1433
4224 323 20 30 1434 321 326
4225 323 284 20 1435 286 1434
4226 322 284 323 1433 1435 325
2 110 9 4
4211 6 5 278 238 279 1396
4212 6 278 284 1396 1397 285
4213 20 284 19 286 1398 282
4214 284 278 19 1397 280 1398
2 111 9 4
4199 5 44 278 416 1670 279
4200 19 433 50 1671 435 437
4201 19 278 433 280 1672 1671
4202 278 44 433 1670 434 1672
2 112 9 4
4188 545 44 68 2001 549 546
4189 545 433 44 2002 434 2001
4190 69 50 433 548 435 2003
4191 545 69 433 547 2003 2002
2 113 9 4
4179 124 545 68 2658 546 812
4180 816 126 69 818 819 2659
4181 816 69 545 2659 547 2660
4182 816 545 124 2660 2658 817
2 114 9 5
4183 155 959 124 961 2870 935
4184 959 816 124 2871 817 2870
4185 960 159 126 963 972 2872
4186 960 126 816 2872 818 2873
4187 960 816 959 2873 2871 962
2 115 9 7
4192 199 1257 155 1260 3832 1206
4193 1257 959 155 3833 961 3832
4194 211 159 1259 1265 3834 1263
4195 1259 159 960 3834 963 3835
4196 1258 960 959 3836 962 3837
4197 1258 959 1257 3837 3833 1261
4198 1258 1259 960 1262 3835 3836
2 116 9 8
4203 199 212 1268 1267 1271 3859
4204 199 1268 1257 3859 3860 1260
4205 211 1270 213 3861 1274 1276
4206 1259 1270 211 3862 3861 1263
4207 1258 1257 1269 1261 3863 3864
4208 1257 1268 1269 3860 1272 3863
4209 1259 1258 1270 1262 3865 3862
4210 1258 1269 1270 3864 1273 3865
2 117 9 7
4215 212 230 1268 1347 4010 1271
4216 1270 232 213 4011 1354 1274
4217 1268 230 1349 4010 1352 4012
4218 1270 1348 232 4013 1350 4011
4219 1269 1268 1349 1272 4012 4014
4220 1270 1269 1348 1273 4015 4013
4221 1269 1349 1348 4014 1351 4015
2 118 9 5
4227 230 218 1349 1333 4021 1352
4228 1349 218 1290 4021 1291 4022
4229 232 1348 219 1350 4023 1356
4230 1348 1290 219 4024 1292 4023
4231 1348 1349 1290 1351 4022 4024
2 119 9 4
4239 218 208 1290 1286 3879 1291
4240 1290 208 1250 3879 1251 3880
4241 219 1250 209 3881 1252 1289
4242 219 1290 1250 1292 3880 3881
2 120 9 4
4251 163 987 208 988 3779 1247
4252 166 209 1250 1249 1252 3780
4253 987 166 1250 989 3780 3781
4254 987 1250 208 3781 1251 3779
2 121 9 5
4262 129 828 163 830 2891 977
4263 130 166 829 986 2892 832
4264 828 987 163 2893 988 2891
4265 829 166 987 2892 989 2894
4266 828 829 987 831 2894 2893
2 122 9 8
4135 93 2785 94 2787 2786 657
4136 99 2785 93 2788 2787 704
4137 94 2785 109 2786 2789 740
4138 119 2785 99 2790 2788 798
4139 109 2785 148 2789 2791 901
4140 146 2785 119 2792 2790 898
4141 147 2785 146 2793 2792 899
4142 148 2785 147 2791 2793 900
2 123 9 5
4157 67 2631 43 2633 2632 544
4158 43 2631 99 2632 2634 703
4159 118 2631 67 2635 2633 786
4160 99 2631 119 2634 2636 798
4161 119 2631 118 2636 2635 797
2 124 9 5
4147 31 2461 18 2463 2462 328
4148 18 2461 93 2462 2464 656
4149 43 2461 31 2465 2463 399
4150 99 2461 43 2466 2465 703
4151 93 2461 99 2464 2466 704
2 125 9 5
4121 18 2233 17 2235 2234 272
4122 17 2233 49 2234 2236 432
4123 93 2233 18 2237 2235 656
4124 49 2233 94 2236 2238 658
4125 94 2233 93 2238 2237 657
2 126 9 5
4111 49 2524 70 2526 2525 550
4112 94 2524 49 2527 2526 658
4113 70 2524 108 2525 2528 739
4114 109 2524 94 2529 2527 740
4115 108 2524 109 2528 2529 741
2 127 9 5
4116 109 3222 108 3224 3223 741
4117 108 3222 160 3223 3225 973
4118 148 3222 109 3226 3224 901
4119 172 3222 148 3227 3226 1048
4120 160 3222 172 3225 3227 1064
2 128 9 5
4126 147 3430 148 3432 3431 900
4127 187 3430 147 3433 3432 1129
4128 148 3430 172 3431 3434 1048
4129 172 3430 188 3434 3435 1145
4130 188 3430 187 3435 3433 1135
2 129 9 5
4152 146 3597 147 3599 3598 899
4153 182 3597 146 3600 3599 1105
4154 147 3597 187 3598 3601 1129
4155 197 3597 182 3602 3600 1195
4156 187 3597 197 3601 3602 1196
2 130 9 5
4162 118 3297 119 3299 3298 797
4163 167 3297 118 3300 3299 990
4164 119 3297 146 3298 3301 898
4165 146 3297 182 3301 3302 1105
4166 182 3297 167 3302 3300 1104
2 131 9 2
4175 118 67 66 786 533 2684
4176 130 118 66 833 2684 834
2 132 9 2
4171 67 43 42 544 398 1955
4172 67 42 66 1955 543 533
2 133 9 2
4167 31 30 42 327 390 1566
4168 43 31 42 399 1566 398
2 134 9 2
4143 18 20 30 283 321 1436
4144 31 18 30 328 1436 327
2 135 9 2
4131 17 19 18 281 1391 272
4132 18 19 20 1391 282 283
2 136 9 2
4107 17 50 19 1669 437 281
4108 49 50 17 436 1669 432
2 137 9 2
4103 70 50 49 2004 436 550
4104 70 69 50 551 548 2004
2 138 9 2
4099 70 108 69 739 2661 551
4100 108 126 69 820 819 2661
2 139 9 2
4101 159 126 108 972 820 2874
4102 159 108 160 2874 973 964
2 140 9 2
4105 211 159 160 1265 964 3838
4106 211 160 172 3838 1064 1264
2 141 9 2
4109 211 172 188 1264 1145 3858
4110 213 211 188 1276 3858 1275
2 142 9 2
4133 213 188 187 1275 1135 4009
4134 232 213 187 1354 4009 1353
2 143 9 2
4145 219 187 197 4025 1196 1293
4146 232 187 219 1353 4025 1356
2 144 9 2
4169 209 197 182 3882 1195 1253
4170 219 197 209 1293 3882 1289
2 145 9 2
4173 209 167 166 3782 991 1249
4174 209 182 167 1253 1104 3782
2 146 9 2
4177 166 118 130 2895 833 986
4178 166 167 118 991 990 2895
3 1 11 71
3486 867 2703 103 716 4965 2707 2739 2740 719 4966
3487 2703 867 136 135 4965 871 2709 2711 849 2731
3488 671 2703 95 111 4967 2706 674 2563 754 2708
3489 2703 632 103 716 4968 2479 2707 4966 719 2481
3490 103 2703 867 136 2707 4965 2739 850 871 2709
3491 95 87 2703 671 670 2704 2706 674 4967 2310
3492 134 111 2703 856 847 2708 2710 859 4969 2721
3493 856 2703 134 135 4969 2710 859 2726 848 2711
3494 632 103 88 2703 2479 714 634 4968 2705 2707
3495 632 88 87 2703 634 631 2189 4968 2704 2705
3496 2712 138 139 865 2720 853 2718 4970 868 2733
3497 96 673 113 2712 677 2564 767 2715 2717 4971
3498 96 85 673 2712 681 2308 677 2715 4971 2714
3499 139 101 2712 865 854 2716 2718 868 4970 2737
3500 2712 137 138 855 2719 852 2720 4972 2728 857
3501 113 137 2712 855 851 2719 2717 2723 4972 857
3502 633 85 86 2712 2187 623 636 4973 2713 2714
3503 86 101 633 2712 706 2478 636 2713 4973 2716
3504 626 716 633 632 4974 2482 2191 2190 635 2481
3505 762 855 861 856 2725 2730 4975 2722 2727 858
3506 865 633 101 2712 4978 2478 2737 4970 2716 4973
3507 101 633 865 715 2478 4978 2737 717 2738 2480
3508 866 672 865 860 4977 4980 869 2735 2734 4982
3509 673 672 865 627 676 4980 4983 2309 4981 2313
3510 87 626 2703 671 628 4984 2704 2310 4967 2311
3511 87 2703 626 632 2704 4984 628 2189 2190 4968
3512 716 626 2703 632 4974 4984 4966 2481 4968 2190
3513 2712 113 761 673 2717 763 4985 4971 2566 2564
3514 761 113 2712 855 763 2717 4985 2724 4972 2723
3515 761 2712 860 855 4985 4986 4987 2724 2729 4972
3516 138 2712 860 865 2720 4986 862 2733 2734 4970
3517 138 860 2712 855 862 4986 2720 2728 4972 2729
3518 627 865 2712 633 4981 4970 4988 2188 4973 4978
3519 2712 865 627 673 4970 4981 4988 4971 2309 4983
3520 2712 85 627 633 2714 630 4988 4973 2188 2187
3521 627 85 2712 673 630 2714 4988 2309 4971 2308
3522 111 2703 762 671 2708 4989 765 2563 2565 4967
3523 111 762 2703 856 765 4989 2708 2721 4969 2722
3524 762 855 860 861 2725 2729 4990 4975 863 2730
3525 860 855 762 761 2729 2725 4990 4987 764 2724
3526 762 672 860 761 2567 4982 4990 764 4987 2568
3527 866 860 762 672 2735 4990 4991 4977 2567 4982
3528 762 860 866 861 4990 2735 4991 4975 2736 863
3529 762 716 866 672 4979 2741 4991 2567 4977 4976
3530 2703 762 861 856 4989 4975 4992 4969 2727 2722
3531 2703 135 861 867 2711 864 4992 4965 2732 2731
3532 861 135 2703 856 864 2711 4992 2727 4969 2726
3533 860 2712 673 865 4986 4971 4993 2734 4983 4970
3534 673 2712 860 761 4971 4986 4993 2566 4987 4985
3535 673 672 860 865 676 4982 4993 4983 2734 4980
3536 860 672 673 761 4982 676 4993 4987 2566 2568
3537 627 633 626 4994 2188 2191 629 4995 4996 4997
3538 672 627 626 4994 2313 629 2312 4998 4996 4995
3539 626 633 716 4994 2191 2482 4974 4996 4999 4997
3540 716 672 626 4994 4976 2312 4974 4999 4996 4998
3541 672 716 866 4994 4976 2741 4977 4998 5000 4999
3542 861 716 2703 867 5001 4966 4992 2732 4965 2740
3543 861 2703 716 762 4992 4966 5001 4975 4979 4989
3544 861 866 716 867 2736 2741 5001 2732 2740 870
3545 861 716 866 762 5001 2741 2736 4975 4991 4979
3546 762 626 672 671 5002 2312 2567 2565 675 2311
3547 762 672 626 716 2567 2312 5002 4979 4974 4976
3548 2703 626 762 671 4984 5002 4989 4967 2565 2311
3549 2703 762 626 716 4989 5002 4984 4966 4974 4979
3550 4994 672 865 866 4998 4980 5003 5000 869 4977
3551 4994 865 672 627 5003 4980 4998 4995 2313 4981
3552 4994 633 865 627 4997 4978 5003 4995 4981 2188
3553 4994 715 716 866 5004 718 4999 5000 2741 2742
3554 4994 716 715 633 4999 718 5004 4997 2480 2482
3555 865 715 4994 866 2738 5004 5003 869 5000 2742
3556 865 4994 715 633 5003 5004 2738 4978 2480 4997
3 2 11 98
3718 2265 2266 2135 612 2290 4740 4741 4742 2171 4743
3719 2265 2261 672 613 2293 2301 2304 4744 4745 4746
3720 2265 2135 2134 613 4741 2159 4747 4744 2174 2170
3721 2266 2265 672 612 2290 2304 2303 4743 4748 4742
3722 672 2260 2266 612 2299 2287 2303 4748 4743 4749
3723 2138 2268 2545 611 4750 4751 4752 2147 4753 4754
3724 2265 2135 613 612 4741 2170 4744 4742 617 2171
3725 2268 671 2545 611 2275 4755 4751 4754 4753 4756
3726 2261 613 2132 614 4746 2173 4757 4758 2172 618
3727 2545 95 671 2268 2548 674 4755 4751 2275 2273
3728 614 2131 2263 2569 2146 4761 4759 4762 4763 4764
3729 2263 2267 2131 2262 2307 4765 4761 2306 4766 2297
3730 613 672 2265 612 4745 2304 4744 617 4742 4748
3731 611 2133 2260 612 2168 4767 4768 616 4749 2167
3732 2268 2264 671 611 2281 2300 2275 4754 4756 4769
3733 2131 614 2263 2262 2146 4759 4761 4766 2306 4760
3734 614 2131 2136 2262 2146 2166 2175 4760 4770 4766
3735 613 761 672 612 4771 2568 4745 617 4748 4772
3736 2264 2260 671 611 2284 2298 2300 4769 4756 4768
3737 671 762 2545 611 2565 4774 4755 4756 4753 4775
3738 761 672 2261 613 2568 2301 4776 4771 4746 4745
3739 2545 762 671 111 4774 2565 4755 2550 2563 765
3740 612 613 761 756 617 4771 4772 2557 2561 2556
3741 671 95 2545 111 674 2548 4755 2563 2550 754
3742 2260 672 762 612 2299 2567 4777 4749 4778 4748
3743 761 762 672 612 764 2567 2568 4772 4748 4778
3744 2268 2545 54 2138 4751 2547 2272 4750 2143 4752
3745 2131 614 82 2569 2146 619 2145 4764 2571 4762
3746 613 2261 761 614 4746 4776 4771 618 4779 4758
3747 757 762 611 110 2559 4775 2553 760 2552 2558
3748 2545 54 95 2268 2547 669 2548 4751 2273 2272
3749 2138 2545 83 611 4752 2546 2142 2147 615 4753
3750 53 460 2131 2267 468 2139 2140 2269 4765 2270
3751 460 2131 2267 2262 2139 4765 2270 2294 2297 4766
3752 2136 2131 460 2262 2166 2139 2164 4770 2294 4766
3753 2263 96 673 113 2277 677 2276 4780 2564 767
3754 761 612 756 757 4772 2557 2561 2562 759 2555
3755 614 112 82 2569 2551 755 619 4762 2571 2572
3756 612 761 762 757 4772 764 4778 2555 2559 2562
3757 2260 762 611 612 4777 4775 4768 4749 616 4778
3758 600 53 2267 678 601 2269 4773 2570 2271 680
3759 2263 96 113 2569 2277 767 4780 4763 2574 2575
3760 762 671 2260 611 2565 2298 4777 4775 4768 4756
3761 2135 457 2265 2134 2155 2289 4741 2159 4747 2157
3762 672 673 761 2261 676 2566 2568 2301 4776 2302
3763 2264 454 455 2137 2280 462 2279 4781 2149 2148
3764 2131 600 53 2267 2141 601 2140 4765 2269 4773
3765 611 2545 83 110 4753 2546 615 2552 752 2549
3766 2268 54 454 2138 2272 461 2274 4750 2144 2143
3767 2133 456 2266 2135 2152 2286 4782 2156 4740 2154
3768 762 671 672 2260 2565 675 2567 4777 2299 2298
3769 83 54 2545 2138 621 2547 2546 2142 4752 2143
3770 455 456 2260 2133 463 2282 2283 2151 4767 2152
3771 456 2266 2260 2133 2286 2287 2282 2152 4767 4782
3772 458 2265 457 2134 2288 2289 465 2158 2157 4747
3773 459 2136 460 2262 2163 2164 467 2295 2294 4770
3774 2265 2266 457 2135 2290 2285 2289 4741 2155 4740
3775 2261 458 459 2132 2292 466 2291 4757 2161 2160
3776 96 2263 678 2569 2277 2278 679 2575 2576 4763
3777 82 600 2131 2569 602 2141 2145 2571 4764 2573
3778 613 761 756 614 4771 2561 2556 618 2554 4779
3779 612 762 611 757 4778 4775 616 2555 2553 2559
3780 456 457 2266 2135 464 2285 2286 2154 4740 2155
3781 761 614 2263 2569 4779 4759 4783 4784 4763 4762
3782 761 113 2263 673 763 4780 4783 2566 2276 2564
3783 2263 113 761 2569 4780 763 4783 4763 4784 2574
3784 455 2137 2260 2264 2149 4785 2283 2279 2284 4781
3785 455 2260 2137 2133 2283 4785 2149 2151 2153 4767
3786 611 2260 2137 2264 4768 4785 2169 4769 4781 2284
3787 611 2137 2260 2133 2169 4785 4768 2168 4767 2153
3788 459 2136 2261 2132 2163 4786 2291 2161 4757 2165
3789 459 2261 2136 2262 2291 4786 2163 2295 4770 2296
3790 614 2261 2136 2132 4758 4786 2175 2172 2165 4757
3791 614 2136 2261 2262 2175 4786 4758 4760 2296 4770
3792 454 2137 2268 2138 2148 4787 2274 2144 4750 2150
3793 454 2268 2137 2264 2274 4787 2148 2280 4781 2281
3794 611 2268 2137 2138 4754 4787 2169 2147 2150 4750
3795 611 2137 2268 2264 2169 4787 4754 4769 2281 4781
3796 2265 613 2132 2261 4744 2173 4788 2293 4757 4746
3797 2132 613 2265 2134 2173 4744 4788 2162 4747 2174
3798 2132 458 2265 2261 2160 2288 4788 4757 2293 2292
3799 2265 458 2132 2134 2288 2160 4788 4747 2162 2158
3800 2266 612 2133 2135 4743 2167 4782 4740 2156 2171
3801 2133 612 2266 2260 2167 4743 4782 4767 2287 4749
3802 110 2545 762 611 2549 4774 2558 2552 4775 4753
3803 762 2545 110 111 4774 2549 2558 765 753 2550
3804 761 2569 756 614 4784 4789 2561 4779 2554 4762
3805 761 756 2569 113 2561 4789 4784 763 2574 2560
3806 112 756 2569 614 758 4789 2572 2551 4762 2554
3807 112 2569 756 113 2572 4789 758 766 2560 2574
3808 600 2263 678 2267 4790 2278 2570 4773 2271 2307
3809 600 678 2263 2569 2570 2278 4790 2573 4763 2576
3810 2131 2263 600 2267 4761 4790 2141 4765 4773 2307
3811 2131 600 2263 2569 2141 4790 4761 4764 4763 2573
3812 2262 2261 761 673 2296 4776 4791 2305 2566 2302
3813 2262 761 2261 614 4791 4776 2296 4760 4758 4779
3814 2263 2262 761 673 2306 4791 4783 2276 2566 2305
3815 2263 761 2262 614 4783 4791 2306 4759 4760 4779
3 3 11 93
3591 347 1739 2261 2265 1759 4520 4521 4522 2293 4523
3592 1741 346 2254 2268 1747 4524 4525 4526 4527 4528
3593 347 1739 1737 2261 1759 1760 1755 4521 4529 4520
3594 347 1736 1738 2266 1751 1757 1758 4530 4531 4532
3595 348 2263 2262 1735 4533 2306 4534 1742 4535 4536
3596 347 672 2260 2266 4537 2299 4538 4530 2287 2303
3597 2314 2263 348 1735 4539 4533 4540 4541 1742 4536
3598 1736 347 2260 2266 1751 4538 4542 4532 2287 4530
3599 673 348 2263 2262 4543 4533 2276 2305 2306 4534
3600 671 2254 346 2268 4544 4524 4545 2275 4528 4527
3601 2265 672 347 2266 2304 4537 4522 2290 4530 2303
3602 2264 671 346 2268 2300 4545 4546 2281 4528 2275
3603 95 2254 671 2268 2259 4544 674 2273 2275 4527
3604 2267 2263 2314 1735 2307 4539 4547 4548 4541 4536
3605 672 626 347 2260 2312 4549 4537 2299 4538 4550
3606 626 292 346 2254 2185 1464 4551 4552 4524 4553
3607 2267 2314 450 1735 4547 2318 4554 4548 1744 4541
3608 2254 346 626 671 4524 4551 4552 4544 2311 4545
3609 22 346 292 2254 1463 1464 294 2256 4553 4524
3610 1741 346 35 2254 1747 349 1746 4525 2255 4524
3611 626 87 292 2254 628 2183 2185 4552 4553 2257
3612 348 34 2314 1735 352 2316 4540 1742 4541 1743
3613 292 87 22 2254 2183 625 294 4553 2256 2257
3614 53 450 460 2267 452 1748 468 2269 2270 4554
3615 673 627 85 2314 2309 630 2308 4555 2317 4556
3616 2254 626 87 671 4552 628 2257 4544 2310 2311
3617 626 347 627 672 4549 4557 629 2312 2313 4537
3618 2260 671 346 2264 2298 4545 4558 2284 4546 2300
3619 2262 2263 2267 1735 2306 2307 2297 4535 4548 4536
3620 2267 2263 678 2314 2307 2278 2271 4547 2321 4539
3621 34 16 348 2314 344 1461 352 2316 4540 2315
3622 2314 678 2267 450 2321 2271 4547 2318 4554 2319
3623 54 1741 2254 2268 1745 4525 2258 2272 4527 4526
3624 450 460 2267 1735 1748 2270 4554 1744 4548 1763
3625 2262 459 1737 1735 2295 1772 4559 4535 1762 1774
3626 2254 87 95 671 2257 670 2259 4544 674 2310
3627 1737 2261 459 2262 4529 2291 1772 4559 2295 2296
3628 2254 95 54 2268 2259 669 2258 4527 2272 2273
3629 346 22 35 2254 1463 353 349 4524 2255 2256
3630 292 347 627 626 1466 4557 2186 2185 629 4549
3631 450 2314 34 1735 2318 2316 451 1744 1743 4541
3632 2261 1739 458 2265 4520 1770 2292 2293 2288 4523
3633 347 627 293 292 4557 2184 1465 1466 295 2186
3634 1739 2261 458 1737 4520 2292 1770 1760 1773 4529
3635 626 672 671 2260 2312 675 2311 4550 2298 2299
3636 671 346 626 2260 4545 4551 2311 2298 4550 4558
3637 2266 1736 1738 456 4532 1757 4531 2286 1769 1766
3638 673 672 627 2261 676 2313 2309 2302 4560 2301
3639 454 455 1740 2264 462 1764 1765 2280 4561 2279
3640 53 2267 678 450 2269 2271 680 452 2319 4554
3641 454 1741 54 2268 1749 1745 461 2274 2272 4526
3642 2262 1737 348 1735 4559 1756 4534 4535 1742 1762
3643 456 2260 1736 455 2282 4542 1766 463 1767 2283
3644 1741 35 54 2254 1746 469 1745 4525 2258 2255
3645 2265 1739 458 457 4523 1770 2288 2289 465 1771
3646 2266 2260 1736 456 2287 4542 4532 2286 1766 2282
3647 292 346 347 626 1464 350 1466 2185 4549 4551
3648 348 627 293 347 4562 2184 1462 351 1465 4557
3649 2262 460 459 1735 2294 467 2295 4535 1774 1763
3650 457 2266 1738 456 2285 4531 1768 464 1769 2286
3651 678 2263 96 2314 2278 2277 679 2321 2320 4539
3652 1737 2261 458 459 4529 2292 1773 1772 466 2291
3653 2267 460 2262 1735 2270 2294 2297 4548 4535 1763
3654 2268 454 1740 2264 2274 1765 4563 2281 4561 2280
3655 1740 454 2268 1741 1765 2274 4563 1754 4526 1749
3656 1740 346 2268 2264 1752 4528 4563 4561 2281 4546
3657 2268 346 1740 1741 4528 1752 4563 4526 1754 1747
3658 673 2314 348 627 4555 4540 4543 2309 4562 4556
3659 348 2314 673 2263 4540 4555 4543 4533 2276 4539
3660 672 2261 347 627 2301 4521 4537 2313 4557 4560
3661 672 347 2261 2265 4537 4521 2301 2304 2293 4522
3662 673 2314 96 2263 4555 2320 677 2276 2277 4539
3663 96 2314 673 85 2320 4555 677 681 2308 2317
3664 347 1739 2266 1738 1759 4564 4530 1758 4531 1761
3665 347 2266 1739 2265 4530 4564 1759 4522 4523 2290
3666 457 2266 1739 1738 2285 4564 1771 1768 1761 4531
3667 457 1739 2266 2265 1771 4564 2285 2289 2290 4523
3668 347 2260 346 1736 4538 4558 350 1751 1750 4542
3669 346 2260 347 626 4558 4538 350 4551 4549 4550
3670 2314 627 293 348 4556 2184 4565 4540 1462 4562
3671 293 627 2314 85 2184 4556 4565 2182 2317 630
3672 293 16 2314 348 296 2315 4565 1462 4540 1461
3673 2314 16 293 85 2315 296 4565 2317 2182 622
3674 2264 455 1736 2260 2279 1767 4566 2284 4542 2283
3675 1736 455 2264 1740 1767 2279 4566 1753 4561 1764
3676 1736 346 2264 2260 1750 4546 4566 4542 2284 4558
3677 2264 346 1736 1740 4546 1750 4566 4561 1753 1752
3678 1737 2262 673 2261 4559 2305 4567 4529 2302 2296
3679 673 2262 1737 348 2305 4559 4567 4543 1756 4534
3680 1737 673 627 2261 4567 2309 4568 4529 4560 2302
3681 627 673 1737 348 2309 4567 4568 4562 1756 4543
3682 1737 627 347 2261 4568 4557 1755 4529 4521 4560
3683 347 627 1737 348 4557 4568 1755 351 1756 4562
3 4 11 35
3312 55 86 470 2176 624 2192 472 2179 4466 2181
3313 471 88 56 2197 2193 637 474 4467 2200 2202
3314 292 2197 87 626 4468 2201 2183 2185 628 4469
3315 470 15 55 2176 1775 475 472 4466 2179 2177
3316 56 21 471 2197 476 1777 474 2200 4467 2199
3317 287 632 2197 626 4470 4471 4472 4473 4469 2190
3318 87 22 2197 292 625 2198 2201 2183 4468 294
3319 292 287 2197 626 1402 4472 4468 2185 4469 4473
3320 16 85 2176 293 622 2180 2178 296 4474 2182
3321 2176 85 627 293 2180 630 4475 4474 2184 2182
3322 2197 471 88 632 4467 2193 2202 4471 634 2195
3323 293 627 2176 288 2184 4475 4474 1400 4476 4477
3324 633 470 86 2176 2194 2192 636 4478 2181 4466
3325 2197 22 21 287 2198 297 2199 4472 289 1401
3326 2176 15 16 288 2177 266 2178 4476 1399 291
3327 632 2197 471 287 4471 4467 2195 4470 1778 4472
3328 627 633 2176 288 2188 4478 4475 4477 4476 4479
3329 632 87 2197 626 2189 2201 4471 2190 4469 628
3330 287 2197 22 292 4472 2198 1401 1402 294 4468
3331 293 2176 16 288 4474 2178 296 1400 1399 4476
3332 2176 633 470 288 4478 2194 4466 4476 1776 4479
3333 470 15 2176 288 1775 2177 4466 1776 4476 291
3334 21 471 2197 287 1777 4467 2199 289 4472 1778
3335 287 633 632 626 4480 635 4470 4473 2190 2191
3336 85 627 633 2176 630 2188 2187 2180 4478 4475
3337 2197 88 87 632 2202 631 2201 4471 2189 634
3338 633 632 471 287 635 2195 2196 4480 1778 4470
3339 86 85 633 2176 623 2187 636 2181 4478 2180
3340 633 471 470 287 2196 473 2194 4480 1779 1778
3341 288 633 470 287 4479 2194 1776 290 1779 4480
3342 288 293 627 292 1400 2184 4477 1403 2186 295
3343 287 633 627 288 4480 2188 4481 290 4477 4479
3344 627 633 287 626 2188 4480 4481 629 4473 2191
3345 627 292 287 288 2186 1402 4481 4477 290 1403
3346 287 292 627 626 1402 2186 4481 4473 629 2185
3 5 11 35
3185 86 55 470 2467 624 472 2192 2470 4686 2469
3186 88 56 2488 471 637 2489 2491 2193 4687 474
3187 716 2488 103 709 4688 2493 719 2486 2485 4689
3188 470 55 74 2467 472 564 2019 4686 2468 2469
3189 2488 56 75 471 2489 571 2490 4687 2020 474
3190 632 566 2488 716 4690 4691 4692 2481 4688 4693
3191 102 103 2488 709 720 2493 2492 712 4689 2485
3192 566 2488 716 709 4691 4688 4693 2476 2486 4689
3193 708 100 101 2467 710 707 2483 4694 2472 2471
3194 2467 101 708 715 2472 2483 4694 4695 2484 717
3195 471 2488 88 632 4687 2491 2193 2195 634 4692
3196 708 567 2467 715 2475 4696 4694 2484 4695 4697
3197 86 470 633 2467 2192 2194 636 2470 4698 4686
3198 102 75 566 2488 713 568 2474 2492 4691 2490
3199 74 100 567 2467 705 2473 570 2468 4696 2471
3200 566 2488 471 632 4691 4687 2022 4690 2195 4692
3201 2467 567 633 715 4696 4699 4698 4695 2480 4697
3202 632 2488 103 716 4692 2493 2479 2481 719 4688
3203 2488 566 102 709 4691 2474 2492 4689 712 2476
3204 708 567 100 2467 2475 2473 710 4694 2471 4696
3205 633 470 567 2467 2194 2021 4699 4698 4696 4686
3206 74 567 470 2467 570 2021 2019 2468 4686 4696
3207 75 566 2488 471 568 4691 2490 2020 4687 2022
3208 633 566 632 716 4700 4690 635 2482 2481 4693
3209 2467 633 101 715 4698 2478 2472 4695 717 2480
3210 2488 103 88 632 2493 714 2491 4692 634 2479
3211 632 471 566 633 2195 2022 4690 635 4700 2196
3212 633 101 86 2467 2478 706 636 4698 2470 2472
3213 470 566 471 633 2023 2022 473 2194 2196 4700
3214 470 567 566 633 2021 569 2023 2194 4700 4699
3215 715 708 567 709 2484 2475 4697 2487 2477 711
3216 566 709 715 567 2476 2487 4701 569 4697 2477
3217 715 709 566 716 2487 2476 4701 718 4693 2486
3218 715 633 566 567 2480 4700 4701 4697 569 4699
3219 566 633 715 716 4700 2480 4701 4693 718 2482
3 6 11 92
3220 2913 2914 951 2959 2934 5103 5104 5105 2965 5106
3221 949 2905 2919 2964 5107 5108 5109 2970 5110 5111
3222 2914 2995 951 2959 5112 5113 5103 5106 2965 5114
3223 2917 866 2911 950 2937 2935 2938 5115 5116 5117
3224 2917 2911 2960 950 2938 5118 5119 5115 2974 5116
3225 715 2914 2995 951 5120 5112 5121 5122 5113 5103
3226 2913 2914 865 951 2934 2924 2932 5104 5123 5103
3227 2905 2919 867 949 5108 2922 5124 5107 5125 5109
3228 2917 2916 866 950 2941 2940 2937 5115 5117 5126
3229 2919 2915 867 949 2944 2943 2922 5109 5125 5127
3230 867 136 2919 2905 871 2920 2922 5124 5108 2909
3231 2995 2914 2918 2959 5112 2945 5128 5114 5129 5106
3232 2916 2917 2962 950 2941 5130 5131 5126 2981 5115
3233 715 865 2914 951 2738 2924 5120 5122 5103 5123
3234 716 2911 866 950 5135 2935 2741 5136 5117 5116
3235 709 2905 716 949 5137 5138 2486 2860 5139 5107
3236 1017 2995 2918 2959 3001 5128 5140 2967 5129 5114
3237 867 716 2905 949 2740 5138 5124 5125 5107 5139
3238 102 2905 709 949 2907 5137 712 2859 2860 5107
3239 2905 949 158 2964 5107 952 2908 5111 2969 2970
3240 2905 716 103 709 5138 719 2906 5137 2485 2486
3241 153 951 2995 2959 955 5113 2998 2966 5114 2965
3242 2905 103 102 709 2906 720 2907 5137 712 2485
3243 2960 2962 2917 950 2980 5130 5119 2974 5115 2981
3244 1003 2913 2961 2959 2946 5141 2986 2985 2983 5105
3245 169 1002 1017 2918 1009 2972 1018 2927 5140 2929
3246 1003 2913 2912 2961 2946 2933 2950 2986 5133 5141
3247 716 103 867 2905 719 2739 2740 5138 5124 2906
3248 2914 2913 2918 2959 2934 2948 2945 5106 5129 5105
3249 715 716 866 950 718 2741 2742 5134 5117 5136
3250 2915 2911 867 949 2942 2936 2943 5127 5125 5142
3251 2914 2918 999 2995 2945 2928 2925 5112 3000 5128
3252 951 2995 100 153 5113 2996 2857 955 932 2998
3253 2995 2918 999 1017 5128 2928 3000 3001 3002 5140
3254 168 2919 2905 2964 2921 5108 2910 2968 5111 5110
3255 2912 2913 865 951 2933 2932 2930 5143 5123 5104
3256 1002 1017 2918 2959 2972 5140 2929 2984 5129 2967
3257 136 867 103 2905 871 2739 850 2909 2906 5124
3258 951 2912 2913 2961 5143 2933 5104 2979 5141 5133
3259 2919 136 168 2905 2920 997 2921 5108 2910 2909
3260 102 2905 949 158 2907 5107 2859 958 952 2908
3261 716 715 709 950 718 2487 2486 5136 2861 5134
3262 139 2914 101 865 2923 5144 854 868 2737 2924
3263 1017 153 2995 2959 1019 2998 3001 2967 5114 2966
3264 2917 1006 2962 2960 2953 2990 5130 5119 2980 2991
3265 709 715 708 950 2487 2484 711 2861 2862 5134
3266 866 867 2911 716 870 2936 2935 2741 5135 2740
3267 2914 101 2995 139 5144 2997 5112 2923 2999 854
3268 716 867 2911 949 2740 2936 5135 5139 5142 5125
3269 2912 865 866 715 2930 869 2931 5132 2742 2738
3270 2915 1008 1007 2963 2957 1015 2958 5145 2993 2994
3271 2916 1005 1004 2962 2951 1012 2952 5131 2988 2989
3272 715 2912 865 951 5132 2930 2738 5122 5123 5143
3273 2918 169 999 1017 2927 1001 2928 5140 3002 1018
3274 2961 2913 951 2959 5141 5104 2979 2983 2965 5105
3275 2919 168 1008 2964 2921 1016 2926 5110 2971 2968
3276 1007 1006 2911 2960 1014 2956 2955 2992 5118 2991
3277 158 168 2905 2964 998 2910 2908 2969 5111 2968
3278 1005 2917 1006 2962 2954 2953 1013 2989 2990 5130
3279 1006 2917 2911 2960 2953 2938 2956 2991 5118 5119
3280 716 709 949 950 2486 2860 5139 5136 953 2861
3281 2912 1004 1003 2961 2949 1011 2950 5133 2986 2987
3282 1003 1002 2913 2959 1010 2947 2946 2985 5105 2984
3283 951 708 715 950 2858 2484 5122 954 5134 2862
3284 2995 999 2914 139 3000 2925 5112 2999 2923 1000
3285 2913 1002 2918 2959 2947 2929 2948 5105 5129 2984
3286 1005 2916 2917 2962 2951 2941 2954 2989 5130 5131
3287 1008 2919 2963 2915 2926 5146 2994 2957 5145 2944
3288 1008 2963 2919 2964 2994 5146 2926 2971 5110 2977
3289 949 2963 2919 2915 2975 5146 5109 5127 2944 5145
3290 949 2919 2963 2964 5109 5146 2975 2970 2977 5110
3291 2914 715 101 865 5120 717 5144 2924 2737 2738
3292 101 715 2914 2995 717 5120 5144 2997 5112 5121
3293 2911 950 949 2960 5116 953 5142 5118 2973 2974
3294 949 950 2911 716 953 5116 5142 5139 5135 5136
3295 100 2995 708 101 2996 5147 710 707 2483 2997
3296 100 708 2995 951 710 5147 2996 2857 5113 2858
3297 715 708 2995 101 2484 5147 5121 717 2997 2483
3298 715 2995 708 951 5121 5147 2484 5122 2858 5113
3299 1007 2915 2960 2911 2958 5148 2992 2955 5118 2942
3300 1007 2960 2915 2963 2992 5148 2958 2993 5145 2976
3301 949 2960 2915 2911 2973 5148 5127 5142 2942 5118
3302 949 2915 2960 2963 5127 5148 2973 2975 2976 5145
3303 2961 1004 2916 2912 2987 2952 5149 5133 2939 2949
3304 2961 2916 1004 2962 5149 2952 2987 2982 2988 5131
3305 950 2916 2961 2962 5126 5149 2978 2981 2982 5131
3306 2961 866 2916 950 5150 2940 5149 2978 5126 5117
3307 2961 2916 866 2912 5149 2940 5150 5133 2931 2939
3308 951 715 866 950 5122 2742 5151 954 5117 5134
3309 951 866 715 2912 5151 2742 5122 5143 5132 2931
3310 2961 951 866 950 2979 5151 5150 2978 5117 954
3311 2961 866 951 2912 5150 5151 2979 5133 5143 2931
3 7 11 98
3347 2916 1179 3507 2917 5455 3543 5456 2941 5457 5458
3348 2912 866 1180 2916 2931 5459 5460 2939 5461 2940
3349 3507 3506 1180 2916 3531 3546 3542 5456 5461 5462
3350 2916 866 1179 2917 2940 5463 5455 2941 5458 2937
3351 1179 866 2911 2917 5463 2935 5464 5458 2938 2937
3352 3510 1178 3490 2919 3517 5465 5466 5467 5468 5469
3353 3507 1180 1179 2916 3542 1184 3543 5456 5455 5461
3354 3490 1178 867 2919 5465 5470 5471 5468 2922 5469
3355 1181 1180 3504 2912 1185 3545 3544 5472 5473 5460
3356 867 136 3490 2919 871 3492 5471 2922 5468 2920
3357 3548 1181 3503 2914 5476 3519 5477 5478 5479 5474
3358 3503 2914 2913 2918 5479 2934 5480 5481 2948 2945
3359 866 1179 1180 2916 5463 1184 5459 2940 5461 5455
3360 1178 3505 1179 2911 3540 3539 1183 5482 5464 5483
3361 2915 867 1178 2919 2943 5470 5484 2944 5469 2922
3362 2914 1181 3503 2913 5474 3519 5479 2934 5480 5475
3363 3508 3503 1181 2913 3522 3519 3547 5485 5475 5480
3364 1179 1180 860 866 1184 5486 5487 5463 2735 5459
3365 2911 867 1178 2915 2936 5470 5482 2942 5484 2943
3366 861 1178 867 3490 5489 5470 2732 5490 5471 5465
3367 866 1180 860 2912 5459 5486 2735 2931 5491 5460
3368 135 861 867 3490 864 2732 2731 3491 5471 5490
3369 860 1180 1179 1156 5486 1184 5487 3454 3501 3502
3370 867 136 135 3490 871 849 2731 5471 3491 3492
3371 1179 866 861 2911 5463 2736 5492 5464 5493 2935
3372 866 860 1179 861 2735 5487 5463 2736 5492 863
3373 168 3510 3490 2919 3512 5466 3494 2921 5468 5467
3374 1181 3503 196 3548 3519 3518 1186 5476 3554 5477
3375 860 1180 1181 2912 5486 1185 5494 5491 5472 5460
3376 1157 192 1178 861 1160 3498 3499 3455 5489 3452
3377 168 3490 136 2919 3494 3492 997 2921 2920 5468
3378 1178 195 3510 3490 1182 3511 3517 5465 5466 3495
3379 169 1002 2918 3503 1009 2929 2927 3515 5481 3514
3380 1002 3503 2913 2918 3514 5480 2947 2929 2948 5481
3381 3508 3503 2913 1002 3522 5480 5485 3521 2947 3514
3382 138 2914 139 865 5495 2923 853 2733 868 2924
3383 1179 1157 860 1156 3500 3456 5487 3501 3454 1159
3384 190 1181 196 3548 3496 1186 1177 3551 3554 5476
3385 860 1157 1179 861 3456 3500 5487 863 5492 3455
3386 861 1178 1179 2911 5489 1183 5492 5493 5464 5482
3387 1187 2918 169 999 5488 2927 1189 3553 1001 2928
3388 2914 3548 138 139 5478 3550 5495 2923 853 3549
3389 861 867 1178 2911 2732 5470 5489 5493 5482 2936
3390 3506 3507 1005 2916 3531 3530 3526 5462 2951 5456
3391 865 866 860 2912 869 2735 2734 2930 5491 2931
3392 1008 1007 3509 2915 1015 3536 3535 2957 5496 2958
3393 2918 3503 1187 169 5481 3516 5488 2927 1189 3515
3394 195 1178 192 3490 1182 3498 1175 3495 3493 5465
3395 168 1008 3510 2919 1016 3513 3512 2921 5467 2926
3396 3505 3507 2917 1006 3534 5457 5497 3533 2953 3529
3397 866 867 861 2911 870 2732 2736 2935 5493 2936
3398 3490 195 3510 168 3495 3511 5466 3494 3512 1176
3399 1006 2911 3505 1007 2956 5483 3533 1014 3532 2955
3400 2917 2911 3505 1006 2938 5483 5497 2953 3533 2956
3401 1005 1004 3506 2916 1012 3527 3526 2951 5462 2952
3402 1002 2913 3508 1003 2947 5485 3521 1010 3520 2946
3403 2916 3507 1005 2917 5456 3530 2951 2941 2954 5457
3404 1004 3504 2912 1003 3523 5473 2949 1011 2950 3524
3405 3548 2914 999 139 5478 2925 3552 3549 1000 2923
3406 1187 196 3503 3548 1188 3518 3516 3555 5477 3554
3407 860 1180 1156 1181 5486 3502 3454 5494 3497 1185
3408 1157 1178 1179 861 3499 1183 3500 3455 5492 5489
3409 2917 3507 1005 1006 5457 3530 2954 2953 1013 3529
3410 2914 1181 860 3548 5474 5494 5498 5478 5499 5476
3411 860 138 2914 3548 862 5495 5498 5499 5478 3550
3412 2914 138 860 865 5495 862 5498 2924 2734 2733
3413 3509 1178 2911 3505 3541 5482 5500 3537 5483 3540
3414 2911 1178 3509 2915 5482 3541 5500 2942 5496 5484
3415 2911 1007 3509 3505 2955 3536 5500 5483 3537 3532
3416 3509 1007 2911 2915 3536 2955 5500 5496 2942 2958
3417 1181 3508 2912 3504 3547 5501 5472 3544 5473 3525
3418 1181 2912 3508 2913 5472 5501 3547 5475 5485 2933
3419 1003 2912 3508 3504 2950 5501 3520 3524 3525 5473
3420 1003 3508 2912 2913 3520 5501 2950 2946 2933 5485
3421 3509 1008 2919 3510 3535 2926 5502 3538 5467 3513
3422 2919 1008 3509 2915 2926 3535 5502 2944 5496 2957
3423 2919 1178 3509 3510 5469 3541 5502 5467 3538 3517
3424 3509 1178 2919 2915 3541 5469 5502 5496 2944 5484
3425 2916 1004 3504 2912 2952 3523 5503 2939 5473 2949
3426 3504 1004 2916 3506 3523 2952 5503 3528 5462 3527
3427 3504 1180 2916 2912 3545 5461 5503 5473 2939 5460
3428 2916 1180 3504 3506 5461 3545 5503 5462 3528 3546
3429 2917 1179 3505 2911 5458 3539 5497 2938 5483 5464
3430 2917 3505 1179 3507 5497 3539 5458 5457 3543 3534
3431 192 3490 861 135 3493 5490 3452 1161 864 3491
3432 861 3490 192 1178 5490 3493 3452 5489 3498 5465
3433 860 3548 1156 138 5499 5504 3454 862 3453 3550
3434 860 1156 3548 1181 3454 5504 5499 5494 5476 3497
3435 190 1156 3548 138 1158 5504 3551 1148 3550 3453
3436 190 3548 1156 1181 3551 5504 1158 3496 3497 5476
3437 1187 2914 999 3548 5505 2925 3553 3555 3552 5478
3438 1187 999 2914 2918 3553 2925 5505 5488 2945 2928
3439 3503 2914 1187 3548 5479 5505 3516 5477 3555 5478
3440 3503 1187 2914 2918 3516 5505 5479 5481 2945 5488
3441 860 2913 2914 865 5506 2934 5498 2734 2924 2932
3442 860 2914 2913 1181 5498 2934 5506 5494 5475 5474
3443 860 2912 2913 865 5491 2933 5506 2734 2932 2930
3444 860 2913 2912 1181 5506 2933 5491 5494 5472 5475
3 8 11 34
3684 134 178 1083 3457 1087 1086 3262 3458 5419 3460
3685 3436 137 176 1082 3438 1074 3439 5420 1084 3264
3686 3457 178 1083 191 3460 1086 5419 3462 3443 1149
3687 189 3436 176 1082 3441 3439 1146 3442 1084 5420
3688 861 3457 192 135 5421 3461 3452 864 1161 3459
3689 860 3436 138 1156 5422 3437 862 3454 3453 5423
3690 1156 3436 138 190 5423 3437 3453 1158 1148 3440
3691 856 134 1083 3457 859 3262 3263 5424 5419 3458
3692 3436 860 1151 1156 5422 5425 5426 5423 3448 3454
3693 3436 137 1082 855 3438 3264 5420 5427 3265 857
3694 1151 189 3436 190 1154 3441 5426 3447 3440 1147
3695 3457 1083 856 1150 5419 3263 5424 5428 5429 3445
3696 860 855 3436 1151 2729 5427 5422 5425 5426 5430
3697 1150 856 3457 861 5429 5424 5428 5431 5421 2727
3698 855 1082 3436 1151 3265 5420 5427 5430 5426 3444
3699 191 3457 192 1150 3462 3461 1155 1152 3449 5428
3700 1156 1151 3436 190 3448 5426 5423 1158 3440 3447
3701 1082 189 3436 1151 3442 3441 5420 3444 5426 1154
3702 191 1083 3457 1150 3443 5419 3462 1152 5428 3445
3703 856 3457 861 135 5424 5421 2727 2726 864 3459
3704 3457 856 134 135 5424 859 3458 3459 848 2726
3705 855 3436 138 860 5427 3437 2728 2729 862 5422
3706 137 3436 138 855 3438 3437 852 857 2728 5427
3707 855 856 1083 1150 858 3263 3266 5432 3445 5429
3708 855 856 1150 861 858 5429 5432 2730 5431 2727
3709 1083 1082 855 1150 1085 3265 3266 3445 5432 3446
3710 1150 1082 855 1151 3446 3265 5432 1153 5430 3444
3711 860 1157 1151 1156 3456 3451 5425 3454 3448 1159
3712 861 192 1150 1157 3452 3449 5431 3455 3450 1160
3713 861 1150 192 3457 5431 3449 3452 5421 3461 5428
3714 855 860 1150 1151 2729 5433 5432 5430 1153 5425
3715 855 1150 860 861 5432 5433 2729 2730 863 5431
3716 1157 1150 860 1151 3450 5433 3456 3451 5425 1153
3717 1157 860 1150 861 3456 5433 3450 3455 5431 863
3 9 11 34
3816 3267 178 1083 134 3272 1086 5283 3271 3262 1087
3817 137 3246 176 1082 3250 3251 1074 3264 1084 5284
3818 178 1083 177 3267 1086 3259 1081 3272 3270 5283
3819 175 176 3246 1082 1073 3251 3249 3257 5284 1084
3820 111 110 762 3267 753 2558 765 3269 5285 3268
3821 761 756 113 3246 2561 2560 763 5286 3247 5287
3822 756 112 113 3246 758 766 2560 5287 3247 3248
3823 1083 3267 134 856 5283 3271 3262 3263 859 5288
3824 761 756 3246 1077 2561 5287 5286 5289 5290 3255
3825 137 3246 1082 855 3250 5284 3264 857 3265 5291
3826 175 3246 112 1077 3249 3248 1072 1080 3254 5290
3827 3267 1083 1076 856 5283 3260 5292 5288 5293 3263
3828 1077 3246 761 855 5290 5286 5289 5294 2724 5291
3829 3267 1076 762 856 5292 5295 5285 5288 2722 5293
3830 3246 1077 1082 855 5290 3258 5284 5291 3265 5294
3831 110 177 1076 3267 1075 1078 3252 3268 5292 3270
3832 3246 756 112 1077 5287 758 3248 5290 3254 3255
3833 1077 175 3246 1082 1080 3249 5290 3258 5284 3257
3834 1083 1076 177 3267 3260 1078 3259 5283 3270 5292
3835 762 111 3267 856 765 3269 5285 2722 5288 2721
3836 134 3267 111 856 3271 3269 847 859 2721 5288
3837 3246 113 761 855 3247 763 5286 5291 2724 2723
3838 3246 137 113 855 3250 851 3247 5291 2723 857
3839 1083 1076 856 855 3260 5293 3263 3266 858 5296
3840 856 1076 762 855 5293 5295 2722 858 2725 5296
3841 1076 1083 1082 855 3260 1085 3261 5296 3265 3266
3842 1077 1076 1082 855 1079 3261 3258 5294 3265 5296
3843 757 756 761 1077 759 2561 2562 3256 5289 3255
3844 110 762 1076 757 2558 5295 3252 760 3253 2559
3845 1076 762 110 3267 5295 2558 3252 5292 3268 5285
3846 855 761 1076 762 2724 5297 5296 2725 5295 764
3847 855 1076 761 1077 5296 5297 2724 5294 5289 1079
3848 757 1076 761 762 3253 5297 2562 2559 764 5295
3849 757 761 1076 1077 2562 5297 3253 3256 1079 5289
3 10 11 26
4057 82 81 112 614 594 2697 755 619 2551 2112
4058 83 84 611 110 603 2114 615 752 2552 2690
4059 131 84 611 604 842 2114 4948 2692 2115 607
4060 132 81 606 614 843 610 2691 4949 2113 2112
4061 110 84 611 131 2690 2114 2552 835 4948 842
4062 81 132 112 614 843 841 2697 2112 2551 4949
4063 112 132 756 614 841 2687 758 2551 2554 4949
4064 604 611 131 837 2115 4948 2692 2693 840 4950
4065 131 611 110 837 4948 2552 835 840 2685 4950
4066 611 757 110 837 2553 760 2552 4950 2685 2686
4067 604 2111 612 837 2117 2119 2118 2693 4951 4952
4068 836 2111 605 837 4953 2116 2696 839 2695 4952
4069 604 605 2111 837 608 2116 2117 2693 4952 2695
4070 836 2111 606 605 4953 2120 2694 2696 609 2116
4071 837 612 836 2111 4951 4954 839 4952 4953 2119
4072 837 836 612 757 839 4954 4951 2686 2555 2689
4073 756 612 836 757 2557 4954 2688 759 2689 2555
4074 612 837 611 604 4951 4950 616 2118 2115 2693
4075 611 837 612 757 4950 4951 616 2553 2555 2686
4076 606 836 613 2111 2694 4955 2121 2120 2122 4953
4077 612 836 613 756 4954 4955 617 2557 2556 2688
4078 612 613 836 2111 617 4955 4954 2119 4953 2122
4079 132 836 614 606 838 4956 4949 2691 2113 2694
4080 132 614 836 756 4949 4956 838 2687 2688 2554
4081 613 614 836 606 618 4956 4955 2121 2694 2113
4082 613 836 614 756 4955 4956 618 2556 2554 2688
3 11 11 97
3945 2138 2137 604 1689 2150 4411 4412 4413 4414 4415
3946 2134 2132 2111 1687 2162 4416 4417 4418 4419 4420
3947 604 2137 2133 1689 4411 2153 4421 4414 4422 4415
3948 1692 2134 2111 1687 4423 4417 4424 1714 4419 4418
3949 1694 2138 604 1689 4425 4412 4426 1709 4414 4413
3950 81 51 606 4410 592 2124 610 4427 4428 4429
3951 1689 2133 604 1686 4422 4421 4414 1707 4430 4431
3952 2132 1690 2136 4410 4432 4433 2165 4434 4435 4436
3953 2137 455 2133 1689 2149 2151 2153 4415 4422 1722
3954 2137 2138 454 1689 2150 2144 2148 4415 1721 4413
3955 440 1692 2111 1687 1715 4424 4437 1711 4419 1714
3956 441 606 51 4410 2125 2124 445 4438 4429 4428
3957 1686 1691 2111 440 1713 4439 4440 1705 4437 1712
3958 2135 2134 2111 1692 2159 4417 4441 4442 4424 4423
3959 1690 459 2132 2136 1731 2161 4432 4433 2165 2163
3960 2132 1687 1690 4410 4420 1718 4432 4434 4436 4443
3961 604 2133 2111 1686 4421 4444 2117 4430 4440 4431
3962 84 2138 604 1694 4445 4412 607 4446 4426 4425
3963 606 2111 2132 1687 2120 4416 4447 4448 4420 4419
3964 2137 611 2138 604 2169 2147 2150 4411 4412 2115
3965 2132 613 2134 2111 2173 2174 2162 4416 4417 2122
3966 2111 2135 1692 1691 4441 4442 4424 4439 1716 4449
3967 1691 1692 2111 440 1716 4424 4439 1712 4437 1715
3968 2132 606 1687 4410 4447 4448 4420 4434 4443 4428
3969 614 82 81 4410 619 594 2112 4450 4427 4451
3970 83 54 2138 1694 621 2143 2142 4452 4425 1699
3971 84 83 2138 1694 603 2142 4445 4446 4425 4452
3972 455 2133 1689 1686 2151 4422 1722 1723 1707 4431
3973 1694 454 2138 1689 1704 2144 4425 1709 4413 1721
3974 2134 2135 457 1692 2159 2155 2157 4423 1727 4442
3975 2133 611 2137 604 2168 2169 2153 4421 4411 2115
3976 604 52 84 1694 2126 620 607 4426 4446 1698
3977 1687 459 2132 1690 1730 2161 4420 1718 4432 1731
3978 2132 2134 458 1687 2162 2158 2160 4420 1729 4418
3979 614 81 606 4410 2112 610 2113 4450 4428 4427
3980 54 83 52 1694 621 2123 453 1699 1698 4452
3981 439 1694 604 1689 1700 4426 2127 1708 4414 1709
3982 2111 605 440 1687 2116 2128 4437 4419 1711 4453
3983 600 447 1693 53 2071 1702 4454 601 1701 449
3984 1694 604 52 439 4426 2126 1698 1700 442 2127
3985 612 2133 2135 2111 2167 2156 2171 2119 4441 4444
3986 2111 605 1686 440 2116 4455 4440 4437 1705 2128
3987 441 51 1688 4410 445 1695 1696 4438 4456 4429
3988 1692 458 2134 1687 1728 2158 4423 1714 4418 1729
3989 2111 2132 613 606 4416 2173 2122 2120 2121 4447
3990 83 84 2138 611 603 4445 2142 615 2147 2114
3991 441 440 605 1687 444 2128 2130 1710 4453 1711
3992 1686 605 439 440 4455 2129 1706 1705 443 2128
3993 2111 606 605 1687 2120 609 2116 4419 4453 4448
3994 2111 612 2133 604 2119 2167 4444 2117 4421 2118
3995 2111 605 604 1686 2116 608 2117 4440 4430 4455
3996 1692 2135 457 1691 4442 2155 1727 1716 1726 4449
3997 84 2138 611 604 4445 2147 2114 607 2115 4412
3998 604 439 1689 1686 2127 1708 4414 4430 1707 1706
3999 82 2131 2067 4410 2145 4457 2072 4451 4458 4459
4000 51 2067 1688 4410 2069 4460 1695 4429 4456 4458
4001 2132 2136 614 4410 2165 2175 2172 4434 4450 4435
4002 1693 2067 2131 4410 4461 4457 4462 4463 4459 4458
4003 83 84 52 1694 603 620 2123 4452 1698 4446
4004 1693 600 2131 2067 4454 2141 4462 4461 4457 2073
4005 441 605 606 1687 2130 609 2125 1710 4448 4453
4006 439 604 605 1686 2127 608 2129 1706 4455 4430
4007 447 600 1693 2067 2071 4454 1702 2070 4461 2073
4008 81 2067 51 4410 2068 2069 592 4427 4429 4458
4009 600 53 1693 2131 601 1701 4454 2141 4462 2140
4010 82 2067 81 4410 2072 2068 594 4451 4427 4458
4011 53 460 1693 2131 468 1703 1701 2140 4462 2139
4012 1688 2067 1693 4410 4460 4461 1720 4456 4463 4458
4013 606 2132 614 4410 4447 2172 2113 4428 4450 4434
4014 1693 1690 1688 4410 1733 1719 1720 4463 4456 4436
4015 1693 1688 447 2067 1720 1697 1702 4461 2070 4460
4016 2133 455 456 1686 2151 463 2152 4431 1724 1723
4017 606 2132 613 614 4447 2173 2121 2113 618 2172
4018 441 1690 1687 4410 1717 1718 1710 4438 4443 4436
4019 82 614 2131 4410 619 2146 2145 4451 4459 4450
4020 606 441 1687 4410 2125 1710 4448 4428 4443 4438
4021 2137 454 455 1689 2148 462 2149 4415 1722 1721
4022 612 611 2133 604 616 2168 2167 2118 4421 2115
4023 458 459 2132 1687 466 2161 2160 1729 4420 1730
4024 54 454 2138 1694 461 2144 2143 1699 4425 1704
4025 2134 457 458 1692 2157 465 2158 4423 1728 1727
4026 2131 600 82 2067 2141 602 2145 4457 2072 2073
4027 2135 2134 613 2111 2159 2174 2170 4441 2122 4417
4028 2135 456 457 1691 2154 464 2155 4449 1726 1725
4029 441 1688 1690 4410 1696 1719 1717 4438 4436 4456
4030 2136 1690 459 460 4433 1731 2163 2164 467 1732
4031 614 2136 2131 4410 2175 2166 2146 4450 4459 4435
4032 447 1688 51 2067 1697 1695 448 2070 2069 4460
4033 2135 613 612 2111 2170 617 2171 4441 2119 2122
4034 460 1690 4410 2136 1732 4436 4464 2164 4435 4433
4035 4410 1690 460 1693 4436 1732 4464 4463 1703 1733
4036 4410 2131 460 2136 4459 2139 4464 4435 2164 2166
4037 460 2131 4410 1693 2139 4459 4464 1703 4463 4462
4038 2135 456 1686 2133 2154 1724 4465 2156 4431 2152
4039 1686 456 2135 1691 1724 2154 4465 1713 4449 1725
4040 1686 2111 2135 2133 4440 4441 4465 4431 2156 4444
4041 2135 2111 1686 1691 4441 4440 4465 4449 1713 4439
3 12 11 80
3850 1688 338 1690 1735 4158 4159 1719 4160 4161 4162
3851 1679 1688 1693 1735 4163 1720 4164 4165 4166 4160
3852 1688 1690 1693 1735 1719 1733 1720 4160 4166 4161
3853 338 1737 1739 1692 4167 1760 4168 4169 4170 4171
3854 1736 337 1691 1686 4172 4173 4174 4175 1713 4176
3855 1679 34 32 1735 1680 343 1681 4165 4177 1743
3856 1740 346 337 1741 1752 1457 4178 1754 4179 1747
3857 1687 338 1737 1690 4180 4167 4181 1718 4182 4159
3858 33 337 1741 1694 339 4179 4183 4184 4185 4186
3859 338 1737 1692 1687 4167 4171 4169 4180 1714 4181
3860 337 1694 439 1689 4186 1700 1676 4187 1708 1709
3861 1690 441 338 1688 1717 1674 4159 1719 4158 1696
3862 456 1736 1738 1691 1766 1757 1769 1725 4188 4174
3863 458 1739 1737 1692 1770 1760 1773 1728 4171 4170
3864 441 51 32 1688 445 438 1673 1696 4189 1695
3865 1737 459 1690 1735 1772 1731 4182 1762 4161 1774
3866 1737 459 1687 1690 1772 1730 4181 4182 1718 1731
3867 337 1691 1686 440 4173 1713 4176 1677 1705 1712
3868 1688 51 32 1679 1695 438 4189 4163 1681 1682
3869 1739 1737 338 347 1760 4167 4168 1759 1458 1755
3870 1679 1693 450 1735 4164 4190 1683 4165 1744 4166
3871 54 35 1741 1694 469 1746 1745 1699 4185 4191
3872 348 32 34 1735 1454 343 352 1742 1743 4177
3873 35 33 1741 1694 345 4183 1746 4191 4185 4184
3874 35 54 52 1694 469 453 1734 4191 1698 1699
3875 440 338 1692 1687 1678 4169 1715 1711 1714 4180
3876 35 33 346 1741 345 1456 349 1746 1747 4183
3877 1694 52 33 439 1698 446 4184 1700 1675 442
3878 441 32 338 1688 1673 341 1674 1696 4158 4189
3879 337 1736 346 1740 4172 1750 1457 4178 1752 1753
3880 1691 456 1736 1686 1725 1766 4174 1713 4175 1724
3881 33 337 1694 439 339 4186 4184 1675 1700 1676
3882 450 53 460 1693 452 468 1748 4190 1703 1701
3883 1692 1737 458 1687 4171 1773 1728 1714 1729 4181
3884 33 337 346 1741 339 1457 1456 4183 1747 4179
3885 348 338 32 1735 1455 341 1454 1742 4177 4162
3886 447 450 1693 53 1685 4190 1702 449 1701 452
3887 1679 450 34 1735 1683 451 1680 4165 1743 1744
3888 1687 441 338 1690 1710 1674 4180 1718 4159 1717
3889 450 460 1735 1693 1748 1763 1744 4190 4166 1703
3890 1689 439 337 1686 1708 1676 4187 1707 4176 1706
3891 455 1736 456 1686 1767 1766 463 1723 1724 4175
3892 1693 1690 460 1735 1733 1732 1703 4166 1763 4161
3893 33 35 52 1694 345 1734 446 4184 1698 4191
3894 447 1688 1693 1679 1697 1720 1702 1684 4164 4163
3895 450 447 1693 1679 1685 1702 4190 1683 4164 1684
3896 1740 455 454 1689 1764 462 1765 4192 1721 1722
3897 459 458 1737 1687 466 1773 1772 1730 4181 1729
3898 1686 439 337 440 1706 1676 4176 1705 1677 443
3899 456 1738 457 1691 1769 1768 464 1725 1726 4188
3900 338 440 441 1687 1678 444 1674 4180 1710 1711
3901 1739 458 457 1692 1770 465 1771 4170 1727 1728
3902 54 1741 454 1694 1745 1749 461 1699 1704 4185
3903 347 337 1736 346 1459 4172 1751 350 1750 1457
3904 1737 348 338 347 1756 1455 4167 1755 1458 351
3905 460 1690 459 1735 1732 1731 467 1763 1774 4161
3906 51 1688 447 1679 1695 1697 448 1682 1684 4163
3907 454 1740 1694 1741 1765 4193 1704 1749 4185 1754
3908 454 1694 1740 1689 1704 4193 1765 1721 4192 1709
3909 337 1694 1740 1741 4186 4193 4178 4179 1754 4185
3910 337 1740 1694 1689 4178 4193 4186 4187 1709 4192
3911 1688 1735 32 338 4160 4177 4189 4158 341 4162
3912 32 1735 1688 1679 4177 4160 4189 1681 4163 4165
3913 337 1689 1736 1740 4187 4194 4172 4178 1753 4192
3914 337 1736 1689 1686 4172 4194 4187 4176 1707 4175
3915 455 1736 1689 1740 1767 4194 1722 1764 4192 1753
3916 455 1689 1736 1686 1722 4194 1767 1723 4175 1707
3917 1735 338 1737 348 4162 4167 1762 1742 1756 1455
3918 1735 1737 338 1690 1762 4167 4162 4161 4159 4182
3919 1738 1739 338 347 1761 4168 4195 1758 1458 1759
3920 337 1738 338 347 4196 4195 340 1459 1458 1758
3921 1736 1738 337 347 1757 4196 4172 1751 1459 1758
3922 1736 337 1738 1691 4172 4196 1757 4174 4188 4173
3923 1692 457 1738 1691 1727 1768 4197 1716 4188 1726
3924 1738 457 1692 1739 1768 1727 4197 1761 4170 1771
3925 1692 338 1738 1739 4169 4195 4197 4170 1761 4168
3926 337 440 1692 1691 1677 1715 4198 4173 1716 1712
3927 337 1692 440 338 4198 1715 1677 340 1678 4169
3928 1738 337 1692 1691 4196 4198 4197 4188 1716 4173
3929 1738 1692 337 338 4197 4198 4196 4195 340 4169
3 13 11 18
3557 34 16 32 348 344 1453 343 352 1454 1461
3558 35 33 22 346 345 1460 353 349 1463 1456
3559 337 24 346 292 1451 4060 1457 4061 1464 1410
3560 24 33 337 346 342 339 1451 4060 1457 1456
3561 33 24 22 346 342 305 1460 1456 1463 4060
3562 346 24 22 292 4060 305 1463 1464 294 1410
3563 338 14 293 348 1449 1408 4062 1455 1462 4063
3564 32 14 338 348 336 1449 341 1454 1455 4063
3565 24 337 302 292 1451 1452 303 1410 1411 4061
3566 16 14 32 348 265 336 1453 1461 1454 4063
3567 14 16 293 348 265 296 1408 4063 1462 1461
3568 338 293 14 302 4062 1408 1449 1450 304 1409
3569 348 293 338 347 1462 4062 1455 351 1458 1465
3570 346 347 337 292 350 1459 1457 1464 4061 1466
3571 302 338 293 347 1450 4062 1409 4064 1465 1458
3572 337 338 302 347 340 1450 1452 1459 4064 1458
3573 347 302 337 292 4064 1452 1459 1466 4061 1411
3574 293 302 347 292 1409 4064 1465 295 1466 1411
3 14 11 15
3445 302 287 24 292 4045 4046 303 1411 1410 1402
3446 16 15 11 288 266 261 1378 1399 1404 291
3447 287 22 24 292 1401 305 4046 1402 1410 294
3448 288 11 14 298 1404 255 4047 1405 1413 300
3449 287 24 23 302 4046 306 1406 4045 1415 303
3450 23 21 22 287 301 297 1412 1406 1401 289
3451 16 14 293 288 265 1408 296 1399 1400 4047
3452 23 298 287 302 299 1407 1406 1415 4045 1414
3453 23 22 24 287 1412 305 306 1406 4046 1401
3454 14 16 11 288 265 1378 255 4047 1404 1399
3455 288 292 302 293 1403 1411 4048 1400 1409 295
3456 302 14 288 293 304 4047 4048 1409 1400 1408
3457 288 14 302 298 4047 304 4048 1405 1414 1413
3458 302 287 288 298 4045 290 4048 1414 1405 1407
3459 302 288 287 292 4048 290 4045 1411 1402 1403
3 15 11 15
3073 288 470 11 298 1776 4199 1404 1405 300 4200
3074 21 57 56 471 1785 481 476 1777 474 1781
3075 15 55 58 470 475 480 1784 1775 1780 472
3076 470 11 15 288 4199 261 1775 1776 291 1404
3077 477 57 23 471 478 483 1787 1782 4201 1781
3078 470 58 11 298 1780 482 4199 4200 300 1786
3079 21 23 471 287 301 4201 1777 289 1778 1406
3080 470 477 58 298 1783 479 1780 4200 1786 1788
3081 15 58 11 470 1784 482 261 1775 4199 1780
3082 21 23 57 471 301 483 1785 1777 1781 4201
3083 470 287 298 288 1779 1407 4200 1776 1405 290
3084 471 470 298 477 473 4200 4202 1782 1788 1783
3085 298 470 471 287 4200 473 4202 1407 1778 1779
3086 298 23 471 477 299 4201 4202 1788 1782 1787
3087 471 23 298 287 4201 299 4202 1778 1407 1406
3 16 11 15
2981 567 559 73 470 2028 561 2027 2021 4348 4349
2982 56 57 75 471 481 2024 571 474 2020 1781
2983 74 58 55 470 2018 480 564 2019 472 1780
2984 73 74 567 470 565 570 2027 4348 2021 2019
2985 72 57 477 471 563 478 2015 4350 1782 1781
2986 559 58 73 470 2016 562 561 4349 4348 1780
2987 566 75 72 471 568 572 2025 2022 4350 2020
2988 559 477 58 470 2017 479 2016 4349 1780 1783
2989 74 73 58 470 565 562 2018 2019 1780 4348
2990 57 72 75 471 563 572 2024 1781 2020 4350
2991 470 559 566 567 4349 2026 2023 2021 569 2028
2992 470 471 559 477 473 4351 4349 1783 2017 1782
2993 470 559 471 566 4349 4351 473 2023 2022 2026
2994 72 559 471 477 560 4351 4350 2015 1782 2017
2995 72 471 559 566 4350 4351 560 2025 2026 2022
3 17 11 15
2948 799 566 709 120 4918 2476 2644 800 2643 4919
2949 73 74 100 567 565 705 2640 2027 2473 570
2950 709 566 102 120 2476 2474 712 2643 805 4919
2951 73 121 559 567 802 2639 561 2027 2028 4920
2952 566 799 72 120 4918 2637 2025 4919 803 800
2953 102 75 72 566 713 572 2641 2474 2025 568
2954 567 100 121 708 2473 804 4920 2475 2642 710
2955 559 799 72 566 2638 2637 560 2026 2025 4918
2956 566 72 102 120 2025 2641 2474 4919 805 803
2957 121 73 100 567 802 2640 804 4920 2473 2027
2958 121 567 799 559 4920 4921 801 2639 2638 2028
2959 121 799 567 708 801 4921 4920 2642 2475 2645
2960 709 567 799 708 2477 4921 2644 711 2645 2475
2961 566 799 567 559 4918 4921 569 2026 2028 2638
2962 566 567 799 709 569 4921 4918 2476 2644 2477
3 18 11 18
2963 153 100 951 149 932 2857 955 930 2847 2827
2964 158 949 102 157 952 2859 958 956 2863 2849
2965 709 949 944 120 2860 2850 5086 2643 2853 5087
2966 157 944 949 120 946 2850 2849 957 5087 2853
2967 157 949 102 120 2849 2859 2863 957 805 5087
2968 949 709 102 120 2860 712 2859 5087 805 2643
2969 951 121 708 945 5088 2642 2858 2848 5089 2855
2970 945 951 121 149 2848 5088 2855 948 919 2847
2971 799 709 944 120 2644 5086 2854 800 2853 2643
2972 100 121 951 149 804 5088 2857 2827 2847 919
2973 100 121 708 951 804 2642 710 2857 2858 5088
2974 121 799 708 945 801 2645 2642 2855 5089 2856
2975 950 951 708 945 954 2858 2862 2851 5089 2848
2976 709 949 950 944 2860 953 2861 5086 2852 2850
2977 950 708 799 945 2862 2645 5090 2851 2856 5089
2978 799 950 945 944 5090 2851 2856 2854 947 2852
2979 950 799 709 944 5090 2644 2861 2852 5086 2854
2980 709 708 799 950 711 2645 2644 2861 5090 2862
3 19 11 77
2996 3712 2959 945 3710 5648 5649 5650 3750 5651 5652
2997 3710 2959 3701 3715 5652 5653 5654 3746 5655 5656
2998 3710 3712 2959 3715 3750 5648 5652 3746 5656 3729
2999 3713 944 2960 3708 5657 5658 5659 3741 5660 5661
3000 3701 153 2959 149 3702 2966 5653 3703 5662 930
3001 3713 945 1227 3714 5663 3760 3753 3738 3754 5664
3002 949 2964 2963 944 2970 2977 2975 2850 5665 5666
3003 2964 944 157 3716 5666 946 5667 5668 5669 5670
3004 2959 2961 1003 3712 2983 2986 2985 5648 3728 5671
3005 3709 945 2961 3714 5672 5673 5674 3735 5675 5664
3006 3712 2961 1003 3709 5671 2986 3728 3732 3730 5674
3007 3716 3711 944 1228 3745 5676 5670 3726 3759 3755
3008 945 3712 3710 1226 5650 3750 5651 3757 3725 3749
3009 1006 2962 2960 3713 2990 2980 2991 3737 5659 5677
3010 149 3710 201 1226 5678 3723 1217 3756 1229 3725
3011 2959 1017 3701 3715 2967 3705 5653 5656 5655 5679
3012 3713 1227 944 3708 3753 3761 5657 3741 5661 3752
3013 3701 149 3710 201 3703 5678 5654 3704 3723 1217
3014 2964 158 168 3716 2969 998 2968 5668 3717 5680
3015 2961 2962 1004 3714 2982 2988 2987 5675 3733 5681
3016 2959 153 951 149 2966 955 2965 5662 2847 930
3017 158 2964 157 3716 2969 5667 956 5680 5669 5668
3018 3716 158 168 203 5680 998 3717 3718 1233 3762
3019 3709 1227 945 3714 3747 3760 5672 3735 5664 3754
3020 949 158 2964 157 952 2969 2970 2849 5667 956
3021 157 3716 1228 203 5669 3726 3758 1234 1232 3718
3022 3710 149 945 1226 5678 948 5651 3725 3757 3756
3023 949 2963 2960 944 2975 2976 2973 2850 5658 5665
3024 3713 2960 1006 3708 5659 2991 3737 3741 3739 5660
3025 3716 944 157 1228 5670 946 5669 3726 3758 3759
3026 1002 169 1017 3715 1009 1018 2972 3721 5679 3720
3027 944 949 2964 157 2850 2970 5666 946 5667 2849
3028 3709 2961 1004 3714 5674 2987 3731 3735 3733 5675
3029 1017 1223 3715 169 3706 3722 5679 1018 3720 1225
3030 2959 951 945 149 2965 2848 5649 5662 948 2847
3031 3701 153 1017 2959 3702 1019 3705 5653 2967 2966
3032 945 3712 1226 3709 5650 3749 3757 5672 3748 3732
3033 1227 944 945 3713 3761 947 3760 3753 5663 5657
3034 1002 1017 2959 3715 2972 2967 2984 3721 5656 5679
3035 3711 3708 944 1228 3744 5661 5676 3755 3759 3751
3036 1002 2959 3712 3715 2984 5648 3727 3721 3729 5656
3037 2962 1005 1004 3714 2989 1012 2988 5681 3733 3734
3038 2960 1007 1006 3708 2992 1014 2991 5660 3739 3740
3039 3716 157 158 203 5669 956 5680 3718 3762 1234
3040 3701 3710 3715 1223 5654 3746 5655 3707 3722 3724
3041 1017 1223 3701 3715 3706 3707 3705 5679 5655 3722
3042 1004 1003 2961 3709 1011 2986 2987 3731 5674 3730
3043 2962 1006 1005 3713 2990 1013 2989 5677 3736 3737
3044 2963 1008 1007 3711 2994 1015 2993 5682 3742 3743
3045 3708 1227 944 1228 3752 3761 5661 3751 3759 1231
3046 945 1226 1227 3709 3757 1230 3760 5672 3747 3748
3047 2964 168 1008 3716 2968 1016 2971 5668 3719 3717
3048 1005 2962 3713 3714 2989 5677 3736 3734 3738 5681
3049 949 2960 950 944 2973 2974 953 2850 2852 5658
3050 950 2961 951 945 2978 2979 954 2851 2848 5673
3051 2959 1003 1002 3712 2985 1010 2984 5648 3727 3728
3052 1223 3701 3710 201 3707 5654 3724 1224 3723 3704
3053 2961 2962 945 950 2982 5683 5673 2978 2851 2981
3054 2961 945 2962 3714 5673 5683 2982 5675 5681 5664
3055 3713 2962 945 3714 5677 5683 5663 3738 5664 5681
3056 944 2963 3716 2964 5665 5684 5670 5666 5668 2977
3057 944 3716 2963 3711 5670 5684 5665 5676 5682 3745
3058 1008 3716 2963 2964 3719 5684 2994 2971 2977 5668
3059 1008 2963 3716 3711 2994 5684 3719 3743 3745 5682
3060 945 2962 944 950 5683 5685 947 2851 2852 2981
3061 945 944 2962 3713 947 5685 5683 5663 5677 5657
3062 2960 944 2962 950 5658 5685 2980 2974 2981 2852
3063 2960 2962 944 3713 2980 5685 5658 5659 5657 5677
3064 3710 2959 149 3701 5652 5662 5678 5654 3703 5653
3065 3710 149 2959 945 5678 5662 5652 5651 5649 948
3066 945 2961 3712 3709 5673 5671 5650 5672 3732 5674
3067 944 3711 2960 3708 5676 5686 5658 5661 5660 3744
3068 944 2960 3711 2963 5658 5686 5676 5665 5682 2976
3069 1007 2960 3711 3708 2992 5686 3742 3740 3744 5660
3070 1007 3711 2960 2963 3742 5686 2992 2993 2976 5682
3071 945 2959 2961 951 5649 2983 5673 2848 2979 2965
3072 945 2961 2959 3712 5673 2983 5649 5650 5648 5671
3 20 11 97
3088 1296 3509 3510 3711 5791 3538 5792 5793 5794 5795
3089 3504 3506 3888 3709 3528 5796 5797 5798 5799 5800
3090 3505 3509 1296 3711 3537 5791 5801 5802 5793 5795
3091 3709 3506 3888 3714 5800 5796 5799 3735 5803 5804
3092 3711 3510 1296 3716 5794 5792 5793 3745 5805 5806
3093 1298 201 221 5790 3907 1304 1302 5807 5808 5809
3094 3708 3505 1296 3711 5810 5801 5811 3744 5793 5802
3095 3508 3712 3504 5790 5812 5813 3525 5814 5815 5816
3096 3509 3505 1007 3711 3537 3532 3536 5795 3742 5802
3097 1008 3510 3509 3711 3513 3538 3535 3743 5795 5794
3098 3888 1227 3709 3714 5817 3747 5799 5803 3735 3754
3099 201 1298 1226 5790 3907 3908 1229 5809 5818 5807
3100 3888 1227 3713 3708 5817 3753 5819 5820 3741 3752
3101 3506 3507 3888 3714 3531 5821 5796 5804 5803 5822
3102 3712 3709 3504 5790 3732 5798 5813 5816 5815 5823
3103 3504 3508 1003 3712 3525 3520 3524 5813 3728 5812
3104 3888 3505 1296 3708 5824 5801 3896 5820 5811 5810
3105 220 1296 3510 3716 1299 5792 5825 5826 5806 5805
3106 3504 3888 1298 3709 5797 3898 5827 5798 5828 5799
3107 3509 3510 1178 1296 3538 3517 3541 5791 3891 5792
3108 3504 3888 3506 1180 5797 5796 3528 3545 3546 3894
3109 3713 3888 3507 3714 5819 5821 5829 3738 5822 5803
3110 1227 3888 3713 3714 5817 5819 3753 3754 3738 5803
3111 3504 3709 1298 5790 5798 5828 5827 5815 5807 5823
3112 196 1181 221 5790 1186 3890 1303 5830 5808 5831
3113 168 195 3510 3716 1176 3511 3512 3717 5806 5832
3114 220 3510 195 3716 5825 3511 1294 5826 5832 5806
3115 3708 1007 3505 3711 3740 3532 5810 3744 5802 3742
3116 3711 1008 3510 3716 3743 3513 5794 3745 5806 3719
3117 1178 3505 3509 1296 3540 3537 3541 3891 5791 5801
3118 3507 3506 1005 3714 3531 3526 3530 5822 3734 5804
3119 3716 220 1296 203 5826 1299 5805 3718 3909 1295
3120 3712 1003 3504 3709 3728 3524 5813 3732 5798 3730
3121 3506 3504 1004 3709 3528 3523 3527 5800 3731 5798
3122 221 1181 1298 5790 3890 3892 1302 5808 5807 5831
3123 3716 168 195 203 3717 1176 5832 3718 3887 1233
3124 3716 1296 3711 1228 5805 5793 3745 3726 3755 3910
3125 1227 1297 3888 3709 3911 3899 5817 3747 5799 5833
3126 3715 1187 169 1223 5834 1189 3720 3722 1225 3901
3127 1228 3716 1296 203 3726 5805 3910 1232 3909 3718
3128 3507 3888 3505 1179 5821 5824 3534 3543 3539 3895
3129 1227 3888 1297 3708 5817 3899 3911 3752 5835 5820
3130 201 1226 3710 5790 1229 3725 3723 5809 5836 5818
3131 1004 3506 3709 3714 3527 5800 3731 3733 3735 5804
3132 3504 1298 3888 1180 5827 3898 5797 3545 3894 3897
3133 3510 195 1178 220 3511 1182 3517 5825 3889 1294
3134 1227 1226 1297 3709 1230 3912 3911 3747 5833 3748
3135 3708 1297 1227 1228 5835 3911 3752 3751 1231 3913
3136 3900 1187 3503 3715 3904 3516 5837 5838 5839 5834
3137 1298 3888 1297 3709 3898 3899 1301 5828 5833 5799
3138 3888 1296 3505 1179 3896 5801 5824 3895 3539 3893
3139 1296 1297 3888 3708 1300 3899 3896 5811 5820 5835
3140 1296 3510 1178 220 5792 3517 3891 1299 3889 5825
3141 3900 1187 3715 1223 3904 5834 5838 3906 3722 3901
3142 3713 3507 1005 3714 5829 3530 3736 3738 3734 5822
3143 196 3900 3503 5790 3902 5837 3518 5830 5840 5841
3144 1296 3708 3711 1228 5811 3744 5793 3910 3755 3751
3145 3900 201 3710 5790 3905 3723 5842 5841 5836 5809
3146 3900 3715 3503 5790 5838 5839 5837 5841 5840 5843
3147 3508 3504 1181 5790 3525 3544 3547 5814 5831 5815
3148 3715 3710 3900 1223 3746 5842 5838 3722 3906 3724
3149 3900 196 221 5790 3902 1303 3903 5841 5808 5830
3150 3716 195 220 203 5832 1294 5826 3718 1295 3887
3151 221 201 3900 5790 1304 3905 3903 5808 5841 5809
3152 1226 1298 1297 3709 3908 1301 3912 3748 5833 5828
3153 1296 1297 3708 1228 1300 5835 5811 3910 3751 3913
3154 169 3503 1187 3715 3515 3516 1189 3720 5834 5839
3155 3710 3715 3900 5790 3746 5838 5842 5836 5841 5843
3156 169 1002 3503 3715 1009 3514 3515 3720 5839 3721
3157 1298 1181 3504 5790 3892 3544 5827 5807 5815 5831
3158 3710 3712 3715 5790 3750 3729 3746 5836 5843 5816
3159 3505 1006 1007 3708 3533 1014 3532 5810 3740 3739
3160 1180 3504 1298 1181 3545 5827 3897 1185 3892 3544
3161 1226 3709 3712 5790 3748 3732 3749 5818 5816 5823
3162 196 3503 1181 5790 3518 3519 1186 5830 5831 5840
3163 1226 1298 3709 5790 3908 5828 3748 5818 5823 5807
3164 1008 3509 1007 3711 3535 3536 1015 3743 3742 5795
3165 1178 3505 1296 1179 3540 5801 3891 1183 3893 3539
3166 1003 1004 3504 3709 1011 3523 3524 3730 5798 3731
3167 168 3510 1008 3716 3512 3513 1016 3717 3719 5806
3168 3506 1004 1005 3714 3527 1012 3526 5804 3734 3733
3169 1187 196 3900 3503 1188 3902 3904 3516 5837 3518
3170 3888 3507 3506 1180 5821 3531 5796 3894 3546 3542
3171 3507 1005 1006 3713 3530 1013 3529 5829 3737 3736
3172 1223 3710 3900 201 3724 5842 3906 1224 3905 3723
3173 3710 1226 3712 5790 3725 3749 3750 5836 5816 5818
3174 3508 1002 1003 3712 3521 1010 3520 5812 3728 3727
3175 3508 1181 3503 5790 3547 3519 3522 5814 5840 5831
3176 3888 3507 1180 1179 5821 3542 3894 3895 1184 3543
3177 3712 1002 5790 3508 3727 5844 5816 5812 5814 3521
3178 3712 5790 1002 3715 5816 5844 3727 3729 3721 5843
3179 3503 5790 1002 3508 5840 5844 3514 3522 3521 5814
3180 3503 1002 5790 3715 3514 5844 5840 5839 5843 3721
3181 1006 3507 3708 3505 3529 5845 3739 3533 5810 3534
3182 1006 3708 3507 3713 3739 5845 3529 3737 5829 3741
3183 3888 3708 3507 3505 5820 5845 5821 5824 3534 5810
3184 3888 3507 3708 3713 5821 5845 5820 5819 3741 5829
3 21 11 26
3460 1181 196 221 190 1186 1303 3890 3496 3991 1177
3461 195 192 1178 220 1175 3498 1182 1294 3889 3985
3462 1178 231 1296 220 5951 3992 3891 3889 1299 1337
3463 221 226 1298 1181 1343 3993 1302 3890 3892 5952
3464 192 231 1178 220 1336 5951 3498 3985 3889 1337
3465 221 226 1181 190 1343 5952 3890 3991 3496 1330
3466 1181 226 1156 190 5952 3986 3497 3496 1158 1330
3467 1178 231 1338 1296 5951 1340 5953 3891 3995 3992
3468 231 1338 192 1178 1340 3987 1336 5951 3498 5953
3469 1157 192 1338 1178 1160 3987 3988 3499 5953 3498
3470 1180 1298 3888 1339 3897 3898 3894 5954 5955 3994
3471 1338 1296 3888 1179 3995 3896 5956 5957 3895 3893
3472 3888 1297 1338 1339 3899 3996 5956 5955 1341 3997
3473 1338 1296 1297 3888 3995 1300 3996 5956 3899 3896
3474 1297 3888 1298 1339 3899 3898 1301 3997 3994 5955
3475 1156 1339 1179 1157 3989 5958 3501 1159 3500 3990
3476 1338 1339 1179 3888 1341 5958 5957 5956 3895 5955
3477 1338 1179 1339 1157 5957 5958 1341 3988 3990 3500
3478 1180 1339 1179 1156 5954 5958 1184 3502 3501 3989
3479 1179 1339 1180 3888 5958 5954 1184 3895 3894 5955
3480 1338 1179 1178 1296 5957 1183 5953 3995 3891 3893
3481 1178 1179 1338 1157 1183 5957 5953 3499 3988 3500
3482 1339 226 1181 1298 1342 5952 5959 3994 3892 3993
3483 1181 226 1339 1156 5952 1342 5959 3497 3989 3986
3484 1181 1180 1339 1298 1185 5954 5959 3892 3994 3897
3485 1339 1180 1181 1156 5954 1185 5959 3989 3497 3502
3 22 11 16
3575 226 1151 1156 190 5984 3448 3986 1330 1158 3447
3576 1151 214 189 190 3968 1283 1154 3447 1147 3978
3577 1151 226 1156 1339 5984 3986 3448 5985 3989 1342
3578 226 214 1151 190 1324 3968 5984 1330 3447 3978
3579 214 226 1151 1339 1324 5984 3968 4016 5985 1342
3580 192 225 1338 231 4020 4018 3987 1336 1340 1355
3581 1320 214 1151 1339 1322 3968 3970 4017 5985 4016
3582 1338 1320 1157 1339 4019 5986 3988 1341 3990 4017
3583 1157 1150 1151 1320 3450 1153 3451 5986 3970 3971
3584 192 1150 225 191 3449 3969 4020 1155 1323 1152
3585 192 1157 225 1150 1160 5987 4020 3449 3969 3450
3586 192 225 1157 1338 4020 5987 1160 3987 3988 4018
3587 1320 225 1157 1150 1321 5987 5986 3971 3450 3969
3588 1320 1157 225 1338 5986 5987 1321 4019 4018 3988
3589 1157 1151 1339 1320 3451 5985 3990 5986 4017 3970
3590 1157 1339 1151 1156 3990 5985 3451 1159 3448 3989
3 23 11 15
3930 1151 1082 214 1320 3444 5941 3968 3970 1322 5942
3931 204 1083 178 191 3769 1086 1236 3967 1149 3443
3932 189 176 205 1082 1146 1241 3872 3442 3768 1084
3933 1082 214 189 1151 5941 1283 3442 3444 1154 3968
3934 204 1238 1083 225 1239 3770 3769 1319 5943 3964
3935 1082 205 214 1320 3768 1277 5941 5942 1322 3965
3936 1150 191 1083 225 1152 3443 3445 3969 5943 1323
3937 1082 1238 205 1320 3771 1240 3768 5942 3965 3966
3938 214 189 205 1082 1283 3872 1277 5941 3768 3442
3939 191 204 1083 225 3967 3769 3443 1323 5943 1319
3940 1150 1320 1082 1151 3971 5942 3446 1153 3444 3970
3941 1083 1082 1320 1238 1085 5942 5944 3770 3966 3771
3942 1320 1082 1083 1150 5942 1085 5944 3971 3445 3446
3943 1320 225 1083 1238 1321 5943 5944 3966 3770 3964
3944 1083 225 1320 1150 5943 1321 5944 3445 3971 3969
3 24 11 15
4042 1077 1097 180 1082 3291 1099 3288 3258 5687 5688
4043 1083 177 204 178 3259 3763 3769 1086 1236 1081
4044 176 175 205 1082 1073 3767 1241 1084 3768 3257
4045 180 175 1077 1082 1100 1080 3288 5687 3258 3257
4046 204 1238 179 1083 1239 3764 1235 3769 5689 3770
4047 1097 205 180 1082 3766 1237 1099 5688 5687 3768
4048 1076 177 179 1083 1078 1095 3289 3260 5689 3259
4049 1097 1238 205 1082 3765 1240 3766 5688 3768 3771
4050 175 180 205 1082 1100 1237 3767 3257 3768 5687
4051 177 204 179 1083 3763 1235 1095 3259 5689 3769
4052 1082 1097 1076 1077 5688 3290 3261 3258 1079 3291
4053 1082 1083 1097 1238 1085 5690 5688 3771 3765 3770
4054 1082 1097 1083 1076 5688 5690 1085 3261 3260 3290
4055 179 1097 1083 1238 1098 5690 5689 3764 3770 3765
4056 179 1083 1097 1076 5689 5690 1098 3289 3290 3260
3 25 11 16
4083 756 132 112 1077 2687 841 758 3255 3254 5309
4084 180 175 112 1077 1100 1072 3287 3288 3254 1080
4085 756 836 132 1077 2688 838 2687 3255 5309 5310
4086 180 112 132 1077 3287 841 1096 3288 5309 3254
4087 180 132 836 1077 1096 838 3284 3288 5310 5309
4088 179 131 110 837 1094 835 3282 3283 2685 840
4089 1097 180 836 1077 1099 3284 3286 3291 5310 3288
4090 1097 757 836 837 5311 2689 3286 3285 839 2686
4091 757 1097 1077 1076 5311 3291 3256 3253 1079 3290
4092 1076 110 179 177 3252 3282 3289 1078 1095 1075
4093 110 757 179 837 760 5312 3282 2685 3283 2686
4094 110 179 757 1076 3282 5312 760 3252 3253 3289
4095 1097 179 757 837 1098 5312 5311 3285 2686 3283
4096 1097 757 179 1076 5311 5312 1098 3290 3289 3253
4097 757 1077 836 756 3256 5310 2689 759 2688 3255
4098 836 1077 757 1097 5310 3256 2689 3286 5311 3291
3 26 11 40
2466 882 2743 2712 727 5005 5006 5007 2763 5008 5009
2467 2743 641 682 2712 5010 2360 5011 5006 5012 5013
2468 2712 879 2743 882 5014 5015 5006 5007 5005 2759
2469 2712 682 2743 772 5012 5011 5006 5016 5017 2585
2470 2743 644 641 2712 5018 2213 5010 5006 5013 5019
2471 2743 644 2712 727 5018 5019 5006 5009 5008 2505
2472 2743 879 2712 876 5015 5014 5006 5020 5021 2756
2473 876 2712 2743 772 5021 5006 5020 2753 5017 5016
2474 2712 882 727 139 5007 2763 5008 2718 2761 884
2475 96 682 641 2712 684 2360 2358 2715 5013 5012
2476 882 2712 879 139 5007 5014 2759 884 2758 2718
2477 2712 96 682 772 2715 684 5012 5016 2585 2584
2478 142 105 2743 882 875 2747 2749 883 5005 2762
2479 682 97 89 2743 683 688 2359 5011 2745 2746
2480 2743 682 97 115 5011 683 2746 2748 776 2586
2481 141 142 2743 882 874 2749 2751 2760 5005 883
2482 876 2743 140 772 5020 2750 877 2753 2754 5017
2483 140 879 2743 876 2757 5015 2750 877 5020 2756
2484 641 682 89 2743 2360 2359 642 5010 2745 5011
2485 882 105 2743 727 2762 2747 5005 2763 5009 728
2486 2743 115 140 772 2748 872 2750 5017 2754 774
2487 879 2743 141 140 5015 2751 880 2757 873 2750
2488 115 2743 682 772 2748 5011 2586 774 2585 5017
2489 879 141 2743 882 880 2751 5015 2759 5005 2760
2490 641 89 90 2743 642 639 2214 5010 2744 2745
2491 105 90 2743 727 722 2744 2747 728 5009 2504
2492 2743 90 644 727 2744 645 5018 5009 2505 2504
2493 641 90 644 2743 2214 645 2213 5010 5018 2744
2494 2712 138 879 139 2720 881 5014 2718 2758 853
2495 113 96 2712 772 767 2715 2717 773 5016 2584
2496 85 96 641 2712 681 2358 643 2714 5013 2715
2497 727 101 2712 139 729 2716 5008 2761 2718 854
2498 2712 879 138 876 5014 881 2720 5021 2755 2756
2499 113 2712 876 772 2717 5021 2752 773 2753 5016
2500 641 644 85 2712 2213 2212 643 5013 2714 5019
2501 2712 644 101 727 5019 2503 2716 5008 729 2505
2502 86 85 644 2712 623 2212 646 2713 5019 2714
2503 644 101 86 2712 2503 706 646 5019 2713 2716
2504 2712 137 113 876 2719 851 2717 5021 2752 878
2505 138 137 2712 876 852 2719 2720 2755 5021 878
3 27 11 75
2631 2078 523 2080 2328 2087 2083 2103 4792 4793 4794
2632 2328 2323 2076 2326 2343 4795 4796 2355 4797 2357
2633 2328 2076 2078 2326 4796 2109 4792 2355 4800 4797
2634 600 2077 2079 2327 2092 2110 2086 4801 4802 4803
2635 2325 2075 2077 2327 4804 2107 4805 2351 4803 4806
2636 595 2075 2077 2325 2106 2107 2090 4807 4805 4804
2637 2075 2325 2322 2327 4804 2356 4808 4806 2350 2351
2638 2080 2076 2078 2328 2095 2109 2103 4793 4792 4796
2639 2074 596 2076 2324 2104 2108 2098 4799 4809 4798
2640 2075 2079 2077 2327 2102 2110 2107 4806 4803 4802
2641 596 2078 2076 2326 2089 2109 2108 4813 4797 4800
2642 2077 595 2325 2569 2090 4807 4805 4814 4815 4816
2643 596 2326 2324 772 4813 2354 4798 4817 4812 4818
2644 2327 2077 2325 2569 4803 4805 2351 4819 4815 4814
2645 2569 595 2325 772 4816 4807 4815 4820 4811 4810
2646 682 2324 2326 772 2352 2354 2338 2585 4818 4812
2647 2326 2078 2328 2587 4800 4792 2355 4821 4822 4823
2648 682 2325 2324 772 2337 2353 2352 2585 4812 4811
2649 596 2078 2326 2587 2089 4800 4813 4824 4821 4823
2650 2326 596 2587 772 4813 4824 4821 4818 4825 4817
2651 2322 2324 2074 497 2349 4799 4826 2347 2096 2345
2652 2322 2074 2075 497 4826 2101 4808 2347 2100 2096
2653 2569 769 595 772 4827 2579 4816 4820 4810 2582
2654 2078 523 2328 2587 2087 4794 4792 4823 4822 2591
2655 2080 523 41 2328 2083 524 2082 4793 2329 4794
2656 600 2077 2327 2569 2092 4803 4801 2573 4819 4814
2657 678 2327 2325 2569 2334 2351 2335 2576 4815 4819
2658 2328 685 2326 2587 2331 2340 2355 4822 4821 2594
2659 2587 115 2326 772 2592 4828 4821 4825 4818 774
2660 678 600 2327 2569 2570 4801 2334 2576 4819 2573
2661 595 112 769 2569 2578 771 2579 4816 4827 2572
2662 685 2328 523 2587 2331 4794 2588 2594 2591 4822
2663 115 2326 97 2587 4828 2339 776 2592 2593 4821
2664 115 2587 114 772 2592 2590 775 774 2583 4825
2665 496 2074 2324 497 2097 4799 2344 501 2345 2096
2666 682 96 2325 772 684 2336 2337 2585 4811 2584
2667 682 2326 97 115 2338 2339 683 2586 776 4828
2668 2569 113 769 772 2574 2581 4827 4820 2582 773
2669 115 682 2326 772 2586 2338 4828 774 4818 2585
2670 53 600 2079 2327 601 2086 2084 2333 4802 4801
2671 2328 523 41 685 4794 524 2329 2331 687 2588
2672 113 769 112 2569 2581 771 766 2574 2572 4827
2673 595 2077 82 2569 2090 2091 597 4816 2571 4814
2674 2076 2080 495 2328 2095 2081 2094 4796 2330 4793
2675 498 2079 2075 2327 2085 2102 2099 2332 4806 4802
2676 82 112 595 2569 755 2578 597 2571 4816 2572
2677 2587 596 65 114 4824 599 2589 2590 768 2577
2678 596 595 769 772 598 2579 2580 4817 2582 4810
2679 495 2080 41 2328 2081 2082 499 2330 2329 4793
2680 2323 2076 495 2328 4795 2094 2341 2343 2330 4796
2681 2075 2322 498 2327 4808 2348 2099 4806 2332 2350
2682 53 600 2327 678 601 4801 2333 680 2334 2570
2683 2078 596 65 2587 2089 599 2088 4823 2589 4824
2684 678 2325 96 2569 2335 2336 679 2576 2575 4815
2685 2326 685 97 2587 2340 686 2339 4821 2593 2594
2686 498 53 2079 2327 503 2084 2085 2332 4802 2333
2687 2323 495 2076 496 2341 2094 4795 2342 2093 500
2688 2075 2322 497 498 4808 2347 2100 2099 502 2348
2689 2077 600 82 2569 2092 602 2091 4814 2571 2573
2690 523 2078 65 2587 2087 2088 525 2591 2589 4823
2691 2324 2076 496 2323 4809 2093 2344 2346 2342 4795
2692 2324 496 2076 2074 2344 2093 4809 4799 2098 2097
2693 2324 2074 2325 2322 4799 4829 2353 2349 2356 4826
2694 2075 2074 2325 595 2101 4829 4804 2106 4807 2105
2695 2075 2325 2074 2322 4804 4829 2101 4808 4826 2356
2696 2076 2324 2326 2323 4809 2354 4797 4795 2357 2346
2697 2326 2324 2076 596 2354 4809 4797 4813 2108 4798
2698 772 596 114 769 4817 2577 2583 2582 770 2580
2699 772 114 596 2587 2583 2577 4817 4825 4824 2590
2700 772 2569 96 2325 4820 2575 2584 4811 2336 4815
2701 772 96 2569 113 2584 2575 4820 773 2574 767
2702 2325 596 2074 2324 4830 2104 4829 2353 4799 4798
2703 2325 2074 596 595 4829 2104 4830 4807 598 2105
2704 2325 772 596 2324 4811 4817 4830 2353 4798 4812
2705 2325 596 772 595 4830 4817 4811 4807 4810 598
3 28 11 71
2535 2325 2322 2327 1837 2356 2350 2351 4569 4570 4571
2536 2326 1838 1836 358 4572 1854 4573 4574 1853 1839
2537 2324 2325 641 357 2353 4575 4576 4577 4578 4579
2538 2326 2324 682 641 2354 2352 2338 4580 2360 4576
2539 2324 2325 682 641 2353 2337 2352 4576 2360 4575
2540 2314 2325 2327 1837 4581 2351 4582 4583 4570 4569
2541 1838 2326 2328 2361 4572 2355 4584 4585 4586 4587
2542 358 2326 1838 2361 4574 4572 1839 4588 4585 4587
2543 2325 2314 357 1837 4581 4589 4579 4569 1843 4583
2544 641 2325 2314 357 4575 4581 4590 4578 4589 4579
2545 358 641 2326 2361 4591 4580 4574 4588 4587 4592
2546 1836 496 2323 1834 1858 2342 4593 1852 4594 1859
2547 497 2322 1834 1835 2347 4595 1860 1861 1850 4596
2548 496 2324 2323 1834 2344 2346 2342 1859 4594 4597
2549 497 2322 2324 1834 2347 2349 2345 1860 4597 4595
2550 387 1838 2328 2361 1841 4584 4598 2365 4586 4585
2551 2325 2327 678 2314 2351 2334 2335 4581 2321 4582
2552 2326 685 2328 2361 2340 2331 2355 4587 4586 2368
2553 89 2326 641 2361 4599 4580 642 2364 4592 4587
2554 262 641 2314 357 2210 4590 4600 1480 4589 4578
2555 2314 2327 450 1837 4582 4601 2318 4583 1844 4570
2556 387 2328 685 2361 4598 2331 2366 2365 2368 4586
2557 1838 495 2328 1836 1855 2330 4584 1854 4602 1857
2558 2326 89 97 2361 4599 688 2339 4587 2367 2364
2559 495 2323 2328 1836 2341 2343 2330 1857 4602 4593
2560 10 89 641 2361 638 642 2209 2362 4592 2364
2561 2324 496 497 1834 2344 501 2345 4597 1860 1859
2562 682 2325 96 641 2337 2336 684 2360 2358 4575
2563 2326 97 89 682 2339 688 4599 2338 2359 683
2564 262 2314 16 357 4600 2315 264 1480 1479 4589
2565 2327 678 2314 450 2334 2321 4582 4601 2318 2319
2566 1838 2328 495 387 4584 2330 1855 1841 1845 4598
2567 682 89 2326 641 2359 4599 2338 2360 4580 642
2568 2328 41 495 387 2329 499 2330 4598 1845 389
2569 641 2314 85 262 4590 2317 643 2210 2211 4600
2570 685 41 2328 387 687 2329 2331 2366 4598 389
2571 2314 16 85 262 2315 622 2317 4600 2211 264
2572 2327 498 450 1837 2332 1846 4601 4570 1844 1856
2573 358 29 10 2361 361 320 1477 4588 2362 2363
2574 358 1838 29 2361 1839 1840 361 4588 2363 4585
2575 641 262 358 357 2210 1478 4591 4578 360 1480
2576 96 2325 678 2314 2336 2335 679 2320 2321 4581
2577 496 2323 495 1836 2342 2341 500 1858 1857 4593
2578 2327 498 53 450 2332 503 2333 4601 452 1846
2579 2314 34 16 357 2316 344 2315 4589 1479 359
2580 357 2314 34 1837 4589 2316 359 1843 1842 4583
2581 97 685 2326 2361 686 2340 2339 2367 4587 2368
2582 678 2327 53 450 2334 2333 680 2319 452 4601
2583 2322 497 498 1835 2347 502 2348 4596 1862 1861
2584 29 1838 387 2361 1840 1841 388 2363 2365 4585
2585 450 34 2314 1837 451 2316 2318 1844 4583 1842
2586 2323 2326 1834 2324 2357 4603 4594 2346 4597 2354
2587 2323 1834 2326 1836 4594 4603 2357 4593 4573 1852
2588 358 2326 1834 1836 4574 4603 1848 1853 1852 4573
2589 1836 2326 2328 1838 4573 2355 4602 1854 4584 4572
2590 1836 2328 2326 2323 4602 2355 4573 4593 2357 2343
2591 1837 2322 357 2325 4571 4604 1843 4569 4579 2356
2592 1837 357 2322 1835 1843 4604 4571 1851 4596 1849
2593 1834 2322 357 1835 4595 4604 1847 1850 1849 4596
2594 1837 2322 498 1835 4571 2348 1856 1851 1862 4596
2595 1837 498 2322 2327 1856 2348 4571 4570 2350 2332
2596 358 641 10 262 4591 2209 1477 1478 263 2210
2597 10 641 358 2361 2209 4591 1477 2362 4588 4592
2598 641 2314 96 85 4590 2320 2358 643 681 2317
2599 641 96 2314 2325 2358 2320 4590 4575 4581 2336
2600 2324 357 2322 2325 4577 4604 2349 2353 2356 4579
2601 2324 2322 357 1834 2349 4604 4577 4597 1847 4595
2602 357 2326 2324 1834 4605 2354 4577 1847 4597 4603
2603 357 2324 2326 641 4577 2354 4605 4578 4580 4576
2604 357 358 2326 1834 360 4574 4605 1847 4603 1848
2605 357 2326 358 641 4605 4574 360 4578 4591 4580
3 29 11 26
2325 2203 644 48 487 4482 2215 2206 4483 488 2216
2326 2203 10 641 262 2205 2209 4484 4485 2210 263
2327 2203 10 89 641 2205 638 2207 4484 642 2209
2328 644 48 90 2203 2215 640 645 4482 2208 2206
2329 2176 258 641 262 4486 4487 4488 4489 2210 1380
2330 641 258 2203 262 4487 4490 4484 2210 4485 1380
2331 2176 487 644 258 4491 2216 4492 4486 4493 1795
2332 487 2203 644 258 4483 4482 2216 1795 4493 4490
2333 644 2176 258 641 4492 4486 4493 2213 4487 4488
2334 487 86 55 2176 2217 624 489 4491 2179 2181
2335 258 2203 644 641 4490 4482 4493 4487 2213 4484
2336 2176 55 487 258 2179 489 4491 4486 1795 1796
2337 487 644 86 2176 2216 646 2217 4491 2181 4492
2338 85 2176 641 262 2180 4488 643 2211 2210 4489
2339 258 8 2203 262 260 2204 4490 1380 4485 1379
2340 8 10 2203 262 251 2205 2204 1379 4485 263
2341 8 2203 487 258 2204 4483 1794 260 1795 4490
2342 48 8 2203 487 426 2204 2206 488 4483 1794
2343 15 55 2176 258 475 2179 2177 259 4486 1796
2344 2176 85 16 262 2180 622 2178 4489 264 2211
2345 258 2176 16 262 4486 2178 1381 1380 264 4489
2346 89 90 2203 641 639 2208 2207 642 4484 2214
2347 2203 90 644 641 2208 645 4482 4484 2213 2214
2348 2176 16 15 258 2178 266 2177 4486 259 1381
2349 2176 644 85 641 4492 2212 2180 4488 643 2213
2350 644 85 86 2176 2212 623 646 4492 2181 2180
3 30 11 26
2229 487 644 48 2494 2216 2215 488 4702 2496 4703
2230 104 724 2494 727 725 4704 2498 2508 4705 2507
2231 2494 105 104 727 2499 723 2498 4705 2508 728
2232 644 90 48 2494 645 640 2215 4703 2496 2497
2233 578 724 2467 727 2502 4706 4707 4708 4709 2507
2234 2494 724 578 727 4704 2502 4710 4705 4708 2507
2235 644 2467 578 487 4711 4707 4712 2216 2037 4713
2236 578 644 487 2494 4712 2216 2037 4710 4702 4703
2237 644 578 2467 727 4712 4707 4711 2505 4709 4708
2238 2467 86 55 487 2470 624 2469 4713 489 2217
2239 578 644 2494 727 4712 4703 4710 4708 4705 2505
2240 55 578 2467 487 2036 4707 2469 489 4713 2037
2241 86 2467 644 487 2470 4711 646 2217 2216 4713
2242 2467 724 101 727 4706 2506 2472 4709 729 2507
2243 724 578 78 2494 2502 580 2501 4704 2495 4710
2244 104 724 78 2494 725 2501 721 2498 2495 4704
2245 487 78 578 2494 2035 580 2037 4702 4710 2495
2246 487 48 78 2494 488 581 2035 4702 2495 2496
2247 74 55 578 2467 564 2036 579 2468 4707 2469
2248 101 100 724 2467 707 726 2506 2472 4706 2471
2249 724 100 578 2467 726 2500 2502 4706 4707 2471
2250 2494 90 105 727 2497 722 2499 4705 728 2504
2251 2494 644 90 727 4703 645 2497 4705 2504 2505
2252 578 100 74 2467 2500 705 579 4707 2468 2471
2253 644 2467 101 727 4711 2472 2503 2505 729 4709
2254 2467 101 86 644 2472 706 2470 4711 646 2503
3 31 11 70
2255 3004 3009 3007 3043 3029 3026 3038 5152 5153 5154
2256 3003 3006 3008 3041 3037 3025 3036 5155 5156 5157
2257 3006 3005 727 925 3022 5158 5159 5160 5161 5162
2258 3005 3007 882 727 3024 3014 3023 5158 2763 5163
2259 3006 3005 882 727 3022 3023 3010 5159 2763 5158
2260 2995 3008 3006 3041 5164 3025 5165 5166 5157 5156
2261 3068 3007 3009 3043 5167 3026 5168 5169 5154 5153
2262 3007 3068 926 3043 5167 5170 5171 5153 3044 5169
2263 925 2995 3006 3041 5172 5165 5160 3048 5157 5166
2264 3006 727 2995 925 5159 5173 5165 5160 5172 5161
2265 3007 3068 727 926 5167 5174 5163 5171 5175 5170
2266 3042 3004 1024 3039 5176 3027 3062 3057 3064 5177
2267 1025 3003 3040 3039 3034 5178 3066 3065 3055 5179
2268 3005 1024 3004 3039 3031 3027 3032 5180 5177 3064
2269 3003 1025 3005 3039 3034 3030 3035 5179 5180 3065
2270 3009 3068 3043 1032 5168 5169 5154 5181 3046 3074
2271 3006 999 3008 2995 3012 3016 3025 5165 5164 3000
2272 3007 3009 1020 3068 3026 3020 3015 5167 3073 5168
2273 3068 105 3007 727 3070 5182 5167 5174 5163 728
2274 2995 727 724 925 5173 2507 5183 5172 2829 5161
2275 1017 3008 2995 3041 5184 5164 3001 3049 5166 5156
2276 3068 3009 1020 1032 5168 3020 3073 3074 3075 5181
2277 3007 142 105 3068 3013 875 5182 5167 3070 3072
2278 104 105 3068 727 723 3070 3069 2508 5174 728
2279 3005 1025 1024 3039 3030 1029 3031 5180 3064 3065
2280 727 882 3006 139 2763 3010 5159 2761 3011 884
2281 3007 105 142 882 5182 875 3013 3014 883 2762
2282 2995 724 100 925 5183 726 2996 5172 2828 2829
2283 2995 999 3008 1017 3000 3016 5164 3001 5184 3002
2284 1023 3009 3043 1032 3021 5154 3063 3051 3046 5181
2285 882 3007 105 727 3014 5182 2762 2763 728 5163
2286 3009 1023 170 1032 3021 1027 3019 5181 1033 3051
2287 727 724 101 2995 2507 2506 729 5173 2997 5183
2288 3009 170 1020 1032 3019 1022 3020 5181 3075 1033
2289 100 101 724 2995 707 2506 726 2996 5183 2997
2290 1026 3008 1017 3041 3018 5184 3050 3060 3049 5156
2291 3068 152 104 926 3071 931 3069 5170 2830 929
2292 926 3068 152 3043 5170 3071 929 3044 3045 5169
2293 926 724 727 925 2831 2507 5175 928 5161 2829
2294 1024 1023 3004 3042 1028 3028 3027 3062 5176 3061
2295 2995 3006 999 139 5165 3012 3000 2999 1000 3011
2296 1026 3008 169 1017 3018 3017 1031 3050 1018 5184
2297 925 100 2995 153 2828 2996 5172 927 2998 932
2298 153 2995 925 3041 2998 5172 927 3047 3048 5166
2299 3007 1020 142 3068 3015 1021 3013 5167 3072 3073
2300 1026 1025 3003 3040 1030 3034 3033 3067 5178 3066
2301 169 3008 999 1017 3017 3016 1001 1018 3002 5184
2302 3043 3068 152 1032 5169 3071 3045 3046 1034 3074
2303 1017 2995 153 3041 3001 2998 1019 3049 3047 5166
2304 3005 3003 925 3006 3035 5185 5162 3022 5160 3037
2305 3041 925 3003 3006 3048 5185 5155 5157 3037 5160
2306 3041 3003 925 3040 5155 5185 3048 3056 3054 5178
2307 3004 3043 926 3042 5152 3044 5186 5176 3058 3059
2308 926 3043 3004 3007 3044 5152 5186 5171 3038 5153
2309 926 3039 3004 3042 3053 5177 5186 3058 5176 3057
2310 925 3039 3003 3005 3052 5179 5185 5162 3035 5180
2311 925 3003 3039 3040 5185 5179 3052 3054 3055 5178
2312 3003 3041 1026 3040 5155 3060 3033 5178 3067 3056
2313 1026 3041 3003 3008 3060 5155 3033 3018 3036 5156
2314 3004 3043 1023 3009 5152 3063 3028 3029 3021 5154
2315 1023 3043 3004 3042 3063 5152 3028 3061 5176 3059
2316 926 727 104 3068 5175 2508 2830 5170 3069 5174
2317 926 104 727 724 2830 2508 5175 2831 2507 725
2318 2995 727 139 101 5173 2761 2999 2997 854 729
2319 2995 139 727 3006 2999 2761 5173 5165 5159 3011
2320 727 926 3005 3007 5175 5187 5158 5163 3024 5171
2321 3004 926 3005 3039 5186 5187 3032 5177 5180 3053
2322 3004 3005 926 3007 3032 5187 5186 3038 5171 3024
2323 926 925 3005 3039 928 5162 5187 3053 5180 3052
2324 926 3005 925 727 5187 5162 928 5175 5161 5158
3 32 11 76
2351 1113 3564 3566 3009 3573 3589 3572 5507 5508 5509
2352 3563 1187 3565 3008 3577 3569 3590 5512 5513 5514
2353 3561 3563 3008 3006 3594 5512 5515 5516 3025 5517
2354 3561 1190 3563 3006 3593 3578 3594 5516 5517 5518
2355 3006 3008 3561 3003 3025 5515 5516 3037 5519 3036
2356 3004 1191 3005 3007 5520 5511 3032 3038 3024 5521
2357 3561 3563 3565 3008 3594 3590 3588 5515 5513 5512
2358 3548 3563 1190 3006 5525 3578 5526 5527 5518 5517
2359 3005 1191 879 3007 5511 5528 5524 3024 5529 5521
2360 3008 3563 3548 3006 5512 5525 5530 3025 5527 5517
2361 3548 1190 879 3006 5526 5522 5531 5527 5523 5518
2362 879 3005 3007 882 5524 3024 5529 2759 3014 3023
2363 3009 3313 3564 3007 5532 5533 5509 3026 5534 5535
2364 879 3006 3005 882 5523 3022 5524 2759 3023 3010
2365 1191 3564 3313 3007 3575 5533 5536 5521 5535 5534
2366 1191 3313 879 3007 5536 5537 5528 5521 5529 5535
2367 1025 3005 3560 3003 3030 5510 3582 3034 5538 3035
2368 1024 3560 3005 3004 3583 5510 3031 3027 3032 5539
2369 3560 3561 1025 3003 3587 3586 3582 5538 3034 5519
2370 3562 3560 1024 3004 3584 3583 3579 5540 3027 5539
2371 1190 879 1167 3548 5522 3476 3559 5526 5541 5531
2372 3564 1113 3313 3009 3573 3320 5533 5509 5532 5507
2373 3566 170 1113 3009 3571 1115 3572 5508 5507 3019
2374 1187 3563 3548 3008 3577 5525 3555 5514 5530 5512
2375 999 3008 3548 3006 3016 5530 3552 3012 5527 3025
2376 3009 1020 3313 3007 3020 3317 5532 3026 5535 3015
2377 3313 141 879 3007 3314 880 5537 5535 5529 5542
2378 3008 3548 1187 999 5530 3555 5514 3016 3553 3552
2379 190 1190 1167 3548 3558 3559 1169 3551 5541 5526
2380 1113 1020 3313 3009 3318 3317 3320 5507 5532 3020
2381 141 3313 142 3007 3314 3315 874 5542 3013 5535
2382 3313 141 183 879 3314 1111 3316 5537 3477 880
2383 1025 3560 3005 1024 3582 5510 3030 1029 3031 3583
2384 879 3006 882 139 5523 3010 2759 2758 884 3011
2385 3007 142 141 882 3013 874 5542 3014 2760 883
2386 879 138 1167 3548 881 3475 3476 5531 5541 3550
2387 141 879 3007 882 880 5529 5542 2760 3014 2759
2388 3565 1187 169 3008 3569 1189 3567 5513 3017 5514
2389 170 1020 1113 3009 1022 3318 1115 3019 5507 3020
2390 190 1167 138 3548 1169 3475 1148 3551 3550 5541
2391 196 3563 1190 3548 3576 3578 1192 3554 5526 5525
2392 3565 3561 3008 1026 3588 5515 5513 3568 3018 3585
2393 190 196 1190 3548 1177 1192 3558 3551 5526 3554
2394 183 184 3313 1191 1112 3319 3316 3556 5536 1194
2395 1191 879 1167 1190 5528 3476 3557 1193 3559 5522
2396 170 3566 1023 3009 3571 3570 1027 3019 3021 5508
2397 1026 3561 3008 3003 3585 5515 3018 3033 3036 5519
2398 3008 1187 169 999 5514 1189 3017 3016 1001 3553
2399 3564 3313 184 1191 5533 3319 3574 3575 1194 5536
2400 3548 999 3006 139 3552 3012 5527 3549 3011 1000
2401 142 3313 1020 3007 3315 3317 1021 3013 3015 5535
2402 3008 169 3565 1026 3017 3567 5513 3018 3568 1031
2403 1023 3562 1024 3004 3580 3579 1028 3028 3027 5540
2404 3561 1026 1025 3003 3585 1030 3586 5519 3034 3033
2405 196 1187 3563 3548 1188 3577 3576 3554 5525 3555
2406 1113 3313 184 3564 3320 3319 1114 3573 3574 5533
2407 3004 3560 1191 3562 5539 3591 5520 5540 3595 3584
2408 3004 1191 3560 3005 5520 3591 5539 3032 5510 5511
2409 3561 3006 3560 1190 5516 5543 3587 3593 3592 5518
2410 3561 3560 3006 3003 3587 5543 5516 5519 3037 5538
2411 3005 3006 3560 3003 3022 5543 5510 3035 5538 3037
2412 3009 3564 3004 3007 5509 5544 3029 3026 3038 5534
2413 1191 3564 3004 3562 3575 5544 5520 3595 5540 3596
2414 1191 3004 3564 3007 5520 5544 3575 5521 5534 3038
2415 3564 3566 3004 3562 3589 5545 5544 3596 5540 3581
2416 3564 3004 3566 3009 5544 5545 3589 5509 5508 3029
2417 1023 3004 3566 3562 3028 5545 3570 3580 3581 5540
2418 1023 3566 3004 3009 3570 5545 3028 3021 3029 5508
2419 1191 879 183 1167 5528 3477 3556 3557 1168 3476
2420 1191 183 879 3313 3556 3477 5528 5536 5537 3316
2421 879 3548 139 138 5531 3549 2758 881 853 3550
2422 139 3548 879 3006 3549 5531 2758 3011 5523 5527
2423 1191 879 3006 3005 5528 5523 5546 5511 3022 5524
2424 1191 3006 879 1190 5546 5523 5528 1193 5522 5518
2425 3560 1191 3006 3005 3591 5546 5543 5510 3022 5511
2426 3560 3006 1191 1190 5543 5546 3591 3592 1193 5518
3 33 11 25
2606 876 140 3463 174 877 3465 5434 3281 3466 1071
2607 3463 183 141 879 3467 1111 3464 5435 880 3477
2608 3463 183 879 1167 3467 3477 5435 5436 3476 1168
2609 3436 1164 879 1167 5437 5438 5439 5440 3476 3474
2610 876 1164 3436 1091 5441 5437 5442 3280 5443 3470
2611 879 1164 3463 1167 5438 5444 5435 3476 5436 3474
2612 3436 879 1164 876 5439 5438 5437 5442 5441 2756
2613 137 3436 176 1091 3438 3439 1074 3279 1093 5443
2614 3463 1164 879 876 5444 5438 5435 5434 2756 5441
2615 3436 137 876 1091 3438 878 5442 5443 3280 3279
2616 879 138 3436 1167 881 3437 5439 3476 5440 3475
2617 193 1164 3463 174 1166 5444 3468 1162 3466 3469
2618 183 3463 193 1167 3467 3468 1163 1168 3472 5436
2619 193 3463 1164 1167 3468 5444 1166 3472 3474 5436
2620 176 3436 189 1091 3439 3441 1146 1093 3471 5443
2621 140 3463 879 876 3465 5435 2757 877 2756 5434
2622 141 3463 879 140 3464 5435 880 873 2757 3465
2623 138 3436 1167 190 3437 5440 3475 1148 1169 3440
2624 3436 1164 189 1091 5437 1165 3441 5443 3471 3470
2625 1167 3436 1164 190 5440 5437 3474 1169 3473 3440
2626 3436 189 1164 190 3441 1165 5437 3440 3473 1147
2627 3436 138 879 876 3437 881 5439 5442 2756 2755
2628 138 3436 137 876 3437 3438 852 2755 878 5442
2629 876 174 1164 1091 3281 3469 5441 3280 3470 1092
2630 1164 174 876 3463 3469 3281 5441 5444 5434 3466
3 34 11 25
2706 140 876 3240 174 877 5298 3244 1071 3245 3281
2707 115 114 3240 772 775 3241 3242 774 5299 2583
2708 3240 114 769 772 3241 770 5300 5299 2582 2583
2709 3246 769 772 1088 5301 2582 5302 5303 5304 3274
2710 1091 3246 876 1088 5305 5306 3280 3277 5307 5303
2711 772 769 3240 1088 2582 5300 5299 5304 5308 3274
2712 3246 772 876 1088 5302 2753 5306 5303 5307 5304
2713 176 3246 137 1091 3251 3250 1074 1093 3279 5305
2714 772 3240 876 1088 5299 5298 2753 5304 5307 5308
2715 3246 876 137 1091 5306 878 3250 5305 3279 3280
2716 772 113 769 3246 773 2581 2582 5302 5301 3247
2717 174 3240 165 1088 3245 3243 1067 3276 1090 5308
2718 165 114 769 3240 985 770 3275 3243 5300 3241
2719 3240 769 165 1088 5300 3275 3243 5308 1090 3274
2720 1091 176 3246 175 1093 3251 5305 3278 3249 1073
2721 3240 876 140 772 5298 877 3244 5299 2754 2753
2722 3240 140 115 772 3244 872 3242 5299 774 2754
2723 113 112 769 3246 766 771 2581 3247 5301 3248
2724 1088 1091 3246 175 3277 5305 5303 1089 3249 3278
2725 3246 112 769 1088 3248 771 5301 5303 3274 3273
2726 3246 112 1088 175 3248 3273 5303 3249 1089 1072
2727 772 876 113 3246 2753 2752 773 5302 3247 5306
2728 876 137 113 3246 878 851 2752 5306 3247 3250
2729 174 876 1088 1091 3281 5307 3276 1092 3277 3280
2730 174 1088 876 3240 3276 5307 3281 3245 5298 5308
3 35 11 20
2916 62 596 114 65 2057 2577 2672 517 768 599
2917 82 81 2056 112 594 2062 2064 755 4957 2697
2918 80 132 2056 81 2698 4958 2061 591 2062 843
2919 2056 769 112 133 4959 771 4957 4960 2700 2701
2920 80 132 133 2056 2698 845 844 2061 4960 4958
2921 769 2056 2055 133 4959 2063 4961 2701 4962 4960
2922 769 2055 2056 595 4961 2063 4959 2579 2065 2066
2923 128 769 2055 133 2702 4961 4963 846 4962 2701
2924 112 769 2056 595 771 4959 4957 2578 2065 2579
2925 128 2055 62 133 4963 2058 823 846 2699 4962
2926 2055 80 62 133 2059 593 2058 4962 2699 844
2927 112 132 2056 133 841 4958 4957 2700 4960 845
2928 2055 2056 80 133 2063 2061 2059 4962 844 4960
2929 2056 82 112 595 2064 755 4957 2065 2578 597
2930 132 2056 81 112 4958 2062 843 841 2697 4957
2931 595 769 2055 596 2579 4961 2066 598 2060 2580
2932 769 596 128 2055 2580 4964 2702 4961 4963 2060
2933 769 128 596 114 2702 4964 2580 770 2577 827
2934 62 128 596 2055 823 4964 2057 2058 2060 4963
2935 62 596 128 114 2057 4964 823 2672 827 2577
3 36 11 86
2818 2078 2076 2080 1891 2109 2095 2103 4358 4359 4360
2819 2080 2076 1806 1891 2095 4361 4362 4359 4363 4360
2820 2076 2055 1806 1891 4364 4365 4361 4360 4363 4366
2821 2077 2067 2079 2075 4367 4368 2110 2107 2102 4369
2822 2074 2055 1806 2076 4370 4365 4371 2098 4361 4364
2823 2079 2067 1807 2075 4368 4372 4373 2102 4374 4369
2824 2067 2077 2056 2075 4367 4375 4376 4369 4377 2107
2825 1806 2074 2076 496 4371 2098 4361 1828 2093 2097
2826 2074 1806 1808 496 4371 1831 4378 2097 1830 1828
2827 2080 1806 375 1891 4362 1823 4379 4359 1898 4363
2828 2056 2075 595 2074 4377 2106 2065 4380 2105 2101
2829 1807 2075 2074 497 4374 2101 4381 1832 2096 2100
2830 1808 1807 2074 497 1833 4381 4378 1829 2096 1832
2831 1808 1810 1806 588 1821 1824 1831 4382 4383 4384
2832 1807 1809 2046 2067 1827 4385 4386 4372 4387 4388
2833 2067 1807 447 2079 4372 1825 2070 4368 4389 4373
2834 60 38 1810 588 494 1811 1812 589 4384 2052
2835 496 1808 2074 497 1830 4378 2097 501 2096 1829
2836 1806 1810 375 1891 1824 1813 1823 4363 1898 4390
2837 2079 1807 447 498 4373 1825 4389 2085 1818 1826
2838 523 41 375 2080 524 377 1893 2083 4379 2082
2839 38 1810 588 508 1811 4384 2052 509 2053 4391
2840 375 1806 2080 495 1823 4362 4379 1814 2081 1822
2841 2080 41 375 495 2082 377 4379 2081 1814 499
2842 1806 2076 2080 495 4361 2095 4362 1822 2081 2094
2843 1807 2079 2075 498 4373 2102 4374 1826 2099 2085
2844 600 447 53 2079 2071 449 601 2086 2084 4389
2845 1809 1807 447 2067 1827 1825 1817 4388 2070 4372
2846 2078 65 596 1891 2088 599 2089 4358 4392 1894
2847 2080 375 523 1891 4379 1893 2083 4359 1897 1898
2848 2075 2077 2056 595 2107 4375 4377 2106 2065 2090
2849 447 53 2079 498 449 2084 4389 1818 2085 503
2850 2080 523 2078 1891 2083 2087 2103 4359 4358 1897
2851 595 2055 2056 2074 2066 2063 2065 2105 4380 4370
2852 62 596 1891 2055 2057 4392 1895 2058 4366 2060
2853 62 596 65 1891 2057 599 517 1895 1894 4392
2854 1809 51 60 2046 1816 493 1815 4385 2047 2048
2855 600 447 2079 2067 2071 4389 2086 2073 4368 2070
2856 2077 2056 82 2067 4375 2064 2091 4367 2072 4376
2857 2055 2074 596 2076 4370 2104 2060 4364 2108 2098
2858 1891 1810 375 508 4390 1813 1898 1896 1892 4391
2859 2046 51 81 2067 2048 592 2049 4387 2068 2069
2860 600 2077 2067 2079 2092 4367 2073 2086 4368 2110
2861 2056 81 82 2067 2062 594 2064 4376 2072 2068
2862 2056 2046 81 2067 4394 2049 2062 4376 2068 4387
2863 1810 1808 60 588 1821 1820 1812 4384 589 4382
2864 60 1808 1809 588 1820 1819 1815 589 4395 4382
2865 82 2056 2077 595 2064 4375 2091 597 2090 2065
2866 1809 447 51 2067 1817 448 1816 4388 2069 2070
2867 2046 1809 51 2067 4385 1816 2048 4387 2069 4388
2868 495 1806 2076 496 1822 4361 2094 500 2093 1828
2869 38 375 1810 508 376 1813 1811 509 4391 1892
2870 81 80 2046 2056 591 2051 2049 2062 4394 2061
2871 82 600 2077 2067 602 2092 2091 2072 4367 2073
2872 497 1807 2075 498 1832 4374 2100 502 2099 1826
2873 588 1809 60 2046 4395 1815 589 2050 2047 4385
2874 523 65 2078 1891 525 2088 2087 1897 4358 1894
2875 2074 595 2055 596 2105 2066 4370 2104 2060 598
2876 1806 2074 588 2055 4371 4396 4383 4365 4393 4370
2877 588 2074 1806 1808 4396 4371 4383 4382 1831 4378
2878 1891 2076 596 2078 4360 2108 4392 4358 2089 2109
2879 1891 596 2076 2055 4392 2108 4360 4366 4364 2060
2880 1807 2074 588 1808 4381 4396 4397 1833 4382 4378
2881 588 2074 1807 2046 4396 4381 4397 2050 4386 4398
2882 588 1809 1807 1808 4395 1827 4397 4382 1833 1819
2883 1807 1809 588 2046 1827 4395 4397 4386 2050 4385
2884 80 2046 2055 588 2051 4399 2059 590 4393 2050
2885 80 2055 2046 2056 2059 4399 2051 2061 4394 2063
2886 2074 2055 2046 588 4370 4399 4398 4396 2050 4393
2887 2074 2046 2055 2056 4398 4399 4370 4380 2063 4394
2888 2067 2075 2046 1807 4369 4400 4387 4372 4386 4374
2889 2067 2046 2075 2056 4387 4400 4369 4376 4377 4394
2890 2074 2046 2075 1807 4398 4400 2101 4381 4374 4386
2891 2074 2075 2046 2056 2101 4400 4398 4380 4394 4377
2892 62 508 80 4401 510 2054 593 4402 4403 4404
2893 62 80 2055 4401 593 2059 2058 4402 4405 4403
2894 1891 508 62 4401 1896 510 1895 4406 4402 4404
2895 62 2055 1891 4401 2058 4366 1895 4402 4406 4405
2896 508 588 80 4401 2053 590 2054 4404 4403 4407
2897 2055 80 588 4401 2059 590 4393 4405 4407 4403
2898 508 1810 588 4401 4391 4384 2053 4404 4407 4408
2899 1891 1810 508 4401 4390 4391 1896 4406 4404 4408
2900 588 1810 1806 4401 4384 1824 4383 4407 4409 4408
2901 588 1806 2055 4401 4383 4365 4393 4407 4405 4409
2902 1806 1810 1891 4401 1824 4390 4363 4409 4406 4408
2903 1891 2055 1806 4401 4366 4365 4363 4406 4409 4405
3 37 11 75
2731 490 1808 1806 1836 4206 1831 4207 4208 4209 4210
2732 490 1806 1810 1524 4207 1824 4211 4212 4213 4214
2733 1806 1810 1808 490 1824 1821 1831 4207 4206 4211
2734 1797 1809 1807 1679 4215 1827 4216 4217 4218 4219
2735 1838 1836 358 1469 1854 1853 1839 4220 1473 4221
2736 1810 38 60 490 1811 494 1812 4211 492 1805
2737 495 41 375 387 499 377 1814 1845 1530 389
2738 375 1810 1806 1524 1813 1824 1823 1531 4214 4213
2739 497 496 1808 1834 501 1830 1829 1860 4222 1859
2740 1810 490 1524 366 4211 4212 4213 4223 1527 1804
2741 490 1810 38 366 4211 1811 1805 1804 368 4223
2742 498 1807 447 1679 1826 1825 1818 4226 1684 4218
2743 447 450 53 498 1685 452 449 1818 503 1846
2744 447 1807 1809 1679 1825 1827 1817 1684 4219 4218
2745 498 450 1837 1679 1846 1844 1856 4226 4227 1683
2746 1809 60 51 1797 1815 493 1816 4215 1800 1802
2747 447 450 498 1679 1685 1846 1818 1684 4226 1683
2748 375 1810 1524 366 1813 4213 1531 1529 1527 4223
2749 32 51 1797 1679 438 1800 1799 1681 4217 1682
2750 1834 358 1836 1469 1848 1853 1852 4228 4221 1473
2751 357 1834 1835 1469 1847 1850 1849 1476 4229 4228
2752 496 495 1806 1836 500 1822 1828 1858 4209 1857
2753 60 1808 1810 490 1820 1821 1812 492 4211 4206
2754 1809 1808 60 490 1819 1820 1815 4230 492 4206
2755 1809 51 447 1679 1816 448 1817 4219 1684 1682
2756 51 1809 1797 1679 1816 4215 1800 1682 4217 4219
2757 498 497 1807 1835 502 1832 1826 1862 4231 1861
2758 1810 375 38 366 1813 376 1811 4223 368 1529
2759 1524 29 1838 387 1526 1840 4224 1528 1841 388
2760 1797 36 32 1469 1798 355 1799 4232 1475 1472
2761 60 1809 490 1797 1815 4230 492 1802 1801 4215
2762 1837 450 34 1679 1844 451 1842 4227 1680 1683
2763 1797 490 36 1469 1801 491 1798 4232 1472 4233
2764 1834 357 358 1469 1847 360 1848 4228 1473 1476
2765 1837 498 1807 1835 1856 1826 4234 1851 4231 1862
2766 1807 498 1837 1679 1826 1856 4234 4218 4227 4226
2767 1807 1797 1837 1835 4216 4235 4234 4231 1851 4236
2768 1837 1797 1807 1679 4235 4216 4234 4227 4218 4217
2769 1838 1469 490 1836 4220 4233 4237 1854 4208 4221
2770 490 1469 1838 1524 4233 4220 4237 4212 4224 4225
2771 1838 490 1806 1836 4237 4207 4238 1854 4209 4208
2772 1806 490 1838 1524 4207 4237 4238 4214 4224 4212
2773 1838 1806 495 1836 4238 1822 1855 1854 1857 4209
2774 1808 1836 496 1806 4210 1858 1830 1831 1828 4209
2775 1808 496 1836 1834 1830 1858 4210 4222 1852 1859
2776 1807 1809 490 1808 1827 4230 4239 1833 4206 1819
2777 490 1809 1807 1797 4230 1827 4239 1801 4216 4215
2778 1838 387 375 1524 1841 1530 4240 4224 1531 1528
2779 375 387 1838 495 1530 1841 4240 1814 1855 1845
2780 375 1806 1838 1524 1823 4238 4240 1531 4224 4214
2781 1838 1806 375 495 4238 1823 4240 1855 1814 1822
2782 1836 1834 490 1808 1852 4241 4208 4210 4206 4222
2783 1836 490 1834 1469 4208 4241 1852 4221 4228 4233
2784 34 1837 32 357 1842 4242 343 359 1474 1843
2785 34 32 1837 1679 343 4242 1842 1680 4227 1681
2786 26 1469 366 1524 1471 4243 367 1525 1527 4225
2787 26 366 1469 36 367 4243 1471 356 1472 1803
2788 490 366 1469 1524 1804 4243 4233 4212 4225 1527
2789 490 1469 366 36 4233 4243 1804 491 1803 1472
2790 1835 1797 490 1807 4236 1801 4244 4231 4239 4216
2791 490 1797 1835 1469 1801 4236 4244 4233 4229 4232
2792 1835 1834 490 1469 1850 4241 4244 4229 4233 4228
2793 1835 490 1808 1807 4244 4206 4245 4231 1833 4239
2794 1808 490 1835 1834 4206 4244 4245 4222 1850 4241
2795 1808 497 1835 1807 1829 1861 4245 1833 4231 1832
2796 1835 497 1808 1834 1861 1829 4245 1850 4222 1860
2797 32 1797 1837 1679 1799 4235 4242 1681 4227 4217
2798 32 357 1797 1469 1474 4246 1799 1475 4232 1476
2799 32 1797 357 1837 1799 4246 1474 4242 1843 4235
2800 1835 1797 357 1469 4236 4246 1849 4229 1476 4232
2801 1835 357 1797 1837 1849 4246 4236 1851 4235 1843
2802 1838 1469 26 1524 4220 1471 4247 4224 1525 4225
2803 1838 26 1469 358 4247 1471 4220 1839 1473 1470
2804 1838 26 29 1524 4247 314 1840 4224 1526 1525
2805 1838 29 26 358 1840 314 4247 1839 1470 361
3 38 11 17
2506 10 26 29 358 1427 314 320 1477 361 1470
2507 13 4 358 1469 257 4065 4066 4067 1473 4068
2508 358 4 26 1469 4065 309 1470 1473 1471 4068
2509 32 16 34 357 1453 344 343 1474 359 1479
2510 262 13 10 358 1376 1375 263 1478 1477 4066
2511 13 4 10 358 257 250 1375 4066 1477 4065
2512 26 10 4 358 1427 250 309 1470 4065 1477
2513 4 13 36 1469 257 354 1468 4068 1472 4067
2514 4 36 26 1469 1468 356 309 4068 1471 1472
2515 32 13 1469 36 1467 4067 1475 355 1472 354
2516 262 16 14 357 264 265 1377 1480 4069 1479
2517 32 14 16 357 336 265 1453 1474 1479 4069
2518 13 14 357 262 254 4069 4070 1376 1480 1377
2519 357 358 13 262 360 4066 4070 1480 1376 1478
2520 13 358 357 1469 4066 360 4070 4067 1476 1473
2521 32 357 13 14 1474 4070 1467 336 254 4069
2522 13 357 32 1469 4070 1474 1467 4067 1475 1476
3 39 11 19
2427 16 11 15 258 1378 261 266 1381 259 1374
2428 8 10 262 4029 251 263 1379 4030 4033 4031
2429 12 8 258 4029 1372 260 1373 4032 4034 4030
2430 262 258 8 4029 1380 260 1379 4033 4030 4034
2431 13 262 10 4029 1376 263 1375 4035 4031 4033
2432 12 11 13 4029 252 1370 253 4032 4035 4036
2433 12 258 11 4029 1373 1374 252 4032 4036 4034
2434 13 11 14 4029 1370 255 254 4035 4037 4036
2435 262 13 14 4029 1376 254 1377 4033 4037 4035
2436 16 4029 262 14 4038 4033 264 265 1377 4037
2437 16 262 4029 258 264 4033 4038 1381 4034 1380
2438 11 4029 16 14 4036 4038 1378 255 265 4037
2439 11 16 4029 258 1378 4038 4036 1374 4034 1381
2440 4 4029 13 10 4039 4035 257 250 1375 4031
2441 4 13 4029 12 257 4035 4039 1371 4032 253
2442 1 4029 4 10 4040 4039 236 1366 250 4031
2443 1 4 4029 12 236 4039 4040 256 4032 1371
2444 8 4029 1 10 4030 4040 244 251 1366 4031
2445 8 1 4029 12 244 4040 4030 1372 4032 256
3 40 11 12
2137 59 258 8 487 4203 260 4204 1792 1794 1795
2138 48 59 8 487 1791 4204 426 488 1794 1792
2139 258 59 8 12 4203 4204 260 1373 1372 485
2140 59 8 46 48 4204 1656 486 1791 424 426
2141 46 12 8 59 1790 1372 1656 486 4204 485
2142 12 46 8 1 1790 1656 1372 256 244 419
2143 487 55 58 258 489 480 1793 1795 4205 1796
2144 11 59 258 12 1789 4203 1374 252 1373 485
2145 15 58 55 258 1784 480 475 259 1796 4205
2146 58 59 487 258 484 1792 1793 4205 1795 4203
2147 11 59 58 258 1789 484 482 1374 4205 4203
2148 15 11 58 258 261 482 1784 259 4205 1374
3 41 11 12
2052 578 59 78 487 4352 4353 580 2037 2035 1792
2053 78 59 48 487 4353 1791 581 2035 488 1792
2054 59 578 78 76 4352 580 4353 574 2033 2032
2055 46 78 59 48 2034 4353 486 424 1791 581
2056 76 46 78 59 2030 2034 2033 574 4353 486
2057 76 46 77 78 2030 576 575 2033 577 2034
2058 578 55 58 487 2036 480 4354 2037 1793 489
2059 59 73 578 76 2029 2031 4352 574 2032 573
2060 55 58 74 578 480 2018 564 2036 579 4354
2061 58 59 578 487 484 4352 4354 1793 2037 1792
2062 73 59 578 58 2029 4352 2031 562 4354 484
2063 74 58 73 578 2018 562 565 579 2031 4354
3 42 11 12
2023 724 78 76 104 2501 2033 4922 725 4923 721
2024 578 78 76 724 580 2033 2032 2502 4922 2501
2025 76 122 724 104 807 2650 4922 4923 725 2649
2026 76 78 77 104 2033 577 575 4923 2651 721
2027 77 122 104 123 2647 2649 2651 809 810 808
2028 122 77 104 76 2647 2651 2649 807 4923 575
2029 74 73 100 578 565 2640 705 579 2500 2031
2030 724 76 121 122 4922 2646 2648 2650 806 807
2031 100 724 73 121 726 4924 2640 804 802 2648
2032 100 73 724 578 2640 4924 726 2500 2502 2031
2033 76 73 724 121 573 4924 4922 2646 2648 802
2034 76 724 73 578 4922 4924 573 2032 2031 2502
3 43 11 17
2035 152 151 104 926 924 2826 931 929 2830 2824
2036 2818 122 123 926 5074 808 5075 2825 5076 5077
2037 123 151 2818 926 923 2823 5075 5076 2825 2824
2038 153 925 100 149 927 2828 932 930 2827 2821
2039 122 724 104 926 2650 725 2649 5077 2830 2831
2040 122 104 123 926 2649 810 808 5077 5076 2830
2041 151 123 104 926 923 810 2826 2824 2830 5076
2042 150 123 2818 122 2817 5075 2820 921 5074 808
2043 150 123 151 2818 2817 923 922 2820 2823 5075
2044 122 149 2818 150 2816 2819 5074 921 2820 920
2045 121 724 122 925 2648 2650 806 5078 5079 2829
2046 100 724 121 925 726 2648 804 2828 5078 2829
2047 121 100 925 149 804 2828 5078 919 2821 2827
2048 122 925 926 2818 5079 928 5077 5074 2825 2822
2049 926 925 122 724 928 5079 5077 2831 2650 2829
2050 925 122 149 2818 5079 2816 2821 2822 2819 5074
2051 925 149 122 121 2821 2816 5079 5078 806 919
3 44 11 73
2064 3042 3675 3673 1219 5608 3694 5609 5610 5611 5612
2065 3673 3677 3656 1219 3699 5613 5614 5611 5615 5616
2066 3043 1023 3656 3673 3063 5617 5618 5619 5614 3689
2067 3041 1026 3040 3674 3060 3067 3056 5620 5621 3696
2068 3043 3042 1023 3673 3059 3061 3063 5619 3689 5609
2069 3043 3656 1023 1032 5618 5617 3063 3046 3051 3660
2070 3675 3677 3673 1219 3688 3699 3694 5612 5611 5616
2071 3676 3674 3701 3664 3700 5622 5623 5624 5625 5626
2072 3042 926 2818 3043 3058 2825 5627 3059 5628 3044
2073 3041 3701 1026 3674 5629 5630 3060 5620 3696 5622
2074 1023 1214 170 1032 3679 1216 1027 3051 1033 3661
2075 3656 1023 1214 3673 5617 3679 3663 5614 3691 3689
2076 3677 3656 1214 3673 5613 3663 3682 3699 3691 5614
2077 3039 1025 1024 3675 3065 1029 3064 5631 3692 3693
2078 3656 3677 1207 1219 5613 5632 3659 5615 3671 5616
2079 1214 1023 3656 1032 3679 5617 3663 3661 3660 3051
2080 3677 202 200 1207 3680 1222 3681 5632 1208 3672
2081 1207 3677 202 1219 5632 3680 3672 3671 1220 5616
2082 1223 1026 3701 3674 3678 5630 3707 3698 5622 3696
2083 1223 1017 1026 169 3706 3050 3678 1225 1031 1018
2084 3674 3701 1223 3676 5622 3707 3698 3700 3685 5623
2085 1017 3701 1026 3041 3705 5630 3050 3049 3060 5629
2086 1207 151 3656 1219 1209 3658 3659 3671 5615 3670
2087 1017 1223 1026 3701 3706 3678 3050 3705 5630 3707
2088 1214 3656 3677 1207 3663 5613 3682 3662 5632 3659
2089 201 202 3676 3664 1218 3684 3683 3667 5624 3669
2090 3701 149 201 3664 3703 1217 3704 5625 3667 3665
2091 2818 926 3042 3039 2825 3058 5627 5633 3057 3053
2092 3039 3040 2818 925 3055 5634 5633 3052 2822 3054
2093 1024 1023 3042 3673 1028 3061 3062 3690 5609 3689
2094 201 1223 3701 3676 1224 3707 3704 3683 5623 3685
2095 3677 3675 202 1219 3688 3686 3680 5616 1220 5612
2096 3040 1026 1025 3674 3067 1030 3066 5621 3695 3696
2097 3675 3676 202 1219 3687 3684 3686 5612 1220 5635
2098 3676 3701 201 3664 5623 3704 3683 5624 3667 5625
2099 3677 200 1214 1207 3681 1215 3682 5632 3662 1208
2100 152 3656 3043 1032 3657 5618 3045 1034 3046 3660
2101 2818 150 149 3664 2820 920 2819 5636 3665 3666
2102 1017 153 3701 3041 1019 3702 3705 3049 5629 3047
2103 3664 202 3676 1219 3669 3684 5624 3668 5635 1220
2104 3664 2818 150 1219 5636 2820 3666 3668 1221 5637
2105 2818 926 3039 925 2825 3053 5633 2822 3052 928
2106 3673 3043 1219 3656 5619 5638 5611 5614 5615 5618
2107 3673 1219 3043 3042 5611 5638 5619 5609 3059 5610
2108 2818 3043 1219 3042 5628 5638 5637 5627 5610 3059
2109 3664 3041 3674 3701 5639 5620 5626 5625 5622 5629
2110 3664 3674 3041 3040 5626 5620 5639 5640 3056 5621
2111 3675 3042 1024 3039 5608 3062 3692 5631 3064 3057
2112 1024 3042 3675 3673 3062 5608 3692 3690 3694 5609
2113 3676 3674 1219 3675 3700 5641 5635 3687 5612 3697
2114 3676 1219 3674 3664 5635 5641 3700 5624 5626 3668
2115 3039 3042 1219 3675 3057 5610 5642 5631 5612 5608
2116 1219 3042 3039 2818 5610 3057 5642 5637 5633 5627
2117 153 149 3041 925 930 5643 3047 927 3048 2821
2118 153 3041 149 3701 3047 5643 930 3702 3703 5629
2119 2818 1219 151 150 5637 3670 2823 2820 922 1221
2120 3664 3040 1219 3674 5640 5644 3668 5626 5641 5621
2121 3664 1219 3040 2818 3668 5644 5640 5636 5634 5637
2122 3039 3040 1219 2818 3055 5644 5642 5633 5637 5634
2123 3040 1219 3675 3039 5644 5612 5645 3055 5631 5642
2124 3675 1219 3040 3674 5612 5644 5645 3697 5621 5641
2125 3675 1025 3040 3039 3693 3066 5645 5631 3055 3065
2126 3040 1025 3675 3674 3066 3693 5645 5621 3697 3695
2127 3041 3664 149 3701 5639 3665 5643 5629 3703 5625
2128 925 3040 3664 3041 3054 5640 5646 3048 5639 3056
2129 3664 3040 925 2818 5640 3054 5646 5636 2822 5634
2130 3664 149 925 3041 3665 2821 5646 5639 3048 5643
2131 925 149 3664 2818 2821 3665 5646 2822 5636 2819
2132 151 3043 152 3656 5647 3045 924 3658 3657 5618
2133 151 152 3043 926 924 3045 5647 2824 3044 929
2134 2818 151 3043 926 2823 5647 5628 2825 3044 2824
2135 3043 151 1219 3656 5647 3670 5638 5618 5615 3658
2136 3043 1219 151 2818 5638 3670 5647 5628 2823 5637
3 45 11 80
2149 3564 3935 3566 3562 5846 5847 3589 3596 3581 5848
2150 3935 3566 3562 3673 5847 3581 5848 5849 5850 5851
2151 3900 3561 3563 3565 5852 3594 5853 5854 3590 3588
2152 3923 3935 3562 3673 5855 5848 5856 5857 5850 5849
2153 3923 3562 3560 3673 5856 3584 5858 5857 5859 5850
2154 3565 3900 3561 3674 5854 5852 3588 5860 5861 5862
2155 3924 3561 3563 3900 5863 3594 5864 5865 5853 5852
2156 1024 3560 3562 3673 3583 3584 3579 3690 5850 5859
2157 3560 1024 3675 3673 3583 3692 5866 5859 3694 3690
2158 3566 3935 1214 3673 5847 3942 5867 5851 3691 5849
2159 1190 3561 3924 3560 3593 5863 3928 3592 5868 3587
2160 3561 3560 1025 3674 3587 3582 3586 5861 3695 5869
2161 3674 3560 1025 3675 5869 3582 3695 3697 3693 5866
2162 3900 3565 1223 3674 5854 5870 3906 5862 3698 5860
2163 3673 3677 3675 1306 3699 3688 3694 5871 5872 5873
2164 3676 3900 3674 3914 5874 5862 3700 5875 5876 5877
2165 1024 1025 3560 3675 1029 3582 3583 3692 5866 3693
2166 3677 1214 3935 3673 3682 3942 5878 3699 5849 3691
2167 1223 3565 1026 3674 5870 3568 3678 3698 3696 5860
2168 1310 3677 3935 1306 5879 5878 3941 3921 5880 5873
2169 200 202 3677 1310 1222 3680 3681 1312 5879 3920
2170 202 3677 1310 1306 3680 5879 3920 1308 3921 5873
2171 3674 1223 3900 3676 3698 3906 5862 3700 5874 3685
2172 1113 1214 170 3566 3936 1216 1115 3572 3571 5867
2173 3566 1214 1023 3673 5867 3679 3570 5851 3689 3691
2174 3566 1214 170 1023 5867 1216 3571 3570 1027 3679
2175 1023 3562 3566 3673 3580 3581 3570 3689 5851 5850
2176 1026 3565 3561 3674 3568 3588 3585 3696 5861 5860
2177 169 1187 3565 1223 1189 3569 3567 1225 5870 3901
2178 184 3564 1191 3935 3574 3575 1194 3937 5881 5846
2179 3935 1214 1113 3566 3942 3936 3939 5847 3572 5867
2180 3924 3561 1190 3563 5863 3593 3928 5864 3578 3594
2181 1026 169 3565 1223 1031 3567 3568 3678 5870 1225
2182 1113 3564 3935 3566 3573 5846 3939 3572 5847 3589
2183 1190 3924 3923 3560 3928 3932 3934 3592 5858 5868
2184 1187 3900 3565 1223 3904 5854 3569 3901 5870 3906
2185 223 1191 3923 3935 3925 3933 3931 3938 5855 5881
2186 223 1191 3935 184 3925 5881 3938 1313 3937 1194
2187 3563 1187 3900 3565 3577 3904 5853 3590 5854 3569
2188 3562 1191 3923 3560 3595 3933 5856 3584 5858 3591
2189 221 3900 201 3914 3903 3905 1304 3917 3915 5877
2190 3677 3935 1214 1310 5878 3942 3682 5879 3940 3941
2191 196 3924 3563 3900 3926 5864 3576 3902 5853 5865
2192 3676 202 201 3914 3684 1218 3683 5875 3915 3916
2193 196 221 3924 3900 1303 3927 3926 3902 5865 3903
2194 201 3900 1223 3676 3905 3906 1224 3683 3685 5874
2195 3900 221 3924 3914 3903 3927 5865 5877 5882 3917
2196 3676 201 3900 3914 3683 3905 5874 5875 5877 3915
2197 202 3675 3677 1306 3686 3688 3680 1308 5873 5872
2198 3563 1190 3924 196 3578 3928 5864 3576 3926 1192
2199 202 3676 3675 1306 3684 3687 3686 1308 5872 5883
2200 1023 1024 3562 3673 1028 3579 3580 3689 5850 3690
2201 1214 200 3677 1310 1215 3681 3682 3940 5879 1312
2202 222 3924 221 3914 3929 3927 1305 3919 3917 5882
2203 1025 1026 3561 3674 1030 3585 3586 3695 5861 3696
2204 223 3923 222 1306 3931 3930 1309 3922 1307 5884
2205 3563 1187 196 3900 3577 1188 3576 5853 3902 3904
2206 3564 184 1113 3935 3574 1114 3573 5846 3939 3937
2207 3676 202 3914 1306 3684 3916 5875 5883 3918 1308
2208 1190 3923 1191 3560 3934 3933 1193 3592 3591 5858
2209 3673 3935 1306 3923 5849 5880 5871 5857 5884 5855
2210 3673 1306 3935 3677 5871 5880 5849 3699 5878 5873
2211 3673 3560 1306 3675 5859 5885 5871 3694 5872 5866
2212 3673 1306 3560 3923 5871 5885 5859 5857 5858 5884
2213 3562 3935 1191 3564 5848 5881 3595 3596 3575 5846
2214 3562 1191 3935 3923 3595 5881 5848 5856 5855 3933
2215 3560 3674 1306 3675 5869 5886 5885 5866 5872 3697
2216 3560 1306 3674 3914 5885 5886 5869 5887 5876 3918
2217 3676 1306 3674 3675 5883 5886 3700 3687 3697 5872
2218 3676 3674 1306 3914 3700 5886 5883 5875 3918 5876
2219 3935 1306 223 1310 5880 3922 3938 3941 1311 3921
2220 223 1306 3935 3923 3922 5880 3938 3931 5855 5884
2221 222 3914 3923 3924 3919 5888 3930 3929 3932 5882
2222 222 3923 3914 1306 3930 5888 3919 1307 3918 5884
2223 3560 3923 3914 3924 5858 5888 5887 5868 5882 3932
2224 3560 3914 3923 1306 5887 5888 5858 5885 5884 3918
2225 3561 3900 3914 3674 5852 5877 5889 5861 5876 5862
2226 3914 3900 3561 3924 5877 5852 5889 5882 5863 5865
2227 3914 3560 3561 3674 5887 3587 5889 5876 5861 5869
2228 3561 3560 3914 3924 3587 5887 5889 5863 5882 5868
3 46 11 20
2446 1191 223 183 184 3925 4000 3556 1194 1112 1313
2447 196 3924 221 190 3926 3927 1303 1177 3991 5960
2448 226 222 3924 221 3998 3929 5961 1343 3927 1305
2449 1167 227 3924 190 3977 5962 5963 1169 5960 3976
2450 226 222 227 3924 3998 1344 1326 5961 5962 3929
2451 3924 3923 227 1167 3932 5964 5962 5963 3977 5965
2452 3924 3923 1167 1190 3932 5965 5963 3928 3559 3934
2453 227 3923 228 1167 5964 5966 1328 3977 3975 5965
2454 1190 1167 3924 190 3559 5963 3928 3558 5960 1169
2455 223 227 3923 228 3999 5964 3931 1345 5966 1328
2456 227 223 3923 222 3999 3931 5964 1344 3930 1309
2457 226 3924 227 190 5961 5962 1326 1330 3976 5960
2458 3924 3923 222 227 3932 3930 3929 5962 1344 5964
2459 196 1190 3924 190 1192 3928 3926 1177 5960 3558
2460 3924 226 221 190 5961 1343 3927 5960 3991 1330
2461 1191 1167 3923 1190 3557 5965 3933 1193 3934 3559
2462 223 1191 228 3923 3925 5967 1345 3931 5966 3933
2463 223 228 1191 183 1345 5967 3925 4000 3556 1329
2464 1167 228 1191 3923 3975 5967 3557 5965 3933 5966
2465 1167 1191 228 183 3557 5967 3975 1168 1329 3556
3 47 11 12
2523 193 216 183 1167 1282 3974 1163 3472 1168 5945
2524 193 1164 216 1167 1166 3871 1282 3472 5945 3474
2525 216 228 183 1167 1327 1329 3974 5945 1168 3975
2526 227 228 216 1167 1328 1327 3973 3977 5945 3975
2527 1164 189 215 190 1165 3869 3870 3473 5946 1147
2528 226 215 190 227 3972 5946 1330 1326 3976 1325
2529 214 215 189 190 1279 3869 1283 3978 1147 5946
2530 215 226 190 214 3972 1330 5946 1279 3978 1324
2531 190 1167 215 1164 1169 5947 5946 3473 3870 3474
2532 190 215 1167 227 5946 5947 1169 3976 3977 1325
2533 216 215 1167 1164 1281 5947 5945 3871 3474 3870
2534 216 1167 215 227 5945 5947 1281 3973 1325 3977
3 48 11 12
2806 1164 1091 174 206 3470 1092 3469 5780 3775 3776
2807 1164 216 215 206 3871 1281 3870 5780 1278 3867
2808 189 176 1091 205 1146 1093 3471 3872 3777 1241
2809 1164 206 205 1091 5780 1243 5781 3470 3777 3776
2810 1164 205 189 1091 5781 3872 1165 3470 3471 3777
2811 206 1164 205 215 5780 5781 1243 1278 3866 3870
2812 1164 205 215 189 5781 3866 3870 1165 3869 3872
2813 205 215 189 214 3866 3869 3872 1277 1283 1279
2814 216 193 206 1164 1282 5782 3867 3871 5780 1166
2815 216 206 193 207 3867 5782 1282 1280 3868 1245
2816 174 206 193 1164 3775 5782 1162 3469 1166 5780
2817 174 193 206 207 1162 5782 3775 1246 1245 3868
3 49 11 12
2904 1088 174 1091 206 3276 1092 3277 5691 3776 3775
2905 1088 181 161 206 3295 1102 3294 5691 3773 1242
2906 175 1091 176 205 3278 1093 1073 3767 1241 3777
2907 206 1088 205 1091 5691 5692 1243 3776 3777 3277
2908 1088 205 1091 175 5692 3777 3277 1089 3278 3767
2909 1088 206 205 181 5691 1243 5692 3295 3772 1242
2910 1088 205 175 181 5692 3767 1089 3295 3296 3772
2911 181 205 175 180 3772 3767 3296 1103 1100 1237
2912 174 165 206 1088 1067 5693 3775 3276 5691 1090
2913 174 206 165 207 3775 5693 1067 1246 3774 1245
2914 161 206 165 1088 3773 5693 981 3294 1090 5691
2915 161 165 206 207 981 5693 3773 1244 1245 3774
3 50 11 12
2936 165 769 114 161 3275 770 985 981 2887 5313
2937 769 165 1088 161 3275 1090 3274 5313 3294 981
2938 769 128 114 161 2702 827 770 5313 2887 974
2939 181 769 1088 161 5314 3274 3295 1102 3294 5313
2940 181 769 112 1088 5314 771 5315 3295 3273 3274
2941 128 181 769 133 3292 5314 2702 846 2701 1101
2942 181 128 769 161 3292 2702 5314 1102 5313 974
2943 112 1088 175 181 3273 1089 1072 5315 3296 3295
2944 769 181 112 133 5314 5315 771 2701 2700 1101
2945 180 133 112 181 3293 2700 3287 1103 5315 1101
2946 180 112 175 181 3287 1072 1100 1103 3296 5315
2947 133 112 132 180 2700 841 845 3293 1096 3287
3 51 11 40
1554 895 2743 736 2764 5022 5023 2784 5024 5025 5026
1555 650 2743 689 2764 5027 5028 2403 5029 5030 5026
1556 2764 895 2743 892 5024 5022 5026 5031 5032 2780
1557 2764 2743 689 781 5026 5028 5030 5033 2603 5034
1558 2743 653 736 2764 5035 2520 5023 5026 5025 5036
1559 2743 650 653 2764 5027 2228 5035 5026 5036 5029
1560 889 2764 2743 892 5037 5026 5038 2777 5032 5031
1561 781 2764 2743 889 5033 5026 5034 2774 5038 5037
1562 97 650 2743 689 2401 5027 2746 691 5028 2403
1563 2743 736 142 895 5023 2782 2749 5022 897 2784
1564 689 2743 97 781 5028 2746 691 2603 2602 5034
1565 895 142 2743 892 897 2749 5022 2780 5032 2779
1566 145 2764 895 107 2770 5024 896 888 2783 2768
1567 689 98 91 2764 690 695 2402 5030 2766 2767
1568 98 689 117 2764 690 2604 785 2767 2769 5030
1569 895 2764 145 144 5024 2770 896 2781 887 2772
1570 650 89 97 2743 652 688 2401 5027 2746 2745
1571 736 105 2743 142 738 2747 5023 2782 2749 875
1572 889 141 2743 140 2776 2751 5038 891 2750 873
1573 2743 115 889 140 2748 2773 5038 2750 891 872
1574 115 97 2743 781 776 2746 2748 782 5034 2602
1575 141 2743 142 892 2751 2749 874 894 2779 5032
1576 2743 650 89 653 5027 652 2745 5035 2227 2228
1577 653 105 2743 736 2518 2747 5035 2520 5023 738
1578 89 90 2743 653 639 2744 2745 2227 5035 655
1579 2743 90 105 653 2744 722 2747 5035 2518 655
1580 2743 115 781 889 2748 782 5034 5038 2774 2773
1581 2743 141 889 892 2751 2776 5038 5032 2777 894
1582 736 895 2764 107 2784 5024 5025 737 2768 2783
1583 689 91 650 2764 2402 651 2403 5030 5029 2766
1584 689 117 2764 781 2604 2769 5030 2603 5033 783
1585 895 2764 144 892 5024 2772 2781 2780 893 5031
1586 653 650 92 2764 2228 2229 654 5036 2765 5029
1587 736 653 92 2764 2520 654 2519 5025 2765 5036
1588 889 781 2764 143 2774 5033 5037 890 2771 2775
1589 143 2764 889 892 2771 5037 890 2778 2777 5031
1590 2764 92 736 107 2765 2519 5025 2768 737 731
1591 91 92 650 2764 648 2229 651 2766 5029 2765
1592 781 117 2764 143 783 2769 5033 2775 2771 885
1593 2764 143 144 892 2771 886 2772 5031 893 2778
3 52 11 73
1713 1901 2374 2373 1902 4833 2399 4834 1934 4835 4836
1714 2373 519 1901 1902 4837 1933 4834 4835 1934 1914
1715 2374 1904 514 1902 4838 1908 4839 4836 1912 1928
1716 2373 2370 2374 1901 2400 2387 2399 4834 4833 4840
1717 2369 1905 1900 1903 4841 1927 4842 4843 1932 1935
1718 2374 1901 1904 1902 4833 1920 4838 4836 1928 1934
1719 1905 685 523 1903 4847 2588 1911 1935 1917 4848
1720 2371 2372 2369 518 2397 2395 2393 4831 4849 4850
1721 519 2373 2605 1902 4837 4851 4852 1914 4853 4835
1722 2371 2372 518 781 2397 4850 4831 4845 4854 4855
1723 2374 2605 2373 1902 4856 4851 2399 4836 4835 4853
1724 689 2371 2373 781 2396 2398 2382 2603 4846 4845
1725 2605 2373 519 781 4851 4837 4852 4857 4844 4846
1726 2372 2371 689 781 2397 2396 2381 4855 2603 4845
1727 1903 2372 2587 518 4858 4859 4860 1915 4861 4850
1728 2372 2587 685 1903 4859 2594 2379 4858 4848 4860
1729 518 2372 2587 781 4850 4859 4861 4854 4862 4855
1730 381 685 41 1905 2378 687 386 1910 1909 4847
1731 379 2370 2371 1899 2386 2390 2388 1922 4832 4863
1732 379 2370 1899 1901 2386 4863 1922 1918 1923 4840
1733 514 2605 2374 1902 2609 4856 4839 1912 4836 4853
1734 2369 685 381 1905 2394 2378 2392 4841 1910 4847
1735 778 518 2587 781 2597 4861 4864 2600 4862 4854
1736 380 2371 2369 1899 2389 2393 2391 1921 4865 4832
1737 1900 380 2369 1899 1925 2391 4842 1926 4865 1921
1738 2587 518 778 114 4861 2597 4864 2590 779 2596
1739 115 2587 778 114 2592 4864 2599 775 779 2590
1740 2587 115 778 781 2592 2599 4864 4862 2600 782
1741 2371 380 379 1899 2389 384 2388 4832 1922 1921
1742 689 97 2372 781 691 2380 2381 2603 4855 2602
1743 2605 117 98 2373 2610 785 2611 4851 2383 4866
1744 2587 523 685 1903 2591 2588 2594 4860 4848 1917
1745 2373 2605 117 781 4851 2610 4866 4846 783 4857
1746 117 689 98 2373 2604 690 785 4866 2383 2382
1747 685 523 41 1905 2588 524 687 4847 1909 1911
1748 2605 692 2374 2373 2612 2377 4856 4851 2399 2384
1749 116 117 2605 781 784 2610 2608 2601 4857 783
1750 2374 692 2605 514 2377 2612 4856 4839 2609 2606
1751 519 2605 64 1902 4852 2607 522 1914 1913 4853
1752 1901 378 2374 1904 1919 2376 4833 1920 4838 1906
1753 117 689 2373 781 2604 2382 4866 783 4846 2603
1754 40 2374 1904 514 2375 4838 1907 515 1908 4839
1755 519 64 2605 116 522 2607 4852 2595 2608 777
1756 518 2587 65 114 4861 2589 520 2596 768 2590
1757 778 519 518 781 2598 521 2597 2600 4854 4844
1758 2370 378 2374 1901 2385 2376 2387 4840 4833 1919
1759 381 2369 1905 1900 2392 4841 1910 1924 1927 4842
1760 1903 2587 65 518 4860 2589 1916 1915 520 4861
1761 2587 685 97 2372 2594 686 2593 4859 2380 2379
1762 692 2605 98 2373 2612 2611 693 2384 2383 4851
1763 2370 379 378 1901 2386 383 2385 4840 1919 1918
1764 40 2374 378 1904 2375 2376 382 1907 1906 4838
1765 2369 381 380 1900 2392 385 2391 4842 1925 1924
1766 2374 40 692 514 2375 694 2377 4839 2606 515
1767 514 64 2605 1902 516 2607 2609 1912 4853 1913
1768 2587 65 523 1903 2589 525 2591 4860 1917 1916
1769 2373 2370 1899 2371 2400 4863 4867 2398 4832 2390
1770 1899 2370 2373 1901 4863 2400 4867 1923 4834 4840
1771 2373 519 1899 1901 4837 1929 4867 4834 1923 1933
1772 2369 1899 518 1900 4865 1930 4849 4842 1931 1926
1773 518 1899 2369 2371 1930 4865 4849 4831 2393 4832
1774 2369 1903 685 1905 4843 4848 2394 4841 4847 1935
1775 685 1903 2369 2372 4848 4843 2394 2379 2395 4858
1776 2369 1903 518 2372 4843 1915 4849 2395 4850 4858
1777 518 1903 2369 1900 1915 4843 4849 1931 4842 1932
1778 519 781 116 2605 4844 2601 2595 4852 2608 4857
1779 116 781 519 778 2601 4844 2595 780 2598 2600
1780 2587 781 97 115 4862 2602 2593 2592 776 782
1781 97 781 2587 2372 2602 4862 2593 2380 4859 4855
1782 518 781 2373 2371 4854 4846 4868 4831 2398 4845
1783 518 2373 781 519 4868 4846 4854 521 4844 4837
1784 1899 518 2373 2371 1930 4868 4867 4832 2398 4831
1785 1899 2373 518 519 4867 4868 1930 1929 521 4837
3 53 11 66
1623 1535 1533 316 2373 1552 1539 1551 4610 4611 4608
1624 650 689 2371 2373 2403 2396 4612 4613 2398 2382
1625 2371 689 650 2372 2396 2403 4612 2397 4614 2381
1626 650 2361 315 2372 4615 4616 4617 4614 4618 4619
1627 2404 650 316 2373 4620 4621 4622 4609 4611 4613
1628 2404 316 1533 2373 4622 1539 4606 4609 4608 4611
1629 381 1536 685 2369 1559 4623 2378 2392 2394 4624
1630 1535 1532 379 2370 1550 1555 1554 4625 2386 4626
1631 2370 1532 379 2371 4626 1555 2386 2390 2388 4627
1632 1536 685 387 381 4623 2366 1542 1559 1544 2378
1633 685 41 387 381 687 389 2366 2378 1544 386
1634 2404 98 91 2373 2410 695 2407 4609 4629 2383
1635 380 1532 1534 2369 1556 1548 1557 2391 4630 4631
1636 315 247 2361 650 1431 4632 4616 4617 4615 2225
1637 1532 380 2371 2369 1556 2389 4627 4631 2393 2391
1638 10 315 247 2361 1430 1431 249 2362 4632 4616
1639 2361 247 89 650 4632 2226 2364 4615 652 2225
1640 380 379 1532 2371 384 1555 1556 2389 4627 2388
1641 247 89 10 2361 2226 638 249 4632 2362 2364
1642 381 1534 1536 2369 1558 1549 1559 2392 4624 4630
1643 689 97 650 2372 691 2401 2403 2381 4614 2380
1644 1536 387 685 2361 1542 2366 4623 4633 2368 2365
1645 91 650 2404 2373 651 4620 2407 4629 4609 4613
1646 689 91 98 2373 2402 695 690 2382 2383 4629
1647 1533 40 28 692 1538 374 1537 4628 2408 694
1648 650 9 91 2404 2224 647 651 4620 2407 2405
1649 650 91 689 2373 651 2402 2403 4613 2382 4629
1650 2404 1533 28 692 4606 1537 2406 2409 2408 4628
1651 1533 40 692 2374 1538 694 4628 4607 2377 2375
1652 316 1533 28 2404 1539 1537 319 4622 2406 4606
1653 315 10 29 2361 1430 320 317 4616 2363 2362
1654 247 315 316 650 1431 318 1429 2225 4621 4617
1655 316 28 9 2404 319 313 1428 4622 2405 2406
1656 692 98 2404 2373 693 2410 2409 2384 4609 2383
1657 2361 97 685 2372 2367 686 2368 4619 2379 2380
1658 1536 315 29 2361 1541 317 1540 4633 2363 4616
1659 1533 40 2374 378 1538 2375 4607 1543 2376 382
1660 379 378 1535 2370 383 1553 1554 2386 4625 2385
1661 380 1534 381 2369 1557 1558 385 2391 2392 4630
1662 29 387 1536 2361 388 1542 1540 2363 4633 2365
1663 1532 316 2373 1535 1546 4611 4634 1550 4610 1551
1664 1532 2370 2373 2371 4626 2400 4634 4627 2398 2390
1665 2373 2370 1532 1535 2400 4626 4634 4610 1550 4625
1666 2369 1532 2372 2371 4631 4635 2395 2393 2397 4627
1667 2369 1532 315 2372 4631 1545 4636 2395 4618 4635
1668 315 1532 2369 1534 1545 4631 4636 1547 4630 1548
1669 2369 1536 315 1534 4624 1541 4636 4630 1547 1549
1670 1535 2373 2374 1533 4610 2399 4637 1552 4607 4608
1671 2374 2373 1535 2370 2399 4610 4637 2387 4625 2400
1672 2374 378 1535 1533 2376 1553 4637 4607 1552 1543
1673 1535 378 2374 2370 1553 2376 4637 4625 2387 2385
1674 316 1532 650 315 1546 4638 4621 318 4617 1545
1675 2372 650 1532 315 4614 4638 4635 4618 1545 4617
1676 2372 1532 650 2371 4635 4638 4614 2397 4612 4627
1677 2369 315 2361 2372 4636 4616 4639 2395 4619 4618
1678 2361 315 2369 1536 4616 4636 4639 4633 4624 1541
1679 2361 685 2369 2372 2368 2394 4639 4619 2395 2379
1680 2369 685 2361 1536 2394 2368 4639 4624 4633 4623
1681 650 2361 97 89 4615 2367 2401 652 688 2364
1682 650 97 2361 2372 2401 2367 4615 4614 4619 2380
1683 650 9 316 247 2224 1428 4621 2225 1429 248
1684 316 9 650 2404 1428 2224 4621 4622 4620 2405
1685 2373 1532 650 316 4634 4638 4613 4611 4621 1546
1686 650 1532 2373 2371 4638 4634 4613 4612 2398 4627
1687 692 1533 2373 2404 4628 4608 2384 2409 4609 4606
1688 692 2373 1533 2374 2384 4608 4628 2377 4607 2399
3 54 11 25
1425 421 90 2203 653 2232 2208 4494 2231 4495 655
1426 48 90 2203 421 640 2208 2206 423 4494 2232
1427 2218 47 421 653 2221 422 4496 4497 2231 2230
1428 247 2203 89 650 4498 2207 2226 2225 652 4499
1429 2203 89 10 247 2207 638 2205 4498 249 2226
1430 2218 421 241 653 4496 1658 4500 4497 4501 2231
1431 650 247 2203 241 2225 4498 4499 4502 4503 1369
1432 421 2203 241 653 4494 4503 1658 2231 4501 4495
1433 241 650 2218 653 4502 4504 4500 4501 4497 2228
1434 2203 650 241 653 4499 4502 4503 4495 4501 2228
1435 92 47 2218 653 649 2221 2223 654 4497 2230
1436 241 48 2203 421 1659 2206 4503 1658 4494 423
1437 8 48 2203 241 426 2206 2204 242 4503 1659
1438 8 2203 247 241 2204 4498 1368 242 1369 4503
1439 2203 10 8 247 2205 251 2204 4498 1368 249
1440 650 91 9 2218 651 647 2224 4504 2220 2222
1441 421 241 7 2218 1658 243 1657 4496 2219 4500
1442 421 7 47 2218 1657 425 422 4496 2221 2219
1443 650 2203 89 653 4499 2207 652 2228 2227 4495
1444 2203 90 89 653 2208 639 2207 4495 2227 655
1445 241 9 7 2218 1367 246 243 4500 2219 2220
1446 2218 650 92 653 4504 2229 2223 4497 654 2228
1447 650 92 91 2218 2229 648 651 4504 2222 2223
1448 9 650 241 247 2224 4502 1367 248 1369 2225
1449 241 650 9 2218 4502 2224 1367 4500 2220 4504
3 55 11 25
1332 653 421 90 2494 2231 2232 655 4714 2497 4715
1333 421 48 90 2494 423 640 2232 4715 2497 2496
1334 2509 421 47 653 4716 422 2511 4717 2230 2231
1335 733 105 2494 736 2521 2499 4718 2522 4719 738
1336 2494 104 105 733 2498 723 2499 4718 2521 735
1337 653 2509 421 585 4717 4716 2231 4720 2045 4721
1338 585 733 2494 736 2517 4718 4722 4723 4719 2522
1339 2494 653 421 585 4714 2231 4715 4722 2045 4720
1340 653 2509 585 736 4717 4721 4720 2520 4723 4724
1341 2494 653 585 736 4714 4720 4722 4719 4723 2520
1342 47 92 2509 653 649 2512 2511 2230 4717 654
1343 2494 421 48 585 4715 423 2496 4722 2044 2045
1344 2494 48 78 585 2496 581 2495 4722 586 2044
1345 733 2494 78 585 4718 2495 2516 2517 586 4722
1346 2494 78 104 733 2495 721 2498 4718 735 2516
1347 736 2509 106 107 4724 2513 2523 737 732 2514
1348 2509 71 421 585 2510 2043 4716 4721 2045 587
1349 421 47 71 2509 422 557 2043 4716 2510 2511
1350 105 653 2494 736 2518 4714 2499 738 4719 2520
1351 90 105 653 2494 722 2518 655 2497 4714 2499
1352 2509 71 585 106 2510 587 4721 2513 2515 730
1353 92 2509 653 736 2512 4717 654 2519 2520 4724
1354 92 2509 736 107 2512 4724 2519 731 737 2514
1355 736 106 585 733 2523 2515 4723 2522 2517 734
1356 736 585 106 2509 4723 2515 2523 4724 2513 4721
3 56 11 68
1357 3078 939 736 3079 5188 5190 5191 3092 5192 5193
1358 3080 938 736 3078 5194 5195 5196 3094 5191 5197
1359 3080 3081 3109 3077 3098 5198 5199 3107 5200 3101
1360 3080 3109 938 3077 5199 3117 5194 3107 5201 5200
1361 736 895 3080 3078 2784 3086 5196 5191 3094 3093
1362 736 895 3078 3079 2784 3093 5191 5192 3092 3082
1363 3109 3108 938 3077 3122 3121 3117 5200 5201 5202
1364 3079 939 736 3068 5193 5190 5192 5203 5204 5205
1365 3132 938 736 3080 5206 5195 5208 5207 5196 5194
1366 939 938 3108 3078 941 3121 3120 5188 5189 5197
1367 1041 1020 3111 3076 3088 5209 3126 3096 5210 3095
1368 3111 1020 1041 1032 5209 3088 3126 3114 3118 3075
1369 170 1041 1020 1032 1046 3088 1022 1033 3075 3118
1370 938 939 736 3078 941 5190 5195 5197 5191 5188
1371 145 3132 107 3080 3136 3134 888 3085 5212 5207
1372 736 939 733 3068 5190 2844 2522 5204 5213 5205
1373 939 104 733 3068 2843 735 2844 5205 5213 3069
1374 1020 3111 3068 1032 5209 5214 3073 3075 3074 3114
1375 736 733 105 3068 2522 2521 738 5204 3070 5213
1376 104 105 733 3068 723 2521 735 3069 5213 3070
1377 736 142 895 3079 2782 897 2784 5192 3082 3083
1378 107 3132 736 3080 3134 5208 737 5212 5196 5207
1379 107 895 145 3080 2783 896 888 5212 3085 3086
1380 3108 3078 1039 1040 5189 3103 3128 3129 1044 3102
1381 3108 3078 3077 1039 5189 3104 5202 3128 3099 3103
1382 3111 3110 1041 3076 3125 3131 3126 5210 3096 5211
1383 3132 736 106 107 5208 2523 3133 3134 732 737
1384 736 895 107 3080 2784 2783 737 5196 5212 3086
1385 3077 1038 3108 1039 3100 3127 5202 3099 3128 1043
1386 1038 3108 3109 3077 3127 3122 3119 3100 5200 5202
1387 152 104 939 3068 931 2843 942 3071 5205 3069
1388 3109 3081 1038 3077 5198 3091 3119 5200 3100 3101
1389 733 938 939 736 2846 941 2844 2522 5190 5195
1390 106 156 938 3132 943 940 2845 3133 5206 3135
1391 1035 3132 145 3080 3137 3136 1036 3087 3085 5207
1392 1020 3079 142 3068 3084 3083 1021 3073 3072 5203
1393 1038 3081 3109 171 3091 5198 3119 1042 3116 3089
1394 3111 152 939 3068 3112 942 3113 5214 5205 3071
1395 3110 1040 1041 3076 3130 1045 3131 5211 3096 3105
1396 3068 3111 152 1032 5214 3112 3071 3074 1034 3114
1397 3077 3078 938 3080 3104 5197 5201 3107 5194 3094
1398 3077 938 3078 3108 5201 5197 3104 5202 5189 3121
1399 939 3111 3076 3110 3113 5210 5215 3123 5211 3125
1400 939 3078 3076 3079 5188 3106 5215 5193 3097 3092
1401 939 3076 3068 3079 5215 5216 5205 5193 5203 3097
1402 939 3068 3076 3111 5205 5216 5215 3113 5210 5214
1403 1020 3068 3076 3079 3073 5216 3095 3084 3097 5203
1404 1020 3076 3068 3111 3095 5216 3073 5209 5214 5210
1405 736 3068 142 3079 5204 3072 2782 5192 3083 5203
1406 142 3068 736 105 3072 5204 2782 875 738 3070
1407 106 736 938 733 2523 5195 2845 734 2846 2522
1408 938 736 106 3132 5195 2523 2845 5206 3133 5208
1409 171 156 1035 5217 1047 3138 1037 5218 5219 5220
1410 171 3109 156 5217 3116 3115 1047 5218 5220 5221
1411 156 3109 938 5217 3115 3117 940 5220 5222 5221
1412 156 938 3132 5217 940 5206 3135 5220 5223 5222
1413 156 3132 1035 5217 3135 3137 3138 5220 5219 5223
1414 171 1035 3081 5217 1037 3090 3089 5218 5224 5219
1415 171 3081 3109 5217 3089 5198 3116 5218 5221 5224
1416 3080 938 3109 5217 5194 3117 5199 5225 5221 5222
1417 3132 938 3080 5217 5206 5194 5207 5223 5225 5222
1418 3080 3109 3081 5217 5199 5198 3098 5225 5224 5221
1419 3076 3108 939 3110 5226 3120 5215 5211 3123 3124
1420 3076 939 3108 3078 5215 3120 5226 3106 5189 5188
1421 3076 1040 3108 3110 3105 3129 5226 5211 3124 3130
1422 3076 3108 1040 3078 5226 3129 3105 3106 3102 5189
1423 5217 3080 1035 3081 5225 3087 5219 5224 3090 3098
1424 5217 1035 3080 3132 5219 3087 5225 5223 5207 3137
3 57 11 73
1450 3330 3080 3081 3331 5333 3098 5334 3363 5335 5336
1451 3080 3330 1122 3331 5333 3362 5337 5336 3345 3363
1452 3081 3333 3331 1126 5338 3364 5335 5339 3346 3340
1453 3077 3080 3081 3330 3107 3098 3101 5340 5334 5333
1454 3076 3329 3334 3332 5341 3356 5342 5343 3357 3361
1455 3333 3330 3081 3331 3349 5334 5338 3364 5335 3363
1456 3332 3334 1020 1113 3357 5347 5348 3342 3318 3337
1457 3076 3079 3078 1121 3097 3092 3106 5349 5332 5350
1458 1122 3365 3080 3331 5351 5352 5337 3345 5336 5353
1459 1121 3079 3078 892 5350 3092 5332 5354 5346 5355
1460 3080 3365 3081 3331 5352 5356 3098 5336 5335 5353
1461 895 3080 3078 892 3086 3094 3093 2780 5346 5345
1462 1122 3080 3365 892 5337 5352 5351 5344 5357 5345
1463 3079 895 3078 892 3082 3093 3092 5355 5346 2780
1464 1121 3079 3313 3332 5350 5358 5359 3343 5360 5361
1465 3313 3079 1020 3332 5358 3084 3317 5360 5348 5361
1466 1121 3313 3079 892 5359 5358 5350 5354 5355 5362
1467 1020 1041 170 3334 3088 1046 1022 5347 3335 3336
1468 3078 3077 1039 3328 3104 3099 3103 5331 3351 5363
1469 3330 1039 3077 3328 3347 3099 5340 3352 5363 3351
1470 3331 3365 3081 1126 5353 5356 5335 3346 5339 3372
1471 3076 1041 1020 3334 3096 3088 3095 5342 5347 3336
1472 1117 3313 1121 892 5364 5359 3325 3322 5354 5362
1473 3076 3078 1040 3328 3106 3102 3105 5365 3350 5331
1474 3329 3076 1040 3328 5341 3105 3354 3355 3350 5365
1475 183 3313 1121 1117 3316 5359 3324 1118 3325 5364
1476 141 3313 183 1117 3314 3316 1111 3321 1118 5364
1477 141 3313 1117 892 3314 5364 3321 894 3322 5362
1478 1040 3078 1039 3328 3102 3103 1044 3350 3351 5331
1479 142 895 3079 892 897 3082 3083 2779 5355 2780
1480 3080 145 3365 144 3085 3366 5352 5366 3367 887
1481 3332 1020 3313 1113 5348 3317 5360 3342 3320 3318
1482 3365 3080 144 892 5352 5366 3367 5357 893 5345
1483 895 145 3080 144 896 3085 3086 2781 5366 887
1484 3334 170 1020 1113 3335 1022 5347 3337 3318 1115
1485 3365 3081 1035 3080 5356 3090 3369 5352 3087 3098
1486 144 185 3365 892 1116 3368 3367 893 5357 3323
1487 3365 1035 3081 1126 3369 3090 5356 3372 5339 3370
1488 1122 3365 3331 186 5351 5353 3345 1125 3344 3371
1489 3330 3081 1038 3333 5334 3091 3348 3349 3338 5338
1490 144 3080 895 892 5366 3086 2781 893 2780 5345
1491 3081 171 3333 1126 3089 3339 5338 5339 3340 1128
1492 3365 1122 185 186 5351 3326 3368 3371 1120 1125
1493 184 3313 1121 183 3319 5359 1123 1112 3324 3316
1494 1117 1121 1122 892 3325 1124 3327 3322 5344 5354
1495 3077 3081 1038 3330 3101 3091 3100 5340 3348 5334
1496 1041 3076 3329 3334 3096 5341 3353 3336 3356 5342
1497 3313 1121 3332 184 5359 3343 5360 3319 3341 1123
1498 142 3313 3079 1020 3315 5358 3083 1021 3084 3317
1499 1035 145 3365 3080 1036 3366 3369 3087 5352 3085
1500 1039 3077 1038 3330 3099 3100 1043 3347 3348 5340
1501 171 1038 3081 3333 1042 3091 3089 3339 5338 3338
1502 1040 1041 3076 3329 1045 3096 3105 3354 5341 3353
1503 171 3081 1035 1126 3089 3090 1037 1128 3370 5339
1504 1126 3331 3365 186 3346 5353 3372 1127 3371 3344
1505 184 3332 3313 1113 3341 5360 3319 1114 3320 3342
1506 3328 1122 3080 3330 3358 5337 5367 3352 5333 3362
1507 3328 3077 3080 3078 5363 3107 5367 5331 3094 3104
1508 3080 3077 3328 3330 3107 5363 5367 5333 3352 5340
1509 3076 3328 1121 3078 5365 3359 5349 3106 5332 5331
1510 1121 3328 3076 3329 3359 5365 5349 3360 5341 3355
1511 3332 3076 1020 3334 5343 3095 5348 3357 5347 5342
1512 3332 1020 3076 3079 5348 3095 5343 5361 3097 3084
1513 3076 3332 1121 3329 5343 3343 5349 5341 3360 3361
1514 1121 3332 3076 3079 3343 5343 5349 5350 3097 5361
1515 1122 892 185 1117 5344 3323 3326 3327 1119 3322
1516 185 892 1122 3365 3323 5344 3326 3368 5351 5357
1517 892 3313 142 141 5362 3315 2779 894 874 3314
1518 892 142 3313 3079 2779 3315 5362 5355 5358 3083
1519 3080 1121 3328 3078 5368 3359 5367 3094 5331 5332
1520 3080 3328 1121 1122 5367 3359 5368 5337 1124 3358
1521 3080 892 1121 3078 5345 5354 5368 3094 5332 5346
1522 3080 1121 892 1122 5368 5354 5345 5337 5344 1124
3 58 11 24
1689 889 3463 140 174 5445 3465 891 3237 1071 3466
1690 1117 183 141 3463 1118 1111 3321 5446 3464 3467
1691 1117 141 892 3463 3321 894 3322 5446 5447 3464
1692 3463 892 1117 1172 5447 3322 5446 5448 3489 5449
1693 3478 889 1068 1172 5450 3239 5451 5452 3486 5453
1694 1068 173 143 3478 1070 1066 3238 5451 3480 3481
1695 889 3478 892 1172 5450 5454 2777 5453 5449 5452
1696 889 892 3463 1172 2777 5447 5445 5453 5448 5449
1697 143 889 1068 3478 890 3239 3238 3480 5451 5450
1698 1117 183 3463 193 1118 3467 5446 3487 3468 1163
1699 3463 1172 193 174 5448 1173 3468 3466 1162 3485
1700 1172 1117 3463 193 3489 5446 5448 1173 3468 3487
1701 141 889 3463 140 2776 5445 3464 873 3465 891
1702 1068 173 3478 194 1070 3481 5451 3484 3483 1170
1703 3478 185 144 892 3482 1116 3479 5454 893 3323
1704 1172 1068 3478 194 3486 5451 5452 1174 3483 3484
1705 892 141 889 3463 894 2776 2777 5447 5445 3464
1706 1172 3478 185 194 5452 3482 3488 1174 1171 3483
1707 143 889 3478 892 890 5450 3480 2778 5454 2777
1708 3478 144 143 892 3479 886 3480 5454 2778 893
1709 889 174 1172 3463 3237 3485 5453 5445 5448 3466
1710 1172 174 889 1068 3485 3237 5453 3486 3239 1069
1711 185 892 1172 1117 3323 5449 3488 1119 3489 3322
1712 1172 892 185 3478 5449 3323 3488 5452 3482 5454
3 59 11 24
1786 889 140 3240 174 891 3244 5273 3237 3245 1071
1787 778 115 114 3240 2599 775 779 5274 3241 3242
1788 781 115 778 3240 782 2599 2600 5275 5274 3242
1789 778 982 781 3240 2890 5276 2600 5274 5275 5277
1790 982 1068 3228 889 3235 5278 5279 5280 5281 3239
1791 1068 173 3228 143 1070 3233 5278 3238 3232 1066
1792 781 982 3228 889 5276 5279 5282 2774 5281 5280
1793 889 781 982 3240 2774 5276 5280 5273 5277 5275
1794 889 1068 3228 143 3239 5278 5281 890 3232 3238
1795 165 778 114 3240 2888 779 985 3243 3241 5274
1796 3240 165 982 174 3243 983 5277 3245 3236 1067
1797 982 778 165 3240 2890 2888 983 5277 3243 5274
1798 115 889 140 3240 2773 891 872 3242 3244 5273
1799 164 1068 173 3228 3234 1070 1065 3231 3233 5278
1800 117 116 3228 781 784 3230 3229 783 5282 2601
1801 164 982 1068 3228 984 3235 3234 3231 5278 5279
1802 115 781 889 3240 782 2774 2773 3242 5273 5275
1803 982 164 116 3228 984 979 2889 5279 3230 3231
1804 3228 781 889 143 5282 2774 5281 3232 890 2775
1805 781 3228 117 143 5282 3229 783 2775 885 3232
1806 174 889 982 3240 3237 5280 3236 3245 5277 5273
1807 174 982 889 1068 3236 5280 3237 1069 3239 3235
1808 116 781 982 3228 2601 5276 2889 3230 5279 5282
1809 982 781 116 778 5276 2601 2889 2890 780 2600
3 60 11 19
1992 518 62 114 65 1886 2672 2596 520 768 517
1993 1880 63 64 116 1883 513 1888 4932 777 2668
1994 63 127 1880 61 2667 4933 1883 512 1884 821
1995 127 1880 778 116 4933 4934 2671 2670 780 4932
1996 1879 1880 778 127 1885 4934 4935 4936 2671 4933
1997 1880 778 519 1879 4934 2598 1889 1885 1890 4935
1998 778 1879 127 128 4935 4936 2671 2669 822 4937
1999 519 778 1880 116 2598 4934 1889 2595 4932 780
2000 1879 62 61 128 1882 507 1881 4937 2666 823
2001 127 1879 61 128 4936 1881 821 822 2666 4937
2002 61 1880 1879 127 1884 1885 1881 821 4936 4933
2003 1880 64 519 116 1888 522 1889 4932 2595 777
2004 518 519 778 1879 521 2598 2597 1887 4935 1890
2005 62 518 128 1879 1886 4938 823 1882 4937 1887
2006 62 128 518 114 823 4938 1886 2672 2596 827
2007 778 128 518 1879 2669 4938 2597 4935 1887 4937
2008 778 518 128 114 2597 4938 2669 779 827 2596
2009 127 63 116 129 2667 2668 2670 825 826 824
2010 127 116 63 1880 2670 2668 2667 4933 1883 4932
3 61 11 85
1895 1905 1900 1903 1891 1927 1932 1935 4248 4249 4250
1896 1905 1900 1891 1496 1927 4250 4248 4251 4252 4253
1897 1879 1891 1900 1496 4254 4250 4255 4256 4253 4252
1898 1872 1904 1901 1902 4257 1920 4258 4259 1934 1928
1899 1900 1899 1879 1496 1926 4260 4255 4253 4256 4261
1900 1901 1904 1872 1497 1920 4257 4258 4262 4263 4264
1901 1901 1872 1880 1497 4258 4265 4266 4262 4267 4263
1902 1901 1872 1902 1880 4258 4259 1934 4266 4268 4265
1903 1899 1900 380 1496 1926 1925 1921 4261 1522 4253
1904 380 1899 1496 1498 1921 4261 1522 1519 1523 4269
1905 1891 375 1905 1496 1898 4270 4248 4252 4251 1515
1906 519 1899 1901 1880 1929 1923 1933 1889 4266 4271
1907 1901 1899 379 1497 1923 1922 1918 4262 1518 4272
1908 1498 379 1899 1497 1520 1922 4269 1521 4272 1518
1909 1500 1496 504 1498 1517 4273 4274 1507 4275 1523
1910 1899 380 379 1498 1921 384 1922 4269 1520 1519
1911 1891 375 1496 1500 1898 1515 4252 4276 1517 1508
1912 504 37 38 1500 505 365 1863 4274 1502 1501
1913 523 375 41 1905 1893 377 524 1911 1909 4270
1914 504 38 508 1500 1863 509 1864 4274 4277 1502
1915 1904 1872 1497 371 4257 4263 4264 4278 1513 1875
1916 375 381 1905 1496 1511 1910 4270 1515 4251 1516
1917 381 41 375 1905 386 377 1511 1910 4270 1909
1918 1900 1905 381 1496 1927 1910 1924 4253 1516 4251
1919 1904 1901 378 1497 1920 1919 1906 4264 1512 4262
1920 378 1904 1497 371 1906 4264 1512 1510 1513 4278
1921 65 1903 518 1891 1916 1915 520 1894 4279 4249
1922 1905 523 375 1891 1911 1893 4270 4248 1898 1897
1923 1902 519 1901 1880 1914 1933 1934 4268 4266 1889
1924 519 1899 1880 1879 1929 4271 1889 1890 1885 4260
1925 523 1905 1903 1891 1911 1935 1917 1897 4249 4248
1926 518 62 1891 1879 1886 1895 4279 1887 4254 1882
1927 518 62 65 1891 1886 517 520 4279 1894 1895
1928 1872 1499 1497 371 4281 1514 4263 1875 1513 1509
1929 1902 1872 64 1880 4259 1877 1913 4268 1888 4265
1930 1899 518 1900 1879 1930 1931 1926 4260 4255 1887
1931 375 1891 508 1500 1898 1896 1892 1508 4277 4276
1932 1904 1872 514 1902 4257 1878 1908 1928 1912 4259
1933 39 37 1866 1499 370 1868 1867 1503 4282 1504
1934 514 371 1904 40 1876 4278 1908 515 1907 372
1935 1872 39 63 1866 1873 511 1874 4283 1870 1867
1936 514 371 1872 1904 1876 1875 1878 1908 4257 4278
1937 1904 378 40 371 1906 382 1907 4278 372 1510
1938 63 64 1872 1880 513 1877 1874 1883 4265 1888
1939 1880 1872 63 1866 4265 1874 1883 4284 1870 4283
1940 1902 64 519 1880 1913 522 1914 4268 1889 1888
1941 1866 1872 39 1499 4283 1873 1867 4282 1503 4281
1942 504 37 1500 1498 505 1501 4274 4275 1507 1506
1943 1900 381 380 1496 1924 385 1925 4253 1522 1516
1944 38 375 508 1500 376 1892 509 1502 4277 1508
1945 514 1872 64 1902 1878 1877 516 1912 1913 4259
1946 1499 1872 39 371 4281 1873 1503 1509 373 1875
1947 1901 379 378 1497 1918 383 1919 4262 1512 1518
1948 1880 63 61 1866 1883 512 1884 4284 1871 1870
1949 65 523 1903 1891 525 1917 1916 1894 4249 1897
1950 1899 519 518 1879 1929 521 1930 4260 1887 1890
1951 1497 1899 1880 1901 4272 4271 4267 4262 4266 1923
1952 1900 1891 518 1903 4250 4279 1931 1932 1915 4249
1953 1900 518 1891 1879 1931 4279 4250 4255 4254 1887
1954 1498 1899 1880 1497 4269 4271 4285 1521 4267 4272
1955 37 1866 1498 504 1868 4286 1506 505 4275 1869
1956 37 1498 1866 1499 1506 4286 1868 1504 4282 1505
1957 1879 1880 1498 1899 1885 4285 4287 4260 4269 4271
1958 1498 1496 1879 1899 1523 4256 4287 4269 4260 4261
1959 1879 1496 1498 504 4256 1523 4287 4280 4275 4273
1960 1866 1498 1497 1499 4286 1521 4288 4282 1514 1505
1961 1497 1498 1866 1880 1521 4286 4288 4267 4284 4285
1962 1497 1872 1866 1499 4263 4283 4288 1514 4282 4281
1963 1866 1872 1497 1880 4283 4263 4288 4284 4267 4265
1964 61 1866 1879 1880 1871 4289 1881 1884 1885 4284
1965 61 1879 1866 504 1881 4289 1871 506 1869 4280
1966 1498 1879 1866 1880 4287 4289 4286 4285 4284 1885
1967 1498 1866 1879 504 4286 4289 4287 4275 4280 1869
1968 61 508 62 4290 1865 510 507 4291 4292 4293
1969 61 62 1879 4290 507 1882 1881 4291 4294 4292
1970 508 61 504 4290 1865 506 1864 4293 4295 4291
1971 504 61 1879 4290 506 1881 4280 4295 4294 4291
1972 508 1891 62 4290 1896 1895 510 4293 4292 4296
1973 1879 62 1891 4290 1882 1895 4254 4294 4296 4292
1974 504 1500 508 4290 4274 4277 1864 4295 4293 4297
1975 1500 504 1496 4290 4274 4273 1517 4297 4298 4295
1976 1496 504 1879 4290 4273 4280 4256 4298 4294 4295
1977 1500 1891 508 4290 4276 1896 4277 4297 4293 4296
1978 1891 1500 1496 4290 4276 1517 4252 4296 4298 4297
1979 1879 1891 1496 4290 4254 4252 4256 4294 4298 4296
3 62 11 73
1810 1533 1535 1484 1497 1552 4071 4072 4073 4074 4075
1811 1496 1524 362 1500 4076 4077 4078 1517 4079 4080
1812 1484 1490 1533 1497 4081 4082 4072 4074 4073 4083
1813 1535 316 1533 1484 1551 1539 1552 4071 4072 4084
1814 1484 1535 362 1497 4071 4085 1487 4074 4086 4075
1815 381 1536 1534 1496 1559 1549 1558 1516 4087 4088
1816 1500 362 1496 1498 4079 4078 1517 1507 1523 4089
1817 1536 387 375 381 1542 1530 4090 1559 1511 1544
1818 1419 1534 315 1536 4091 1547 1424 4092 1541 1549
1819 1490 1484 1499 1497 4081 4093 4094 4083 1514 4074
1820 387 375 1524 1536 1530 1531 1528 1542 4095 4090
1821 387 41 375 381 389 377 1530 1544 1511 386
1822 1532 379 380 1498 1555 384 1556 4096 1519 1520
1823 375 1524 1496 1500 1531 4076 1515 1508 1517 4080
1824 366 362 1524 1500 1482 4077 1527 4097 4080 4079
1825 315 1524 1419 1536 4098 4099 1424 1541 4092 4095
1826 38 37 366 1500 365 1483 368 1502 4097 1501
1827 37 362 366 1500 364 1482 1483 1501 4097 4079
1828 362 1419 1535 1484 4100 4101 4085 1487 4071 4102
1829 1419 316 1535 1484 1426 1551 4101 4102 4071 4084
1830 1533 1490 378 1497 4082 4103 1543 4073 1512 4083
1831 378 1535 1533 1497 1553 1552 1543 1512 4073 4075
1832 315 29 1524 1536 317 1526 4098 1541 4095 1540
1833 26 29 1524 315 314 1526 1525 1423 4098 317
1834 1524 375 366 1500 1531 1529 1527 4080 4097 1508
1835 1419 26 1524 315 1421 1525 4099 1424 4098 1423
1836 1419 27 316 1484 1422 1425 1426 4102 4084 1485
1837 37 39 1484 1499 370 1488 1489 1504 4093 1503
1838 1490 378 1497 371 4103 1512 4083 1495 1513 1510
1839 1532 1419 1534 315 4104 4091 1548 1545 1547 1424
1840 1533 1490 40 378 4082 1494 1538 1543 382 4103
1841 316 1532 1419 1535 1546 4104 1426 1551 4101 1550
1842 1497 1499 1490 371 1514 4094 4083 1513 1495 1509
1843 40 28 1490 1533 374 1491 1494 1538 4082 1537
1844 27 39 1490 1484 369 1493 1492 1485 4081 1488
1845 378 1490 40 371 4103 1494 382 1510 372 1495
1846 37 362 1500 1498 364 4079 1501 1506 1507 4089
1847 362 37 1499 1498 364 1504 4105 4089 1505 1506
1848 1534 380 381 1496 1557 385 1558 4087 1516 1522
1849 366 375 38 1500 1529 376 368 4097 1502 1508
1850 1419 26 25 362 1421 308 1420 4100 363 1481
1851 25 27 1419 1484 311 1422 1420 1486 4102 1485
1852 1484 39 1490 1499 1488 1493 4081 4093 4094 1503
1853 387 1524 29 1536 1528 1526 388 1542 1540 4095
1854 1535 378 379 1497 1553 383 1554 4075 1518 1512
1855 1484 362 37 1499 1487 364 1489 4093 1504 4105
1856 39 1490 1499 371 1493 4094 1503 373 1509 1495
1857 362 25 1419 1484 363 1420 4100 1487 4102 1486
1858 1419 1532 316 315 4104 1546 1426 1424 318 1545
1859 1535 362 1532 1419 4085 4106 1550 4101 4104 4100
1860 1499 1497 362 1498 1514 4086 4105 1505 4089 1521
1861 362 1497 1499 1484 4086 1514 4105 1487 4093 4074
1862 1496 1536 375 381 4088 4090 1515 1516 1511 1559
1863 1496 375 1536 1524 1515 4090 4088 4076 4095 1531
1864 379 1535 1498 1532 1554 4107 1520 1555 4096 1550
1865 379 1498 1535 1497 1520 4107 1554 1518 4075 1521
1866 362 1498 1535 1532 4089 4107 4085 4106 1550 4096
1867 362 1535 1498 1497 4085 4107 4089 4086 1521 4075
1868 1484 27 28 1490 1485 312 4108 4081 1491 1492
1869 28 27 1484 316 312 1485 4108 319 4084 1425
1870 28 1533 1484 1490 1537 4072 4108 1491 4081 4082
1871 1484 1533 28 316 4072 1537 4108 4084 319 1539
1872 1524 362 26 1419 4077 1481 1525 4099 1421 4100
1873 26 362 1524 366 1481 4077 1525 367 1527 1482
1874 1536 362 1524 1419 4109 4077 4095 4092 4099 4100
1875 1524 362 1536 1496 4077 4109 4095 4076 4088 4078
1876 1534 1532 362 1419 1548 4106 4110 4091 4100 4104
1877 1536 1534 362 1419 1549 4110 4109 4092 4100 4091
1878 362 1534 1536 1496 4110 1549 4109 4078 4088 4087
1879 362 1534 1498 1532 4110 4111 4089 4106 4096 1548
1880 362 1498 1534 1496 4089 4111 4110 4078 4087 1523
1881 380 1498 1534 1532 1519 4111 1557 1556 1548 4096
1882 380 1534 1498 1496 1557 4111 1519 1522 1523 4087
3 63 11 17
1594 29 26 10 315 314 1427 320 317 1430 1423
1595 9 27 28 316 1418 312 313 1428 319 1425
1596 315 4 10 247 4049 250 1430 1431 249 1364
1597 316 9 3 247 1428 1365 4050 1429 1363 248
1598 26 4 10 315 309 250 1427 1423 1430 4049
1599 26 3 1419 25 1416 4051 1421 308 1420 307
1600 1419 6 3 316 4052 239 4051 1426 4050 4053
1601 1419 27 6 316 1422 310 4052 1426 4053 1425
1602 25 6 3 1419 1417 239 307 1420 4051 4052
1603 6 9 3 316 245 1365 239 4053 4050 1428
1604 27 6 25 1419 310 1417 311 1422 1420 4052
1605 9 6 27 316 245 310 1418 1428 1425 4053
1606 3 4 315 247 235 4049 4054 1363 1431 1364
1607 3 316 315 1419 4050 318 4054 4051 1424 1426
1608 315 316 3 247 318 4050 4054 1431 1363 1429
1609 26 315 3 4 1423 4054 1416 309 235 4049
1610 3 315 26 1419 4054 1423 1416 4051 1421 1424
3 64 11 12
1523 247 1 8 241 4026 244 1368 1369 242 1359
1524 8 10 1 247 251 1366 244 1368 4026 249
1525 2 247 9 241 4027 248 4028 1360 1367 1369
1526 2 1 247 241 233 4026 4027 1360 1369 1359
1527 10 4 1 247 250 236 1366 249 4026 1364
1528 247 2 9 3 4027 4028 248 1363 1365 234
1529 7 2 9 241 1361 4028 246 243 1367 1360
1530 3 2 1 247 234 233 1357 1363 4026 4027
1531 3 1 4 247 1357 236 235 1363 1364 4026
1532 5 2 9 7 237 4028 1362 240 246 1361
1533 2 6 9 3 1358 245 4028 234 1365 239
1534 2 6 5 9 1358 238 237 4028 1362 245
3 65 11 12
1235 241 45 48 421 4151 1654 1659 1658 423 1653
1236 1 45 241 2 1651 4151 1359 233 1360 417
1237 44 7 47 421 1655 425 420 1652 422 1657
1238 7 5 2 44 240 237 1361 1655 1650 416
1239 1 8 45 46 244 4152 1651 419 418 1656
1240 1 45 8 241 1651 4152 244 1359 242 4151
1241 48 45 8 46 1654 4152 426 424 1656 418
1242 48 8 45 241 426 4152 1654 1659 4151 242
1243 241 421 44 45 1658 1652 4153 4151 415 1653
1244 44 421 241 7 1652 1658 4153 1655 243 1657
1245 44 2 241 45 1650 1360 4153 415 4151 417
1246 241 2 44 7 1360 1650 4153 243 1655 1361
3 66 11 12
1148 45 48 421 585 1654 423 1653 4355 2045 2044
1149 79 77 45 585 582 2038 583 2041 4355 2042
1150 71 44 47 421 2010 420 557 2043 422 1652
1151 68 79 44 71 584 2039 549 558 2010 2040
1152 78 77 45 46 577 2038 4356 2034 418 576
1153 45 77 78 585 2038 577 4356 4355 586 2042
1154 45 48 78 46 1654 581 4356 418 2034 424
1155 78 48 45 585 581 1654 4356 586 4355 2044
1156 421 585 44 45 2045 4357 1652 1653 415 4355
1157 421 44 585 71 1652 4357 2045 2043 587 2010
1158 79 44 585 45 2039 4357 2041 583 4355 415
1159 79 585 44 71 2041 4357 2039 2040 2010 587
3 67 11 12
1119 733 78 77 585 2516 577 4925 2517 2042 586
1120 104 78 77 733 721 577 2651 735 4925 2516
1121 733 79 106 585 4926 4927 734 2517 2515 2041
1122 77 79 733 585 582 4926 4925 2042 2517 2041
1123 77 104 733 123 2651 735 4925 809 2654 810
1124 79 733 106 125 4926 734 4927 813 2655 2656
1125 585 71 79 106 587 2040 2041 2515 4927 730
1126 79 77 733 123 582 4925 4926 2653 2654 809
1127 125 79 733 123 813 4926 2656 814 2654 2653
1128 125 68 106 79 2652 2657 2655 813 4927 584
1129 71 68 79 106 558 584 2040 730 4927 2657
1130 68 125 106 124 2652 2655 2657 812 815 811
3 68 11 17
1131 939 151 104 152 2835 2826 2843 942 931 924
1132 106 156 155 938 943 937 2842 2845 2840 940
1133 104 733 123 939 735 2654 810 2843 5080 2844
1134 106 125 733 938 2655 2656 734 2845 2846 5081
1135 151 104 123 939 2826 810 923 2835 5080 2843
1136 151 125 154 2834 2833 933 936 2836 2837 5082
1137 125 124 2834 938 811 5083 5082 5081 2841 5084
1138 124 155 2834 938 935 2839 5083 5084 2841 2840
1139 125 124 154 2834 811 2832 933 5082 2837 5083
1140 124 125 106 938 811 2655 815 5084 2845 5081
1141 124 155 154 2834 935 934 2832 5083 2837 2839
1142 155 124 106 938 935 815 2842 2840 2845 5084
1143 939 938 125 2834 941 5081 5085 2838 5082 2841
1144 125 938 939 733 5081 941 5085 2656 2844 2846
1145 939 123 125 733 5080 814 5085 2844 2656 2654
1146 151 939 125 2834 2835 5085 2833 2836 5082 2838
1147 125 939 151 123 5085 2835 2833 814 923 5080
3 69 11 75
1160 3109 3108 3623 3613 3122 5562 5563 5564 5565 5566
1161 3624 3110 1040 3622 5567 3130 3642 3646 3644 5568
1162 1040 3108 3110 3624 3129 3124 3130 3642 5567 5571
1163 3650 3109 3623 3613 5572 5563 5573 5574 5565 5564
1164 1214 3111 1041 1032 5577 3126 3627 3661 3118 3114
1165 3623 3625 3650 3613 3648 5578 5573 5565 5574 5579
1166 3656 3111 1214 1032 5580 5577 3663 3660 3661 3114
1167 1041 170 1214 1032 1046 1216 3627 3118 3661 1033
1168 1214 3626 3622 3656 3637 3649 3647 3663 5581 5582
1169 200 198 3626 1207 1210 3632 3631 1208 5583 3621
1170 1202 3626 198 1207 5584 3632 1203 3620 3621 5583
1171 1040 1039 3108 3624 1044 3128 3129 3642 5571 3641
1172 3624 1039 3108 3623 3641 3128 5571 3643 5562 3639
1173 3650 3109 1038 3623 5572 3119 5587 5573 3638 5563
1174 152 939 151 3656 942 2835 924 3657 3658 5588
1175 939 152 3111 3656 942 3112 3113 5588 5580 3657
1176 1214 3626 3656 1207 3637 5582 3663 3662 3659 5583
1177 2834 151 939 3656 2836 2835 2838 5589 5588 3658
1178 155 2834 938 3613 2839 2841 2840 3615 5590 5586
1179 3613 198 3625 199 3618 3629 5579 3617 3630 1205
1180 1038 3650 3623 1211 5587 5573 3638 3628 3640 3655
1181 1039 1038 3108 3623 1043 3127 3128 3639 5562 3638
1182 1038 3109 3108 3623 3119 3122 3127 3638 5562 5563
1183 3109 3650 1038 171 5572 5587 3119 3116 1042 3654
1184 3650 3625 3623 1211 5578 3648 5573 3655 3640 3636
1185 3650 155 3613 199 3651 3615 5574 3653 3617 1206
1186 3650 3109 156 171 5572 3115 3652 3654 1047 3116
1187 3108 3110 2834 939 3124 5569 5570 3120 2838 3123
1188 3650 1038 171 1211 5587 1042 3654 3655 1213 3628
1189 3624 3626 198 1202 3635 3632 3633 5576 1203 5584
1190 1041 1040 3110 3622 1045 3130 3131 3645 5568 3644
1191 198 3625 3624 1202 3629 3634 3633 1203 5576 5591
1192 3626 1214 200 1207 3637 1215 3631 5583 1208 3662
1193 3656 152 3111 1032 3657 3112 5580 3660 3114 1034
1194 154 151 2834 1202 936 2836 2837 1204 5585 3619
1195 155 154 2834 3613 934 2837 2839 3615 5586 3614
1196 3613 3625 3650 199 5579 5578 5574 3617 3653 3630
1197 3625 198 3613 1202 3629 3618 5579 5591 3616 1203
1198 199 3625 3650 1211 3630 5578 3653 1212 3655 3636
1199 3613 154 2834 1202 3614 2837 5586 3616 5585 1204
1200 938 3108 2834 939 3121 5570 2841 941 2838 3120
1201 3656 3110 1214 3111 5592 5593 3663 5580 5577 3125
1202 3656 1214 3110 3622 3663 5593 5592 5581 5568 3647
1203 1041 1214 3110 3111 3627 5593 3131 3126 3125 5577
1204 1041 3110 1214 3622 3131 5593 3627 3645 3647 5568
1205 3110 3656 939 3111 5592 5588 3123 3125 3113 5580
1206 939 3656 3110 2834 5588 5592 3123 2838 5569 5589
1207 3656 2834 3622 3110 5589 5594 5581 5592 5568 5569
1208 3626 3656 2834 3622 5582 5589 5595 3649 5594 5581
1209 3623 3625 1202 3624 3648 5591 5575 3643 5576 3634
1210 3623 1202 3625 3613 5575 5591 3648 5565 5579 3616
1211 3613 3108 938 3109 5566 3121 5590 5564 3117 3122
1212 3613 938 3108 2834 5590 3121 5566 5586 5570 2841
1213 3613 155 156 938 3615 937 5596 5590 940 2840
1214 156 155 3613 3650 937 3615 5596 3652 5574 3651
1215 156 3109 3613 938 3115 5564 5596 940 5590 3117
1216 3613 3109 156 3650 5564 3115 5596 5574 3652 5572
1217 3626 3656 1202 2834 5582 5597 5584 5595 5585 5589
1218 3626 1202 3656 1207 5584 5597 5582 5583 3659 3620
1219 151 1202 3656 2834 3619 5597 3658 2836 5589 5585
1220 151 3656 1202 1207 3658 5597 3619 1209 3620 3659
1221 3613 1202 2834 5598 3616 5585 5586 5599 5600 5601
1222 3626 2834 1202 5598 5595 5585 5584 5602 5601 5600
1223 1202 3613 3623 5598 3616 5565 5575 5601 5603 5599
1224 1202 3623 3624 5598 5575 3643 5576 5601 5604 5603
1225 3624 3626 1202 5598 3635 5584 5576 5604 5601 5602
1226 2834 3110 3108 5598 5569 3124 5570 5600 5605 5606
1227 3613 2834 3108 5598 5586 5570 5566 5599 5605 5600
1228 3110 2834 3622 5598 5569 5594 5568 5606 5607 5600
1229 3626 3622 2834 5598 3649 5594 5595 5602 5600 5607
1230 3624 3108 3110 5598 5571 3124 5567 5604 5606 5605
1231 3613 3108 3623 5598 5566 5562 5565 5599 5603 5605
1232 3108 3624 3623 5598 5571 3643 5562 5605 5603 5604
1233 3624 3110 3622 5598 5567 5568 3646 5604 5607 5606
1234 3622 3626 3624 5598 3649 3635 3646 5607 5604 5602
3 70 11 85
1247 3329 3334 3332 3935 3356 3357 3361 5890 5891 5892
1248 3334 3329 3622 3935 3356 5893 5894 5892 5895 5890
1249 3331 3333 3330 3839 3364 3349 3363 5896 5897 5898
1250 3329 3952 3622 3935 5899 5900 5893 5890 5895 5901
1251 3952 3328 3329 3622 5902 3355 5899 5900 5893 5903
1252 3839 3333 3330 3623 5898 3349 5897 5904 5905 5906
1253 3953 3839 3330 3623 5907 5897 5908 5909 5905 5904
1254 3839 3330 3331 3953 5897 3363 5896 5907 5910 5908
1255 1040 3329 3328 3622 3354 3355 3350 3644 5903 5893
1256 3624 1040 3328 3622 3642 3350 5911 3646 5903 3644
1257 1214 3334 3622 3935 5912 5894 3647 3942 5895 5892
1258 3330 3328 1122 3953 3352 3358 3362 5908 3957 5913
1259 3328 3330 1039 3623 3352 3347 3351 5914 3639 5905
1260 3624 3328 1039 3623 5911 3351 3641 3643 3639 5914
1261 1315 3624 3622 3626 5915 3646 5916 5917 3649 3635
1262 3623 3839 3333 1211 5904 5898 5906 3640 5918 3845
1263 1039 1040 3328 3624 1044 3350 3351 3641 5911 3642
1264 3622 3626 1214 3935 3649 3637 3647 5895 3942 5919
1265 198 3626 1315 200 3632 5917 1317 1210 3943 3631
1266 1214 170 3334 1113 1216 3335 5912 3936 3337 1115
1267 200 3626 1315 1310 3631 5917 3943 1312 3944 5920
1268 3622 1041 3334 1214 3645 3336 5894 3647 5912 3627
1269 1041 170 3334 1214 1046 3335 3336 3627 5912 1216
1270 3334 3329 1041 3622 3356 3353 3336 5894 3645 5893
1271 3333 1038 3330 3623 3338 3348 3349 5906 5905 3638
1272 3623 3333 1038 1211 5906 3338 3638 3640 3628 5918
1273 1121 3332 184 3935 3343 3341 1123 5921 3937 5891
1274 3623 3625 3839 1211 3648 5923 5904 3640 3845 3636
1275 3334 1214 1113 3935 5912 3936 3337 5892 3939 3942
1276 3330 1122 3331 3953 3362 3345 3363 5908 5910 3957
1277 3953 3328 1122 3952 5913 3358 3957 3962 3963 5902
1278 1113 3332 3334 3935 3342 3357 3337 3939 5892 5891
1279 1121 223 3952 3935 3954 3959 3961 5921 5901 3938
1280 1121 223 3935 184 3954 3938 5921 1123 3937 1313
1281 3333 3331 1126 3839 3364 3346 3340 5898 3843 5896
1282 1121 3328 3329 3952 3359 3355 3360 3961 5899 5902
1283 3935 3626 1214 1310 5919 3637 3942 3941 3940 5920
1284 3331 186 3839 3953 3344 3842 5896 5910 5907 3956
1285 3839 1126 3333 1211 3843 3340 5898 3845 5918 3840
1286 3946 3625 198 199 5924 3629 3947 3948 1205 3630
1287 3946 212 3839 199 3950 3841 5925 3948 3844 1267
1288 1126 171 3333 1211 1128 3339 3340 3840 5918 1213
1289 3333 171 1038 1211 3339 1042 3338 5918 3628 1213
1290 212 3839 186 3953 3841 3842 1266 3955 3956 5907
1291 3625 3946 3839 199 5924 5925 5923 3630 3844 3948
1292 186 3331 1122 3953 3344 3345 1125 3956 3957 5910
1293 199 3839 3625 1211 3844 5923 3630 1212 3636 3845
1294 3953 212 3839 3946 3955 3841 5907 5926 5925 3950
1295 3626 1315 3624 198 5917 5915 3635 3632 3633 1317
1296 1040 1041 3329 3622 1045 3353 3354 3644 5893 3645
1297 200 1214 3626 1310 1215 3637 3631 1312 5920 3940
1298 1038 1039 3330 3623 1043 3347 3348 3638 5905 3639
1299 186 1126 3331 3839 1127 3346 3344 3842 5896 3843
1300 212 3953 224 3946 3955 3958 1318 3950 3951 5926
1301 184 3332 1113 3935 3341 3342 1114 3937 3939 5891
1302 1121 1122 3328 3952 1124 3358 3359 3961 5902 3963
1303 3328 3623 3953 3330 5914 5909 5913 3352 5908 5905
1304 3329 3935 1121 3952 5890 5921 3360 5899 3961 5901
1305 1121 3935 3329 3332 5921 5890 3360 3343 3361 5891
1306 3953 3328 3624 3623 5913 5911 5927 5909 3643 5914
1307 3946 198 3624 1315 3947 3633 5928 3949 5915 1317
1308 3624 198 3946 3625 3633 3947 5928 3634 5924 3629
1309 3953 3952 3624 3328 3962 5929 5927 5913 5911 5902
1310 3622 3624 3952 3328 3646 5929 5900 5903 5902 5911
1311 3622 3952 3624 1315 5900 5929 3646 5916 5915 5922
1312 3946 3624 3623 3953 5928 3643 5930 5926 5909 5927
1313 3623 3624 3946 3625 3643 5928 5930 3648 5924 3634
1314 3623 3839 3946 3953 5904 5925 5930 5909 5926 5907
1315 3946 3839 3623 3625 5925 5904 5930 5924 3648 5923
1316 3946 224 3952 3953 3951 3960 5931 5926 3962 3958
1317 3952 224 3946 1315 3960 3951 5931 5922 3949 1316
1318 3952 3624 3946 3953 5929 5928 5931 3962 5926 5927
1319 3946 3624 3952 1315 5928 5929 5931 3949 5922 5915
1320 223 1310 224 5932 1311 3945 1314 5933 5934 5935
1321 223 224 3952 5932 1314 3960 3959 5933 5936 5934
1322 223 3935 1310 5932 3938 3941 1311 5933 5935 5937
1323 3935 223 3952 5932 3938 3959 5901 5937 5936 5933
1324 1315 224 1310 5932 1316 3945 3944 5938 5935 5934
1325 1315 3952 224 5932 5922 3960 1316 5938 5934 5936
1326 1310 3626 1315 5932 5920 5917 3944 5935 5938 5939
1327 3935 3626 1310 5932 5919 5920 3941 5937 5935 5939
1328 1315 3626 3622 5932 5917 3649 5916 5938 5940 5939
1329 1315 3622 3952 5932 5916 5900 5922 5938 5936 5940
1330 3622 3626 3935 5932 3649 5919 5895 5940 5937 5939
1331 3935 3952 3622 5932 5901 5900 5895 5937 5940 5936
3 71 11 19
1535 223 1121 183 184 3954 3324 4000 1313 1112 1123
1536 212 186 185 3953 1266 1120 4003 3955 5968 3956
1537 229 212 3953 224 4002 3955 5969 1346 3958 1318
1538 229 185 1117 3953 3983 1119 3984 5969 5970 5968
1539 1117 229 3953 3952 3984 5969 5970 5971 3962 5972
1540 3953 1122 1117 3952 3957 3327 5970 3962 5971 3963
1541 1117 228 229 3952 3982 1332 3984 5971 5972 5973
1542 1122 1117 185 3953 3327 1119 3326 3957 5968 5970
1543 224 3952 228 223 3960 5973 4001 1314 1345 3959
1544 228 229 3952 224 1332 5972 5973 4001 3960 1346
1545 229 3953 3952 224 5969 3962 5972 1346 3960 3958
1546 1122 185 186 3953 3326 1120 1125 3957 3956 5968
1547 1122 1121 1117 3952 1124 3325 3327 3963 5971 3961
1548 1121 1117 228 183 3325 3982 5974 3324 1329 1118
1549 228 1117 1121 3952 3982 3325 5974 5973 3961 5971
1550 228 223 1121 183 1345 3954 5974 1329 3324 4000
1551 1121 223 228 3952 3954 1345 5974 3961 5973 3959
1552 229 212 185 3953 4002 4003 3983 5969 5968 3955
1553 229 185 212 230 3983 4003 4002 1334 1347 1335
3 72 11 12
1611 183 1117 216 193 1118 5948 3974 1163 1282 3487
1612 216 1117 1172 193 5948 3489 3876 1282 1173 3487
1613 183 1117 228 216 1118 3982 1329 3974 1327 5948
1614 1117 1172 217 216 3489 3878 5949 5948 1285 3876
1615 217 1117 185 1172 5949 1119 5950 3878 3488 3489
1616 217 228 1117 216 3979 3982 5949 1285 5948 1327
1617 229 228 1117 217 1332 3982 3984 1331 5949 3979
1618 1117 217 185 229 5949 5950 1119 3984 3983 1331
1619 185 1172 194 217 3488 1174 1171 5950 3877 3878
1620 218 229 185 217 3980 3983 3981 1287 5950 1331
1621 185 194 218 217 1171 1288 3981 5950 1287 3877
1622 229 218 185 230 3980 3981 3983 1334 1335 1333
3 73 11 12
1883 174 1172 193 207 3485 1173 1162 1246 3868 5783
1884 1068 210 1172 174 3791 5784 3486 1069 3485 3790
1885 1172 216 193 207 3876 1282 1173 5783 3868 1280
1886 210 1172 194 1068 5784 1174 5785 3791 3484 3486
1887 174 210 1172 207 3790 5784 3485 1246 5783 1255
1888 217 207 1172 210 3873 5783 3878 1284 5784 1255
1889 207 217 1172 216 3873 3878 5783 1280 3876 1285
1890 1172 210 194 217 5784 5785 1174 3878 3877 1284
1891 173 1068 208 194 1070 3789 1248 1170 3875 3484
1892 217 210 194 218 1284 5785 3877 1287 1288 3874
1893 194 210 1068 208 5785 3791 3484 3875 3789 1256
1894 194 210 208 218 5785 1256 3875 1288 1286 3874
3 74 11 12
1980 165 982 174 207 983 3236 1067 3774 1246 5698
1981 1068 982 210 174 3235 5699 3791 1069 3790 3236
1982 982 165 161 207 983 981 2884 5698 1244 3774
1983 982 210 164 1068 5699 5700 984 3235 3234 3791
1984 174 982 210 207 3236 5699 3790 1246 1255 5698
1985 982 162 210 207 2885 1254 5699 5698 1255 3787
1986 162 982 161 207 2885 2884 976 3787 1244 5698
1987 210 982 164 162 5699 984 5700 1254 2886 2885
1988 208 164 1068 173 3778 3234 3789 1248 1070 1065
1989 210 162 164 163 1254 2886 5700 3788 980 978
1990 164 210 208 1068 5700 1256 3778 3234 3789 3791
1991 164 210 163 208 5700 3788 980 3778 1247 1256
3 75 11 12
2011 165 114 778 161 985 779 2888 981 5096 2887
2012 982 165 778 161 983 2888 2890 2884 5096 981
2013 114 128 778 161 827 2669 779 2887 5096 974
2014 778 162 982 161 5097 2885 2890 5096 2884 976
2015 778 162 116 982 5097 5098 780 2890 2889 2885
2016 127 161 778 128 2881 5096 2671 822 2669 974
2017 161 127 778 162 2881 2671 5096 976 5097 975
2018 162 778 116 127 5097 780 5098 975 2670 2671
2019 164 116 162 982 979 5098 2886 984 2885 2889
2020 129 162 116 127 2882 5098 826 825 2670 975
2021 162 163 116 164 978 2883 5098 2886 979 980
2022 129 162 163 116 2882 978 977 826 2883 5098
3 76 11 68
532 913 907 908 903 2808 910 2809 5039 2800 2803
533 903 793 697 902 2798 2629 5040 905 5041 2797
534 792 793 697 903 795 2629 2630 2795 5040 2798
535 665 748 913 747 2537 2814 5042 2539 2815 750
536 109 148 912 2785 901 915 2812 2789 5043 2791
537 696 99 93 2785 699 704 2457 5044 2787 2788
538 912 148 147 2785 915 900 2806 5043 2793 2791
539 2785 696 99 119 5044 699 2788 2790 798 2626
540 659 696 93 2785 2458 2457 661 5045 2787 5044
541 912 747 109 2785 2813 749 2812 5043 2789 5046
542 914 2764 145 107 5047 2770 918 2810 888 2768
543 698 91 98 2764 2455 695 702 5048 2767 2766
544 664 659 93 2785 2247 661 2246 5049 2787 5045
545 109 747 664 2785 749 2538 2536 2789 5049 5046
546 145 2764 914 144 2770 5047 918 887 2804 2772
547 98 117 698 2764 785 2625 702 2767 5048 2769
548 109 664 94 2785 2536 666 740 2789 2786 5049
549 664 93 94 2785 2246 657 666 5049 2786 2787
550 146 902 2785 119 904 5050 2792 898 2790 2796
551 902 2785 147 146 5050 2793 2801 904 899 2792
552 143 903 2764 144 906 5051 2771 886 2772 2799
553 2764 117 903 143 2769 2794 5051 2771 906 885
554 912 913 747 907 916 2815 2813 2807 5052 2808
555 793 696 697 659 2628 700 2629 5053 2460 2458
556 2764 665 92 107 5054 668 2765 2768 731 2535
557 92 91 665 2764 648 2244 668 2765 5054 2766
558 659 697 907 913 2460 5056 5057 5058 2808 5055
559 903 907 697 913 2803 5056 5040 5039 5055 2808
560 903 697 907 902 5040 5056 2803 905 2802 5041
561 747 907 2785 912 5052 5059 5046 2813 5043 2807
562 147 2785 907 912 2793 5059 909 2806 2807 5043
563 147 907 2785 902 909 5059 2793 2801 5050 2802
564 793 659 2785 696 5053 5045 5060 2628 5044 2458
565 2785 659 793 902 5045 5053 5060 5050 2797 5061
566 2785 119 793 696 2790 796 5060 5044 2628 2626
567 793 119 2785 902 796 2790 5060 2797 5050 2796
568 2785 664 907 747 5049 5062 5059 5046 5052 2538
569 902 659 697 907 5061 2460 5041 2802 5056 5057
570 902 697 659 793 5041 2460 5061 2797 5053 2629
571 913 907 664 747 2808 5062 5063 2815 2538 5052
572 664 907 913 659 5062 2808 5063 2247 5058 5057
573 664 665 913 747 667 5042 5063 2538 2815 2539
574 913 665 664 659 5042 667 5063 5058 2247 2248
575 659 697 665 660 2460 5064 2248 662 2245 2459
576 659 665 697 913 2248 5064 2460 5058 5055 5042
577 2764 107 748 665 2768 751 5066 5054 2537 2535
578 748 107 2764 914 751 2768 5066 2811 5047 2810
579 659 2785 907 902 5045 5059 5057 5061 2802 5050
580 659 907 2785 664 5057 5059 5045 2247 5049 5062
581 2764 117 792 903 2769 794 5067 5051 2795 2794
582 792 117 2764 698 794 2769 5067 2627 5048 2625
583 144 908 2764 914 911 5068 2772 2804 5047 2805
584 2764 908 144 903 5068 911 2772 5051 2799 2800
585 908 748 2764 914 5069 5066 5068 2805 5047 2811
586 908 913 748 914 2809 2814 5069 2805 2811 917
587 2764 665 903 792 5054 5070 5051 5067 2795 5065
588 903 697 665 913 5040 5064 5070 5039 5042 5055
589 903 665 697 792 5070 5064 5040 2795 2630 5065
590 908 2764 665 903 5068 5054 5071 2800 5070 5051
591 908 665 2764 748 5071 5054 5068 5069 5066 2537
592 913 908 665 903 2809 5071 5042 5039 5070 2800
593 913 665 908 748 5042 5071 2809 2814 5069 2537
594 792 660 697 698 5072 2459 2630 2627 701 2456
595 792 697 660 665 2630 2459 5072 5065 2245 5064
596 2764 660 792 698 5073 5072 5067 5048 2627 2456
597 2764 792 660 665 5067 5072 5073 5054 2245 5065
598 91 660 2764 698 663 5073 2766 2455 5048 2456
599 91 2764 660 665 2766 5073 663 2244 2245 5054
3 77 11 94
756 2416 536 1960 2417 4869 1995 4870 2438 4871 4872
757 2417 2416 536 697 2438 4869 4872 2452 4873 2453
758 535 2416 2412 697 4874 2441 4875 4876 2451 2453
759 1960 1959 535 2416 1984 1997 1996 4870 4874 4877
760 2411 2417 536 697 2435 4872 4878 2447 4873 2452
761 537 1963 2418 2631 1972 4879 4880 4881 4882 4883
762 1960 535 536 2416 1996 540 1995 4870 4869 4874
763 2418 537 2631 696 4880 4881 4882 2426 4884 4885
764 534 2413 2415 698 4886 2446 4887 4888 2425 2454
765 2631 99 2418 696 2634 2420 4882 4884 2426 699
766 2415 2605 1956 534 4889 4890 4891 4887 1971 4892
767 534 535 1957 2412 539 1992 1993 4893 4894 4875
768 2416 535 536 697 4874 540 4869 2453 4873 4876
769 1958 536 537 2411 1999 541 1998 4895 4896 4878
770 537 2418 2414 696 4880 2429 4897 4885 2449 2426
771 2413 534 2412 698 4886 4893 2444 2454 2450 4888
772 792 536 535 697 4898 540 4899 2630 4876 4873
773 537 2414 2411 696 4897 2432 4896 4885 2448 2449
774 2631 537 793 696 4881 4900 4901 4884 2628 4885
775 792 535 2412 697 4899 4875 4902 2630 2451 4876
776 2605 117 792 698 2610 794 4903 4904 2627 2625
777 793 2631 696 119 4901 4884 2628 796 2626 2636
778 792 535 536 788 4899 540 4898 2621 2618 2617
779 696 2631 99 119 4884 2634 699 2626 798 2636
780 793 2411 536 697 4905 4878 4906 2629 4873 2447
781 536 792 793 697 4898 795 4906 4873 2629 2630
782 2418 1963 43 2631 4879 1967 2421 4882 2632 4883
783 406 2415 692 1956 2445 2423 2419 1965 4907 4891
784 1956 2605 64 534 4890 2607 1970 1971 538 4892
785 534 535 2412 792 539 4875 4893 4908 4902 4899
786 537 787 118 793 2616 789 2614 4900 2622 2623
787 2605 692 2415 1956 2612 2423 4889 4890 4891 4907
788 43 99 2418 2631 703 2420 2421 2632 4882 2634
789 1963 537 67 2631 1972 542 1968 4883 2633 4881
790 406 692 40 1956 2419 694 414 1965 1964 4907
791 536 787 792 788 2619 2624 4898 2618 2621 790
792 534 2605 64 116 4892 2607 538 2613 777 2608
793 792 787 536 793 2624 2619 4898 795 4906 2623
794 792 2412 534 698 4902 4893 4908 2627 4888 2450
795 2411 536 537 793 4878 541 4896 4905 4900 4906
796 1956 2605 692 514 4890 2612 4907 1966 2606 2609
797 793 537 2411 696 4900 4896 4905 2628 2448 4885
798 1959 1960 403 2416 1984 1979 1983 4877 2436 4870
799 698 792 2412 697 2627 4902 2450 701 2451 2630
800 1962 2414 400 401 4909 2427 1974 1973 408 2428
801 537 118 67 2631 2614 786 542 4881 2633 2635
802 43 1963 2418 400 1967 4879 2421 407 2422 1969
803 692 98 2605 2415 693 2611 2612 2423 4889 2424
804 1956 692 40 514 4907 694 1964 1966 515 2606
805 402 1960 1958 2417 1980 1981 1976 2433 4910 4871
806 2411 793 696 697 4905 2628 2448 2447 700 2629
807 1963 67 43 2631 1968 544 1967 4883 2632 2633
808 1958 402 2417 2411 1976 2433 4910 4895 2435 2431
809 402 1958 401 2411 1976 1977 409 2431 2430 4895
810 1961 406 2413 405 1988 2443 4911 1989 2442 413
811 2416 403 1959 404 2436 1983 4877 2437 1982 411
812 1960 403 2416 2417 1979 2436 4870 4871 2438 2434
813 1956 64 2605 514 1970 2607 4890 1966 2609 516
814 792 534 535 788 4908 539 4899 2621 2617 2615
815 1957 404 405 2412 1986 412 1985 4894 2440 2439
816 536 787 537 793 2619 2616 541 4906 4900 2623
817 403 1960 402 2417 1979 1980 410 2434 2433 4871
818 698 2605 534 792 4904 4892 4888 2627 4908 4903
819 698 534 2605 2415 4888 4892 4904 2425 4889 4887
820 405 2412 1961 1957 2440 4912 1989 1985 1990 4894
821 405 1961 2412 2413 1989 4912 2440 2442 2444 4911
822 534 1961 2412 1957 1994 4912 4893 1993 4894 1990
823 534 2412 1961 2413 4893 4912 1994 4886 4911 2444
824 401 1962 2411 1958 1973 4913 2430 1977 4895 1978
825 401 2411 1962 2414 2430 4913 1973 2428 4909 2432
826 537 2411 1962 1958 4896 4913 2000 1998 1978 4895
827 537 1962 2411 2414 2000 4913 4896 4897 2432 4909
828 2605 698 98 117 4904 702 2611 2610 785 2625
829 98 698 2605 2415 702 4904 2611 2424 4889 2425
830 537 1962 2418 1963 2000 4914 4880 1972 4879 1975
831 537 2418 1962 2414 4880 4914 2000 4897 4909 2429
832 400 2418 1962 1963 2422 4914 1974 1969 1975 4879
833 400 1962 2418 2414 1974 4914 2422 2427 2429 4909
834 2413 534 1956 1961 4886 1971 4915 4911 1991 1994
835 1956 534 2413 2415 1971 4886 4915 4891 2446 4887
836 1956 406 2413 1961 1965 2443 4915 1991 4911 1988
837 2413 406 1956 2415 2443 1965 4915 2446 4891 2445
838 2416 535 1957 1959 4874 1992 4916 4877 1987 1997
839 1957 535 2416 2412 1992 4874 4916 4894 2441 4875
840 1957 404 2416 1959 1986 2437 4916 1987 4877 1982
841 2416 404 1957 2412 2437 1986 4916 2441 4894 2439
842 536 2417 1958 1960 4872 4910 1999 1995 1981 4871
843 536 1958 2417 2411 1999 4910 4872 4878 2435 4895
844 2631 118 793 537 2635 2622 4901 4881 4900 2614
845 793 118 2631 119 2622 2635 4901 796 2636 797
846 2605 116 788 117 2608 791 4917 2610 2620 784
847 788 116 2605 534 791 2608 4917 2615 4892 2613
848 788 792 2605 117 2621 4903 4917 2620 2610 794
849 2605 792 788 534 4903 2621 4917 4892 2615 4908
3 78 11 88
634 2418 2461 1617 331 4640 4641 4642 4643 1623 4644
635 2417 330 1611 1614 4645 1629 4646 4647 1632 1631
636 1615 2404 2415 329 4648 4649 4650 1620 4651 4652
637 330 2416 2412 1613 4653 2441 4654 1634 4655 4656
638 2412 330 1613 1612 4654 1634 4655 4657 1633 1627
639 2413 1615 2415 329 4658 4650 2446 4659 4651 1620
640 329 2404 2415 660 4652 4649 4651 4660 4661 4662
641 2461 2418 696 331 4640 2426 4663 4644 4664 4643
642 2418 2414 696 331 2429 2449 2426 4643 4664 4665
643 697 2417 2416 330 2452 2438 2453 4666 4653 4645
644 99 2418 696 2461 2420 2426 699 2466 4663 4640
645 1617 2461 31 331 4641 2463 1621 1623 335 4644
646 2404 1615 28 329 4648 1619 2406 4652 332 1620
647 1615 2404 692 2415 4648 2409 4667 4650 2423 4649
648 2404 329 274 660 4652 1444 4668 4662 2242 4660
649 93 18 2461 659 656 2462 2464 661 4669 2240
650 9 2404 329 274 2405 4652 1443 277 1444 4668
651 274 91 2404 660 2239 2407 4668 2242 4662 663
652 2404 9 91 274 2405 647 2407 4668 2239 277
653 2404 91 98 2415 2407 695 2410 4649 2424 4670
654 696 2461 331 659 4663 4644 4664 2458 4671 4669
655 696 93 99 2461 2457 704 699 4663 2466 2464
656 2461 696 93 659 4663 2457 2464 4669 661 2458
657 2404 28 9 329 2406 313 2405 4652 1443 332
658 2415 692 1615 406 2423 4667 4650 2445 1624 2419
659 1615 2413 405 1612 4658 2442 1649 1628 1648 4672
660 43 2418 2461 1617 2421 4640 2465 1622 4641 4642
661 2415 91 98 698 4670 695 2424 2425 702 2455
662 28 1615 2404 692 1619 4648 2406 2408 2409 4667
663 1615 28 40 692 1619 374 1618 4667 694 2408
664 692 40 1615 406 694 1618 4667 2419 1624 414
665 659 330 697 660 4673 4666 2460 662 2459 4674
666 99 43 2418 2461 703 2421 2420 2466 4640 2465
667 331 330 1611 659 334 1629 1630 4671 4675 4673
668 2461 18 31 331 2462 328 2463 4644 335 1445
669 1613 404 2412 1612 1646 2439 4655 1633 4657 1647
670 2416 404 2412 1613 2437 2439 2441 4656 4655 1646
671 273 274 330 660 276 1448 1447 2243 4674 2242
672 659 273 330 660 2241 1447 4673 662 4674 2243
673 2412 698 697 660 2450 701 2451 4676 2459 2456
674 1615 2413 406 405 4658 2443 1624 1649 413 2442
675 2412 405 2413 1612 2440 2442 2444 4657 4672 1648
676 692 2404 98 2415 2409 2410 693 2423 2424 4649
677 2414 400 401 1616 2427 408 2428 4677 1640 1639
678 1611 402 2417 1614 1642 2433 4646 1632 4647 1643
679 400 2418 43 1617 2422 2421 407 1625 1622 4642
680 2413 2415 1615 406 2446 4650 4658 2443 1624 2445
681 2461 31 43 1617 2463 399 2465 4641 1622 1621
682 1615 2413 1612 329 4658 4672 1628 1620 1626 4659
683 401 402 2411 1611 409 2431 2430 1641 4678 1642
684 404 2416 403 1613 2437 2436 411 1646 1645 4656
685 404 405 2412 1612 412 2440 2439 1647 4657 1648
686 402 2417 2411 1611 2433 2435 2431 1642 4678 4646
687 274 329 330 660 1444 333 1448 2242 4674 4660
688 402 403 2417 1614 410 2434 2433 1643 4647 1644
689 273 330 331 659 1447 334 1446 2241 4671 4673
690 2418 331 1616 2414 4643 1637 4679 2429 4677 4665
691 1616 331 2418 1617 1637 4643 4679 1638 4642 1623
692 1616 400 2418 2414 1639 2422 4679 4677 2429 2427
693 2418 400 1616 1617 2422 1639 4679 4642 1638 1625
694 2415 660 91 698 4661 663 4670 2425 2455 2456
695 91 660 2415 2404 663 4661 4670 2407 4649 4662
696 2415 2413 660 698 2446 4680 4661 2425 2456 2454
697 2415 660 2413 329 4661 4680 2446 4651 4659 4660
698 2412 660 2413 698 4676 4680 2444 2450 2454 2456
699 697 2412 330 2416 2451 4654 4666 2453 4653 2441
700 697 330 2412 660 4666 4654 2451 2459 4676 4674
701 403 1613 2417 1614 1645 4681 2434 1644 4647 1635
702 403 2417 1613 2416 2434 4681 1645 2436 4656 2438
703 330 2417 1613 1614 4645 4681 1634 1631 1635 4647
704 330 1613 2417 2416 1634 4681 4645 4653 2438 4656
705 2413 1612 660 2412 4672 4682 4680 2444 4676 4657
706 2413 660 1612 329 4680 4682 4672 4659 1626 4660
707 330 660 1612 2412 4674 4682 1627 4654 4657 4676
708 330 1612 660 329 1627 4682 4674 333 4660 1626
709 1611 331 2414 1616 1630 4665 4683 1636 4677 1637
710 1611 401 2414 2411 1641 2428 4683 4678 2432 2430
711 2414 401 1611 1616 2428 1641 4683 4677 1636 1640
712 331 659 18 273 4671 2240 1445 1446 275 2241
713 18 659 331 2461 2240 4671 1445 2462 4644 4669
714 1611 659 696 331 4675 2458 4684 1630 4664 4671
715 1611 2414 696 2411 4683 2449 4684 4678 2448 2432
716 696 2414 1611 331 2449 4683 4684 4664 1630 4665
717 697 1611 2411 2417 4685 4678 2447 2452 2435 4646
718 697 1611 330 659 4685 1629 4666 2460 4673 4675
719 697 330 1611 2417 4666 1629 4685 2452 4646 4645
720 696 697 1611 2411 700 4685 4684 2448 4678 2447
721 696 1611 697 659 4684 4685 700 2458 2460 4675
3 79 11 34
362 49 94 427 2233 658 2250 429 2236 4505 2238
363 2218 47 92 428 2221 649 2223 4506 2249 431
364 427 17 49 2233 1662 432 429 4505 2236 2234
365 2233 18 93 659 2235 656 2237 4507 661 2240
366 2218 91 274 660 2222 2239 4508 4509 2242 663
367 9 91 274 2218 647 2239 277 2220 4508 2222
368 7 47 2218 428 425 2221 2219 1660 4506 431
369 2233 94 427 664 2238 2250 4505 4510 2252 666
370 274 267 2218 660 1383 4511 4508 2242 4509 4512
371 428 92 2218 665 2249 2223 4506 2251 4513 668
372 267 7 9 2218 269 246 1382 4511 2220 2219
373 2233 427 268 664 4505 1663 4514 4510 4515 2252
374 660 267 2218 665 4512 4511 4509 2245 4513 4516
375 659 2233 268 664 4507 4514 4517 2247 4515 4510
376 428 2218 267 665 4506 4511 1661 2251 4516 4513
377 268 18 17 2233 1384 272 271 4514 2234 2235
378 267 9 274 2218 1382 277 1383 4511 4508 2220
379 2218 267 7 428 4511 269 2219 4506 1660 1661
380 427 268 17 2233 1663 271 1662 4505 2234 4514
381 2233 93 94 664 2237 657 2238 4510 666 2246
382 93 2233 659 664 2237 4507 661 2246 2247 4510
383 660 2218 91 665 4509 2222 663 2245 2244 4513
384 92 91 2218 665 648 2222 2223 668 4513 2244
385 660 268 267 665 4518 270 4512 2245 4516 4519
386 665 268 427 664 4519 1663 2253 667 2252 4515
387 660 659 268 665 662 4517 4518 2245 4519 2248
388 665 659 268 664 2248 4517 4519 667 4515 2247
389 427 428 268 665 430 1664 1663 2253 4519 2251
390 428 267 268 665 1661 270 1664 2251 4519 4516
391 273 268 267 660 1385 270 1386 2243 4512 4518
392 268 273 659 660 1385 2241 4517 4518 662 2243
393 274 273 267 660 276 1386 1383 2242 4512 2243
394 659 18 268 2233 2240 1384 4517 4507 4514 2235
395 659 268 18 273 4517 1384 2240 2241 275 1385
3 80 11 34
240 2524 49 94 427 2526 658 2527 4725 2250 429
241 2509 92 47 428 2512 649 2511 4726 431 2249
242 70 49 2524 427 550 2526 2525 2006 4725 429
243 2524 747 109 108 4727 749 2529 2528 741 2542
244 748 743 2509 107 2541 4728 4729 751 2514 2540
245 106 2509 743 107 2513 4728 746 732 2540 2514
246 2509 47 71 428 2511 557 2510 4726 2005 431
247 427 94 2524 664 2250 2527 4725 2252 4730 666
248 552 743 2509 748 2532 4728 4731 4732 4729 2541
249 428 2509 92 665 4726 2512 2249 2251 668 4733
250 552 71 2509 106 554 2510 4731 2531 2513 730
251 2509 552 748 665 4731 4732 4729 4733 2537 4734
252 427 2524 553 664 4725 4735 2007 2252 4736 4730
253 2524 553 664 747 4735 4736 4730 4727 2538 4737
254 552 2509 428 665 4731 4726 2008 4734 2251 4733
255 2524 70 553 108 2525 556 4735 2528 2530 739
256 2509 743 552 106 4728 2532 4731 2513 2531 746
257 552 2509 71 428 4731 2510 554 2008 2005 4726
258 2524 553 70 427 4735 556 2525 4725 2006 2007
259 94 2524 664 109 2527 4730 666 740 2536 2529
260 747 664 2524 109 2538 4730 4727 749 2529 2536
261 665 748 2509 107 2537 4729 4733 2535 2514 751
262 665 2509 92 107 4733 2512 668 2535 731 2514
263 552 553 748 665 555 4738 4732 4734 2537 4739
264 665 427 553 664 2253 2007 4739 667 4736 2252
265 553 748 665 747 4738 2537 4739 4737 2539 750
266 664 553 665 747 4736 4739 667 2538 2539 4737
267 427 553 428 665 2007 2009 430 2253 2251 4739
268 553 552 428 665 555 2008 2009 4739 2251 4734
269 748 553 552 742 4738 555 4732 2544 2534 2533
270 747 553 748 742 4737 4738 750 2543 2544 2533
271 552 743 748 742 2532 2541 4732 2534 2544 745
272 108 747 553 2524 2542 4737 2530 2528 4735 4727
273 108 553 747 742 2530 4737 2542 744 2543 2533
3 81 11 88
274 3189 3222 3146 967 5227 5228 5229 3195 5230 5231
275 966 3186 3145 3183 3203 5232 5233 3201 5234 3204
276 965 3187 3132 3143 3192 5235 5236 5237 5238 5239
277 3144 3140 3185 966 3165 5240 5241 5242 3206 5243
278 3140 3185 966 3184 5240 3206 5243 5244 3199 3205
279 965 3187 3143 3141 3192 5239 5237 5245 3169 5246
280 3222 912 3146 967 5247 3152 5228 5231 5230 5248
281 3142 3146 912 967 3159 3152 3157 5249 5248 5230
282 913 3144 3145 966 3164 3166 3163 5250 5233 5242
283 3146 148 912 3222 3151 915 3152 5228 5247 3226
284 3189 160 3222 967 3193 3225 5227 3195 5231 971
285 156 965 3187 3132 968 3192 3191 3135 5235 5236
286 3187 3132 3143 1035 5235 5238 5239 5251 3149 3137
287 743 748 965 3132 2541 5252 2876 5253 5236 5254
288 3222 109 747 108 3224 749 5255 3223 2542 741
289 106 743 965 3132 746 2876 2875 3133 5236 5253
290 743 748 3132 107 2541 5254 5253 2540 3134 751
291 3132 106 743 107 3133 746 5253 3134 2540 732
292 107 3132 145 3143 3134 3136 888 5256 3148 5238
293 3222 747 912 967 5255 2813 5247 5231 5248 5257
294 109 912 148 3222 2812 915 901 3224 3226 5247
295 106 965 156 3132 2875 968 943 3133 3135 5236
296 109 747 912 3222 749 2813 2812 3224 5247 5255
297 1035 3143 3187 1055 3149 5239 5251 3153 3196 3170
298 3187 3184 1054 3141 3200 3220 3221 5246 3182 5258
299 3222 3146 172 3189 5228 3150 3227 5227 3194 5229
300 107 145 914 3143 888 918 2810 5256 3147 3148
301 3132 3187 156 1035 5235 3191 3135 3137 3138 5251
302 3187 156 1035 171 3191 3138 5251 3190 1037 1047
303 171 1035 3187 1055 1037 5251 3190 1063 3196 3153
304 748 913 747 966 2814 2815 750 5259 5260 5250
305 148 3146 172 3222 3151 3150 1048 3226 3227 5228
306 747 967 966 3183 5257 970 5260 5261 3201 3202
307 108 3222 160 967 3223 3225 973 2877 971 5231
308 3185 3140 1053 3184 5240 3180 3218 3205 3219 5244
309 743 748 742 966 2541 2544 745 2879 2880 5259
310 742 748 747 966 2544 750 2543 2880 5260 5259
311 3140 1053 3144 3185 3180 3177 3165 5240 5241 3218
312 913 748 914 3140 2814 2811 917 3160 3161 5262
313 3141 1054 3187 1055 3182 3221 5246 3181 3196 1062
314 3184 3140 1054 3141 5244 3179 3220 5258 3182 3167
315 3143 3132 145 1035 5238 3136 3148 3149 1036 3137
316 1049 3142 1050 3188 3172 3171 1057 3211 3212 5263
317 3186 1051 3145 3183 3215 3176 5232 3204 5234 3214
318 1049 172 3146 3189 1056 3150 3154 3197 5229 3194
319 3187 3143 3141 1055 5239 3169 5246 3196 3181 3170
320 160 3222 172 3189 3225 3227 1064 3193 3194 5227
321 965 3184 3187 3141 3198 3200 3192 5245 5246 5258
322 3139 1051 1050 3183 3173 1058 3174 5264 3213 3214
323 1052 3144 1053 3185 3178 3177 1060 3217 3218 5241
324 3139 3145 1051 3183 3162 3176 3173 5264 3214 5234
325 743 748 966 965 2541 5259 2879 2876 969 5252
326 3145 1052 1051 3186 3175 1059 3176 5232 3215 3216
327 1054 1053 3140 3184 1061 3180 3179 3220 5244 3219
328 967 742 747 966 2878 2543 5257 970 5260 2880
329 967 3146 3188 3142 5230 5265 3209 5249 5263 3159
330 967 3188 3146 3189 3209 5265 5230 3195 5229 3210
331 1049 3188 3146 3142 3211 5265 3154 3172 3159 5263
332 1049 3146 3188 3189 3154 5265 3211 3197 3210 5229
333 107 3143 748 3132 5256 5266 751 3134 5254 5238
334 107 748 3143 914 751 5266 5256 2810 3147 2811
335 965 748 3143 3132 5252 5266 5237 5236 5238 5254
336 3140 3141 748 914 3167 5267 5262 3161 2811 3168
337 3143 748 3141 914 5266 5267 3169 3147 3168 2811
338 3143 3141 748 965 3169 5267 5266 5237 5252 5245
339 913 3140 966 748 3160 5243 5250 2814 5259 5262
340 966 3140 913 3144 5243 3160 5250 5242 3164 3165
341 966 3185 3145 3186 3206 5268 5233 3203 5232 3207
342 966 3145 3185 3144 5233 5268 3206 5242 5241 3166
343 1052 3145 3185 3186 3175 5268 3217 3216 3207 5232
344 1052 3185 3145 3144 3217 5268 3175 3178 3166 5241
345 3141 3184 748 965 5258 5269 5267 5245 5252 3198
346 3141 748 3184 3140 5267 5269 5258 3167 5244 5262
347 966 748 3184 965 5259 5269 3199 969 3198 5252
348 966 3184 748 3140 3199 5269 5259 5243 5262 5244
349 3142 1050 3183 3139 3171 3213 5270 3158 5264 3174
350 3183 1050 3142 3188 3213 3171 5270 3208 5263 3212
351 3142 967 3183 3188 5249 3202 5270 5263 3208 3209
352 967 747 108 3222 5257 2542 2877 5231 3223 5255
353 967 108 747 742 2877 2542 5257 2878 2543 744
354 747 3183 912 967 5261 5271 2813 5257 5248 3202
355 3142 3183 912 3139 5270 5271 3157 3158 3155 5264
356 3142 912 3183 967 3157 5271 5270 5249 3202 5248
357 913 3139 3183 3145 3156 5264 5272 3163 5234 3162
358 913 3183 966 3145 5272 3201 5250 3163 5233 5234
359 913 966 3183 747 5250 3201 5272 2815 5261 5260
360 912 913 3183 747 916 5272 5271 2813 5261 2815
361 912 3183 913 3139 5271 5272 916 3155 3156 5264
3 82 11 95
396 3145 3144 1138 3389 3166 5369 5370 5371 3424 5372
397 3145 3144 913 1138 3166 3164 3163 5370 5373 5369
398 913 3144 3140 1137 3164 3165 3160 5374 5375 5376
399 1137 3144 3388 3389 5376 5377 3426 3425 3413 5372
400 1136 3365 3143 908 5378 5379 5380 5381 5382 5383
401 3139 3145 913 1138 3162 3163 3156 5384 5373 5370
402 3392 3146 3430 1139 5385 5386 5387 3401 5388 5389
403 3144 1137 1138 3389 5376 1142 5369 5372 3424 3425
404 3146 912 3430 1139 3152 5390 5386 5389 5388 5391
405 3430 148 912 3146 3431 915 5390 5386 3152 3151
406 3385 3365 3143 1136 5392 5379 5393 3400 5380 5378
407 3386 1136 3140 1137 3422 5394 5395 3421 5375 1141
408 1137 913 3144 1138 5374 3164 5376 1142 5369 5373
409 1139 3139 1138 3387 5396 5384 1143 3427 3428 5397
410 912 3146 3142 1139 3152 3159 3157 5391 5398 5389
411 912 3142 3139 1139 3157 3158 3155 5391 5396 5398
412 1138 1137 913 908 1142 5374 5373 5399 2809 5400
413 912 3430 1139 907 5390 5388 5391 2807 5401 5402
414 1137 3140 913 908 5375 3160 5374 5400 2809 5403
415 3430 912 147 907 5390 2806 3432 5402 909 2807
416 147 148 912 3430 900 915 2806 3432 5390 3431
417 1137 1138 1131 908 1142 3382 3384 5400 3374 5399
418 1138 913 3139 907 5373 3156 5384 5404 5405 2808
419 145 3143 3365 144 3148 5379 3366 887 3367 5406
420 3143 145 914 144 3148 918 3147 5406 2804 887
421 907 1138 913 908 5404 5373 2808 910 2809 5399
422 172 3146 3430 3392 3150 5386 3434 3396 5387 5385
423 1055 1035 3143 3385 3153 3149 3170 3394 5393 5407
424 1136 3385 3365 186 3400 5392 5378 1140 3371 3399
425 1137 1136 3140 908 1141 5394 5375 5400 5403 5381
426 187 1130 1139 907 1132 3381 3380 3375 5401 3376
427 3365 3143 1035 3385 5379 3149 3369 5392 5407 5393
428 3146 3430 148 172 5386 3431 3151 3150 1048 3434
429 3430 188 3392 1139 3435 3397 5387 5388 3401 1144
430 1055 171 1035 3385 1063 1037 3153 3394 5407 3393
431 1136 3365 185 186 5378 3368 3378 1140 1120 3371
432 1138 1130 1131 908 3383 1133 3382 5399 3374 3377
433 1130 1138 907 908 3383 5404 3376 3377 910 5399
434 1139 1138 3139 907 1143 5384 5396 5401 5405 5404
435 1035 3365 3385 1126 3369 5392 5407 3370 3395 3372
436 1139 3139 912 907 5396 3155 5391 5401 2807 5405
437 3144 1052 3388 3389 3178 3412 5377 5372 3413 3408
438 914 913 3140 908 917 3160 3161 2805 5403 2809
439 1050 3142 1049 3391 3171 3172 1057 3402 3403 5408
440 3430 188 1139 187 3435 1144 5388 3433 3380 1135
441 3146 172 1049 3392 3150 1056 3154 5385 3398 3396
442 145 3143 1035 3365 3148 3149 1036 3366 3369 5379
443 3385 171 1035 1126 3393 1037 5407 3395 3370 1128
444 3145 1051 3389 3387 3176 3409 5371 5409 3410 3405
445 913 912 3139 907 916 3155 3156 2808 5405 2807
446 188 172 3430 3392 1145 3434 3435 3397 5387 3396
447 1051 3145 3139 3387 3176 3162 3173 3405 5397 5409
448 1050 1051 3139 3387 1058 3173 3174 3406 5397 3405
449 1055 3141 1054 3390 3181 3182 1062 3417 3418 5410
450 1052 3144 3145 3389 3178 3166 3175 3408 5371 5372
451 1053 3144 1052 3388 3177 3178 1060 3411 3412 5377
452 1136 1137 1131 908 1141 3384 3379 5381 3374 5400
453 3365 3385 1126 186 5392 3395 3372 3371 1127 3399
454 1138 1139 1130 907 1143 3381 3383 5404 3376 5401
455 3140 1053 1054 3386 3180 1061 3179 5395 3414 3415
456 1051 1052 3145 3389 1059 3175 3176 3409 5371 3408
457 908 3143 144 3365 5382 5406 911 5383 3367 5379
458 908 144 3143 914 911 5406 5382 2805 3147 2804
459 3140 1136 3390 3141 5394 3423 5411 3167 5410 5412
460 3390 1136 3140 3386 3423 5394 5411 3419 5395 3422
461 3390 1054 3140 3141 3418 3179 5411 5410 3167 3182
462 3140 1054 3390 3386 3179 3418 5411 5395 3419 3414
463 1050 3391 3139 3142 3402 5413 3174 3171 3158 5408
464 1050 3139 3391 3387 3174 5413 3402 3406 3407 5397
465 1139 3139 3391 3142 5396 5413 3429 5398 5408 3158
466 1139 3391 3139 3387 3429 5413 5396 3427 5397 3407
467 3391 1139 3146 3392 3429 5389 5414 3404 5385 3401
468 3146 1139 3391 3142 5389 3429 5414 3159 5408 5398
469 3146 1049 3391 3392 3154 3403 5414 5385 3404 3398
470 3391 1049 3146 3142 3403 3154 5414 5408 3159 3172
471 3143 3141 908 914 3169 5415 5382 3147 2805 3168
472 3143 908 3141 1136 5382 5415 3169 5380 5412 5381
473 3140 908 3141 914 5403 5415 3167 3161 3168 2805
474 3140 3141 908 1136 3167 5415 5403 5394 5381 5412
475 3141 1136 3385 3143 5412 3400 5416 3169 5393 5380
476 3385 1136 3141 3390 3400 5412 5416 3420 5410 3423
477 3385 1055 3141 3143 3394 3181 5416 5393 3169 3170
478 3141 1055 3385 3390 3181 3394 5416 5410 3420 3417
479 1137 3144 3386 3388 5376 5417 3421 3426 3416 5377
480 1137 3386 3144 3140 3421 5417 5376 5375 3165 5395
481 1053 3386 3144 3388 3415 5417 3177 3411 5377 3416
482 1053 3144 3386 3140 3177 5417 3415 3180 5395 3165
483 1138 3145 3387 3139 5370 5409 3428 5384 5397 3162
484 3387 3145 1138 3389 5409 5370 3428 3410 3424 5371
485 187 3430 907 1139 3433 5402 3375 3380 5401 5388
486 187 907 3430 147 3375 5402 3433 1129 3432 909
487 908 3365 1131 1136 5383 5418 3374 5381 3379 5378
488 908 1131 3365 144 3374 5418 5383 911 3367 3373
489 185 1131 3365 1136 1134 5418 3368 3378 5378 3379
490 185 3365 1131 144 3368 5418 1134 1116 3373 3367
3 83 11 34
722 1106 146 3597 182 3310 3599 5547 1108 3600 1105
723 143 173 1107 3478 1066 1110 3308 3480 5548 3481
724 3597 197 1106 182 3602 3604 5547 3600 1108 1195
725 3478 173 1107 194 3481 1110 5548 3483 3603 1170
726 907 147 187 3597 909 1129 3375 5549 3601 3598
727 144 908 1131 3478 911 3374 3373 3479 5550 5551
728 1131 185 144 3478 1134 1116 3373 5550 3479 3482
729 143 1107 903 3478 3308 3309 906 3480 5552 5548
730 1197 908 903 3478 5553 2800 5554 5555 5552 5551
731 908 1197 1131 3478 5553 3609 3374 5551 5550 5555
732 3597 902 146 1106 5556 904 3599 5547 3310 3311
733 3478 1197 185 194 5555 3608 3482 3483 1171 1199
734 1197 903 1107 3478 5554 3309 3605 5555 5548 5552
735 902 3597 1198 1106 5556 5557 5558 3311 3606 5547
736 187 197 1198 3597 1196 1201 3610 3601 5557 3602
737 185 1131 1197 3478 1134 3609 3608 3482 5555 5550
738 144 903 908 3478 2799 2800 911 3479 5551 5552
739 3478 1107 1197 194 5548 3605 5555 3483 1199 3603
740 3597 197 1198 1106 3602 1201 5557 5547 3606 3604
741 1198 907 3597 902 5559 5549 5557 5558 5556 2802
742 3597 907 147 902 5549 909 3598 5556 2801 2802
743 902 147 3597 146 2801 3598 5556 904 3599 899
744 144 143 903 3478 886 906 2799 3479 5552 3480
745 908 1198 1197 903 5560 1200 5553 2800 5554 5561
746 908 907 1198 903 910 5559 5560 2800 5561 2803
747 1198 903 902 1107 5561 905 5558 3607 3312 3309
748 903 907 1198 902 2803 5559 5561 905 5558 2802
749 903 1198 1197 1107 5561 1200 5554 3309 3605 3607
750 1198 1197 1130 908 1200 3612 3611 5560 3377 5553
751 1107 902 1198 1106 3312 5558 3607 1109 3606 3311
752 907 1198 1130 908 5559 3611 3376 910 3377 5560
753 1197 1131 1130 908 3609 1133 3612 5553 3377 3374
754 187 907 1198 1130 3375 5559 3610 1132 3611 3376
755 187 1198 907 3597 3610 5559 3375 3601 5549 5557
3 84 11 34
850 1106 3297 146 182 5316 3301 3310 1108 1105 3302
851 3228 173 1107 143 3233 1110 5317 3232 3308 1066
852 182 1106 3297 167 1108 5316 3302 1104 3300 3305
853 1107 164 173 3228 3303 1065 1110 5317 3233 3231
854 3297 118 793 119 3299 2622 5318 3298 796 797
855 792 117 788 3228 794 2620 2621 5319 5320 3229
856 116 788 117 3228 791 2620 784 3230 3229 5320
857 3228 1107 903 143 5317 3309 5321 3232 906 3308
858 992 903 792 3228 5322 2795 5323 5324 5319 5321
859 788 992 792 3228 2897 5323 2621 5320 5319 5324
860 3297 146 902 1106 3301 904 5325 5316 3311 3310
861 992 116 164 3228 2896 979 994 5324 3231 3230
862 992 1107 903 3228 3304 3309 5322 5324 5321 5317
863 902 3297 1106 993 5325 5316 3311 5326 3306 5327
864 167 3297 118 993 3300 3299 990 996 2898 5327
865 992 788 116 3228 2897 791 2896 5324 3230 5320
866 1107 992 164 3228 3304 994 3303 5317 3231 5324
867 167 1106 3297 993 3305 5316 3300 996 5327 3306
868 903 117 792 3228 2794 794 2795 5321 5319 3229
869 3297 902 793 993 5325 2797 5318 5327 5328 5326
870 3297 793 902 119 5318 2797 5325 3298 2796 796
871 902 146 3297 119 904 3301 5325 2796 3298 898
872 3228 903 117 143 5321 2794 3229 3232 885 906
873 792 793 903 992 795 2798 2795 5323 5322 5329
874 1106 1107 902 993 1109 3312 3311 3306 5326 3307
875 793 792 787 992 795 2624 2623 5329 2900 5323
876 992 792 787 788 5323 2624 2900 2897 790 2621
877 993 793 787 992 5328 2623 2899 995 2900 5329
878 793 118 993 787 2622 2898 5328 2623 2899 789
879 993 118 793 3297 2898 2622 5328 5327 5318 3299
880 1107 902 992 903 3312 5330 3304 3309 5322 905
881 1107 992 902 993 3304 5330 3312 3307 5326 995
882 793 992 902 903 5329 5330 2797 2798 905 5322
883 793 902 992 993 2797 5330 5329 5328 995 5326
3 85 11 26
1077 64 63 534 116 513 1937 538 777 2613 2668
1078 67 66 118 537 533 2684 786 542 2614 1939
1079 130 66 528 537 834 532 2679 4939 1940 1939
1080 66 130 118 537 834 833 2684 1939 2614 4939
1081 534 129 788 116 4940 2673 2615 2613 791 826
1082 129 63 534 526 824 1937 4940 2678 1938 529
1083 528 829 130 537 2681 832 2679 1940 4939 4941
1084 129 534 63 116 4940 1937 824 826 2668 2613
1085 118 130 829 537 833 832 2674 2614 4941 4939
1086 787 118 829 537 789 2674 2675 2616 4941 2614
1087 535 526 1936 828 1943 1942 1944 4942 4943 2680
1088 528 1936 829 536 1945 4944 2681 1946 4945 1947
1089 829 1936 527 828 4944 1941 2683 831 2682 4943
1090 1936 527 528 829 1941 531 1945 4944 2681 2683
1091 1936 526 527 828 1942 530 1941 4943 2682 2680
1092 536 788 828 787 2618 2676 4946 2619 2677 790
1093 828 829 536 787 831 4945 4946 2677 2619 2675
1094 536 829 828 1936 4945 831 4946 1947 4943 4944
1095 535 828 536 788 4942 4946 540 2617 2618 2676
1096 536 828 535 1936 4946 4942 540 1947 1944 4943
1097 536 829 537 787 4945 4941 541 2619 2616 2675
1098 536 537 829 528 541 4941 4945 1946 2681 1940
1099 828 129 534 526 830 4940 4947 2680 1938 2678
1100 534 129 828 788 4940 830 4947 2615 2676 2673
1101 534 535 828 526 539 4942 4947 1938 2680 1943
1102 828 535 534 788 4942 539 4947 2676 2615 2617
3 86 11 87
975 1962 528 1569 1963 4299 4300 4301 1975 4302 4303
976 1570 1571 1961 526 1588 4304 4305 4306 4307 4308
977 1957 1936 1568 1959 4309 4310 4311 1987 4312 4313
978 1569 528 1962 1958 4300 4299 4301 4314 1978 4315
979 526 1571 1961 1957 4308 4304 4307 4316 1990 4317
980 1936 1573 1568 1959 4318 1594 4310 4313 4312 4319
981 528 1574 1569 1963 4320 1598 4300 4303 4302 4321
982 528 1569 1567 1958 4300 1597 4322 4315 4323 4314
983 526 1568 1571 1957 4324 1586 4308 4316 4317 4311
984 1958 1962 1569 401 1978 4301 4314 1977 1599 1973
985 1963 1569 1962 400 4302 4301 1975 1969 1974 1600
986 1956 406 1961 1570 1965 1988 1991 4325 4305 1583
987 1959 1936 1573 1960 4313 4318 4319 1984 4326 4327
988 392 1573 1568 1936 1593 1594 1584 4328 4310 4318
989 1936 528 1567 1958 1945 4322 4329 4330 4323 4315
990 66 1574 528 1963 4331 4320 532 4332 4303 4321
991 1567 1572 392 1936 1591 1592 1590 4329 4328 4333
992 1571 1961 406 1570 4304 1988 1609 1588 1583 4305
993 528 1962 537 1963 4299 2000 1940 4303 1972 1975
994 1936 1568 526 1957 4310 4324 1942 4309 4316 4311
995 1957 535 1936 1959 1992 1944 4309 1987 4313 1997
996 1936 1572 1573 1960 4333 1595 4318 4327 4326 4334
997 1574 67 43 1963 4335 544 1579 4321 1967 1968
998 1957 1571 1961 405 4317 4304 1990 1985 1989 1610
999 1958 1569 1567 401 4314 1597 4323 1977 1602 1599
1000 1574 66 67 1963 4331 533 4335 4321 1968 4332
1001 1961 534 526 1957 1994 1938 4307 1990 4316 1993
1002 1963 1574 1569 400 4321 1598 4302 1969 1600 1582
1003 1573 392 1572 1936 1593 1592 1595 4318 4333 4328
1004 537 1962 528 1958 2000 4299 1940 1998 4315 1978
1005 391 1570 39 526 1577 1575 394 1949 1948 4306
1006 42 66 1574 528 543 4331 1580 1950 4320 532
1007 1573 1959 1960 403 4319 1984 4326 1606 1979 1983
1008 1568 1957 1959 404 4311 1987 4312 1608 1982 1986
1009 1572 1960 1958 402 4334 1981 4336 1604 1976 1980
1010 42 67 43 1574 1955 544 398 1580 1579 4335
1011 1569 393 1574 528 1596 1581 1598 4300 4320 1951
1012 1571 1570 391 526 1588 1577 1587 4308 1949 4306
1013 1574 393 42 528 1581 397 1580 4320 1950 1951
1014 1958 1567 1572 402 4323 1591 4336 1976 1604 1601
1015 535 1936 526 1957 1944 1942 1943 1992 4316 4309
1016 1960 536 1936 1958 1995 1947 4327 1981 4330 1999
1017 537 67 66 1963 542 533 1939 1972 4332 1968
1018 1959 1573 1568 404 4319 1594 4312 1982 1608 1605
1019 526 527 1568 1936 530 4337 4324 1942 4310 1941
1020 371 406 1956 1570 1578 1965 4338 1576 4325 1583
1021 371 1956 1872 1570 4338 4339 1875 1576 4340 4325
1022 527 392 1568 1936 1952 1584 4337 1941 4310 4328
1023 528 1936 536 1958 1945 1947 1946 4315 1999 4330
1024 537 66 528 1963 1939 532 1940 1972 4303 4332
1025 1957 1568 1571 405 4311 1586 4317 1985 1610 1607
1026 1960 1572 1573 403 4334 1595 4326 1979 1606 1603
1027 393 1569 1567 528 1596 1597 1589 1951 4322 4300
1028 392 1568 391 527 1584 1585 395 1952 1953 4337
1029 391 1568 1571 526 1585 1586 1587 1949 4308 4324
1030 406 371 1956 40 1578 4338 1965 414 1964 372
1031 42 66 67 1574 543 533 1955 1580 4335 4331
1032 527 1568 391 526 4337 1585 1953 530 1949 4324
1033 371 514 1956 40 1876 1966 4338 372 1964 515
1034 393 1567 392 528 1589 1590 396 1951 1954 4322
1035 514 371 1956 1872 1876 4338 1966 1878 4339 1875
1036 535 526 534 1957 1943 1938 539 1992 1993 4316
1037 1567 1958 401 402 4323 1977 1602 1601 409 1976
1038 400 1569 1962 401 1600 4301 1974 408 1973 1599
1039 537 528 536 1958 1940 1946 541 1998 1999 4315
1040 1963 43 1574 400 1967 1579 4321 1969 1582 407
1041 1956 1872 64 514 4339 1877 1970 1966 516 1878
1042 403 1573 1959 404 1606 4319 1983 411 1982 1605
1043 1568 1957 404 405 4311 1986 1608 1607 412 1985
1044 1959 535 1936 1960 1997 1944 4313 1984 4327 1996
1045 402 1572 1960 403 1604 4334 1980 410 1979 1603
1046 406 1961 1571 405 1988 4304 1609 413 1610 1989
1047 371 1872 39 1570 1875 1873 373 1576 1575 4340
1048 535 536 1936 1960 540 1947 1944 1996 4327 1995
1049 1961 1956 526 534 1991 4341 4307 1994 1938 1971
1050 1961 526 1956 1570 4307 4341 1991 4305 4325 4306
1051 1936 1958 1572 1960 4330 4336 4333 4327 4334 1981
1052 1572 1958 1936 1567 4336 4330 4333 1591 4329 4323
1053 64 1956 63 1872 1970 4342 513 1877 1874 4339
1054 64 63 1956 534 513 4342 1970 538 1971 1937
1055 526 1956 63 534 4341 4342 529 1938 1937 1971
1056 528 1936 392 527 1945 4328 1954 531 1952 1941
1057 392 1936 528 1567 4328 1945 1954 1590 4322 4329
1058 1956 63 1570 526 4342 4343 4325 4341 4306 529
1059 1956 1570 63 1872 4325 4343 4342 4339 1874 4340
1060 39 1570 63 526 1575 4343 511 1948 529 4306
1061 39 63 1570 1872 511 4343 1575 1873 4340 1874
3 87 11 76
884 1616 1617 1569 323 1638 4112 4113 4114 4115 4116
885 27 1615 1490 1570 4117 4118 1492 4119 4120 4121
886 1617 1574 1569 323 4122 1598 4112 4116 4115 4123
887 1570 1615 1571 322 4121 4124 1588 4125 4126 4127
888 1614 1611 1572 323 1632 4128 4129 4130 4131 4132
889 1569 1567 1616 323 1597 4133 4113 4115 4114 4134
890 401 1569 1567 1616 1599 1597 1602 1640 4133 4113
891 1611 1616 1567 323 1636 4133 4135 4132 4134 4114
892 1616 1567 401 1611 4133 1602 1640 1636 1641 4135
893 1611 1567 1572 323 4135 1591 4128 4132 4131 4134
894 1617 1616 331 323 1638 1637 1623 4116 1440 4114
895 1612 1568 1571 322 4136 1586 4137 4138 4126 4139
896 1617 30 1574 323 4140 4141 4122 4116 4123 326
897 27 1615 1570 322 4117 4121 4119 324 4125 4127
898 1574 393 1569 323 1581 1596 1598 4123 4115 1563
899 28 27 1615 1490 312 4117 1619 1491 4118 1492
900 391 1570 1571 322 1577 1588 1587 1561 4126 4125
901 330 1611 1614 323 1629 1632 1631 1441 4130 4132
902 1490 39 27 1570 1493 369 1492 4120 4119 1575
903 405 1571 1615 1612 1610 4124 1649 1648 1628 4137
904 1617 1569 400 1616 4112 1600 1625 1638 1639 4113
905 330 1613 1612 322 1634 1633 1627 1442 4138 4142
906 1570 39 27 391 1575 369 4119 1577 1560 394
907 27 28 1615 329 312 1619 4117 1437 1620 332
908 1611 1572 402 1614 4128 1604 1642 1632 1643 4129
909 1574 43 31 1617 1579 399 4143 4122 1621 1622
910 1574 31 30 1617 4143 327 4141 4122 4140 1621
911 42 43 31 1574 398 399 1566 1580 4143 1579
912 1617 31 30 331 1621 327 4140 1623 1439 335
913 393 42 30 1574 397 390 1562 1581 4141 1580
914 391 27 1570 322 1560 4119 1577 1561 4125 324
915 392 1572 1567 323 1592 1591 1590 1565 4134 4131
916 1568 1573 392 322 1594 1593 1584 4139 1564 4144
917 1611 331 1616 323 1630 1637 1636 4132 4114 1440
918 405 1568 1571 1612 1607 1586 1610 1648 4137 4136
919 1574 30 393 323 4141 1562 1581 4123 1563 326
920 400 1574 1569 1617 1582 1598 1600 1625 4112 4122
921 30 1617 331 323 4140 1623 1439 326 1440 4116
922 1571 406 1615 1570 1609 1624 4124 1588 4121 1583
923 402 1567 1572 1611 1601 1591 1604 1642 4128 4135
924 1615 27 329 322 4117 1437 1620 4127 1438 324
925 1567 1569 393 323 1597 1596 1589 4134 1563 4115
926 391 1571 1568 322 1587 1586 1585 1561 4139 4126
927 402 401 1567 1611 409 1602 1601 1642 4135 1641
928 40 28 1615 1490 374 1619 1618 1494 4118 1491
929 42 31 30 1574 1566 327 390 1580 4141 4143
930 1571 1615 406 405 4124 1624 1609 1610 413 1649
931 405 404 1568 1612 412 1608 1607 1648 4136 1647
932 401 400 1569 1616 408 1600 1599 1640 4113 1639
933 404 403 1573 1613 411 1606 1605 1646 4145 1645
934 43 1574 400 1617 1579 1582 407 1622 1625 4122
935 392 391 1568 322 395 1585 1584 1564 4139 1561
936 403 402 1572 1614 410 1604 1603 1644 4129 1643
937 392 1567 393 323 1590 1589 396 1565 1563 4134
938 1611 330 331 323 1629 334 1630 4132 1440 1441
939 330 1612 329 322 1627 1626 333 1442 1438 4138
940 371 39 1490 1570 373 1493 1495 1576 4120 1575
941 1573 322 1612 1613 4144 4138 4146 4145 1633 4142
942 1612 322 1573 1568 4138 4144 4146 4136 1594 4139
943 1612 404 1573 1613 1647 1605 4146 1633 4145 1646
944 1573 404 1612 1568 1605 1647 4146 1594 4136 1608
945 323 322 1614 330 325 4147 4130 1441 1631 1442
946 1613 1614 322 330 1635 4147 4142 1634 1442 1631
947 322 1615 1612 329 4127 1628 4138 1438 1626 1620
948 322 1612 1615 1571 4138 1628 4127 4126 4124 4137
949 1570 1615 371 406 4121 4148 1576 1583 1578 1624
950 1570 371 1615 1490 1576 4148 4121 4120 4118 1495
951 40 371 1615 406 372 4148 1618 414 1624 1578
952 40 1615 371 1490 1618 4148 372 1494 1495 4118
953 1614 322 1573 1613 4147 4144 4149 1635 4145 4142
954 1573 403 1614 1613 1606 1644 4149 4145 1635 1645
955 1614 403 1573 1572 1644 1606 4149 4129 1595 1603
956 323 392 1573 322 1565 1593 4150 325 4144 1564
957 1573 392 323 1572 1593 1565 4150 1595 4131 1592
958 1573 1614 323 322 4149 4130 4150 4144 325 4147
959 323 1614 1573 1572 4130 4149 4150 4131 1595 4129
3 88 11 18
600 28 27 9 329 312 1418 313 332 1443 1437
601 18 30 31 331 1436 327 328 1445 335 1439
602 331 20 323 273 4055 1434 1440 1446 4056 1394
603 331 20 30 323 4055 321 1439 1440 326 1434
604 18 20 30 331 283 321 1436 1445 1439 4055
605 18 20 331 273 283 4055 1445 275 1446 1394
606 322 6 329 274 1432 4057 1438 4058 1444 1392
607 329 27 6 322 1437 310 4057 1438 1432 324
608 284 323 20 273 1435 1434 286 1395 1394 4056
609 6 9 27 329 245 1418 310 4057 1437 1443
610 329 6 9 274 4057 245 1443 1444 277 1392
611 6 322 284 274 1432 1433 285 1392 1393 4058
612 322 329 330 274 1438 333 1442 4058 1448 1444
613 323 330 331 273 1441 334 1440 4056 1446 1447
614 284 322 330 274 1433 1442 4059 1393 1448 4058
615 323 322 330 284 325 1442 1441 1435 4059 1433
616 330 323 284 273 1441 1435 4059 1447 1395 4056
617 330 284 274 273 4059 1393 1448 1447 276 1395
3 89 11 15
491 20 284 273 268 286 1395 1394 4041 1385 4042
492 9 5 7 267 1362 240 246 1382 269 1387
493 267 6 5 278 4043 238 1387 1388 279 1396
494 284 20 19 268 286 282 1398 4042 1389 4041
495 18 20 273 268 283 1394 275 1384 1385 4041
496 18 17 19 268 272 281 1391 1384 1389 271
497 274 6 9 267 1392 245 277 1383 1382 4043
498 268 19 284 278 1389 1398 4042 1390 1397 280
499 5 9 6 267 1362 245 238 1387 4043 1382
500 20 18 19 268 283 1391 282 4041 1389 1384
501 267 6 284 274 4043 285 4044 1383 1393 1392
502 284 6 267 278 285 4043 4044 1397 1388 1396
503 284 273 267 274 1395 1386 4044 1393 1383 276
504 284 268 267 273 4042 270 4044 1395 1386 1385
505 284 267 268 278 4044 270 4042 1397 1390 1388
3 90 11 15
141 5 267 278 428 1387 1388 279 4154 4155 1661
142 50 17 49 427 1669 432 436 1667 429 1662
143 433 268 19 427 4156 1389 1671 1668 4157 1663
144 267 5 7 428 1387 240 269 1661 1660 4154
145 47 7 44 428 425 1655 420 431 1665 1660
146 278 44 5 428 1670 416 279 4155 4154 1665
147 19 50 433 427 437 435 1671 4157 1668 1667
148 433 44 278 428 434 1670 1672 1666 4155 1665
149 268 17 19 427 271 281 1389 1663 4157 1662
150 278 268 19 433 1390 1389 280 1672 1671 4156
151 44 7 5 428 1655 240 416 1665 4154 1660
152 50 19 17 427 437 281 1669 1667 1662 4157
153 268 433 428 427 4156 1666 1664 1663 430 1668
154 428 268 278 433 1664 1390 4155 1666 1672 4156
155 428 278 268 267 4155 1390 1664 1661 270 1388
3 91 11 15
54 545 552 68 428 2012 2011 546 4344 4345 2008
55 49 70 50 427 550 2004 436 429 1667 2006
56 553 433 69 427 4346 2003 2013 2007 4347 1668
57 552 71 68 428 554 558 2011 2008 4345 2005
58 71 47 44 428 557 420 2010 2005 1665 431
59 545 68 44 428 546 549 2001 4344 1665 4345
60 50 69 433 427 548 2003 435 1667 1668 4347
61 545 44 433 428 2001 434 2002 4344 1666 1665
62 553 69 70 427 2013 551 556 2007 2006 4347
63 545 433 69 553 2002 2003 547 2014 2013 4346
64 71 44 68 428 2010 549 558 2005 4345 1665
65 69 50 70 427 548 2004 551 4347 2006 1667
66 428 433 553 427 1666 4346 2009 430 2007 1668
67 428 553 545 552 2009 2014 4344 2008 2012 555
68 428 545 553 433 4344 2014 2009 1666 4346 2002
3 92 11 15
21 126 553 742 816 4928 2533 2663 818 2665 4929
22 552 68 71 106 2011 558 554 2531 730 2657
23 552 68 124 545 2011 812 4930 2012 2658 546
24 553 126 69 816 4928 819 2013 4929 2659 818
25 126 553 108 742 4928 2530 820 2663 744 2533
26 70 69 553 108 551 2013 556 739 2530 2661
27 552 743 124 106 2532 2662 4930 2531 815 746
28 553 69 545 816 2013 547 2014 4929 2660 2659
29 552 124 68 106 4930 812 2011 2531 2657 815
30 553 69 126 108 2013 819 4928 2530 820 2661
31 552 742 816 743 2534 2665 4931 2532 2664 745
32 816 124 552 743 817 4930 4931 2664 2532 2662
33 552 124 816 545 4930 817 4931 2012 2660 2658
34 553 816 552 742 4929 4931 555 2533 2534 2665
35 552 816 553 545 4931 4929 555 2012 2014 2660
3 93 11 18
36 965 106 156 155 2875 943 968 2864 937 2842
37 967 160 108 159 971 973 2877 2866 2874 964
38 126 742 967 960 2663 2878 5091 2872 2867 5092
39 159 126 967 960 972 5091 2866 963 2867 2872
40 967 108 126 159 2877 820 5091 2866 972 2874
41 742 108 126 967 744 820 2663 2878 5091 2877
42 959 124 743 965 2870 2662 5093 2865 2876 5094
43 965 959 124 155 2865 2870 5094 2864 935 961
44 126 742 960 816 2663 5092 2872 818 2873 2665
45 106 965 124 155 2875 5094 815 2842 935 2864
46 124 743 965 106 2662 2876 5094 815 2875 746
47 816 124 743 959 817 2662 2664 2871 5093 2870
48 966 959 743 965 2869 5093 2879 969 2876 2865
49 742 967 960 966 2878 2867 5092 2880 2868 970
50 743 816 959 966 2664 2871 5093 2879 2869 5095
51 959 816 960 966 2871 2873 962 2869 2868 5095
52 742 960 816 966 5092 2873 2665 2880 5095 2868
53 816 743 742 966 2664 745 2665 5095 2880 2879
3 94 11 72
69 960 3188 3189 3794 5701 3210 5702 5703 5704 5705
70 3798 960 3189 3794 5706 5702 5707 3809 5704 5703
71 155 3650 3187 3795 3651 5708 5709 5710 5711 5712
72 3188 960 3792 3794 5701 5717 5718 5705 3812 5703
73 1050 3188 3792 3794 3212 5718 3810 3808 3812 5705
74 3188 960 3183 3792 5701 5713 3208 5718 5719 5717
75 3183 1050 3188 3792 3213 3212 3208 5719 5718 3810
76 3795 3187 959 3793 5711 5723 5724 3824 5725 5726
77 3792 960 3183 3796 5717 5713 5719 3815 5715 5714
78 3189 967 3188 960 3195 3209 3210 5702 5701 2867
79 960 3189 159 3798 5702 5727 963 5706 5728 5707
80 155 3187 959 3795 5709 5723 961 5710 5724 5711
81 3798 1259 960 3794 3806 3835 5706 3809 5703 3831
82 3187 156 3650 155 3191 3652 5708 5709 3651 937
83 3184 1053 3185 3797 3219 3218 3205 5729 5730 3817
84 3793 3184 959 3797 5731 5732 5725 3821 5721 5729
85 1054 3184 3187 3793 3220 3200 3221 3820 5726 5731
86 3650 155 199 3795 3651 1206 3653 5712 3804 5710
87 1049 3189 3188 3794 3197 3210 3211 3807 5705 5704
88 1052 3186 3185 3797 3216 3207 3217 3816 5730 5733
89 155 199 3795 1257 1206 3804 5710 3832 3805 1260
90 156 3187 965 155 3191 3192 968 937 2864 5709
91 172 160 3189 3798 1064 3193 3194 3801 5707 5734
92 3183 3186 1051 3796 3204 3215 3214 5715 3813 5716
93 159 3189 160 3798 5727 3193 964 5728 5734 5707
94 160 172 211 3798 1064 1264 3838 5734 3800 3801
95 967 3189 160 159 3195 3193 971 2866 964 5727
96 3795 1055 3187 3793 3823 3196 5711 3824 5726 3822
97 159 211 1259 3798 1265 1263 3834 5728 3806 3800
98 3795 959 155 1257 5724 961 5710 3805 3832 3833
99 3796 3792 960 1258 3815 5717 5714 3829 3836 3827
100 1055 1054 3187 3793 1062 3221 3196 3822 5726 3820
101 967 3188 960 3183 3209 5701 2867 3202 5713 3208
102 3187 3650 1055 3795 5708 5735 3196 5711 3823 5712
103 1259 960 159 3798 3835 963 3834 3806 5728 5706
104 3189 1049 3798 3794 3197 3802 5707 5704 3809 3807
105 967 3189 159 960 3195 5727 2866 2867 963 5702
106 3186 1052 3796 3797 3216 3814 5716 5733 3818 3816
107 959 3793 3797 1258 5725 3821 5721 3837 3830 3826
108 3793 959 3795 1257 5725 5724 3824 3825 3805 3833
109 3792 3183 1051 3796 5719 3214 3811 3815 3813 5715
110 959 965 3187 155 2865 3192 5723 961 5709 2864
111 3795 3650 1055 1211 5712 5735 3823 3803 3799 3655
112 1053 3184 3793 3797 3219 5731 3819 3817 3821 5729
113 3187 3650 171 1055 5708 3654 3190 3196 1063 5735
114 3650 171 1055 1211 3654 1063 5735 3655 3799 1213
115 1259 3792 960 3794 3828 5717 3835 3831 5703 3812
116 156 3187 3650 171 3191 5708 3652 1047 3654 3190
117 3183 1051 1050 3792 3214 1058 3213 5719 3810 3811
118 211 159 160 3798 1265 964 3838 3800 5734 5728
119 3188 1050 1049 3794 3212 1057 3211 5705 3807 3808
120 3189 1049 172 3798 3197 1056 3194 5707 3801 3802
121 3184 1054 1053 3793 3220 1061 3219 5731 3819 3820
122 3186 1052 1051 3796 3216 1059 3215 5716 3813 3814
123 1258 3792 960 1259 3827 5717 3836 1262 3835 3828
124 959 3793 1258 1257 5725 3826 3837 3833 1261 3825
125 966 967 960 3183 970 2867 2868 3201 5713 3202
126 965 966 959 3184 969 2869 2865 3198 5732 3199
127 1053 1052 3185 3797 1060 3217 3218 3817 5730 3816
128 3795 199 3650 1211 3804 3653 5712 3803 3655 1212
129 966 3186 3797 3185 3203 5733 5722 3206 5730 3207
130 3797 3186 966 3796 5733 3203 5722 3818 5720 5716
131 3797 3184 966 3185 5729 3199 5722 5730 3206 3205
132 3797 966 3184 959 5722 3199 5729 5721 5732 2869
133 3184 3187 959 965 3200 5723 5732 3198 2865 3192
134 3184 959 3187 3793 5732 5723 3200 5731 5726 5725
135 966 3796 3183 960 5720 5715 3201 2868 5713 5714
136 966 3183 3796 3186 3201 5715 5720 3203 5716 3204
137 966 3797 1258 959 5722 3830 5736 2869 3837 5721
138 966 1258 3797 3796 5736 3830 5722 5720 3818 3829
139 966 1258 960 959 5736 3836 2868 2869 962 3837
140 966 960 1258 3796 2868 3836 5736 5720 3829 5714
3 95 11 84
156 3794 1270 3391 3392 5737 5738 5739 5740 3404 5741
157 3391 1270 3794 3387 5738 5737 5739 3407 5742 5743
158 1270 3794 3798 3392 5737 3809 5744 5741 5745 5740
159 3792 3794 1270 3387 3812 5737 5746 5747 5743 5742
160 3793 3795 3390 1268 3824 5748 5749 5750 5751 5752
161 3391 3794 1050 3387 5739 3808 3402 3407 3406 5742
162 1268 3390 3793 3386 5751 5749 5750 5753 5754 3419
163 3391 1049 3794 3392 3403 3807 5739 3404 5740 3398
164 3797 3846 3388 3389 5755 5756 5757 5758 3413 5759
165 1055 3385 3390 3795 3394 3420 3417 3823 5748 5760
166 3792 1270 3846 3387 5746 3856 5761 5747 5762 5743
167 1270 3798 213 3392 5744 5763 1274 5741 5764 5745
168 1258 3796 3792 3846 3829 3815 3827 5765 5761 5766
169 3392 1270 3391 1139 5741 5738 3404 3401 3429 3850
170 3386 3388 3846 1137 3416 5756 5767 3421 3853 3426
171 3846 3797 3796 3389 5755 3818 5766 5759 5768 5758
172 3846 1268 3793 3386 3854 5750 5769 5767 5754 5753
173 188 3798 172 3392 5770 3801 1145 3397 3396 5745
174 3794 3792 1050 3387 3812 3810 3808 5742 3406 5747
175 213 3798 188 3392 5763 5770 1275 5764 3397 5745
176 1136 3390 1268 3386 3423 5751 3849 3422 5753 3419
177 1049 3798 3794 3392 3802 3809 3807 3398 5740 5745
178 1052 3797 3388 3389 3816 5757 3412 3408 3413 5758
179 1258 3797 3796 3846 3830 3818 3829 5765 5766 5755
180 1139 1270 3391 3387 3850 5738 3429 3427 3407 5743
181 213 211 3798 1270 1276 3800 5763 1274 5744 3861
182 199 3795 1257 1268 3804 3805 1260 3859 3860 5752
183 3389 1051 3796 3387 3409 3813 5768 3410 5771 3405
184 3385 3839 3795 1211 5772 5773 5760 5774 3803 3845
185 3798 172 211 188 3801 1264 3800 5770 3858 1145
186 3794 3798 1259 1270 3809 3806 3831 5737 3862 5744
187 211 1259 3798 1270 1263 3806 3800 3861 5744 3862
188 1051 3792 3796 3387 3811 3815 3813 3405 5771 5747
189 3846 1138 3389 3387 3852 3424 5759 5762 3410 3428
190 3386 3846 1268 1137 5767 3854 5753 3421 3851 3853
191 3392 188 213 1139 3397 1275 5764 3401 3848 1144
192 1268 3793 1269 3846 5750 5775 1272 3854 3857 5769
193 1055 3385 3795 1211 3394 5760 3823 3799 3803 5774
194 3797 1052 3796 3389 3816 3814 3818 5758 5768 3408
195 1138 3846 1270 3387 3852 3856 3855 3428 5743 5762
196 213 1270 3392 1139 1274 5741 5764 3848 3401 3850
197 3794 1259 3792 1270 3831 3828 3812 5737 5746 3862
198 3795 3390 1055 3793 5748 3417 3823 3824 3822 5749
199 3793 3390 1054 3386 5749 3418 3820 5754 3414 3419
200 3385 1055 171 1211 3394 1063 3393 5774 1213 3799
201 3385 1126 3839 1211 3395 3843 5772 5774 3845 3840
202 213 3798 211 188 5763 3800 1276 1275 3858 5770
203 3793 1258 1257 1269 3826 1261 3825 5775 3863 3864
204 1126 3385 171 1211 3395 3393 1128 3840 1213 5774
205 1259 1258 3792 1270 1262 3827 3828 3862 5746 3865
206 3795 3793 1257 1268 3824 3825 3805 5752 3860 5750
207 1269 1257 3793 1268 3863 3825 5775 1272 5750 3860
208 3390 1054 1055 3793 3418 1062 3417 5749 3822 3820
209 1268 1136 3386 1137 3849 3422 5753 3851 3421 1141
210 1051 1050 3792 3387 1058 3810 3811 3405 5747 3406
211 3794 1050 1049 3391 3808 1057 3807 5739 3403 3402
212 1138 1270 1139 3387 3855 3850 1143 3428 3427 5743
213 3798 1049 172 3392 3802 1056 3801 5745 3396 3398
214 3385 1126 186 3839 3395 1127 3399 5772 3842 3843
215 3839 199 3795 1211 3844 3804 5773 3845 3803 1212
216 1137 3388 3846 3389 3426 5756 3853 3425 5759 3413
217 1052 1051 3796 3389 1059 3813 3814 3408 5768 3409
218 3797 1053 1052 3388 3817 1060 3816 5757 3412 3411
219 1054 1053 3793 3386 1061 3819 3820 3414 5754 3415
220 1138 1137 3846 3389 1142 3853 3852 3424 5759 3425
221 3385 3390 1268 1136 3420 5751 5776 3400 3849 3423
222 1268 3390 3385 3795 5751 3420 5776 5752 5760 5748
223 3846 3388 3793 3797 5756 5777 5769 5755 3821 5757
224 3846 3793 3388 3386 5769 5777 5756 5767 3416 5754
225 1053 3793 3388 3797 3819 5777 3411 3817 5757 3821
226 1053 3388 3793 3386 3411 5777 3819 3415 5754 3416
227 3387 3846 3796 3389 5762 5766 5771 3410 5768 5759
228 3387 3796 3846 3792 5771 5766 5762 5747 5761 3815
229 3846 3793 1258 3797 5769 3826 5765 5755 3830 3821
230 3846 1258 3793 1269 5765 3826 5769 3857 5775 3864
231 3385 1268 212 1136 5776 1271 5778 3400 3847 3849
232 212 186 3385 1136 1266 3399 5778 3847 3400 1140
233 3385 186 212 3839 3399 1266 5778 5772 3841 3842
234 3846 1270 1258 1269 3856 3865 5765 3857 3864 1273
235 3846 1258 1270 3792 5765 3865 3856 5761 5746 3827
236 3385 212 3795 3839 5778 5779 5760 5772 5773 3841
237 3385 3795 212 1268 5760 5779 5778 5776 1271 5752
238 199 3795 212 3839 3804 5779 1267 3844 3841 5773
239 199 212 3795 1268 1267 5779 3804 3859 5752 1271
3 96 11 26
506 185 1136 186 212 3378 1140 1120 4003 1266 3847
507 1139 188 213 187 1144 1275 3848 3380 4009 1135
508 213 1270 1139 232 1274 3850 3848 1354 5975 4011
509 232 1139 213 187 5975 3848 1354 1353 4009 3380
510 185 1136 230 1131 3378 5976 1335 1134 4004 3379
511 1136 212 230 1268 3847 1347 5976 3849 4010 1271
512 232 1270 1139 1348 4011 3850 5975 1350 5977 4013
513 185 1136 212 230 3378 3847 4003 1335 1347 5976
514 1348 1139 232 187 5977 5975 1350 4005 1353 3380
515 1130 1139 1348 187 3381 5977 4006 1132 4005 3380
516 1270 3846 1138 1348 3856 3852 3855 4013 5978 5979
517 1348 1269 3846 1349 4015 3857 5979 1351 5980 4014
518 1270 1269 3846 1348 1273 3857 3856 4013 5979 4015
519 1269 1268 3846 1349 1272 3854 3857 4014 5980 4012
520 1138 1348 1349 1130 5978 1351 5981 3383 4008 4006
521 1349 1348 1138 3846 1351 5978 5981 5980 3852 5979
522 1349 1131 1138 1130 4007 3382 5981 4008 3383 1133
523 1348 1138 1139 1130 5978 1143 5977 4006 3381 3383
524 1348 1139 1138 1270 5977 1143 5978 4013 3855 3850
525 1138 1137 1349 3846 1142 5982 5981 3852 5980 3853
526 1138 1349 1137 1131 5981 5982 1142 3382 3384 4007
527 1268 1349 1137 3846 4012 5982 3851 3854 3853 5980
528 230 1349 1136 1268 1352 5983 5976 4010 3849 4012
529 230 1136 1349 1131 5976 5983 1352 4004 4007 3379
530 1137 1136 1349 1268 1141 5983 5982 3851 4012 3849
531 1137 1349 1136 1131 5982 5983 1141 3384 3379 4007
3 97 11 16
618 1131 230 185 1197 4004 1335 1134 3609 3608 5988
619 194 1197 185 218 1199 3608 1171 1288 3981 3883
620 1131 1349 230 1197 4007 1352 4004 3609 5988 5989
621 1197 230 185 218 5988 1335 3608 3883 3981 1333
622 1197 1349 230 218 5989 1352 5988 3883 1333 4021
623 219 1348 232 187 4023 1350 1356 4025 1353 4005
624 1290 1349 1197 218 4022 5989 3885 1291 3883 4021
625 1290 1348 1130 1349 4024 4006 5990 4022 4008 1351
626 1130 1290 1197 1198 5990 3885 3612 3611 1200 3886
627 1198 187 219 197 3610 4025 3884 1201 1293 1196
628 1130 187 219 1198 1132 4025 5991 3611 3884 3610
629 219 187 1130 1348 4025 1132 5991 4023 4006 4005
630 219 1290 1130 1198 1292 5990 5991 3884 3611 3886
631 1130 1290 219 1348 5990 1292 5991 4006 4023 4024
632 1197 1130 1349 1290 3612 4008 5989 3885 4022 5990
633 1197 1349 1130 1131 5989 4008 3612 3609 1133 4007
3 98 11 15
960 1290 1197 1107 218 3885 3605 5786 1291 5787 3883
961 197 1106 182 209 3604 1108 1195 3882 1253 3784
962 1106 219 1198 1250 5788 3884 3606 3786 5789 3881
963 173 208 1107 194 1248 3783 1110 1170 3603 3875
964 1107 1197 194 218 3605 1199 3603 5787 1288 3883
965 208 1290 1107 218 3879 5786 3783 1286 5787 1291
966 1106 219 1250 209 5788 3881 3786 3784 1252 1289
967 219 1198 197 1106 3884 1201 1293 5788 3604 3606
968 1290 1107 1250 208 5786 3785 3880 3879 1251 3783
969 219 1290 1198 1250 1292 3886 3884 3881 5789 3880
970 1106 197 219 209 3604 1293 5788 3784 1289 3882
971 194 208 1107 218 3875 3783 3603 1288 5787 1286
972 1198 1107 1106 1250 3607 1109 3606 5789 3786 3785
973 1198 1107 1290 1197 3607 5786 3886 1200 3885 3605
974 1198 1290 1107 1250 3886 5786 3607 5789 3785 3880
3 99 11 15
1062 1107 992 987 163 3304 2902 5694 5695 988 2901
1063 167 182 1106 209 1104 1108 3305 3782 3784 1253
1064 166 1106 993 1250 5696 3306 2903 3780 5697 3786
1065 164 208 1107 173 3778 3783 3303 1065 1110 1248
1066 1107 992 163 164 3304 2901 5695 3303 980 994
1067 208 1107 987 163 3783 5694 3779 1247 988 5695
1068 1250 166 1106 209 3780 5696 3786 1252 3784 1249
1069 993 167 1106 166 996 3305 3306 2903 5696 991
1070 1107 987 1250 208 5694 3781 3785 3783 1251 3779
1071 993 987 166 1250 2904 989 2903 5697 3780 3781
1072 166 167 1106 209 991 3305 5696 1249 3784 3782
1073 163 208 1107 164 1247 3783 5695 980 3303 3778
1074 993 1106 1107 1250 3306 1109 3307 5697 3785 3786
1075 1107 993 987 992 3307 2904 5694 3304 2902 995
1076 1107 987 993 1250 5694 2904 3307 3785 5697 3781
3 100 11 16
1103 129 992 788 116 5099 2897 2673 826 791 2896
1104 116 163 992 164 2883 2901 2896 979 994 980
1105 788 992 129 828 2897 5099 2673 2676 830 5100
1106 163 992 129 116 2901 5099 977 2883 826 2896
1107 828 992 129 163 5100 5099 830 2891 977 2901
1108 829 130 118 166 832 833 2674 2892 2895 986
1109 992 828 987 163 5100 2893 2902 2901 988 2891
1110 828 829 787 987 831 2675 2677 2893 5101 2894
1111 787 993 992 987 2899 995 2900 5101 2902 2904
1112 993 166 118 167 2903 2895 2898 996 990 991
1113 987 787 166 829 5101 5102 989 2894 2892 2675
1114 987 166 787 993 989 5102 5101 2904 2899 2903
1115 118 166 787 829 2895 5102 789 2674 2675 2892
1116 118 787 166 993 789 5102 2895 2898 2903 2899
1117 992 787 828 788 2900 2677 5100 2897 2676 790
1118 992 828 787 987 5100 2677 2900 2902 5101 2893
$EndElements
