$MeshFormat
4.1 0 8
$EndMeshFormat
$PhysicalNames
246
2 1 "srfA0AP"
2 2 "srfA1AB"
2 3 "srfA1CD"
2 4 "srfA1EF"
2 5 "srfA1GH"
2 6 "srfA1IJ"
2 7 "srfA1KL"
2 8 "srfA1MN"
2 9 "srfA1OP"
2 10 "srfA2A"
2 11 "srfA2B"
2 12 "srfA2C"
2 13 "srfA2D"
2 14 "srfA2E"
2 15 "srfA2F"
2 16 "srfA2G"
2 17 "srfA2H"
2 18 "srfA2I"
2 19 "srfA2J"
2 20 "srfA2K"
2 21 "srfA2L"
2 22 "srfA2M"
2 23 "srfA2N"
2 24 "srfA2O"
2 25 "srfA2P"
2 26 "srfAB4A"
2 27 "srfAB4B"
2 28 "srfAB4C"
2 29 "srfAB4D"
2 30 "srfAB4E"
2 31 "srfAB4F"
2 32 "srfAB4G"
2 33 "srfAB4H"
2 34 "srfAB4I"
2 35 "srfAB4J"
2 36 "srfAB4K"
2 37 "srfAB4L"
2 38 "srfAB4M"
2 39 "srfAB4N"
2 40 "srfAB4O"
2 41 "srfAB4P"
2 42 "srfBC4A"
2 43 "srfBC4B"
2 44 "srfBC4C"
2 45 "srfBC4D"
2 46 "srfBC4E"
2 47 "srfBC4F"
2 48 "srfBC4G"
2 49 "srfBC4H"
2 50 "srfBC4I"
2 51 "srfBC4J"
2 52 "srfBC4K"
2 53 "srfBC4L"
2 54 "srfBC4M"
2 55 "srfBC4N"
2 56 "srfBC4O"
2 57 "srfBC4P"
2 58 "srfCD4A"
2 59 "srfCD4B"
2 60 "srfCD4C"
2 61 "srfCD4D"
2 62 "srfCD4E"
2 63 "srfCD4F"
2 64 "srfCD4G"
2 65 "srfCD4H"
2 66 "srfCD4I"
2 67 "srfCD4J"
2 68 "srfCD4K"
2 69 "srfCD4L"
2 70 "srfCD4M"
2 71 "srfCD4N"
2 72 "srfCD4O"
2 73 "srfCD4P"
2 74 "srfDE4A"
2 75 "srfDE4B"
2 76 "srfDE4C"
2 77 "srfDE4D"
2 78 "srfDE4E"
2 79 "srfDE4F"
2 80 "srfDE4G"
2 81 "srfDE4H"
2 82 "srfDE4I"
2 83 "srfDE4J"
2 84 "srfDE4K"
2 85 "srfDE4L"
2 86 "srfDE4M"
2 87 "srfDE4N"
2 88 "srfDE4O"
2 89 "srfDE4P"
2 90 "srfEF4A"
2 91 "srfEF4B"
2 92 "srfEF4C"
2 93 "srfEF4D"
2 94 "srfEF4E"
2 95 "srfEF4F"
2 96 "srfEF4G"
2 97 "srfEF4H"
2 98 "srfEF4I"
2 99 "srfEF4J"
2 100 "srfEF4K"
2 101 "srfEF4L"
2 102 "srfEF4M"
2 103 "srfEF4N"
2 104 "srfEF4O"
2 105 "srfEF4P"
2 106 "srfFG4A"
2 107 "srfFG4B"
2 108 "srfFG4C"
2 109 "srfFG4D"
2 110 "srfFG4E"
2 111 "srfFG4F"
2 112 "srfFG4G"
2 113 "srfFG4H"
2 114 "srfFG4I"
2 115 "srfFG4J"
2 116 "srfFG4K"
2 117 "srfFG4L"
2 118 "srfFG4M"
2 119 "srfFG4N"
2 120 "srfFG4O"
2 121 "srfFG4P"
2 122 "srfG0AP"
2 123 "srfG1AB"
2 124 "srfG1CD"
2 125 "srfG1EF"
2 126 "srfG1GH"
2 127 "srfG1IJ"
2 128 "srfG1KL"
2 129 "srfG1MN"
2 130 "srfG1OP"
2 131 "srfG2A"
2 132 "srfG2B"
2 133 "srfG2C"
2 134 "srfG2D"
2 135 "srfG2E"
2 136 "srfG2F"
2 137 "srfG2G"
2 138 "srfG2H"
2 139 "srfG2I"
2 140 "srfG2J"
2 141 "srfG2K"
2 142 "srfG2L"
2 143 "srfG2M"
2 144 "srfG2N"
2 145 "srfG2O"
2 146 "srfG2P"
3 1 "volAB1"
3 2 "volAB2AB"
3 3 "volAB2CD"
3 4 "volAB2EF"
3 5 "volAB2GH"
3 6 "volAB2IJ"
3 7 "volAB2KL"
3 8 "volAB2MN"
3 9 "volAB2OP"
3 10 "volAB3A"
3 11 "volAB3B"
3 12 "volAB3C"
3 13 "volAB3D"
3 14 "volAB3E"
3 15 "volAB3F"
3 16 "volAB3G"
3 17 "volAB3H"
3 18 "volAB3I"
3 19 "volAB3J"
3 20 "volAB3K"
3 21 "volAB3L"
3 22 "volAB3M"
3 23 "volAB3N"
3 24 "volAB3O"
3 25 "volAB3P"
3 26 "volBC1"
3 27 "volBC2AB"
3 28 "volBC2CD"
3 29 "volBC2EF"
3 30 "volBC2GH"
3 31 "volBC2IJ"
3 32 "volBC2KL"
3 33 "volBC2MN"
3 34 "volBC2OP"
3 35 "volBC3A"
3 36 "volBC3B"
3 37 "volBC3C"
3 38 "volBC3D"
3 39 "volBC3E"
3 40 "volBC3F"
3 41 "volBC3G"
3 42 "volBC3H"
3 43 "volBC3I"
3 44 "volBC3J"
3 45 "volBC3K"
3 46 "volBC3L"
3 47 "volBC3M"
3 48 "volBC3N"
3 49 "volBC3O"
3 50 "volBC3P"
3 51 "volCD1"
3 52 "volCD2AB"
3 53 "volCD2CD"
3 54 "volCD2EF"
3 55 "volCD2GH"
3 56 "volCD2IJ"
3 57 "volCD2KL"
3 58 "volCD2MN"
3 59 "volCD2OP"
3 60 "volCD3A"
3 61 "volCD3B"
3 62 "volCD3C"
3 63 "volCD3D"
3 64 "volCD3E"
3 65 "volCD3F"
3 66 "volCD3G"
3 67 "volCD3H"
3 68 "volCD3I"
3 69 "volCD3J"
3 70 "volCD3K"
3 71 "volCD3L"
3 72 "volCD3M"
3 73 "volCD3N"
3 74 "volCD3O"
3 75 "volCD3P"
3 76 "volDE1"
3 77 "volDE2AB"
3 78 "volDE2CD"
3 79 "volDE2EF"
3 80 "volDE2GH"
3 81 "volDE2IJ"
3 82 "volDE2KL"
3 83 "volDE2MN"
3 84 "volDE2OP"
3 85 "volDE3A"
3 86 "volDE3B"
3 87 "volDE3C"
3 88 "volDE3D"
3 89 "volDE3E"
3 90 "volDE3F"
3 91 "volDE3G"
3 92 "volDE3H"
3 93 "volDE3I"
3 94 "volDE3J"
3 95 "volDE3K"
3 96 "volDE3L"
3 97 "volDE3M"
3 98 "volDE3N"
3 99 "volDE3O"
3 100 "volDE3P"
$EndPhysicalNames
$Entities
0 0 146 100
1 -0.011481 -0.011481 0 0.011481 0.011481 0 1 1 0
2 -0.016236 0.008118 0 0 0.022961 0 1 2 0
3 -0.022961 0 0 -0.008118 0.016236 0 1 3 0
4 -0.022961 -0.016236 0 -0.008118 0 0 1 4 0
5 -0.016236 -0.022961 0 0 -0.008118 0 1 5 0
6 0 -0.022961 0 0.016236 -0.008118 0 1 6 0
7 0.008118 -0.016236 0 0.022961 0 0 1 7 0
8 0.008118 0 0 0.022961 0.016236 0 1 8 0
9 0 0.008118 0 0.016236 0.022961 0 1 9 0
10 -0.01318 0.021214 0 0 0.034442 0 1 10 0
11 -0.024354 0.016236 0 -0.008787 0.03182 0 1 11 0
12 -0.03182 0.008787 0 -0.016236 0.024354 0 1 12 0
13 -0.034442 0 0 -0.021214 0.01318 0 1 13 0
14 -0.034442 -0.01318 0 -0.021214 0 0 1 14 0
15 -0.03182 -0.024354 0 -0.016236 -0.008787 0 1 15 0
16 -0.024354 -0.03182 0 -0.008787 -0.016236 0 1 16 0
17 -0.01318 -0.034442 0 0 -0.021214 0 1 17 0
18 0 -0.034442 0 0.01318 -0.021214 0 1 18 0
19 0.008787 -0.03182 0 0.024354 -0.016236 0 1 19 0
20 0.016236 -0.024354 0 0.03182 -0.008787 0 1 20 0
21 0.021214 -0.01318 0 0.034442 0 0 1 21 0
22 0.021214 0 0 0.034442 0.01318 0 1 22 0
23 0.016236 0.008787 0 0.03182 0.024354 0 1 23 0
24 0.008787 0.016236 0 0.024354 0.03182 0 1 24 0
25 0 0.021214 0 0.01318 0.034442 0 1 25 0
26 -0.01318 0.03182 0 0 0.034442 0.045 1 26 0
27 -0.024354 0.024354 0 -0.01318 0.03182 0.045 1 27 0
28 -0.03182 0.01318 0 -0.024354 0.024354 0.045 1 28 0
29 -0.034442 0 0 -0.03182 0.01318 0.045 1 29 0
30 -0.034442 -0.01318 0 -0.03182 0 0.045 1 30 0
31 -0.03182 -0.024354 0 -0.024354 -0.01318 0.045 1 31 0
32 -0.024354 -0.03182 0 -0.01318 -0.024354 0.045 1 32 0
33 -0.01318 -0.034442 0 0 -0.03182 0.045 1 33 0
34 0 -0.034442 0 0.01318 -0.03182 0.045 1 34 0
35 0.01318 -0.03182 0 0.024354 -0.024354 0.045 1 35 0
36 0.024354 -0.024354 0 0.03182 -0.01318 0.045 1 36 0
37 0.03182 -0.01318 0 0.034442 0 0.045 1 37 0
38 0.03182 0 0 0.034442 0.01318 0.045 1 38 0
39 0.024354 0.01318 0 0.03182 0.024354 0.045 1 39 0
40 0.01318 0.024354 0 0.024354 0.03182 0.045 1 40 0
41 0 0.03182 0 0.01318 0.034442 0.045 1 41 0
42 -0.01318 0.03182 0.045 0 0.034442 0.05625 1 42 0
43 -0.024354 0.024354 0.045 -0.01318 0.03182 0.05625 1 43 0
44 -0.03182 0.01318 0.045 -0.024354 0.024354 0.05625 1 44 0
45 -0.034442 0 0.045 -0.03182 0.01318 0.05625 1 45 0
46 -0.034442 -0.01318 0.045 -0.03182 0 0.05625 1 46 0
47 -0.03182 -0.024354 0.045 -0.024354 -0.01318 0.05625 1 47 0
48 -0.024354 -0.03182 0.045 -0.01318 -0.024354 0.05625 1 48 0
49 -0.01318 -0.034442 0.045 0 -0.03182 0.05625 1 49 0
50 0 -0.034442 0.045 0.01318 -0.03182 0.05625 1 50 0
51 0.01318 -0.03182 0.045 0.024354 -0.024354 0.05625 1 51 0
52 0.024354 -0.024354 0.045 0.03182 -0.01318 0.05625 1 52 0
53 0.03182 -0.01318 0.045 0.034442 0 0.05625 1 53 0
54 0.03182 0 0.045 0.034442 0.01318 0.05625 1 54 0
55 0.024354 0.01318 0.045 0.03182 0.024354 0.05625 1 55 0
56 0.01318 0.024354 0.045 0.024354 0.03182 0.05625 1 56 0
57 0 0.03182 0.045 0.01318 0.034442 0.05625 1 57 0
58 -0.01318 0.03182 0.05625 0 0.034442 0.0675 1 58 0
59 -0.024354 0.024354 0.05625 -0.01318 0.03182 0.0675 1 59 0
60 -0.03182 0.01318 0.05625 -0.024354 0.024354 0.0675 1 60 0
61 -0.034442 0 0.05625 -0.03182 0.01318 0.0675 1 61 0
62 -0.034442 -0.01318 0.05625 -0.03182 0 0.0675 1 62 0
63 -0.03182 -0.024354 0.05625 -0.024354 -0.01318 0.0675 1 63 0
64 -0.024354 -0.03182 0.05625 -0.01318 -0.024354 0.0675 1 64 0
65 -0.01318 -0.034442 0.05625 0 -0.03182 0.0675 1 65 0
66 0 -0.034442 0.05625 0.01318 -0.03182 0.0675 1 66 0
67 0.01318 -0.03182 0.05625 0.024354 -0.024354 0.0675 1 67 0
68 0.024354 -0.024354 0.05625 0.03182 -0.01318 0.0675 1 68 0
69 0.03182 -0.01318 0.05625 0.034442 0 0.0675 1 69 0
70 0.03182 0 0.05625 0.034442 0.01318 0.0675 1 70 0
71 0.024354 0.01318 0.05625 0.03182 0.024354 0.0675 1 71 0
72 0.01318 0.024354 0.05625 0.024354 0.03182 0.0675 1 72 0
73 0 0.03182 0.05625 0.01318 0.034442 0.0675 1 73 0
74 -0.01318 0.03182 0.0675 0 0.034442 0.07875 1 74 0
75 -0.024354 0.024354 0.0675 -0.01318 0.03182 0.07875 1 75 0
76 -0.03182 0.01318 0.0675 -0.024354 0.024354 0.07875 1 76 0
77 -0.034442 0 0.0675 -0.03182 0.01318 0.07875 1 77 0
78 -0.034442 -0.01318 0.0675 -0.03182 0 0.07875 1 78 0
79 -0.03182 -0.024354 0.0675 -0.024354 -0.01318 0.07875 1 79 0
80 -0.024354 -0.03182 0.0675 -0.01318 -0.024354 0.07875 1 80 0
81 -0.01318 -0.034442 0.0675 0 -0.03182 0.07875 1 81 0
82 0 -0.034442 0.0675 0.01318 -0.03182 0.07875 1 82 0
83 0.01318 -0.03182 0.0675 0.024354 -0.024354 0.07875 1 83 0
84 0.024354 -0.024354 0.0675 0.03182 -0.01318 0.07875 1 84 0
85 0.03182 -0.01318 0.0675 0.034442 0 0.07875 1 85 0
86 0.03182 0 0.0675 0.034442 0.01318 0.07875 1 86 0
87 0.024354 0.01318 0.0675 0.03182 0.024354 0.07875 1 87 0
88 0.01318 0.024354 0.0675 0.024354 0.03182 0.07875 1 88 0
89 0 0.03182 0.0675 0.01318 0.034442 0.07875 1 89 0
90 -0.01318 0.03182 0.07875 0 0.034442 0.09 1 90 0
91 -0.024354 0.024354 0.07875 -0.01318 0.03182 0.09 1 91 0
92 -0.03182 0.01318 0.07875 -0.024354 0.024354 0.09 1 92 0
93 -0.034442 0 0.07875 -0.03182 0.01318 0.09 1 93 0
94 -0.034442 -0.01318 0.07875 -0.03182 0 0.09 1 94 0
95 -0.03182 -0.024354 0.07875 -0.024354 -0.01318 0.09 1 95 0
96 -0.024354 -0.03182 0.07875 -0.01318 -0.024354 0.09 1 96 0
97 -0.01318 -0.034442 0.07875 0 -0.03182 0.09 1 97 0
98 0 -0.034442 0.07875 0.01318 -0.03182 0.09 1 98 0
99 0.01318 -0.03182 0.07875 0.024354 -0.024354 0.09 1 99 0
100 0.024354 -0.024354 0.07875 0.03182 -0.01318 0.09 1 100 0
101 0.03182 -0.01318 0.07875 0.034442 0 0.09 1 101 0
102 0.03182 0 0.07875 0.034442 0.01318 0.09 1 102 0
103 0.024354 0.01318 0.07875 0.03182 0.024354 0.09 1 103 0
104 0.01318 0.024354 0.07875 0.024354 0.03182 0.09 1 104 0
105 0 0.03182 0.07875 0.01318 0.034442 0.09 1 105 0
106 -0.01318 0.03182 0.09 0 0.034442 0.135 1 106 0
107 -0.024354 0.024354 0.09 -0.01318 0.03182 0.135 1 107 0
108 -0.03182 0.01318 0.09 -0.024354 0.024354 0.135 1 108 0
109 -0.034442 0 0.09 -0.03182 0.01318 0.135 1 109 0
110 -0.034442 -0.01318 0.09 -0.03182 0 0.135 1 110 0
111 -0.03182 -0.024354 0.09 -0.024354 -0.01318 0.135 1 111 0
112 -0.024354 -0.03182 0.09 -0.01318 -0.024354 0.135 1 112 0
113 -0.01318 -0.034442 0.09 0 -0.03182 0.135 1 113 0
114 0 -0.034442 0.09 0.01318 -0.03182 0.135 1 114 0
115 0.01318 -0.03182 0.09 0.024354 -0.024354 0.135 1 115 0
116 0.024354 -0.024354 0.09 0.03182 -0.01318 0.135 1 116 0
117 0.03182 -0.01318 0.09 0.034442 0 0.135 1 117 0
118 0.03182 0 0.09 0.034442 0.01318 0.135 1 118 0
119 0.024354 0.01318 0.09 0.03182 0.024354 0.135 1 119 0
120 0.01318 0.024354 0.09 0.024354 0.03182 0.135 1 120 0
121 0 0.03182 0.09 0.01318 0.034442 0.135 1 121 0
122 -0.011481 -0.011481 0.135 0.011481 0.011481 0.135 1 122 0
123 -0.016236 0.008118 0.135 0 0.022961 0.135 1 123 0
124 -0.022961 0 0.135 -0.008118 0.016236 0.135 1 124 0
125 -0.022961 -0.016236 0.135 -0.008118 0 0.135 1 125 0
126 -0.016236 -0.022961 0.135 0 -0.008118 0.135 1 126 0
127 0 -0.022961 0.135 0.016236 -0.008118 0.135 1 127 0
128 0.008118 -0.016236 0.135 0.022961 0 0.135 1 128 0
129 0.008118 0 0.135 0.022961 0.016236 0.135 1 129 0
130 0 0.008118 0.135 0.016236 0.022961 0.135 1 130 0
131 -0.01318 0.021214 0.135 0 0.034442 0.135 1 131 0
132 -0.024354 0.016236 0.135 -0.008787 0.03182 0.135 1 132 0
133 -0.03182 0.008787 0.135 -0.016236 0.024354 0.135 1 133 0
134 -0.034442 0 0.135 -0.021214 0.01318 0.135 1 134 0
135 -0.034442 -0.01318 0.135 -0.021214 0 0.135 1 135 0
136 -0.03182 -0.024354 0.135 -0.016236 -0.008787 0.135 1 136 0
137 -0.024354 -0.03182 0.135 -0.008787 -0.016236 0.135 1 137 0
138 -0.01318 -0.034442 0.135 0 -0.021214 0.135 1 138 0
139 0 -0.034442 0.135 0.01318 -0.021214 0.135 1 139 0
140 0.008787 -0.03182 0.135 0.024354 -0.016236 0.135 1 140 0
141 0.016236 -0.024354 0.135 0.03182 -0.008787 0.135 1 141 0
142 0.021214 -0.01318 0.135 0.034442 0 0.135 1 142 0
143 0.021214 0 0.135 0.034442 0.01318 0.135 1 143 0
144 0.016236 0.008787 0.135 0.03182 0.024354 0.135 1 144 0
145 0.008787 0.016236 0.135 0.024354 0.03182 0.135 1 145 0
146 0 0.021214 0.135 0.01318 0.034442 0.135 1 146 0
1 -0.011481 -0.011481 0 0.011481 0.011481 0.045 1 1 0
2 -0.016236 0.008118 0 0 0.022961 0.045 1 2 0
3 -0.022961 0 0 -0.008118 0.016236 0.045 1 3 0
4 -0.022961 -0.016236 0 -0.008118 0 0.045 1 4 0
5 -0.016236 -0.022961 0 0 -0.008118 0.045 1 5 0
6 0 -0.022961 0 0.016236 -0.008118 0.045 1 6 0
7 0.008118 -0.016236 0 0.022961 0 0.045 1 7 0
8 0.008118 0 0 0.022961 0.016236 0.045 1 8 0
9 0 0.008118 0 0.016236 0.022961 0.045 1 9 0
10 -0.01318 0.021214 0 0 0.034442 0.045 1 10 0
11 -0.024354 0.016236 0 -0.008787 0.03182 0.045 1 11 0
12 -0.03182 0.008787 0 -0.016236 0.024354 0.045 1 12 0
13 -0.034442 0 0 -0.021214 0.01318 0.045 1 13 0
14 -0.034442 -0.01318 0 -0.021214 0 0.045 1 14 0
15 -0.03182 -0.024354 0 -0.016236 -0.008787 0.045 1 15 0
16 -0.024354 -0.03182 0 -0.008787 -0.016236 0.045 1 16 0
17 -0.01318 -0.034442 0 0 -0.021214 0.045 1 17 0
18 0 -0.034442 0 0.01318 -0.021214 0.045 1 18 0
19 0.008787 -0.03182 0 0.024354 -0.016236 0.045 1 19 0
20 0.016236 -0.024354 0 0.03182 -0.008787 0.045 1 20 0
21 0.021214 -0.01318 0 0.034442 0 0.045 1 21 0
22 0.021214 0 0 0.034442 0.01318 0.045 1 22 0
23 0.016236 0.008787 0 0.03182 0.024354 0.045 1 23 0
24 0.008787 0.016236 0 0.024354 0.03182 0.045 1 24 0
25 0 0.021214 0 0.01318 0.034442 0.045 1 25 0
26 -0.011481 -0.011481 0.045 0.011481 0.011481 0.0675 1 26 0
27 -0.016236 0.008118 0.045 0 0.022961 0.0675 1 27 0
28 -0.022961 0 0.045 -0.008118 0.016236 0.0675 1 28 0
29 -0.022961 -0.016236 0.045 -0.008118 0 0.0675 1 29 0
30 -0.016236 -0.022961 0.045 0 -0.008118 0.0675 1 30 0
31 0 -0.022961 0.045 0.016236 -0.008118 0.0675 1 31 0
32 0.008118 -0.016236 0.045 0.022961 0 0.0675 1 32 0
33 0.008118 0 0.045 0.022961 0.016236 0.0675 1 33 0
34 0 0.008118 0.045 0.016236 0.022961 0.0675 1 34 0
35 -0.01318 0.021214 0.045 0 0.034442 0.0675 1 35 0
36 -0.024354 0.016236 0.045 -0.008787 0.03182 0.0675 1 36 0
37 -0.03182 0.008787 0.045 -0.016236 0.024354 0.0675 1 37 0
38 -0.034442 0 0.045 -0.021214 0.01318 0.0675 1 38 0
39 -0.034442 -0.01318 0.045 -0.021214 0 0.0675 1 39 0
40 -0.03182 -0.024354 0.045 -0.016236 -0.008787 0.0675 1 40 0
41 -0.024354 -0.03182 0.045 -0.008787 -0.016236 0.0675 1 41 0
42 -0.01318 -0.034442 0.045 0 -0.021214 0.0675 1 42 0
43 0 -0.034442 0.045 0.01318 -0.021214 0.0675 1 43 0
44 0.008787 -0.03182 0.045 0.024354 -0.016236 0.0675 1 44 0
45 0.016236 -0.024354 0.045 0.03182 -0.008787 0.0675 1 45 0
46 0.021214 -0.01318 0.045 0.034442 0 0.0675 1 46 0
47 0.021214 0 0.045 0.034442 0.01318 0.0675 1 47 0
48 0.016236 0.008787 0.045 0.03182 0.024354 0.0675 1 48 0
49 0.008787 0.016236 0.045 0.024354 0.03182 0.0675 1 49 0
50 0 0.021214 0.045 0.01318 0.034442 0.0675 1 50 0
51 -0.011481 -0.011481 0.0675 0.011481 0.011481 0.09 1 51 0
52 -0.016236 0.008118 0.0675 0 0.022961 0.09 1 52 0
53 -0.022961 0 0.0675 -0.008118 0.016236 0.09 1 53 0
54 -0.022961 -0.016236 0.0675 -0.008118 0 0.09 1 54 0
55 -0.016236 -0.022961 0.0675 0 -0.008118 0.09 1 55 0
56 0 -0.022961 0.0675 0.016236 -0.008118 0.09 1 56 0
57 0.008118 -0.016236 0.0675 0.022961 0 0.09 1 57 0
58 0.008118 0 0.0675 0.022961 0.016236 0.09 1 58 0
59 0 0.008118 0.0675 0.016236 0.022961 0.09 1 59 0
60 -0.01318 0.021214 0.0675 0 0.034442 0.09 1 60 0
61 -0.024354 0.016236 0.0675 -0.008787 0.03182 0.09 1 61 0
62 -0.03182 0.008787 0.0675 -0.016236 0.024354 0.09 1 62 0
63 -0.034442 0 0.0675 -0.021214 0.01318 0.09 1 63 0
64 -0.034442 -0.01318 0.0675 -0.021214 0 0.09 1 64 0
65 -0.03182 -0.024354 0.0675 -0.016236 -0.008787 0.09 1 65 0
66 -0.024354 -0.03182 0.0675 -0.008787 -0.016236 0.09 1 66 0
67 -0.01318 -0.034442 0.0675 0 -0.021214 0.09 1 67 0
68 0 -0.034442 0.0675 0.01318 -0.021214 0.09 1 68 0
69 0.008787 -0.03182 0.0675 0.024354 -0.016236 0.09 1 69 0
70 0.016236 -0.024354 0.0675 0.03182 -0.008787 0.09 1 70 0
71 0.021214 -0.01318 0.0675 0.034442 0 0.09 1 71 0
72 0.021214 0 0.0675 0.034442 0.01318 0.09 1 72 0
73 0.016236 0.008787 0.0675 0.03182 0.024354 0.09 1 73 0
74 0.008787 0.016236 0.0675 0.024354 0.03182 0.09 1 74 0
75 0 0.021214 0.0675 0.01318 0.034442 0.09 1 75 0
76 -0.011481 -0.011481 0.09 0.011481 0.011481 0.135 1 76 0
77 -0.016236 0.008118 0.09 0 0.022961 0.135 1 77 0
78 -0.022961 0 0.09 -0.008118 0.016236 0.135 1 78 0
79 -0.022961 -0.016236 0.09 -0.008118 0 0.135 1 79 0
80 -0.016236 -0.022961 0.09 0 -0.008118 0.135 1 80 0
81 0 -0.022961 0.09 0.016236 -0.008118 0.135 1 81 0
82 0.008118 -0.016236 0.09 0.022961 0 0.135 1 82 0
83 0.008118 0 0.09 0.022961 0.016236 0.135 1 83 0
84 0 0.008118 0.09 0.016236 0.022961 0.135 1 84 0
85 -0.01318 0.021214 0.09 0 0.034442 0.135 1 85 0
86 -0.024354 0.016236 0.09 -0.008787 0.03182 0.135 1 86 0
87 -0.03182 0.008787 0.09 -0.016236 0.024354 0.135 1 87 0
88 -0.034442 0 0.09 -0.021214 0.01318 0.135 1 88 0
89 -0.034442 -0.01318 0.09 -0.021214 0 0.135 1 89 0
90 -0.03182 -0.024354 0.09 -0.016236 -0.008787 0.135 1 90 0
91 -0.024354 -0.03182 0.09 -0.008787 -0.016236 0.135 1 91 0
92 -0.01318 -0.034442 0.09 0 -0.021214 0.135 1 92 0
93 0 -0.034442 0.09 0.01318 -0.021214 0.135 1 93 0
94 0.008787 -0.03182 0.09 0.024354 -0.016236 0.135 1 94 0
95 0.016236 -0.024354 0.09 0.03182 -0.008787 0.135 1 95 0
96 0.021214 -0.01318 0.09 0.034442 0 0.135 1 96 0
97 0.021214 0 0.09 0.034442 0.01318 0.135 1 97 0
98 0.016236 0.008787 0.09 0.03182 0.024354 0.135 1 98 0
99 0.008787 0.016236 0.09 0.024354 0.03182 0.135 1 99 0
100 0 0.021214 0.09 0.01318 0.034442 0.135 1 100 0
$EndEntities
$Nodes
1 6411 1 6411
3 1 0 6411
1
2
3
4
5
6
7
8
9
10
11
12
13
14
15
16
17
18
19
20
21
22
23
24
25
26
27
28
29
30
31
32
33
34
35
36
37
38
39
40
41
42
43
44
45
46
47
48
49
50
51
52
53
54
55
56
57
58
59
60
61
62
63
64
65
66
67
68
69
70
71
72
73
74
75
76
77
78
79
80
81
82
83
84
85
86
87
88
89
90
91
92
93
94
95
96
97
98
99
100
101
102
103
104
105
106
107
108
109
110
111
112
113
114
115
116
117
118
119
120
121
122
123
124
125
126
127
128
129
130
131
132
133
134
135
136
137
138
139
140
141
142
143
144
145
146
147
148
149
150
151
152
153
154
155
156
157
158
159
160
161
162
163
164
165
166
167
168
169
170
171
172
173
174
175
176
177
178
179
180
181
182
183
184
185
186
187
188
189
190
191
192
193
194
195
196
197
198
199
200
201
202
203
204
205
206
207
208
209
210
211
212
213
214
215
216
217
218
219
220
221
222
223
224
225
226
227
228
229
230
231
232
233
234
235
236
237
238
239
240
241
242
243
244
245
246
247
248
249
250
251
252
253
254
255
256
257
258
259
260
261
262
263
264
265
266
267
268
269
270
271
272
273
274
275
276
277
278
279
280
281
282
283
284
285
286
287
288
289
290
291
292
293
294
295
296
297
298
299
300
301
302
303
304
305
306
307
308
309
310
311
312
313
314
315
316
317
318
319
320
321
322
323
324
325
326
327
328
329
330
331
332
333
334
335
336
337
338
339
340
341
342
343
344
345
346
347
348
349
350
351
352
353
354
355
356
357
358
359
360
361
362
363
364
365
366
367
368
369
370
371
372
373
374
375
376
377
378
379
380
381
382
383
384
385
386
387
388
389
390
391
392
393
394
395
396
397
398
399
400
401
402
403
404
405
406
407
408
409
410
411
412
413
414
415
416
417
418
419
420
421
422
423
424
425
426
427
428
429
430
431
432
433
434
435
436
437
438
439
440
441
442
443
444
445
446
447
448
449
450
451
452
453
454
455
456
457
458
459
460
461
462
463
464
465
466
467
468
469
470
471
472
473
474
475
476
477
478
479
480
481
482
483
484
485
486
487
488
489
490
491
492
493
494
495
496
497
498
499
500
501
502
503
504
505
506
507
508
509
510
511
512
513
514
515
516
517
518
519
520
521
522
523
524
525
526
527
528
529
530
531
532
533
534
535
536
537
538
539
540
541
542
543
544
545
546
547
548
549
550
551
552
553
554
555
556
557
558
559
560
561
562
563
564
565
566
567
568
569
570
571
572
573
574
575
576
577
578
579
580
581
582
583
584
585
586
587
588
589
590
591
592
593
594
595
596
597
598
599
600
601
602
603
604
605
606
607
608
609
610
611
612
613
614
615
616
617
618
619
620
621
622
623
624
625
626
627
628
629
630
631
632
633
634
635
636
637
638
639
640
641
642
643
644
645
646
647
648
649
650
651
652
653
654
655
656
657
658
659
660
661
662
663
664
665
666
667
668
669
670
671
672
673
674
675
676
677
678
679
680
681
682
683
684
685
686
687
688
689
690
691
692
693
694
695
696
697
698
699
700
701
702
703
704
705
706
707
708
709
710
711
712
713
714
715
716
717
718
719
720
721
722
723
724
725
726
727
728
729
730
731
732
733
734
735
736
737
738
739
740
741
742
743
744
745
746
747
748
749
750
751
752
753
754
755
756
757
758
759
760
761
762
763
764
765
766
767
768
769
770
771
772
773
774
775
776
777
778
779
780
781
782
783
784
785
786
787
788
789
790
791
792
793
794
795
796
797
798
799
800
801
802
803
804
805
806
807
808
809
810
811
812
813
814
815
816
817
818
819
820
821
822
823
824
825
826
827
828
829
830
831
832
833
834
835
836
837
838
839
840
841
842
843
844
845
846
847
848
849
850
851
852
853
854
855
856
857
858
859
860
861
862
863
864
865
866
867
868
869
870
871
872
873
874
875
876
877
878
879
880
881
882
883
884
885
886
887
888
889
890
891
892
893
894
895
896
897
898
899
900
901
902
903
904
905
906
907
908
909
910
911
912
913
914
915
916
917
918
919
920
921
922
923
924
925
926
927
928
929
930
931
932
933
934
935
936
937
938
939
940
941
942
943
944
945
946
947
948
949
950
951
952
953
954
955
956
957
958
959
960
961
962
963
964
965
966
967
968
969
970
971
972
973
974
975
976
977
978
979
980
981
982
983
984
985
986
987
988
989
990
991
992
993
994
995
996
997
998
999
1000
1001
1002
1003
1004
1005
1006
1007
1008
1009
1010
1011
1012
1013
1014
1015
1016
1017
1018
1019
1020
1021
1022
1023
1024
1025
1026
1027
1028
1029
1030
1031
1032
1033
1034
1035
1036
1037
1038
1039
1040
1041
1042
1043
1044
1045
1046
1047
1048
1049
1050
1051
1052
1053
1054
1055
1056
1057
1058
1059
1060
1061
1062
1063
1064
1065
1066
1067
1068
1069
1070
1071
1072
1073
1074
1075
1076
1077
1078
1079
1080
1081
1082
1083
1084
1085
1086
1087
1088
1089
1090
1091
1092
1093
1094
1095
1096
1097
1098
1099
1100
1101
1102
1103
1104
1105
1106
1107
1108
1109
1110
1111
1112
1113
1114
1115
1116
1117
1118
1119
1120
1121
1122
1123
1124
1125
1126
1127
1128
1129
1130
1131
1132
1133
1134
1135
1136
1137
1138
1139
1140
1141
1142
1143
1144
1145
1146
1147
1148
1149
1150
1151
1152
1153
1154
1155
1156
1157
1158
1159
1160
1161
1162
1163
1164
1165
1166
1167
1168
1169
1170
1171
1172
1173
1174
1175
1176
1177
1178
1179
1180
1181
1182
1183
1184
1185
1186
1187
1188
1189
1190
1191
1192
1193
1194
1195
1196
1197
1198
1199
1200
1201
1202
1203
1204
1205
1206
1207
1208
1209
1210
1211
1212
1213
1214
1215
1216
1217
1218
1219
1220
1221
1222
1223
1224
1225
1226
1227
1228
1229
1230
1231
1232
1233
1234
1235
1236
1237
1238
1239
1240
1241
1242
1243
1244
1245
1246
1247
1248
1249
1250
1251
1252
1253
1254
1255
1256
1257
1258
1259
1260
1261
1262
1263
1264
1265
1266
1267
1268
1269
1270
1271
1272
1273
1274
1275
1276
1277
1278
1279
1280
1281
1282
1283
1284
1285
1286
1287
1288
1289
1290
1291
1292
1293
1294
1295
1296
1297
1298
1299
1300
1301
1302
1303
1304
1305
1306
1307
1308
1309
1310
1311
1312
1313
1314
1315
1316
1317
1318
1319
1320
1321
1322
1323
1324
1325
1326
1327
1328
1329
1330
1331
1332
1333
1334
1335
1336
1337
1338
1339
1340
1341
1342
1343
1344
1345
1346
1347
1348
1349
1350
1351
1352
1353
1354
1355
1356
1357
1358
1359
1360
1361
1362
1363
1364
1365
1366
1367
1368
1369
1370
1371
1372
1373
1374
1375
1376
1377
1378
1379
1380
1381
1382
1383
1384
1385
1386
1387
1388
1389
1390
1391
1392
1393
1394
1395
1396
1397
1398
1399
1400
1401
1402
1403
1404
1405
1406
1407
1408
1409
1410
1411
1412
1413
1414
1415
1416
1417
1418
1419
1420
1421
1422
1423
1424
1425
1426
1427
1428
1429
1430
1431
1432
1433
1434
1435
1436
1437
1438
1439
1440
1441
1442
1443
1444
1445
1446
1447
1448
1449
1450
1451
1452
1453
1454
1455
1456
1457
1458
1459
1460
1461
1462
1463
1464
1465
1466
1467
1468
1469
1470
1471
1472
1473
1474
1475
1476
1477
1478
1479
1480
1481
1482
1483
1484
1485
1486
1487
1488
1489
1490
1491
1492
1493
1494
1495
1496
1497
1498
1499
1500
1501
1502
1503
1504
1505
1506
1507
1508
1509
1510
1511
1512
1513
1514
1515
1516
1517
1518
1519
1520
1521
1522
1523
1524
1525
1526
1527
1528
1529
1530
1531
1532
1533
1534
1535
1536
1537
1538
1539
1540
1541
1542
1543
1544
1545
1546
1547
1548
1549
1550
1551
1552
1553
1554
1555
1556
1557
1558
1559
1560
1561
1562
1563
1564
1565
1566
1567
1568
1569
1570
1571
1572
1573
1574
1575
1576
1577
1578
1579
1580
1581
1582
1583
1584
1585
1586
1587
1588
1589
1590
1591
1592
1593
1594
1595
1596
1597
1598
1599
1600
1601
1602
1603
1604
1605
1606
1607
1608
1609
1610
1611
1612
1613
1614
1615
1616
1617
1618
1619
1620
1621
1622
1623
1624
1625
1626
1627
1628
1629
1630
1631
1632
1633
1634
1635
1636
1637
1638
1639
1640
1641
1642
1643
1644
1645
1646
1647
1648
1649
1650
1651
1652
1653
1654
1655
1656
1657
1658
1659
1660
1661
1662
1663
1664
1665
1666
1667
1668
1669
1670
1671
1672
1673
1674
1675
1676
1677
1678
1679
1680
1681
1682
1683
1684
1685
1686
1687
1688
1689
1690
1691
1692
1693
1694
1695
1696
1697
1698
1699
1700
1701
1702
1703
1704
1705
1706
1707
1708
1709
1710
1711
1712
1713
1714
1715
1716
1717
1718
1719
1720
1721
1722
1723
1724
1725
1726
1727
1728
1729
1730
1731
1732
1733
1734
1735
1736
1737
1738
1739
1740
1741
1742
1743
1744
1745
1746
1747
1748
1749
1750
1751
1752
1753
1754
1755
1756
1757
1758
1759
1760
1761
1762
1763
1764
1765
1766
1767
1768
1769
1770
1771
1772
1773
1774
1775
1776
1777
1778
1779
1780
1781
1782
1783
1784
1785
1786
1787
1788
1789
1790
1791
1792
1793
1794
1795
1796
1797
1798
1799
1800
1801
1802
1803
1804
1805
1806
1807
1808
1809
1810
1811
1812
1813
1814
1815
1816
1817
1818
1819
1820
1821
1822
1823
1824
1825
1826
1827
1828
1829
1830
1831
1832
1833
1834
1835
1836
1837
1838
1839
1840
1841
1842
1843
1844
1845
1846
1847
1848
1849
1850
1851
1852
1853
1854
1855
1856
1857
1858
1859
1860
1861
1862
1863
1864
1865
1866
1867
1868
1869
1870
1871
1872
1873
1874
1875
1876
1877
1878
1879
1880
1881
1882
1883
1884
1885
1886
1887
1888
1889
1890
1891
1892
1893
1894
1895
1896
1897
1898
1899
1900
1901
1902
1903
1904
1905
1906
1907
1908
1909
1910
1911
1912
1913
1914
1915
1916
1917
1918
1919
1920
1921
1922
1923
1924
1925
1926
1927
1928
1929
1930
1931
1932
1933
1934
1935
1936
1937
1938
1939
1940
1941
1942
1943
1944
1945
1946
1947
1948
1949
1950
1951
1952
1953
1954
1955
1956
1957
1958
1959
1960
1961
1962
1963
1964
1965
1966
1967
1968
1969
1970
1971
1972
1973
1974
1975
1976
1977
1978
1979
1980
1981
1982
1983
1984
1985
1986
1987
1988
1989
1990
1991
1992
1993
1994
1995
1996
1997
1998
1999
2000
2001
2002
2003
2004
2005
2006
2007
2008
2009
2010
2011
2012
2013
2014
2015
2016
2017
2018
2019
2020
2021
2022
2023
2024
2025
2026
2027
2028
2029
2030
2031
2032
2033
2034
2035
2036
2037
2038
2039
2040
2041
2042
2043
2044
2045
2046
2047
2048
2049
2050
2051
2052
2053
2054
2055
2056
2057
2058
2059
2060
2061
2062
2063
2064
2065
2066
2067
2068
2069
2070
2071
2072
2073
2074
2075
2076
2077
2078
2079
2080
2081
2082
2083
2084
2085
2086
2087
2088
2089
2090
2091
2092
2093
2094
2095
2096
2097
2098
2099
2100
2101
2102
2103
2104
2105
2106
2107
2108
2109
2110
2111
2112
2113
2114
2115
2116
2117
2118
2119
2120
2121
2122
2123
2124
2125
2126
2127
2128
2129
2130
2131
2132
2133
2134
2135
2136
2137
2138
2139
2140
2141
2142
2143
2144
2145
2146
2147
2148
2149
2150
2151
2152
2153
2154
2155
2156
2157
2158
2159
2160
2161
2162
2163
2164
2165
2166
2167
2168
2169
2170
2171
2172
2173
2174
2175
2176
2177
2178
2179
2180
2181
2182
2183
2184
2185
2186
2187
2188
2189
2190
2191
2192
2193
2194
2195
2196
2197
2198
2199
2200
2201
2202
2203
2204
2205
2206
2207
2208
2209
2210
2211
2212
2213
2214
2215
2216
2217
2218
2219
2220
2221
2222
2223
2224
2225
2226
2227
2228
2229
2230
2231
2232
2233
2234
2235
2236
2237
2238
2239
2240
2241
2242
2243
2244
2245
2246
2247
2248
2249
2250
2251
2252
2253
2254
2255
2256
2257
2258
2259
2260
2261
2262
2263
2264
2265
2266
2267
2268
2269
2270
2271
2272
2273
2274
2275
2276
2277
2278
2279
2280
2281
2282
2283
2284
2285
2286
2287
2288
2289
2290
2291
2292
2293
2294
2295
2296
2297
2298
2299
2300
2301
2302
2303
2304
2305
2306
2307
2308
2309
2310
2311
2312
2313
2314
2315
2316
2317
2318
2319
2320
2321
2322
2323
2324
2325
2326
2327
2328
2329
2330
2331
2332
2333
2334
2335
2336
2337
2338
2339
2340
2341
2342
2343
2344
2345
2346
2347
2348
2349
2350
2351
2352
2353
2354
2355
2356
2357
2358
2359
2360
2361
2362
2363
2364
2365
2366
2367
2368
2369
2370
2371
2372
2373
2374
2375
2376
2377
2378
2379
2380
2381
2382
2383
2384
2385
2386
2387
2388
2389
2390
2391
2392
2393
2394
2395
2396
2397
2398
2399
2400
2401
2402
2403
2404
2405
2406
2407
2408
2409
2410
2411
2412
2413
2414
2415
2416
2417
2418
2419
2420
2421
2422
2423
2424
2425
2426
2427
2428
2429
2430
2431
2432
2433
2434
2435
2436
2437
2438
2439
2440
2441
2442
2443
2444
2445
2446
2447
2448
2449
2450
2451
2452
2453
2454
2455
2456
2457
2458
2459
2460
2461
2462
2463
2464
2465
2466
2467
2468
2469
2470
2471
2472
2473
2474
2475
2476
2477
2478
2479
2480
2481
2482
2483
2484
2485
2486
2487
2488
2489
2490
2491
2492
2493
2494
2495
2496
2497
2498
2499
2500
2501
2502
2503
2504
2505
2506
2507
2508
2509
2510
2511
2512
2513
2514
2515
2516
2517
2518
2519
2520
2521
2522
2523
2524
2525
2526
2527
2528
2529
2530
2531
2532
2533
2534
2535
2536
2537
2538
2539
2540
2541
2542
2543
2544
2545
2546
2547
2548
2549
2550
2551
2552
2553
2554
2555
2556
2557
2558
2559
2560
2561
2562
2563
2564
2565
2566
2567
2568
2569
2570
2571
2572
2573
2574
2575
2576
2577
2578
2579
2580
2581
2582
2583
2584
2585
2586
2587
2588
2589
2590
2591
2592
2593
2594
2595
2596
2597
2598
2599
2600
2601
2602
2603
2604
2605
2606
2607
2608
2609
2610
2611
2612
2613
2614
2615
2616
2617
2618
2619
2620
2621
2622
2623
2624
2625
2626
2627
2628
2629
2630
2631
2632
2633
2634
2635
2636
2637
2638
2639
2640
2641
2642
2643
2644
2645
2646
2647
2648
2649
2650
2651
2652
2653
2654
2655
2656
2657
2658
2659
2660
2661
2662
2663
2664
2665
2666
2667
2668
2669
2670
2671
2672
2673
2674
2675
2676
2677
2678
2679
2680
2681
2682
2683
2684
2685
2686
2687
2688
2689
2690
2691
2692
2693
2694
2695
2696
2697
2698
2699
2700
2701
2702
2703
2704
2705
2706
2707
2708
2709
2710
2711
2712
2713
2714
2715
2716
2717
2718
2719
2720
2721
2722
2723
2724
2725
2726
2727
2728
2729
2730
2731
2732
2733
2734
2735
2736
2737
2738
2739
2740
2741
2742
2743
2744
2745
2746
2747
2748
2749
2750
2751
2752
2753
2754
2755
2756
2757
2758
2759
2760
2761
2762
2763
2764
2765
2766
2767
2768
2769
2770
2771
2772
2773
2774
2775
2776
2777
2778
2779
2780
2781
2782
2783
2784
2785
2786
2787
2788
2789
2790
2791
2792
2793
2794
2795
2796
2797
2798
2799
2800
2801
2802
2803
2804
2805
2806
2807
2808
2809
2810
2811
2812
2813
2814
2815
2816
2817
2818
2819
2820
2821
2822
2823
2824
2825
2826
2827
2828
2829
2830
2831
2832
2833
2834
2835
2836
2837
2838
2839
2840
2841
2842
2843
2844
2845
2846
2847
2848
2849
2850
2851
2852
2853
2854
2855
2856
2857
2858
2859
2860
2861
2862
2863
2864
2865
2866
2867
2868
2869
2870
2871
2872
2873
2874
2875
2876
2877
2878
2879
2880
2881
2882
2883
2884
2885
2886
2887
2888
2889
2890
2891
2892
2893
2894
2895
2896
2897
2898
2899
2900
2901
2902
2903
2904
2905
2906
2907
2908
2909
2910
2911
2912
2913
2914
2915
2916
2917
2918
2919
2920
2921
2922
2923
2924
2925
2926
2927
2928
2929
2930
2931
2932
2933
2934
2935
2936
2937
2938
2939
2940
2941
2942
2943
2944
2945
2946
2947
2948
2949
2950
2951
2952
2953
2954
2955
2956
2957
2958
2959
2960
2961
2962
2963
2964
2965
2966
2967
2968
2969
2970
2971
2972
2973
2974
2975
2976
2977
2978
2979
2980
2981
2982
2983
2984
2985
2986
2987
2988
2989
2990
2991
2992
2993
2994
2995
2996
2997
2998
2999
3000
3001
3002
3003
3004
3005
3006
3007
3008
3009
3010
3011
3012
3013
3014
3015
3016
3017
3018
3019
3020
3021
3022
3023
3024
3025
3026
3027
3028
3029
3030
3031
3032
3033
3034
3035
3036
3037
3038
3039
3040
3041
3042
3043
3044
3045
3046
3047
3048
3049
3050
3051
3052
3053
3054
3055
3056
3057
3058
3059
3060
3061
3062
3063
3064
3065
3066
3067
3068
3069
3070
3071
3072
3073
3074
3075
3076
3077
3078
3079
3080
3081
3082
3083
3084
3085
3086
3087
3088
3089
3090
3091
3092
3093
3094
3095
3096
3097
3098
3099
3100
3101
3102
3103
3104
3105
3106
3107
3108
3109
3110
3111
3112
3113
3114
3115
3116
3117
3118
3119
3120
3121
3122
3123
3124
3125
3126
3127
3128
3129
3130
3131
3132
3133
3134
3135
3136
3137
3138
3139
3140
3141
3142
3143
3144
3145
3146
3147
3148
3149
3150
3151
3152
3153
3154
3155
3156
3157
3158
3159
3160
3161
3162
3163
3164
3165
3166
3167
3168
3169
3170
3171
3172
3173
3174
3175
3176
3177
3178
3179
3180
3181
3182
3183
3184
3185
3186
3187
3188
3189
3190
3191
3192
3193
3194
3195
3196
3197
3198
3199
3200
3201
3202
3203
3204
3205
3206
3207
3208
3209
3210
3211
3212
3213
3214
3215
3216
3217
3218
3219
3220
3221
3222
3223
3224
3225
3226
3227
3228
3229
3230
3231
3232
3233
3234
3235
3236
3237
3238
3239
3240
3241
3242
3243
3244
3245
3246
3247
3248
3249
3250
3251
3252
3253
3254
3255
3256
3257
3258
3259
3260
3261
3262
3263
3264
3265
3266
3267
3268
3269
3270
3271
3272
3273
3274
3275
3276
3277
3278
3279
3280
3281
3282
3283
3284
3285
3286
3287
3288
3289
3290
3291
3292
3293
3294
3295
3296
3297
3298
3299
3300
3301
3302
3303
3304
3305
3306
3307
3308
3309
3310
3311
3312
3313
3314
3315
3316
3317
3318
3319
3320
3321
3322
3323
3324
3325
3326
3327
3328
3329
3330
3331
3332
3333
3334
3335
3336
3337
3338
3339
3340
3341
3342
3343
3344
3345
3346
3347
3348
3349
3350
3351
3352
3353
3354
3355
3356
3357
3358
3359
3360
3361
3362
3363
3364
3365
3366
3367
3368
3369
3370
3371
3372
3373
3374
3375
3376
3377
3378
3379
3380
3381
3382
3383
3384
3385
3386
3387
3388
3389
3390
3391
3392
3393
3394
3395
3396
3397
3398
3399
3400
3401
3402
3403
3404
3405
3406
3407
3408
3409
3410
3411
3412
3413
3414
3415
3416
3417
3418
3419
3420
3421
3422
3423
3424
3425
3426
3427
3428
3429
3430
3431
3432
3433
3434
3435
3436
3437
3438
3439
3440
3441
3442
3443
3444
3445
3446
3447
3448
3449
3450
3451
3452
3453
3454
3455
3456
3457
3458
3459
3460
3461
3462
3463
3464
3465
3466
3467
3468
3469
3470
3471
3472
3473
3474
3475
3476
3477
3478
3479
3480
3481
3482
3483
3484
3485
3486
3487
3488
3489
3490
3491
3492
3493
3494
3495
3496
3497
3498
3499
3500
3501
3502
3503
3504
3505
3506
3507
3508
3509
3510
3511
3512
3513
3514
3515
3516
3517
3518
3519
3520
3521
3522
3523
3524
3525
3526
3527
3528
3529
3530
3531
3532
3533
3534
3535
3536
3537
3538
3539
3540
3541
3542
3543
3544
3545
3546
3547
3548
3549
3550
3551
3552
3553
3554
3555
3556
3557
3558
3559
3560
3561
3562
3563
3564
3565
3566
3567
3568
3569
3570
3571
3572
3573
3574
3575
3576
3577
3578
3579
3580
3581
3582
3583
3584
3585
3586
3587
3588
3589
3590
3591
3592
3593
3594
3595
3596
3597
3598
3599
3600
3601
3602
3603
3604
3605
3606
3607
3608
3609
3610
3611
3612
3613
3614
3615
3616
3617
3618
3619
3620
3621
3622
3623
3624
3625
3626
3627
3628
3629
3630
3631
3632
3633
3634
3635
3636
3637
3638
3639
3640
3641
3642
3643
3644
3645
3646
3647
3648
3649
3650
3651
3652
3653
3654
3655
3656
3657
3658
3659
3660
3661
3662
3663
3664
3665
3666
3667
3668
3669
3670
3671
3672
3673
3674
3675
3676
3677
3678
3679
3680
3681
3682
3683
3684
3685
3686
3687
3688
3689
3690
3691
3692
3693
3694
3695
3696
3697
3698
3699
3700
3701
3702
3703
3704
3705
3706
3707
3708
3709
3710
3711
3712
3713
3714
3715
3716
3717
3718
3719
3720
3721
3722
3723
3724
3725
3726
3727
3728
3729
3730
3731
3732
3733
3734
3735
3736
3737
3738
3739
3740
3741
3742
3743
3744
3745
3746
3747
3748
3749
3750
3751
3752
3753
3754
3755
3756
3757
3758
3759
3760
3761
3762
3763
3764
3765
3766
3767
3768
3769
3770
3771
3772
3773
3774
3775
3776
3777
3778
3779
3780
3781
3782
3783
3784
3785
3786
3787
3788
3789
3790
3791
3792
3793
3794
3795
3796
3797
3798
3799
3800
3801
3802
3803
3804
3805
3806
3807
3808
3809
3810
3811
3812
3813
3814
3815
3816
3817
3818
3819
3820
3821
3822
3823
3824
3825
3826
3827
3828
3829
3830
3831
3832
3833
3834
3835
3836
3837
3838
3839
3840
3841
3842
3843
3844
3845
3846
3847
3848
3849
3850
3851
3852
3853
3854
3855
3856
3857
3858
3859
3860
3861
3862
3863
3864
3865
3866
3867
3868
3869
3870
3871
3872
3873
3874
3875
3876
3877
3878
3879
3880
3881
3882
3883
3884
3885
3886
3887
3888
3889
3890
3891
3892
3893
3894
3895
3896
3897
3898
3899
3900
3901
3902
3903
3904
3905
3906
3907
3908
3909
3910
3911
3912
3913
3914
3915
3916
3917
3918
3919
3920
3921
3922
3923
3924
3925
3926
3927
3928
3929
3930
3931
3932
3933
3934
3935
3936
3937
3938
3939
3940
3941
3942
3943
3944
3945
3946
3947
3948
3949
3950
3951
3952
3953
3954
3955
3956
3957
3958
3959
3960
3961
3962
3963
3964
3965
3966
3967
3968
3969
3970
3971
3972
3973
3974
3975
3976
3977
3978
3979
3980
3981
3982
3983
3984
3985
3986
3987
3988
3989
3990
3991
3992
3993
3994
3995
3996
3997
3998
3999
4000
4001
4002
4003
4004
4005
4006
4007
4008
4009
4010
4011
4012
4013
4014
4015
4016
4017
4018
4019
4020
4021
4022
4023
4024
4025
4026
4027
4028
4029
4030
4031
4032
4033
4034
4035
4036
4037
4038
4039
4040
4041
4042
4043
4044
4045
4046
4047
4048
4049
4050
4051
4052
4053
4054
4055
4056
4057
4058
4059
4060
4061
4062
4063
4064
4065
4066
4067
4068
4069
4070
4071
4072
4073
4074
4075
4076
4077
4078
4079
4080
4081
4082
4083
4084
4085
4086
4087
4088
4089
4090
4091
4092
4093
4094
4095
4096
4097
4098
4099
4100
4101
4102
4103
4104
4105
4106
4107
4108
4109
4110
4111
4112
4113
4114
4115
4116
4117
4118
4119
4120
4121
4122
4123
4124
4125
4126
4127
4128
4129
4130
4131
4132
4133
4134
4135
4136
4137
4138
4139
4140
4141
4142
4143
4144
4145
4146
4147
4148
4149
4150
4151
4152
4153
4154
4155
4156
4157
4158
4159
4160
4161
4162
4163
4164
4165
4166
4167
4168
4169
4170
4171
4172
4173
4174
4175
4176
4177
4178
4179
4180
4181
4182
4183
4184
4185
4186
4187
4188
4189
4190
4191
4192
4193
4194
4195
4196
4197
4198
4199
4200
4201
4202
4203
4204
4205
4206
4207
4208
4209
4210
4211
4212
4213
4214
4215
4216
4217
4218
4219
4220
4221
4222
4223
4224
4225
4226
4227
4228
4229
4230
4231
4232
4233
4234
4235
4236
4237
4238
4239
4240
4241
4242
4243
4244
4245
4246
4247
4248
4249
4250
4251
4252
4253
4254
4255
4256
4257
4258
4259
4260
4261
4262
4263
4264
4265
4266
4267
4268
4269
4270
4271
4272
4273
4274
4275
4276
4277
4278
4279
4280
4281
4282
4283
4284
4285
4286
4287
4288
4289
4290
4291
4292
4293
4294
4295
4296
4297
4298
4299
4300
4301
4302
4303
4304
4305
4306
4307
4308
4309
4310
4311
4312
4313
4314
4315
4316
4317
4318
4319
4320
4321
4322
4323
4324
4325
4326
4327
4328
4329
4330
4331
4332
4333
4334
4335
4336
4337
4338
4339
4340
4341
4342
4343
4344
4345
4346
4347
4348
4349
4350
4351
4352
4353
4354
4355
4356
4357
4358
4359
4360
4361
4362
4363
4364
4365
4366
4367
4368
4369
4370
4371
4372
4373
4374
4375
4376
4377
4378
4379
4380
4381
4382
4383
4384
4385
4386
4387
4388
4389
4390
4391
4392
4393
4394
4395
4396
4397
4398
4399
4400
4401
4402
4403
4404
4405
4406
4407
4408
4409
4410
4411
4412
4413
4414
4415
4416
4417
4418
4419
4420
4421
4422
4423
4424
4425
4426
4427
4428
4429
4430
4431
4432
4433
4434
4435
4436
4437
4438
4439
4440
4441
4442
4443
4444
4445
4446
4447
4448
4449
4450
4451
4452
4453
4454
4455
4456
4457
4458
4459
4460
4461
4462
4463
4464
4465
4466
4467
4468
4469
4470
4471
4472
4473
4474
4475
4476
4477
4478
4479
4480
4481
4482
4483
4484
4485
4486
4487
4488
4489
4490
4491
4492
4493
4494
4495
4496
4497
4498
4499
4500
4501
4502
4503
4504
4505
4506
4507
4508
4509
4510
4511
4512
4513
4514
4515
4516
4517
4518
4519
4520
4521
4522
4523
4524
4525
4526
4527
4528
4529
4530
4531
4532
4533
4534
4535
4536
4537
4538
4539
4540
4541
4542
4543
4544
4545
4546
4547
4548
4549
4550
4551
4552
4553
4554
4555
4556
4557
4558
4559
4560
4561
4562
4563
4564
4565
4566
4567
4568
4569
4570
4571
4572
4573
4574
4575
4576
4577
4578
4579
4580
4581
4582
4583
4584
4585
4586
4587
4588
4589
4590
4591
4592
4593
4594
4595
4596
4597
4598
4599
4600
4601
4602
4603
4604
4605
4606
4607
4608
4609
4610
4611
4612
4613
4614
4615
4616
4617
4618
4619
4620
4621
4622
4623
4624
4625
4626
4627
4628
4629
4630
4631
4632
4633
4634
4635
4636
4637
4638
4639
4640
4641
4642
4643
4644
4645
4646
4647
4648
4649
4650
4651
4652
4653
4654
4655
4656
4657
4658
4659
4660
4661
4662
4663
4664
4665
4666
4667
4668
4669
4670
4671
4672
4673
4674
4675
4676
4677
4678
4679
4680
4681
4682
4683
4684
4685
4686
4687
4688
4689
4690
4691
4692
4693
4694
4695
4696
4697
4698
4699
4700
4701
4702
4703
4704
4705
4706
4707
4708
4709
4710
4711
4712
4713
4714
4715
4716
4717
4718
4719
4720
4721
4722
4723
4724
4725
4726
4727
4728
4729
4730
4731
4732
4733
4734
4735
4736
4737
4738
4739
4740
4741
4742
4743
4744
4745
4746
4747
4748
4749
4750
4751
4752
4753
4754
4755
4756
4757
4758
4759
4760
4761
4762
4763
4764
4765
4766
4767
4768
4769
4770
4771
4772
4773
4774
4775
4776
4777
4778
4779
4780
4781
4782
4783
4784
4785
4786
4787
4788
4789
4790
4791
4792
4793
4794
4795
4796
4797
4798
4799
4800
4801
4802
4803
4804
4805
4806
4807
4808
4809
4810
4811
4812
4813
4814
4815
4816
4817
4818
4819
4820
4821
4822
4823
4824
4825
4826
4827
4828
4829
4830
4831
4832
4833
4834
4835
4836
4837
4838
4839
4840
4841
4842
4843
4844
4845
4846
4847
4848
4849
4850
4851
4852
4853
4854
4855
4856
4857
4858
4859
4860
4861
4862
4863
4864
4865
4866
4867
4868
4869
4870
4871
4872
4873
4874
4875
4876
4877
4878
4879
4880
4881
4882
4883
4884
4885
4886
4887
4888
4889
4890
4891
4892
4893
4894
4895
4896
4897
4898
4899
4900
4901
4902
4903
4904
4905
4906
4907
4908
4909
4910
4911
4912
4913
4914
4915
4916
4917
4918
4919
4920
4921
4922
4923
4924
4925
4926
4927
4928
4929
4930
4931
4932
4933
4934
4935
4936
4937
4938
4939
4940
4941
4942
4943
4944
4945
4946
4947
4948
4949
4950
4951
4952
4953
4954
4955
4956
4957
4958
4959
4960
4961
4962
4963
4964
4965
4966
4967
4968
4969
4970
4971
4972
4973
4974
4975
4976
4977
4978
4979
4980
4981
4982
4983
4984
4985
4986
4987
4988
4989
4990
4991
4992
4993
4994
4995
4996
4997
4998
4999
5000
5001
5002
5003
5004
5005
5006
5007
5008
5009
5010
5011
5012
5013
5014
5015
5016
5017
5018
5019
5020
5021
5022
5023
5024
5025
5026
5027
5028
5029
5030
5031
5032
5033
5034
5035
5036
5037
5038
5039
5040
5041
5042
5043
5044
5045
5046
5047
5048
5049
5050
5051
5052
5053
5054
5055
5056
5057
5058
5059
5060
5061
5062
5063
5064
5065
5066
5067
5068
5069
5070
5071
5072
5073
5074
5075
5076
5077
5078
5079
5080
5081
5082
5083
5084
5085
5086
5087
5088
5089
5090
5091
5092
5093
5094
5095
5096
5097
5098
5099
5100
5101
5102
5103
5104
5105
5106
5107
5108
5109
5110
5111
5112
5113
5114
5115
5116
5117
5118
5119
5120
5121
5122
5123
5124
5125
5126
5127
5128
5129
5130
5131
5132
5133
5134
5135
5136
5137
5138
5139
5140
5141
5142
5143
5144
5145
5146
5147
5148
5149
5150
5151
5152
5153
5154
5155
5156
5157
5158
5159
5160
5161
5162
5163
5164
5165
5166
5167
5168
5169
5170
5171
5172
5173
5174
5175
5176
5177
5178
5179
5180
5181
5182
5183
5184
5185
5186
5187
5188
5189
5190
5191
5192
5193
5194
5195
5196
5197
5198
5199
5200
5201
5202
5203
5204
5205
5206
5207
5208
5209
5210
5211
5212
5213
5214
5215
5216
5217
5218
5219
5220
5221
5222
5223
5224
5225
5226
5227
5228
5229
5230
5231
5232
5233
5234
5235
5236
5237
5238
5239
5240
5241
5242
5243
5244
5245
5246
5247
5248
5249
5250
5251
5252
5253
5254
5255
5256
5257
5258
5259
5260
5261
5262
5263
5264
5265
5266
5267
5268
5269
5270
5271
5272
5273
5274
5275
5276
5277
5278
5279
5280
5281
5282
5283
5284
5285
5286
5287
5288
5289
5290
5291
5292
5293
5294
5295
5296
5297
5298
5299
5300
5301
5302
5303
5304
5305
5306
5307
5308
5309
5310
5311
5312
5313
5314
5315
5316
5317
5318
5319
5320
5321
5322
5323
5324
5325
5326
5327
5328
5329
5330
5331
5332
5333
5334
5335
5336
5337
5338
5339
5340
5341
5342
5343
5344
5345
5346
5347
5348
5349
5350
5351
5352
5353
5354
5355
5356
5357
5358
5359
5360
5361
5362
5363
5364
5365
5366
5367
5368
5369
5370
5371
5372
5373
5374
5375
5376
5377
5378
5379
5380
5381
5382
5383
5384
5385
5386
5387
5388
5389
5390
5391
5392
5393
5394
5395
5396
5397
5398
5399
5400
5401
5402
5403
5404
5405
5406
5407
5408
5409
5410
5411
5412
5413
5414
5415
5416
5417
5418
5419
5420
5421
5422
5423
5424
5425
5426
5427
5428
5429
5430
5431
5432
5433
5434
5435
5436
5437
5438
5439
5440
5441
5442
5443
5444
5445
5446
5447
5448
5449
5450
5451
5452
5453
5454
5455
5456
5457
5458
5459
5460
5461
5462
5463
5464
5465
5466
5467
5468
5469
5470
5471
5472
5473
5474
5475
5476
5477
5478
5479
5480
5481
5482
5483
5484
5485
5486
5487
5488
5489
5490
5491
5492
5493
5494
5495
5496
5497
5498
5499
5500
5501
5502
5503
5504
5505
5506
5507
5508
5509
5510
5511
5512
5513
5514
5515
5516
5517
5518
5519
5520
5521
5522
5523
5524
5525
5526
5527
5528
5529
5530
5531
5532
5533
5534
5535
5536
5537
5538
5539
5540
5541
5542
5543
5544
5545
5546
5547
5548
5549
5550
5551
5552
5553
5554
5555
5556
5557
5558
5559
5560
5561
5562
5563
5564
5565
5566
5567
5568
5569
5570
5571
5572
5573
5574
5575
5576
5577
5578
5579
5580
5581
5582
5583
5584
5585
5586
5587
5588
5589
5590
5591
5592
5593
5594
5595
5596
5597
5598
5599
5600
5601
5602
5603
5604
5605
5606
5607
5608
5609
5610
5611
5612
5613
5614
5615
5616
5617
5618
5619
5620
5621
5622
5623
5624
5625
5626
5627
5628
5629
5630
5631
5632
5633
5634
5635
5636
5637
5638
5639
5640
5641
5642
5643
5644
5645
5646
5647
5648
5649
5650
5651
5652
5653
5654
5655
5656
5657
5658
5659
5660
5661
5662
5663
5664
5665
5666
5667
5668
5669
5670
5671
5672
5673
5674
5675
5676
5677
5678
5679
5680
5681
5682
5683
5684
5685
5686
5687
5688
5689
5690
5691
5692
5693
5694
5695
5696
5697
5698
5699
5700
5701
5702
5703
5704
5705
5706
5707
5708
5709
5710
5711
5712
5713
5714
5715
5716
5717
5718
5719
5720
5721
5722
5723
5724
5725
5726
5727
5728
5729
5730
5731
5732
5733
5734
5735
5736
5737
5738
5739
5740
5741
5742
5743
5744
5745
5746
5747
5748
5749
5750
5751
5752
5753
5754
5755
5756
5757
5758
5759
5760
5761
5762
5763
5764
5765
5766
5767
5768
5769
5770
5771
5772
5773
5774
5775
5776
5777
5778
5779
5780
5781
5782
5783
5784
5785
5786
5787
5788
5789
5790
5791
5792
5793
5794
5795
5796
5797
5798
5799
5800
5801
5802
5803
5804
5805
5806
5807
5808
5809
5810
5811
5812
5813
5814
5815
5816
5817
5818
5819
5820
5821
5822
5823
5824
5825
5826
5827
5828
5829
5830
5831
5832
5833
5834
5835
5836
5837
5838
5839
5840
5841
5842
5843
5844
5845
5846
5847
5848
5849
5850
5851
5852
5853
5854
5855
5856
5857
5858
5859
5860
5861
5862
5863
5864
5865
5866
5867
5868
5869
5870
5871
5872
5873
5874
5875
5876
5877
5878
5879
5880
5881
5882
5883
5884
5885
5886
5887
5888
5889
5890
5891
5892
5893
5894
5895
5896
5897
5898
5899
5900
5901
5902
5903
5904
5905
5906
5907
5908
5909
5910
5911
5912
5913
5914
5915
5916
5917
5918
5919
5920
5921
5922
5923
5924
5925
5926
5927
5928
5929
5930
5931
5932
5933
5934
5935
5936
5937
5938
5939
5940
5941
5942
5943
5944
5945
5946
5947
5948
5949
5950
5951
5952
5953
5954
5955
5956
5957
5958
5959
5960
5961
5962
5963
5964
5965
5966
5967
5968
5969
5970
5971
5972
5973
5974
5975
5976
5977
5978
5979
5980
5981
5982
5983
5984
5985
5986
5987
5988
5989
5990
5991
5992
5993
5994
5995
5996
5997
5998
5999
6000
6001
6002
6003
6004
6005
6006
6007
6008
6009
6010
6011
6012
6013
6014
6015
6016
6017
6018
6019
6020
6021
6022
6023
6024
6025
6026
6027
6028
6029
6030
6031
6032
6033
6034
6035
6036
6037
6038
6039
6040
6041
6042
6043
6044
6045
6046
6047
6048
6049
6050
6051
6052
6053
6054
6055
6056
6057
6058
6059
6060
6061
6062
6063
6064
6065
6066
6067
6068
6069
6070
6071
6072
6073
6074
6075
6076
6077
6078
6079
6080
6081
6082
6083
6084
6085
6086
6087
6088
6089
6090
6091
6092
6093
6094
6095
6096
6097
6098
6099
6100
6101
6102
6103
6104
6105
6106
6107
6108
6109
6110
6111
6112
6113
6114
6115
6116
6117
6118
6119
6120
6121
6122
6123
6124
6125
6126
6127
6128
6129
6130
6131
6132
6133
6134
6135
6136
6137
6138
6139
6140
6141
6142
6143
6144
6145
6146
6147
6148
6149
6150
6151
6152
6153
6154
6155
6156
6157
6158
6159
6160
6161
6162
6163
6164
6165
6166
6167
6168
6169
6170
6171
6172
6173
6174
6175
6176
6177
6178
6179
6180
6181
6182
6183
6184
6185
6186
6187
6188
6189
6190
6191
6192
6193
6194
6195
6196
6197
6198
6199
6200
6201
6202
6203
6204
6205
6206
6207
6208
6209
6210
6211
6212
6213
6214
6215
6216
6217
6218
6219
6220
6221
6222
6223
6224
6225
6226
6227
6228
6229
6230
6231
6232
6233
6234
6235
6236
6237
6238
6239
6240
6241
6242
6243
6244
6245
6246
6247
6248
6249
6250
6251
6252
6253
6254
6255
6256
6257
6258
6259
6260
6261
6262
6263
6264
6265
6266
6267
6268
6269
6270
6271
6272
6273
6274
6275
6276
6277
6278
6279
6280
6281
6282
6283
6284
6285
6286
6287
6288
6289
6290
6291
6292
6293
6294
6295
6296
6297
6298
6299
6300
6301
6302
6303
6304
6305
6306
6307
6308
6309
6310
6311
6312
6313
6314
6315
6316
6317
6318
6319
6320
6321
6322
6323
6324
6325
6326
6327
6328
6329
6330
6331
6332
6333
6334
6335
6336
6337
6338
6339
6340
6341
6342
6343
6344
6345
6346
6347
6348
6349
6350
6351
6352
6353
6354
6355
6356
6357
6358
6359
6360
6361
6362
6363
6364
6365
6366
6367
6368
6369
6370
6371
6372
6373
6374
6375
6376
6377
6378
6379
6380
6381
6382
6383
6384
6385
6386
6387
6388
6389
6390
6391
6392
6393
6394
6395
6396
6397
6398
6399
6400
6401
6402
6403
6404
6405
6406
6407
6408
6409
6410
6411
-0.031820000000000001 -0.013180000000000001 0.067500000000000004
-0.031820000000000001 -0.013180000000000001 0.078750000000000001
-0.034442 0 0.078750000000000001
-0.034442 0 0.067500000000000004
-0.031820000000000001 -0.013180000000000001 0.089999999999999983
-0.034442 0 0.089999999999999983
-0.021214 -0.0087869999999999979 0.089999999999999983
-0.021214 -0.0087869999999999979 0.067500000000000004
-0.022960999999999999 0 0.089999999999999983
-0.022960999999999999 0 0.067500000000000004
-0.021214 -0.0087869999999999979 0.13500000000000001
-0.022960999999999999 0 0.13500000000000001
-0.031820000000000001 -0.013180000000000001 0.13500000000000001
-0.034442 0 0.13500000000000001
-0.031820000000000001 0.013180000000000001 0.078750000000000001
-0.031820000000000001 0.013180000000000001 0.067500000000000004
-0.031820000000000001 0.013180000000000001 0.089999999999999983
-0.021214 0.0087869999999999979 0.089999999999999983
-0.021214 0.0087869999999999979 0.067500000000000004
-0.031820000000000001 0.013180000000000001 0.13500000000000001
-0.021214 0.0087869999999999979 0.13500000000000001
-0.031820000000000001 -0.013180000000000001 0.044999999999999998
-0.031820000000000001 -0.013180000000000001 0.056250000000000001
-0.034442 0 0.056250000000000001
-0.034442 0 0.044999999999999998
-0.021214 -0.0087869999999999979 0.044999999999999998
-0.022960999999999999 0 0.044999999999999998
-0.021214 -0.0087869999999999979 0
-0.022960999999999999 0 0
-0.031820000000000001 -0.013180000000000001 0
-0.034442 0 0
-0.031820000000000001 0.013180000000000001 0.044999999999999998
-0.031820000000000001 0.013180000000000001 0
-0.021214 0.0087869999999999979 0.044999999999999998
-0.021214 0.0087869999999999979 0
-0.031820000000000001 0.013180000000000001 0.056250000000000001
-0.024354000000000001 -0.024354000000000001 0.067500000000000004
-0.024354000000000001 -0.024354000000000001 0.078750000000000001
-0.024354000000000001 -0.024354000000000001 0.089999999999999983
-0.016236 -0.016236 0.089999999999999983
-0.016236 -0.016236 0.067500000000000004
-0.016236 -0.016236 0.13500000000000001
-0.024354000000000001 -0.024354000000000001 0.13500000000000001
-0.024354000000000001 0.024354000000000001 0.078750000000000001
-0.024354000000000001 0.024354000000000001 0.067500000000000004
-0.024354000000000001 0.024354000000000001 0.089999999999999983
-0.016236 0.016236 0.089999999999999983
-0.016236 0.016236 0.067500000000000004
-0.024354000000000001 0.024354000000000001 0.13500000000000001
-0.016236 0.016236 0.13500000000000001
-0.016236 -0.016236 0
-0.016236 -0.016236 0.044999999999999998
-0.024354000000000001 -0.024354000000000001 0
-0.024354000000000001 -0.024354000000000001 0.044999999999999998
-0.024354000000000001 0.024354000000000001 0.044999999999999998
-0.024354000000000001 0.024354000000000001 0
-0.016236 0.016236 0.044999999999999998
-0.016236 0.016236 0
-0.024354000000000001 -0.024354000000000001 0.056250000000000001
-0.024354000000000001 0.024354000000000001 0.056250000000000001
-0.013180000000000001 0.031820000000000001 0.078750000000000001
-0.013180000000000001 0.031820000000000001 0.067500000000000004
-0.013180000000000001 0.031820000000000001 0.089999999999999983
-0.0087869999999999979 0.021214 0.089999999999999983
-0.0087869999999999979 0.021214 0.067500000000000004
-0.013180000000000001 0.031820000000000001 0.13500000000000001
-0.0087869999999999979 0.021214 0.13500000000000001
-0.013180000000000001 -0.031820000000000001 0.067500000000000004
-0.013180000000000001 -0.031820000000000001 0.078750000000000001
-0.013180000000000001 -0.031820000000000001 0.089999999999999983
-0.0087869999999999979 -0.021214 0.089999999999999983
-0.0087869999999999979 -0.021214 0.067500000000000004
-0.013180000000000001 -0.031820000000000001 0.13500000000000001
-0.0087869999999999979 -0.021214 0.13500000000000001
-0.013180000000000001 0.031820000000000001 0
-0.0087869999999999979 0.021214 0
-0.013180000000000001 0.031820000000000001 0.044999999999999998
-0.0087869999999999979 0.021214 0.044999999999999998
-0.013180000000000001 -0.031820000000000001 0
-0.013180000000000001 -0.031820000000000001 0.044999999999999998
-0.0087869999999999979 -0.021214 0.044999999999999998
-0.0087869999999999979 -0.021214 0
-0.013180000000000001 -0.031820000000000001 0.056250000000000001
-0.013180000000000001 0.031820000000000001 0.056250000000000001
-0.011481 0 0.089999999999999983
-0.0081180000000000002 -0.0081180000000000002 0.089999999999999983
-0.011481 0 0.067500000000000004
-0.0081180000000000002 -0.0081180000000000002 0.067500000000000004
-0.011481 0 0.13500000000000001
-0.0081180000000000002 -0.0081180000000000002 0.13500000000000001
-0.0081180000000000002 0.0081180000000000002 0.089999999999999983
-0.0081180000000000002 0.0081180000000000002 0.13500000000000001
-0.0081180000000000002 0.0081180000000000002 0.067500000000000004
-0.011481 0 0.044999999999999998
-0.0081180000000000002 -0.0081180000000000002 0.044999999999999998
-0.011481 0 0
-0.0081180000000000002 -0.0081180000000000002 0
-0.0081180000000000002 0.0081180000000000002 0
-0.0081180000000000002 0.0081180000000000002 0.044999999999999998
0 -0.022960999999999999 0.089999999999999983
0 -0.011481 0.089999999999999983
0 -0.022960999999999999 0.067500000000000004
0 -0.011481 0.067500000000000004
0 -0.022960999999999999 0.13500000000000001
0 -0.011481 0.13500000000000001
0 0.022960999999999999 0.067500000000000004
0 0.011481 0.067500000000000004
0 0.022960999999999999 0.089999999999999983
0 0.011481 0.089999999999999983
0 0.022960999999999999 0.13500000000000001
0 0.011481 0.13500000000000001
0 -0.022960999999999999 0.044999999999999998
0 -0.011481 0.044999999999999998
0 -0.022960999999999999 0
0 -0.011481 0
0 0.022960999999999999 0
0 0.011481 0
0 0.022960999999999999 0.044999999999999998
0 0.011481 0.044999999999999998
0 -0.034442 0.089999999999999983
0 -0.034442 0.078750000000000001
0 -0.034442 0.067500000000000004
0 -0.034442 0.13500000000000001
0 0.034442 0.078750000000000001
0 0.034442 0.067500000000000004
0 0.034442 0.089999999999999983
0 0.034442 0.13500000000000001
0 -0.034442 0
0 -0.034442 0.044999999999999998
0 -0.034442 0.056250000000000001
0 0.034442 0
0 0.034442 0.044999999999999998
0 0.034442 0.056250000000000001
0.0081180000000000002 0.0081180000000000002 0.067500000000000004
0.011481 0 0.067500000000000004
0.0081180000000000002 -0.0081180000000000002 0.067500000000000004
0.0081180000000000002 0.0081180000000000002 0.089999999999999983
0.011481 0 0.089999999999999983
0.0081180000000000002 -0.0081180000000000002 0.089999999999999983
0.0081180000000000002 0.0081180000000000002 0.13500000000000001
0.011481 0 0.13500000000000001
0.0081180000000000002 -0.0081180000000000002 0.13500000000000001
0.0081180000000000002 0.0081180000000000002 0
0.011481 0 0
0.0081180000000000002 -0.0081180000000000002 0
0.0081180000000000002 0.0081180000000000002 0.044999999999999998
0.011481 0 0.044999999999999998
0.0081180000000000002 -0.0081180000000000002 0.044999999999999998
0.013180000000000001 0.031820000000000001 0.067500000000000004
0.013180000000000001 0.031820000000000001 0.078750000000000001
0.013180000000000001 0.031820000000000001 0.089999999999999983
0.0087869999999999979 0.021214 0.089999999999999983
0.0087869999999999979 0.021214 0.067500000000000004
0.013180000000000001 -0.031820000000000001 0.089999999999999983
0.013180000000000001 -0.031820000000000001 0.13500000000000001
0.0087869999999999979 -0.021214 0.13500000000000001
0.0087869999999999979 -0.021214 0.089999999999999983
0.013180000000000001 -0.031820000000000001 0.067500000000000004
0.013180000000000001 -0.031820000000000001 0.078750000000000001
0.0087869999999999979 -0.021214 0.067500000000000004
0.013180000000000001 -0.031820000000000001 0
0.013180000000000001 -0.031820000000000001 0.044999999999999998
0.0087869999999999979 -0.021214 0.044999999999999998
0.0087869999999999979 -0.021214 0
0.013180000000000001 0.031820000000000001 0.056250000000000001
0.013180000000000001 0.031820000000000001 0.044999999999999998
0.0087869999999999979 0.021214 0.044999999999999998
0.013180000000000001 -0.031820000000000001 0.056250000000000001
0.016236 -0.016236 0.067500000000000004
0.016236 -0.016236 0.089999999999999983
0.016236 -0.016236 0.13500000000000001
0.013180000000000001 0.031820000000000001 0.13500000000000001
0.0087869999999999979 0.021214 0.13500000000000001
0.016236 0.016236 0.089999999999999983
0.016236 0.016236 0.067500000000000004
0.016236 0.016236 0.13500000000000001
0.0087869999999999979 0.021214 0
0.013180000000000001 0.031820000000000001 0
0.016236 -0.016236 0
0.016236 -0.016236 0.044999999999999998
0.016236 0.016236 0.044999999999999998
0.016236 0.016236 0
0.022960999999999999 0 0.067500000000000004
0.021214 -0.0087869999999999979 0.067500000000000004
0.022960999999999999 0 0.089999999999999983
0.021214 -0.0087869999999999979 0.089999999999999983
0.022960999999999999 0 0.13500000000000001
0.021214 -0.0087869999999999979 0.13500000000000001
0.021214 0.0087869999999999979 0.089999999999999983
0.021214 0.0087869999999999979 0.067500000000000004
0.021214 0.0087869999999999979 0.13500000000000001
0.022960999999999999 0 0
0.021214 -0.0087869999999999979 0
0.022960999999999999 0 0.044999999999999998
0.021214 -0.0087869999999999979 0.044999999999999998
0.021214 0.0087869999999999979 0.044999999999999998
0.021214 0.0087869999999999979 0
0.024354000000000001 0.024354000000000001 0.067500000000000004
0.024354000000000001 0.024354000000000001 0.078750000000000001
0.024354000000000001 0.024354000000000001 0.089999999999999983
0.024354000000000001 0.024354000000000001 0.13500000000000001
0.024354000000000001 -0.024354000000000001 0.078750000000000001
0.024354000000000001 -0.024354000000000001 0.089999999999999983
0.024354000000000001 -0.024354000000000001 0.067500000000000004
0.024354000000000001 -0.024354000000000001 0.13500000000000001
0.024354000000000001 -0.024354000000000001 0
0.024354000000000001 -0.024354000000000001 0.044999999999999998
0.024354000000000001 -0.024354000000000001 0.056250000000000001
0.024354000000000001 0.024354000000000001 0
0.024354000000000001 0.024354000000000001 0.044999999999999998
0.024354000000000001 0.024354000000000001 0.056250000000000001
0.031820000000000001 0.013180000000000001 0.067500000000000004
0.031820000000000001 0.013180000000000001 0.078750000000000001
0.031820000000000001 0.013180000000000001 0.089999999999999983
0.031820000000000001 0.013180000000000001 0.13500000000000001
0.031820000000000001 -0.013180000000000001 0.078750000000000001
0.031820000000000001 -0.013180000000000001 0.089999999999999983
0.031820000000000001 -0.013180000000000001 0.067500000000000004
0.031820000000000001 0.013180000000000001 0
0.031820000000000001 0.013180000000000001 0.044999999999999998
0.031820000000000001 0.013180000000000001 0.056250000000000001
0.031820000000000001 -0.013180000000000001 0
0.031820000000000001 -0.013180000000000001 0.044999999999999998
0.031820000000000001 -0.013180000000000001 0.056250000000000001
0.031820000000000001 -0.013180000000000001 0.13500000000000001
0.034442 0 0.078750000000000001
0.034442 0 0.089999999999999983
0.034442 0 0.067500000000000004
0.034442 0 0.13500000000000001
0.034442 0 0.044999999999999998
0.034442 0 0.056250000000000001
0.034442 0 0
0 0 0.13500000000000001
0 0 0
-0.031820000000000001 -0.013180000000000002 0.073125000000000009
-0.033131000000000001 -0.0065899999999999856 0.078750000000000001
-0.034442 0 0.073125000000000009
-0.033131000000000001 -0.0065899999999999856 0.067500000000000004
-0.031820000000000001 -0.013180000000000001 0.084375000000000006
-0.033131000000000001 -0.0065900000000000177 0.089999999999999983
-0.034442 0 0.084375000000000006
-0.026517000000000013 -0.010983500000000007 0.090000000000000011
-0.021214 -0.0087869999999999979 0.07870807443426979
-0.021214 -0.0087869999999999979 0.07310403721713489
-0.021214 -0.0087869999999999979 0.084354037217134886
-0.026516999999999988 -0.010983499999999997 0.067500000000000004
-0.028701500000000001 0 0.090000000000000011
-0.022087499999999999 -0.004393499999999999 0.089999999999999983
-0.022960999999999999 0 0.078750000000000028
-0.022960999999999999 0 0.084375000000000033
-0.022960999999999999 0 0.073125000000000009
-0.028701500000000001 0 0.067500000000000004
-0.022087499999999999 -0.004393499999999999 0.067500000000000004
-0.021214 -0.0087869999999999979 0.10493404523864699
-0.021214 -0.0087869999999999979 0.12041753617588914
-0.021214 -0.0087869999999999979 0.097467022619323523
-0.021214 -0.0087869999999999979 0.11267579070726808
-0.021214 -0.0087869999999999979 0.12770876808794457
-0.022087499999999999 -0.0043935000000000007 0.13500000000000001
-0.022960999999999999 0 0.12405743362932306
-0.022960999999999999 0 0.11211969997413453
-0.022960999999999999 0 0.10092187519064257
-0.022960999999999999 0 0.12952871681466152
-0.022960999999999999 0 0.1180885668017288
-0.022960999999999999 0 0.10652078758238852
-0.022960999999999999 0 0.095460937595321302
-0.031820000000000001 -0.013180000000000001 0.10124999999999997
-0.031820000000000001 -0.013180000000000001 0.11249999999999992
-0.031820000000000001 -0.013180000000000002 0.12374999999999994
-0.031820000000000001 -0.013180000000000001 0.095624999999999974
-0.031820000000000001 -0.013180000000000001 0.10687499999999994
-0.031820000000000001 -0.013180000000000002 0.11812499999999994
-0.031820000000000001 -0.013180000000000002 0.12937499999999996
-0.026517000000000013 -0.010983500000000007 0.13500000000000001
-0.033131000000000001 -0.0065899999999999856 0.13500000000000001
-0.028701500000000001 0 0.13500000000000001
-0.034442 0 0.10124999999999997
-0.034442 0 0.11249999999999992
-0.034442 0 0.12374999999999994
-0.034442 0 0.095624999999999988
-0.034442 0 0.10687499999999996
-0.034442 0 0.11812499999999994
-0.034442 0 0.12937499999999996
-0.033131000000000001 0.0065900000000000177 0.078750000000000001
-0.031820000000000001 0.013180000000000001 0.073125000000000009
-0.033131000000000001 0.0065900000000000177 0.067500000000000004
-0.033131000000000001 0.0065899999999999856 0.089999999999999983
-0.031820000000000001 0.013180000000000001 0.084375000000000006
-0.026517000000000013 0.010983500000000004 0.089999999999999983
-0.022087499999999999 0.0043935000000000007 0.089999999999999983
-0.026516999999999988 0.010983499999999997 0.067500000000000004
-0.021214 0.0087869999999999979 0.074835145544099632
-0.021214 0.0087869999999999979 0.082192148448202107
-0.021214 0.0087869999999999979 0.071167572772049811
-0.021214 0.0087869999999999979 0.078513646996150863
-0.021214 0.0087869999999999979 0.086096074224101052
-0.022087499999999999 0.0043935000000000007 0.067500000000000004
-0.033131000000000001 0.0065900000000000169 0.13500000000000001
-0.031820000000000001 0.013180000000000002 0.10132859758425114
-0.031820000000000001 0.013180000000000002 0.11247415099212672
-0.031820000000000001 0.013180000000000001 0.1236714024157488
-0.031820000000000001 0.013180000000000002 0.095664298792125582
-0.031820000000000001 0.013180000000000002 0.10690137428818892
-0.031820000000000001 0.013180000000000001 0.11807277670393776
-0.031820000000000001 0.013180000000000001 0.12933570120787441
-0.026517000000000013 0.010983500000000004 0.13500000000000001
-0.022087499999999999 0.004393499999999999 0.13500000000000001
-0.021214 0.0087869999999999979 0.1020873469207524
-0.021214 0.0087869999999999979 0.11196795684044145
-0.021214 0.0087869999999999979 0.12222055261793992
-0.021214 0.0087869999999999979 0.096043673460376192
-0.021214 0.0087869999999999979 0.10702765188059692
-0.021214 0.0087869999999999979 0.11709425472919067
-0.021214 0.0087869999999999979 0.12861027630896996
-0.031820000000000001 -0.013180000000000001 0.050625000000000003
-0.033131000000000001 -0.0065899999999999856 0.056250000000000001
-0.034442 0 0.050625000000000003
-0.033131000000000001 -0.0065899999999999856 0.044999999999999998
-0.031820000000000001 -0.013180000000000001 0.061874999999999999
-0.034442 0 0.061874999999999999
-0.021214 -0.0087869999999999979 0.056256601427944593
-0.021214 -0.0087869999999999979 0.050628300713972285
-0.021214 -0.0087869999999999979 0.061878300713972295
-0.026516999999999988 -0.010983499999999997 0.044999999999999998
-0.022960999999999999 0 0.056249999980922255
-0.022960999999999999 0 0.06187499999046113
-0.022960999999999999 0 0.050624999990461134
-0.028701500000000001 0 0.045000000000000005
-0.022087499999999999 -0.004393499999999999 0.044999999999999998
-0.021214 -0.0087869999999999979 0.014507437935035684
-0.021214 -0.0087869999999999979 0.029807204836543453
-0.021214 -0.0087869999999999979 0.007253718967517842
-0.021214 -0.0087869999999999979 0.022157321385789568
-0.021214 -0.0087869999999999979 0.037403602418271731
-0.022960999999999999 0 0.010914256556833439
-0.022960999999999999 0 0.021895133807045105
-0.022960999999999999 0 0.033919335925755904
-0.022960999999999999 0 0.0054571282784167206
-0.022960999999999999 0 0.01640469518193927
-0.022960999999999999 0 0.027907234866400503
-0.022960999999999999 0 0.039459667962877941
-0.022087499999999999 -0.0043935000000000007 0
-0.031820000000000001 -0.013180000000000001 0.011249999999999968
-0.031820000000000001 -0.013180000000000001 0.022499999999999933
-0.031820000000000001 -0.013180000000000002 0.03374999999999994
-0.031820000000000001 -0.013180000000000001 0.0056249999999999833
-0.031820000000000001 -0.013180000000000001 0.016874999999999949
-0.031820000000000001 -0.013180000000000002 0.028124999999999935
-0.031820000000000001 -0.013180000000000002 0.039374999999999966
-0.026517000000000013 -0.010983500000000007 0
-0.034442 0 0.011249999999999987
-0.034442 0 0.022499999999999975
-0.034442 0 0.033749999999999919
-0.034442 0 0.0056249999999999946
-0.034442 0 0.016874999999999984
-0.034442 0 0.028124999999999949
-0.034442 0 0.039374999999999959
-0.028701500000000001 0 0
-0.033131000000000001 -0.0065899999999999856 0
-0.033131000000000001 0.0065900000000000177 0.044999999999999998
-0.031820000000000001 0.013180000000000002 0.011378870181010437
-0.031820000000000001 0.013180000000000002 0.022397195601700007
-0.031820000000000001 0.013180000000000001 0.033621129818989473
-0.031820000000000001 0.013180000000000002 0.0056894350905052175
-0.031820000000000001 0.013180000000000002 0.016888032891355223
-0.031820000000000001 0.013180000000000001 0.028009162710344745
-0.031820000000000001 0.013180000000000001 0.039310564909494736
-0.033131000000000001 0.0065900000000000169 0
-0.026516999999999988 0.010983499999999997 0.044999999999999998
-0.022087499999999999 0.0043935000000000007 0.044999999999999998
-0.026517000000000013 0.010983500000000004 0
-0.021214 0.0087869999999999979 0.012516788606488008
-0.021214 0.0087869999999999979 0.022494213281692439
-0.021214 0.0087869999999999979 0.032677299853290993
-0.021214 0.0087869999999999979 0.0062583943032440041
-0.021214 0.0087869999999999979 0.017505500944090223
-0.021214 0.0087869999999999979 0.02758575656749172
-0.021214 0.0087869999999999979 0.038838649926645485
-0.022087499999999999 0.004393499999999999 0
-0.033131000000000001 0.0065900000000000177 0.056250000000000001
-0.031820000000000001 0.013180000000000001 0.050625000000000003
-0.031820000000000001 0.013180000000000002 0.061874999999999999
-0.021214 0.0087869999999999979 0.052459346219738155
-0.021214 0.0087869999999999979 0.059810823526022086
-0.021214 0.0087869999999999979 0.048729673109869073
-0.021214 0.0087869999999999979 0.056135084872880117
-0.021214 0.0087869999999999979 0.063655411763011038
-0.024354000000000001 -0.024354000000000001 0.073125000000000009
-0.028087000000000001 -0.018766999999999999 0.078750000000000001
-0.028087000000000001 -0.018766999999999999 0.067500000000000004
-0.024354000000000001 -0.024354000000000001 0.084375000000000006
-0.028087000000000001 -0.018766999999999999 0.089999999999999983
-0.020295000000000007 -0.020295000000000007 0.090000000000000011
-0.016236 -0.016236 0.07855318714055079
-0.016236 -0.016236 0.084276593570275393
-0.016236 -0.016236 0.073026593570275397
-0.020294999999999997 -0.020294999999999997 0.067500000000000004
-0.018724999999999999 -0.012511499999999998 0.090000000000000011
-0.018724999999999999 -0.012511499999999998 0.067500000000000004
-0.016236 -0.016236 0.1206029500260392
-0.016236 -0.016236 0.10585123764343685
-0.016236 -0.016236 0.12780147501301961
-0.016236 -0.016236 0.11322709383473802
-0.016236 -0.016236 0.097925618821718421
-0.018724999999999999 -0.012511500000000002 0.13500000000000001
-0.024354000000000001 -0.024354000000000001 0.10124999999999997
-0.024354000000000001 -0.024354000000000001 0.11249999999999992
-0.024354000000000001 -0.024354000000000001 0.12374999999999994
-0.024354000000000001 -0.024354000000000001 0.095624999999999974
-0.024354000000000001 -0.024354000000000001 0.10687499999999994
-0.024354000000000001 -0.024354000000000001 0.11812499999999994
-0.024354000000000001 -0.024354000000000001 0.12937499999999996
-0.020295000000000007 -0.020295000000000007 0.13500000000000001
-0.028087000000000001 -0.018766999999999999 0.13500000000000001
-0.027958913129609207 0.018958701405002241 0.078750000000000001
-0.029889456564804604 0.016069350702501119 0.078750000000000001
-0.026156456564804604 0.021656350702501121 0.078750000000000001
-0.024354000000000001 0.024354000000000001 0.073125000000000009
-0.028100588072990415 0.018746663390356959 0.067500000000000004
-0.029960294036495208 0.015963331695178481 0.067500000000000004
-0.026227294036495208 0.021550331695178483 0.067500000000000004
-0.028087000000000001 0.018766999999999999 0.090000000000000011
-0.024354000000000001 0.024354000000000001 0.084375000000000006
-0.019864302057361279 0.019864302057361279 0.089999999999999983
-0.018050151028680642 0.018050151028680642 0.089999999999999983
-0.022109151028680642 0.022109151028680642 0.090000000000000011
-0.018724999999999999 0.012511500000000002 0.089999999999999983
-0.019819929447521971 0.019819929447521971 0.067500000000000004
-0.022086964723760989 0.022086964723760989 0.067500000000000004
-0.018027964723760986 0.018027964723760986 0.067500000000000004
-0.016236 0.016236 0.084909012965859482
-0.016236 0.016236 0.080748964582794458
-0.016236 0.016236 0.076329643385236651
-0.016236 0.016236 0.072181271921608892
-0.016236 0.016236 0.087454506482929739
-0.016236 0.016236 0.08282898877432697
-0.016236 0.016236 0.078539303984015568
-0.016236 0.016236 0.074255457653422785
-0.016236 0.016236 0.069840635960804462
-0.018487934732148614 0.01286624069510345 0.067500000000000004
-0.019850967366074307 0.010826620347551726 0.067500000000000004
-0.017361967366074305 0.014551120347551728 0.067500000000000004
-0.028087000000000001 0.018766999999999999 0.13500000000000001
-0.024354000000000001 0.024354000000000001 0.10204392047892225
-0.024354000000000001 0.024354000000000001 0.11259348366521348
-0.024354000000000001 0.024354000000000001 0.12298153109443666
-0.024354000000000001 0.024354000000000001 0.096021960239461121
-0.024354000000000001 0.024354000000000001 0.10731870207206788
-0.024354000000000001 0.024354000000000001 0.11778750737982507
-0.024354000000000001 0.024354000000000001 0.12899076554721833
-0.020295000000000007 0.020295000000000007 0.13500000000000001
-0.018724999999999999 0.012511499999999998 0.13500000000000001
-0.016236 0.016236 0.12673085588754684
-0.016236 0.016236 0.12075260958653868
-0.016236 0.016236 0.11630924358108941
-0.016236 0.016236 0.11198591046831401
-0.016236 0.016236 0.10761726697356286
-0.016236 0.016236 0.1032688462171342
-0.016236 0.016236 0.097501321527956167
-0.016236 0.016236 0.13086542794377343
-0.016236 0.016236 0.12374173273704275
-0.016236 0.016236 0.11853092658381403
-0.016236 0.016236 0.1141475770247017
-0.016236 0.016236 0.10980158872093844
-0.016236 0.016236 0.10544305659534851
-0.016236 0.016236 0.1003850838725452
-0.016236 0.016236 0.093750660763978103
-0.016236 -0.016236 0.01449956427097162
-0.016236 -0.016236 0.029358966051357915
-0.016236 -0.016236 0.0072497821354858098
-0.016236 -0.016236 0.021929265161164765
-0.016236 -0.016236 0.037179483025678958
-0.018724999999999999 -0.012511499999999998 0.044999999999999998
-0.018724999999999999 -0.012511500000000002 0
-0.024354000000000001 -0.024354000000000001 0.011250000000000027
-0.024354000000000001 -0.024354000000000001 0.022500000000000055
-0.024354000000000001 -0.024354000000000001 0.033750000000000051
-0.024354000000000001 -0.024354000000000001 0.0056250000000000154
-0.024354000000000001 -0.024354000000000001 0.016875000000000043
-0.024354000000000001 -0.024354000000000001 0.028125000000000056
-0.024354000000000001 -0.024354000000000001 0.039375000000000014
-0.020294999999999997 -0.020294999999999997 0.044999999999999998
-0.020295000000000007 -0.020295000000000007 0
-0.028087000000000001 -0.018766999999999999 0.044999999999999998
-0.028087000000000001 -0.018766999999999999 0
-0.028087000000000001 0.018766999999999999 0.044999999999999998
-0.024354000000000001 0.024354000000000001 0.012065617512914332
-0.024354000000000001 0.024354000000000001 0.022495990883899721
-0.024354000000000001 0.024354000000000001 0.03291376809768122
-0.024354000000000001 0.024354000000000001 0.0060328087564571675
-0.024354000000000001 0.024354000000000001 0.017280804198407027
-0.024354000000000001 0.024354000000000001 0.027704879490790469
-0.024354000000000001 0.024354000000000001 0.038956884048840609
-0.028087000000000001 0.018766999999999999 0
-0.019857703382199575 0.019857703382199575 0.045000000000000005
-0.022105851691099791 0.022105851691099791 0.044999999999999998
-0.018046851691099784 0.018046851691099784 0.045000000000000005
-0.018508208040064197 0.012835904039686983 0.045000000000000005
-0.019861104020032095 0.010811452019843492 0.044999999999999998
-0.017372104020032097 0.014535952019843494 0.045000000000000005
-0.020295000000000007 0.020295000000000007 0
-0.016236 0.016236 0.0082438854442687046
-0.016236 0.016236 0.014201477807110228
-0.016236 0.016236 0.018627045911620163
-0.016236 0.016236 0.022947749966710593
-0.016236 0.016236 0.02732904021102716
-0.016236 0.016236 0.031707082346473313
-0.016236 0.016236 0.037520653799466251
-0.016236 0.016236 0.0041219427221343523
-0.016236 0.016236 0.011222681625689467
-0.016236 0.016236 0.016414261859365196
-0.016236 0.016236 0.020787397939165377
-0.016236 0.016236 0.025138395088868871
-0.016236 0.016236 0.029518061278750236
-0.016236 0.016236 0.034613868072969782
-0.016236 0.016236 0.041260326899733121
-0.018724999999999999 0.012511499999999998 0
-0.024354000000000001 -0.024354000000000001 0.050625000000000003
-0.028087000000000001 -0.018766999999999999 0.056250000000000001
-0.024354000000000001 -0.024354000000000001 0.061874999999999999
-0.016236 -0.016236 0.056264160253217219
-0.016236 -0.016236 0.061882080126608605
-0.016236 -0.016236 0.050632080126608608
-0.028149875945270655 0.018672896623030497 0.056250000000000001
-0.02998493797263533 0.01592644831151525 0.056250000000000001
-0.026251937972635329 0.021513448311515249 0.056250000000000001
-0.024354000000000001 0.024354000000000001 0.050625000000000003
-0.024354000000000001 0.024354000000000001 0.061874999999999999
-0.016236 0.016236 0.062783187043488051
-0.016236 0.016236 0.058626137905686861
-0.016236 0.016236 0.054206517100206075
-0.016236 0.016236 0.050058945494136767
-0.016236 0.016236 0.065141593521744021
-0.016236 0.016236 0.060704662474587445
-0.016236 0.016236 0.056416327502946464
-0.016236 0.016236 0.052132731297171421
-0.016236 0.016236 0.047529472747068383
-0.018945515766205897 0.027967723222615606 0.078750000000000001
-0.021649757883102951 0.026160861611307804 0.078750000000000001
-0.016062757883102949 0.029893861611307804 0.078750000000000001
-0.013180000000000001 0.031820000000000001 0.073125000000000009
-0.01874666356798798 0.028100587954304791 0.067500000000000004
-0.021550331783993994 0.026227293977152399 0.067500000000000004
-0.015963331783993992 0.0299602939771524 0.067500000000000004
-0.018766999999999999 0.028087000000000001 0.089999999999999983
-0.013180000000000001 0.031820000000000001 0.084375000000000006
-0.010983500000000007 0.026517000000000013 0.090000000000000011
-0.012828116121917667 0.018513412531224838 0.089999999999999983
-0.014532058060958834 0.017374706265612421 0.089999999999999983
-0.010807558060958832 0.019863706265612423 0.090000000000000011
-0.010983499999999997 0.026516999999999988 0.067500000000000004
-0.0087869999999999979 0.021214 0.075063700889013263
-0.0087869999999999979 0.021214 0.082289763908069621
-0.0087869999999999979 0.021214 0.07128185044450662
-0.0087869999999999979 0.021214 0.078676732398541421
-0.0087869999999999979 0.021214 0.086144881954034816
-0.01286697385340442 0.018487444778863316 0.067500000000000004
-0.01455148692670221 0.017361722389431657 0.067500000000000004
-0.010826986926702208 0.019850722389431651 0.067500000000000004
-0.013180000000000002 0.031820000000000001 0.10163296743063742
-0.013180000000000002 0.031820000000000001 0.11249562090927016
-0.013180000000000001 0.031820000000000001 0.12336716134888936
-0.013180000000000002 0.031820000000000001 0.095816483715318715
-0.013180000000000002 0.031820000000000001 0.10706429416995381
-0.013180000000000001 0.031820000000000001 0.11793139112907976
-0.013180000000000001 0.031820000000000001 0.12918358067444469
-0.010983500000000007 0.026517000000000013 0.13500000000000001
-0.0087869999999999979 0.021214 0.1022939464401558
-0.0087869999999999979 0.021214 0.11214586788384426
-0.0087869999999999979 0.021214 0.1220870621623296
-0.0087869999999999979 0.021214 0.096146973220077925
-0.0087869999999999979 0.021214 0.10721990716200004
-0.0087869999999999979 0.021214 0.11711646502308692
-0.0087869999999999979 0.021214 0.12854353108116481
-0.018766999999999999 0.028087000000000001 0.13500000000000001
-0.012511500000000002 0.018724999999999999 0.13500000000000001
-0.013180000000000002 -0.031820000000000001 0.073125000000000009
-0.018766999999999999 -0.028087000000000001 0.078750000000000001
-0.018766999999999999 -0.028087000000000001 0.067500000000000004
-0.013180000000000001 -0.031820000000000001 0.084375000000000006
-0.018766999999999999 -0.028087000000000001 0.089999999999999983
-0.010983500000000004 -0.026517000000000013 0.089999999999999983
-0.0087869999999999979 -0.021214 0.078703243506137152
-0.0087869999999999979 -0.021214 0.073101621753068571
-0.0087869999999999979 -0.021214 0.084351621753068581
-0.010983499999999997 -0.026516999999999988 0.067500000000000004
-0.012511500000000002 -0.018724999999999999 0.089999999999999983
-0.012511500000000002 -0.018724999999999999 0.067500000000000004
-0.013180000000000001 -0.031820000000000001 0.10124999999999997
-0.013180000000000001 -0.031820000000000001 0.11249999999999992
-0.013180000000000002 -0.031820000000000001 0.12374999999999994
-0.013180000000000001 -0.031820000000000001 0.095624999999999974
-0.013180000000000001 -0.031820000000000001 0.10687499999999994
-0.013180000000000002 -0.031820000000000001 0.11812499999999994
-0.013180000000000002 -0.031820000000000001 0.12937499999999996
-0.018766999999999999 -0.028087000000000001 0.13500000000000001
-0.012511500000000002 -0.018724999999999999 0.13500000000000001
-0.010983500000000004 -0.026517000000000013 0.13500000000000001
-0.0087869999999999979 -0.021214 0.10525330610319092
-0.0087869999999999979 -0.021214 0.12052145849142056
-0.0087869999999999979 -0.021214 0.097626653051595444
-0.0087869999999999979 -0.021214 0.11288738229730574
-0.0087869999999999979 -0.021214 0.12776072924571028
-0.010983499999999997 0.026516999999999985 0
-0.013180000000000001 0.031820000000000001 0.033367032755244344
-0.013180000000000001 0.031820000000000001 0.02250437934488482
-0.013180000000000002 0.031820000000000001 0.011632838466728274
-0.013180000000000001 0.031820000000000001 0.039183516377622171
-0.013180000000000001 0.031820000000000001 0.027935706050064586
-0.013180000000000002 0.031820000000000001 0.017068608905806547
-0.013180000000000002 0.031820000000000001 0.0058164192333641368
-0.010983499999999997 0.026516999999999988 0.044999999999999998
-0.0087869999999999979 0.021214 0.032706053401790627
-0.0087869999999999979 0.021214 0.022854132069041959
-0.0087869999999999979 0.021214 0.012912937783226748
-0.0087869999999999979 0.021214 0.038853026700895313
-0.0087869999999999979 0.021214 0.027780092735416297
-0.0087869999999999979 0.021214 0.017883534926134353
-0.0087869999999999979 0.021214 0.0064564688916133725
-0.018766999999999999 0.028087000000000001 0
-0.012511500000000002 0.018724999999999999 0
-0.018766999999999999 0.028087000000000001 0.044999999999999998
-0.012832462255486484 0.01851050810742224 0.045000000000000005
-0.014534231127743245 0.01737325405371112 0.045000000000000005
-0.010809731127743244 0.019862254053711122 0.044999999999999998
-0.013180000000000001 -0.031820000000000001 0.011249999999999968
-0.013180000000000001 -0.031820000000000001 0.022499999999999933
-0.013180000000000002 -0.031820000000000001 0.03374999999999994
-0.013180000000000001 -0.031820000000000001 0.0056249999999999833
-0.013180000000000001 -0.031820000000000001 0.016874999999999949
-0.013180000000000002 -0.031820000000000001 0.028124999999999935
-0.013180000000000002 -0.031820000000000001 0.039374999999999966
-0.018766999999999999 -0.028087000000000001 0.044999999999999998
-0.018766999999999999 -0.028087000000000001 0
-0.012511500000000002 -0.018724999999999999 0.044999999999999998
-0.010983499999999997 -0.026516999999999988 0.044999999999999998
-0.0087869999999999979 -0.021214 0.014613575120182678
-0.0087869999999999979 -0.021214 0.030126045092401577
-0.0087869999999999979 -0.021214 0.0073067875600913391
-0.0087869999999999979 -0.021214 0.022369810106292128
-0.0087869999999999979 -0.021214 0.037563022546200794
-0.012511499999999998 -0.018724999999999999 0
-0.010983500000000004 -0.026517000000000013 0
-0.013180000000000001 -0.031820000000000001 0.050625000000000003
-0.018766999999999999 -0.028087000000000001 0.056250000000000001
-0.013180000000000001 -0.031820000000000001 0.061874999999999999
-0.0087869999999999979 -0.021214 0.056251692265885125
-0.0087869999999999979 -0.021214 0.050625846132942562
-0.0087869999999999979 -0.021214 0.061875846132942558
-0.018945515891630176 0.02796772313881234 0.056250000000000001
-0.021649757945815088 0.026160861569406169 0.056250000000000001
-0.01606275794581509 0.029893861569406169 0.056250000000000001
-0.013180000000000001 0.031820000000000001 0.050625000000000003
-0.013180000000000002 0.031820000000000001 0.061874999999999999
-0.0087869999999999979 0.021214 0.05271023594468565
-0.0087869999999999979 0.021214 0.059936299257655951
-0.0087869999999999979 0.021214 0.048855117972342821
-0.0087869999999999979 0.021214 0.056323267601170797
-0.0087869999999999979 0.021214 0.063718149628827978
-0.017221 0 0.089999999999999983
-0.0097994999999999992 -0.0040590000000000001 0.090000000000000011
-0.012177000000000006 -0.012177000000000006 0.089999999999999983
-0.017221 0 0.067500000000000004
-0.011481 0 0.078828048950190063
-0.011481 0 0.084414024475095023
-0.011481 0 0.073164024475095027
-0.0097994999999999992 -0.0040590000000000001 0.067500000000000004
-0.0081180000000000002 -0.0081180000000000002 0.078594881364043537
-0.0081180000000000002 -0.0081180000000000002 0.084297440682021774
-0.0081180000000000002 -0.0081180000000000002 0.073047440682021778
-0.012177000000000006 -0.012177000000000006 0.067500000000000004
-0.017221 0 0.13500000000000001
-0.0097994999999999992 -0.0040590000000000001 0.13500000000000001
-0.012176999999999997 -0.012176999999999997 0.13500000000000001
-0.011481 0 0.1204890930263038
-0.011481 0 0.1062882000700944
-0.011481 0 0.1277445465131519
-0.011481 0 0.11338864654819908
-0.011481 0 0.098144100035047213
-0.0081180000000000002 -0.0081180000000000002 0.12258419114307562
-0.0081180000000000002 -0.0081180000000000002 0.10741057506295459
-0.0081180000000000002 -0.0081180000000000002 0.12879209557153781
-0.0081180000000000002 -0.0081180000000000002 0.11499738310301512
-0.0081180000000000002 -0.0081180000000000002 0.098705287531477309
-0.012600845827606288 0.012600845827606288 0.089999999999999983
-0.010359422913803144 0.010359422913803144 0.090000000000000011
-0.014418422913803148 0.014418422913803148 0.089999999999999983
-0.0097994999999999992 0.0040590000000000001 0.090000000000000011
-0.0081180000000000002 0.0081180000000000002 0.12296135041679848
-0.0081180000000000002 0.0081180000000000002 0.11266236915712964
-0.0081180000000000002 0.0081180000000000002 0.1022125392202391
-0.0081180000000000002 0.0081180000000000002 0.12898067520839923
-0.0081180000000000002 0.0081180000000000002 0.11781185978696408
-0.0081180000000000002 0.0081180000000000002 0.10743745418868438
-0.0081180000000000002 0.0081180000000000002 0.096106269610119532
-0.012177000000000006 0.012177000000000006 0.13500000000000001
-0.0097994999999999992 0.0040590000000000001 0.13500000000000001
-0.012648552865351504 0.012648552865351504 0.067500000000000004
-0.010383276432675751 0.010383276432675751 0.067500000000000004
-0.014442276432675757 0.014442276432675757 0.067500000000000004
-0.0097994999999999992 0.0040590000000000001 0.067500000000000004
-0.0081180000000000002 0.0081180000000000002 0.078841637131232323
-0.0081180000000000002 0.0081180000000000002 0.08442081856561616
-0.0081180000000000002 0.0081180000000000002 0.073170818565616164
-0.017221 0 0.044999999999999998
-0.0097994999999999992 -0.0040590000000000001 0.045000000000000005
-0.012177000000000006 -0.012177000000000006 0.044999999999999998
-0.017221 0 0
-0.011481 0 0.028711799747093959
-0.011481 0 0.014510907170550327
-0.011481 0 0.036855899873546975
-0.011481 0 0.02161135345882214
-0.011481 0 0.0072554535852751697
-0.0097994999999999992 -0.0040590000000000001 0
-0.0081180000000000002 -0.0081180000000000002 0.027847344543925609
-0.0081180000000000002 -0.0081180000000000002 0.012516615121612833
-0.0081180000000000002 -0.0081180000000000002 0.036423672271962797
-0.0081180000000000002 -0.0081180000000000002 0.020181979832769221
-0.0081180000000000002 -0.0081180000000000002 0.0062583075608064198
-0.012177000000000006 -0.012177000000000006 0
-0.011481 0 0.05639558439211375
-0.011481 0 0.061947792196056881
-0.011481 0 0.050697792196056878
-0.0081180000000000002 -0.0081180000000000002 0.056262653379258683
-0.0081180000000000002 -0.0081180000000000002 0.061881326689629347
-0.0081180000000000002 -0.0081180000000000002 0.050631326689629344
-0.012177000000000006 0.012177000000000006 0
-0.0097994999999999992 0.0040590000000000001 0
-0.0081180000000000002 0.0081180000000000002 0.032787460441626101
-0.0081180000000000002 0.0081180000000000002 0.022337630717217387
-0.0081180000000000002 0.0081180000000000002 0.012038649720849457
-0.0081180000000000002 0.0081180000000000002 0.03889373022081305
-0.0081180000000000002 0.0081180000000000002 0.027562545579421741
-0.0081180000000000002 0.0081180000000000002 0.017188140219033421
-0.0081180000000000002 0.0081180000000000002 0.006019324860424731
-0.01260925363981928 0.01260925363981928 0.044999999999999998
-0.010363626819909639 0.010363626819909639 0.045000000000000005
-0.014422626819909645 0.014422626819909645 0.044999999999999998
-0.0097994999999999992 0.0040590000000000001 0.045000000000000005
-0.0081180000000000002 0.0081180000000000002 0.0564241433443982
-0.0081180000000000002 0.0081180000000000002 0.061962071672199102
-0.0081180000000000002 0.0081180000000000002 0.050712071672199099
-0.0043935000000000007 -0.022087499999999999 0.089999999999999983
-0.0040590000000000001 -0.0097994999999999992 0.090000000000000011
0 -0.017221 0.089999999999999983
0 -0.022960999999999999 0.078750000000000014
0 -0.022960999999999999 0.084375000000000033
0 -0.022960999999999999 0.073125000000000009
-0.0043935000000000007 -0.022087499999999999 0.067500000000000004
-0.0040590000000000001 -0.0097994999999999992 0.067500000000000004
0 -0.011481 0.078828048950190063
0 -0.011481 0.084414024475095023
0 -0.011481 0.073164024475095027
0 -0.017221 0.067500000000000004
-0.0043935000000000007 -0.022087499999999999 0.13500000000000001
-0.0040590000000000001 -0.0097994999999999992 0.13500000000000001
0 -0.017221 0.13500000000000001
0 -0.022960999999999999 0.12405081300301568
0 -0.022960999999999999 0.11303156979246
0 -0.022960999999999999 0.10111830994867949
0 -0.022960999999999999 0.12952540650150784
0 -0.022960999999999999 0.11854119139773785
0 -0.022960999999999999 0.10707493987056976
0 -0.022960999999999999 0.095559154974339755
0 -0.011481 0.1205261164385818
0 -0.011481 0.10636395131539916
0 -0.011481 0.1277630582192909
0 -0.011481 0.11344503387699048
0 -0.011481 0.09818197565769958
-0.004393499999999999 0.022087499999999999 0.067500000000000004
0 0.017221 0.067500000000000004
-0.0040590000000000001 0.0097994999999999992 0.067500000000000004
-0.004393499999999999 0.022087499999999999 0.089999999999999983
0 0.022960999999999999 0.078750000000000014
0 0.022960999999999999 0.073125000000000009
0 0.022960999999999999 0.084375000000000033
0 0.011481 0.078782433463563284
0 0.011481 0.07314121673178163
0 0.011481 0.084391216731781626
0 0.017221 0.090000000000000011
-0.0040590000000000001 0.0097994999999999992 0.089999999999999983
-0.0043935000000000007 0.022087499999999999 0.13500000000000001
0 0.022960999999999999 0.12389130610778352
0 0.022960999999999999 0.1122994042861746
0 0.022960999999999999 0.10108343091387514
0 0.022960999999999999 0.12944565305389177
0 0.022960999999999999 0.11809535519697906
0 0.022960999999999999 0.10669141760002487
0 0.022960999999999999 0.09554171545693757
0 0.011481 0.10623960901222727
0 0.011481 0.12043176351996848
0 0.011481 0.098119804506113628
0 0.011481 0.11333568626609788
0 0.011481 0.12771588175998425
0 0.017221 0.13500000000000001
-0.0040590000000000001 0.0097994999999999992 0.13500000000000001
-0.0043935000000000007 -0.022087499999999999 0.044999999999999998
-0.0040590000000000001 -0.0097994999999999992 0.045000000000000005
0 -0.017221 0.044999999999999998
0 -0.022960999999999999 0.010973909009591564
0 -0.022960999999999999 0.022813503020079434
0 -0.022960999999999999 0.034047611168929619
0 -0.022960999999999999 0.005486954504795782
0 -0.022960999999999999 0.016893706014835499
0 -0.022960999999999999 0.028430557094504524
0 -0.022960999999999999 0.039523805584464805
-0.004393499999999999 -0.022087499999999999 0
-0.0040590000000000001 -0.0097994999999999992 0
0 -0.011481 0.028636048549465679
0 -0.011481 0.014473883781704383
0 -0.011481 0.036818024274732838
0 -0.011481 0.021554966165585037
0 -0.011481 0.0072369418908521934
0 -0.017221 0
0 -0.022960999999999999 0.056249999980922255
0 -0.022960999999999999 0.06187499999046113
0 -0.022960999999999999 0.050624999990461134
0 -0.011481 0.05639558439211375
0 -0.011481 0.061947792196056881
0 -0.011481 0.050697792196056878
-0.0043935000000000007 0.022087499999999999 0
0 0.017221 0
-0.0040590000000000001 0.0097994999999999992 0
-0.004393499999999999 0.022087499999999999 0.044999999999999998
0 0.022960999999999999 0.033755053321341495
0 0.022960999999999999 0.022186942729075211
0 0.022960999999999999 0.011066532505517729
0 0.022960999999999999 0.03937752666067075
0 0.022960999999999999 0.02797099802520836
0 0.022960999999999999 0.016626737617296473
0 0.022960999999999999 0.0055332662527588644
0 0.011481 0.028760390913452536
0 0.011481 0.014568236541197124
0 0.011481 0.036880195456726272
0 0.011481 0.021664313727324833
0 0.011481 0.0072841182705985635
0 0.017221 0.045000000000000005
-0.0040590000000000001 0.0097994999999999992 0.044999999999999998
0 0.022960999999999999 0.056249999980922241
0 0.022960999999999999 0.061874999990461123
0 0.022960999999999999 0.05062499999046112
0 0.011481 0.056384684366479219
0 0.011481 0.050692342183239605
0 0.011481 0.061942342183239615
0 -0.034442 0.084374999999999978
-0.0065899999999999856 -0.033131000000000001 0.089999999999999983
-0.0065900000000000177 -0.033131000000000001 0.078750000000000001
0 -0.034442 0.073124999999999982
-0.0065900000000000177 -0.033131000000000001 0.067500000000000004
0 -0.028701500000000001 0.089999999999999983
0 -0.028701500000000001 0.067500000000000004
0 -0.034442 0.10124999999999997
0 -0.034442 0.11249999999999992
0 -0.034442 0.12374999999999994
0 -0.034442 0.095624999999999974
0 -0.034442 0.10687499999999994
0 -0.034442 0.11812499999999994
0 -0.034442 0.12937499999999996
-0.0065900000000000177 -0.033131000000000001 0.13500000000000001
0 -0.028701500000000001 0.13500000000000001
-0.006589999999999983 0.033131000000000001 0.078750000000000001
0 0.034442 0.073125000000000009
-0.006589999999999983 0.033131000000000001 0.067500000000000004
-0.0065900000000000169 0.033131000000000001 0.090000000000000011
0 0.034442 0.084375000000000006
0 0.028701500000000001 0.089999999999999983
0 0.028701500000000001 0.067500000000000004
0 0.034442 0.12375000000000004
0 0.034442 0.11250000000000009
0 0.034442 0.10125000000000006
0 0.034442 0.12937500000000002
0 0.034442 0.11812500000000006
0 0.034442 0.10687500000000008
0 0.034442 0.095625000000000029
0 0.028701500000000001 0.13500000000000001
-0.0065899999999999856 0.033131000000000001 0.13500000000000001
0 -0.034442 0.011249999999999968
0 -0.034442 0.022499999999999937
0 -0.034442 0.03374999999999994
0 -0.034442 0.0056249999999999842
0 -0.034442 0.016874999999999953
0 -0.034442 0.028124999999999935
0 -0.034442 0.039374999999999966
-0.0065900000000000177 -0.033131000000000001 0.044999999999999998
-0.0065900000000000177 -0.033131000000000001 0
0 -0.028701500000000001 0.045000000000000005
0 -0.028701500000000001 0
0 -0.034442 0.050625000000000003
-0.0065900000000000177 -0.033131000000000001 0.056250000000000001
0 -0.034442 0.061874999999999999
0 0.028701500000000001 0
0 0.034442 0.033750000000000037
0 0.034442 0.022500000000000069
0 0.034442 0.01125000000000006
0 0.034442 0.039375000000000014
0 0.034442 0.028125000000000053
0 0.034442 0.016875000000000064
0 0.034442 0.0056250000000000328
0 0.028701500000000001 0.044999999999999998
-0.0065899999999999856 0.033131000000000001 0
-0.006589999999999983 0.033131000000000001 0.045000000000000005
-0.006589999999999983 0.033131000000000001 0.056250000000000001
0 0.034442 0.050625000000000003
0 0.034442 0.061875000000000006
0.0040590000000000001 0.0097994999999999992 0.067500000000000004
0.0097994999999999992 0.0040590000000000001 0.067500000000000004
0.0097994999999999992 -0.0040590000000000001 0.067500000000000004
0.0040590000000000001 -0.0097994999999999992 0.067500000000000004
0.0040590000000000001 0.0097994999999999992 0.089999999999999983
0.0097994999999999992 0.0040590000000000001 0.090000000000000011
0.0097994999999999992 -0.0040590000000000001 0.090000000000000011
0.0040590000000000001 -0.0097994999999999992 0.090000000000000011
0.0081180000000000002 0.0081180000000000002 0.07858860139265901
0.0081180000000000002 0.0081180000000000002 0.084294300696329511
0.0081180000000000002 0.0081180000000000002 0.073044300696329501
0.011481 0 0.078782433463563284
0.011481 0 0.084391216731781654
0.011481 0 0.07314121673178163
0.0081180000000000002 -0.0081180000000000002 0.078841637131232323
0.0081180000000000002 -0.0081180000000000002 0.08442081856561616
0.0081180000000000002 -0.0081180000000000002 0.073170818565616164
0.0040590000000000001 0.0097994999999999992 0.13500000000000001
0.0097994999999999992 0.0040590000000000001 0.13500000000000001
0.0097994999999999992 -0.0040590000000000001 0.13500000000000001
0.0040590000000000001 -0.0097994999999999992 0.13500000000000001
0.0081180000000000002 0.0081180000000000002 0.1225732792291862
0.0081180000000000002 0.0081180000000000002 0.10738664853334168
0.0081180000000000002 0.0081180000000000002 0.12878663961459311
0.0081180000000000002 0.0081180000000000002 0.11497996388126391
0.0081180000000000002 0.0081180000000000002 0.098693324266670851
0.011481 0 0.12043176351996374
0.011481 0 0.10623960901222489
0.011481 0 0.12771588175998189
0.011481 0 0.1133356862660943
0.011481 0 0.098119804506112449
0.0081180000000000002 -0.0081180000000000002 0.12296135041679848
0.0081180000000000002 -0.0081180000000000002 0.11266236915712964
0.0081180000000000002 -0.0081180000000000002 0.1022125392202391
0.0081180000000000002 -0.0081180000000000002 0.12898067520839923
0.0081180000000000002 -0.0081180000000000002 0.11781185978696408
0.0081180000000000002 -0.0081180000000000002 0.10743745418868438
0.0081180000000000002 -0.0081180000000000002 0.096106269610119532
0.0040590000000000001 0.0097994999999999992 0
0.0097994999999999992 0.0040590000000000001 0
0.0097994999999999992 -0.0040590000000000001 0
0.0040590000000000001 -0.0097994999999999992 0
0.0040590000000000001 0.0097994999999999992 0.044999999999999998
0.0097994999999999992 0.0040590000000000001 0.045000000000000005
0.0097994999999999992 -0.0040590000000000001 0.045000000000000005
0.0040590000000000001 -0.0097994999999999992 0.045000000000000005
0.0081180000000000002 0.0081180000000000002 0.012529414128920504
0.0081180000000000002 0.0081180000000000002 0.027876104135245786
0.0081180000000000002 0.0081180000000000002 0.0062647070644602518
0.0081180000000000002 0.0081180000000000002 0.020202759132083144
0.0081180000000000002 0.0081180000000000002 0.036438052067622885
0.011481 0 0.014568236541192488
0.011481 0 0.028760390913450166
0.011481 0 0.0072841182705962433
0.011481 0 0.021664313727321329
0.011481 0 0.036880195456725079
0.0081180000000000002 -0.0081180000000000002 0.01203864971997891
0.0081180000000000002 -0.0081180000000000002 0.022337630718873062
0.0081180000000000002 -0.0081180000000000002 0.032787460442527235
0.0081180000000000002 -0.0081180000000000002 0.006019324859989455
0.0081180000000000002 -0.0081180000000000002 0.017188140219425985
0.0081180000000000002 -0.0081180000000000002 0.027562545580700148
0.0081180000000000002 -0.0081180000000000002 0.038893730221263606
0.0081180000000000002 0.0081180000000000002 0.056262653377044114
0.0081180000000000002 0.0081180000000000002 0.061881326688522059
0.0081180000000000002 0.0081180000000000002 0.050631326688522063
0.011481 0 0.056384684368293643
0.011481 0 0.061942342184146813
0.011481 0 0.050692342184146817
0.0081180000000000002 -0.0081180000000000002 0.0564241433443982
0.0081180000000000002 -0.0081180000000000002 0.061962071672199102
0.0081180000000000002 -0.0081180000000000002 0.050712071672199099
0.0065899999999999856 0.033131000000000001 0.067500000000000004
0.0065900000000000177 0.033131000000000001 0.078750000000000001
0.013180000000000002 0.031820000000000001 0.073125000000000009
0.0065900000000000177 0.033131000000000001 0.089999999999999983
0.013180000000000001 0.031820000000000001 0.084375000000000006
0.0043935000000000007 0.022087499999999999 0.089999999999999983
0.010983499999999997 0.026516999999999988 0.089999999999999983
0.010983500000000004 0.026517000000000013 0.067500000000000004
0.0087869999999999979 0.021214 0.078708074402556061
0.0087869999999999979 0.021214 0.073104037201278033
0.0087869999999999979 0.021214 0.084354037201278043
0.0043935000000000007 0.022087499999999999 0.067500000000000004
0.013180000000000001 -0.031820000000000001 0.10132859758425118
0.013180000000000001 -0.031820000000000001 0.11247415099212681
0.013180000000000002 -0.031820000000000001 0.12367140241574892
0.013180000000000001 -0.031820000000000001 0.095664298792125582
0.013180000000000001 -0.031820000000000001 0.10690137428818899
0.013180000000000002 -0.031820000000000001 0.11807277670393786
0.013180000000000002 -0.031820000000000001 0.12933570120787449
0.010983500000000004 -0.026517000000000013 0.13500000000000001
0.0087869999999999979 -0.021214 0.1020873469207524
0.0087869999999999979 -0.021214 0.11196795684044145
0.0087869999999999979 -0.021214 0.12222055261793992
0.0087869999999999979 -0.021214 0.096043673460376192
0.0087869999999999979 -0.021214 0.10702765188059692
0.0087869999999999979 -0.021214 0.11709425472919067
0.0087869999999999979 -0.021214 0.12861027630896996
0.010983500000000004 -0.026517000000000013 0.089999999999999983
0.0065900000000000177 -0.033131000000000001 0.089999999999999983
0.006589999999999983 -0.033131000000000001 0.13500000000000001
0.004393499999999999 -0.022087499999999999 0.13500000000000001
0.004393499999999999 -0.022087499999999999 0.089999999999999983
0.0065900000000000177 -0.033131000000000001 0.067500000000000004
0.013180000000000002 -0.031820000000000001 0.073125000000000009
0.0065899999999999856 -0.033131000000000001 0.078750000000000001
0.013180000000000001 -0.031820000000000001 0.084375000000000006
0.0087869999999999979 -0.021214 0.074835145544099632
0.0087869999999999979 -0.021214 0.082192148448202107
0.0087869999999999979 -0.021214 0.071167572772049811
0.0087869999999999979 -0.021214 0.078513646996150863
0.0087869999999999979 -0.021214 0.086096074224101052
0.010983500000000004 -0.026517000000000013 0.067500000000000004
0.004393499999999999 -0.022087499999999999 0.067500000000000004
0.013180000000000001 -0.031820000000000001 0.011378870181010494
0.013180000000000001 -0.031820000000000001 0.022397195601700129
0.013180000000000002 -0.031820000000000001 0.033621129818989577
0.013180000000000001 -0.031820000000000001 0.005689435090505247
0.013180000000000001 -0.031820000000000001 0.01688803289135531
0.013180000000000002 -0.031820000000000001 0.028009162710344853
0.013180000000000002 -0.031820000000000001 0.039310564909494791
0.010983499999999997 -0.026516999999999988 0.044999999999999998
0.0087869999999999979 -0.021214 0.01251678860648801
0.0087869999999999979 -0.021214 0.022494213281692439
0.0087869999999999979 -0.021214 0.032677299853290993
0.0087869999999999979 -0.021214 0.006258394303244005
0.0087869999999999979 -0.021214 0.017505500944090223
0.0087869999999999979 -0.021214 0.027585756567491716
0.0087869999999999979 -0.021214 0.038838649926645485
0.010983500000000004 -0.026517000000000013 0
0.006589999999999983 -0.033131000000000001 0
0.0065899999999999856 -0.033131000000000001 0.044999999999999998
0.004393499999999999 -0.022087499999999999 0.044999999999999998
0.0043935000000000007 -0.022087499999999999 0
0.0065900000000000177 0.033131000000000001 0.056250000000000001
0.013180000000000001 0.031820000000000001 0.061874999999999999
0.0065900000000000177 0.033131000000000001 0.044999999999999998
0.013180000000000001 0.031820000000000001 0.050625000000000003
0.010983499999999997 0.026516999999999988 0.044999999999999998
0.0087869999999999979 0.021214 0.056256601430996131
0.0087869999999999979 0.021214 0.050628300715498072
0.0087869999999999979 0.021214 0.061878300715498061
0.0043935000000000007 0.022087499999999999 0.044999999999999998
0.013180000000000001 -0.031820000000000001 0.050625000000000003
0.0065899999999999856 -0.033131000000000001 0.056250000000000001
0.013180000000000001 -0.031820000000000001 0.061874999999999999
0.0087869999999999979 -0.021214 0.052459346219738141
0.0087869999999999979 -0.021214 0.059810823526022086
0.0087869999999999979 -0.021214 0.048729673109869066
0.0087869999999999979 -0.021214 0.05613508487288011
0.0087869999999999979 -0.021214 0.063655411763011038
0.012648552865351504 -0.012648552865351504 0.067500000000000004
0.010383276432675751 -0.010383276432675751 0.067500000000000004
0.014442276432675757 -0.014442276432675757 0.067500000000000004
0.012866240695103452 -0.018487934732148614 0.067500000000000004
0.014551120347551726 -0.017361967366074309 0.067500000000000004
0.010826620347551724 -0.019850967366074307 0.067500000000000004
0.012600845827606288 -0.012600845827606288 0.089999999999999983
0.010359422913803144 -0.010359422913803144 0.090000000000000011
0.014418422913803148 -0.014418422913803148 0.089999999999999983
0.016236 -0.016236 0.084909012653433341
0.016236 -0.016236 0.080748963982716082
0.016236 -0.016236 0.07632964397052619
0.016236 -0.016236 0.072181272219439263
0.016236 -0.016236 0.087454506326716669
0.016236 -0.016236 0.082828988318074726
0.016236 -0.016236 0.078539303976621136
0.016236 -0.016236 0.07425545809498274
0.016236 -0.016236 0.069840636109719634
0.012511499999999998 -0.018724999999999999 0.090000000000000011
0.012177000000000006 -0.012177000000000006 0.13500000000000001
0.016236 -0.016236 0.12673085554059604
0.016236 -0.016236 0.12075260908489378
0.016236 -0.016236 0.11630924295539488
0.016236 -0.016236 0.11198591031895738
0.016236 -0.016236 0.10761726759925738
0.016236 -0.016236 0.10326884670107364
0.016236 -0.016236 0.097501321862698317
0.016236 -0.016236 0.13086542777029803
0.016236 -0.016236 0.12374173231274492
0.016236 -0.016236 0.11853092602014434
0.016236 -0.016236 0.11414757663717612
0.016236 -0.016236 0.10980158895910738
0.016236 -0.016236 0.10544305715016553
0.016236 -0.016236 0.100385084281886
0.016236 -0.016236 0.093750660931349164
0.012511499999999998 -0.018724999999999999 0.13500000000000001
0.0065900000000000169 0.033131000000000001 0.13500000000000001
0.013180000000000001 0.031820000000000001 0.10125000000000003
0.013180000000000002 0.031820000000000001 0.11250000000000006
0.013180000000000002 0.031820000000000001 0.12375000000000004
0.013180000000000001 0.031820000000000001 0.095625000000000002
0.013180000000000001 0.031820000000000001 0.10687500000000004
0.013180000000000002 0.031820000000000001 0.11812500000000006
0.013180000000000002 0.031820000000000001 0.12937500000000002
0.0043935000000000007 0.022087499999999999 0.13500000000000001
0.010983500000000004 0.026517000000000013 0.13500000000000001
0.0087869999999999979 0.021214 0.10137296067365338
0.0087869999999999979 0.021214 0.11274592134730674
0.0087869999999999979 0.021214 0.12400402841262412
0.0087869999999999979 0.021214 0.095686480336826682
0.0087869999999999979 0.021214 0.10705944101048008
0.0087869999999999979 0.021214 0.11837497487996544
0.0087869999999999979 0.021214 0.12950201420631205
0.012511500000000002 0.018724999999999999 0.089999999999999983
0.012177000000000006 0.012177000000000006 0.089999999999999983
0.012511500000000002 0.018724999999999999 0.067500000000000004
0.016236 0.016236 0.078553187079860032
0.016236 0.016236 0.073026593539930032
0.016236 0.016236 0.084276593539930028
0.012177000000000006 0.012177000000000006 0.067500000000000004
0.012511500000000002 0.018724999999999999 0.13500000000000001
0.012177000000000006 0.012177000000000006 0.13500000000000001
0.016236 0.016236 0.12060295040884396
0.016236 0.016236 0.10585123769513118
0.016236 0.016236 0.127801475204422
0.016236 0.016236 0.11322709405198758
0.016236 0.016236 0.097925618847565593
0.004393499999999999 0.022087499999999999 0
0.0065900000000000169 0.033131000000000001 0
0.010983499999999997 0.026516999999999988 0
0.013180000000000001 0.031820000000000001 0.033749999999999968
0.013180000000000002 0.031820000000000001 0.022499999999999933
0.013180000000000002 0.031820000000000001 0.011249999999999948
0.013180000000000001 0.031820000000000001 0.039374999999999979
0.013180000000000001 0.031820000000000001 0.028124999999999949
0.013180000000000002 0.031820000000000001 0.016874999999999942
0.013180000000000002 0.031820000000000001 0.0056249999999999764
0.0087869999999999979 0.021214 0.033569648284531003
0.0087869999999999979 0.021214 0.022134195734496789
0.0087869999999999979 0.021214 0.010937713299595198
0.0087869999999999979 0.021214 0.039284824142265501
0.0087869999999999979 0.021214 0.027851922009513891
0.0087869999999999979 0.021214 0.016535954517045995
0.0087869999999999979 0.021214 0.0054688566497975988
0.012176999999999997 -0.012176999999999997 0
0.012511500000000002 -0.018724999999999999 0
0.01260925363981928 -0.01260925363981928 0.044999999999999998
0.010363626819909639 -0.010363626819909639 0.045000000000000005
0.014422626819909645 -0.014422626819909645 0.044999999999999998
0.016236 -0.016236 0.0082438857869454769
0.016236 -0.016236 0.014201478302389438
0.016236 -0.016236 0.018627046531457973
0.016236 -0.016236 0.022947750163622303
0.016236 -0.016236 0.02732903959015353
0.016236 -0.016236 0.03170708186306255
0.016236 -0.016236 0.037520653465002142
0.016236 -0.016236 0.0041219428934727385
0.016236 -0.016236 0.011222682044667458
0.016236 -0.016236 0.016414262416923706
0.016236 -0.016236 0.020787398347540138
0.016236 -0.016236 0.025138394876887921
0.016236 -0.016236 0.02951806072660804
0.016236 -0.016236 0.034613867664032349
0.016236 -0.016236 0.041260326732501074
0.012835904039686982 -0.0185082080400642 0.045000000000000005
0.014535952019843493 -0.0173721040200321 0.045000000000000005
0.010811452019843487 -0.019861104020032095 0.044999999999999998
0.016236 -0.016236 0.062783185441044831
0.016236 -0.016236 0.058626134809126741
0.016236 -0.016236 0.054206520305092494
0.016236 -0.016236 0.050058947151704322
0.016236 -0.016236 0.065141592720522418
0.016236 -0.016236 0.06070466012508579
0.016236 -0.016236 0.056416327557109625
0.016236 -0.016236 0.052132733728398405
0.016236 -0.016236 0.04752947357585216
0.012511500000000002 0.018724999999999999 0.044999999999999998
0.012177000000000006 0.012177000000000006 0.044999999999999998
0.012511499999999998 0.018724999999999999 0
0.016236 0.016236 0.014499563918977608
0.016236 0.016236 0.029358966068710919
0.016236 0.016236 0.0072497819594888047
0.016236 0.016236 0.021929264993844264
0.016236 0.016236 0.037179483034355455
0.012176999999999997 0.012176999999999997 0
0.016236 0.016236 0.056264160178024734
0.016236 0.016236 0.061882080089012366
0.016236 0.016236 0.05063208008901237
0.017221 0 0.067500000000000004
0.022087499999999999 -0.0043935000000000007 0.067500000000000004
0.018487444778863302 -0.012866973853404432 0.067500000000000004
0.019850722389431648 -0.010826986926702215 0.067500000000000004
0.01736172238943165 -0.014551486926702216 0.067500000000000004
0.017221 0 0.089999999999999983
0.022960999999999999 0 0.078749999999999973
0.022960999999999999 0 0.084374999999999978
0.022960999999999999 0 0.073124999999999982
0.022087499999999999 -0.0043935000000000007 0.089999999999999983
0.021214 -0.0087869999999999979 0.08228976391271299
0.021214 -0.0087869999999999979 0.075063700887834081
0.021214 -0.0087869999999999979 0.0861448819563565
0.021214 -0.0087869999999999979 0.078676732400273536
0.021214 -0.0087869999999999979 0.071281850443917036
0.018513412531224838 -0.012828116121917667 0.089999999999999983
0.019863706265612423 -0.010807558060958834 0.090000000000000011
0.017374706265612421 -0.014532058060958836 0.089999999999999983
0.017221 0 0.13500000000000001
0.022960999999999999 0 0.12393346755036248
0.022960999999999999 0 0.11281305734096542
0.022960999999999999 0 0.10124494649390441
0.022960999999999999 0 0.12946673377518125
0.022960999999999999 0 0.11837326244566394
0.022960999999999999 0 0.1070290019174349
0.022960999999999999 0 0.095622473246952194
0.022087499999999999 -0.0043935000000000007 0.13500000000000001
0.021214 -0.0087869999999999979 0.10229394644015578
0.021214 -0.0087869999999999979 0.11214586788384424
0.021214 -0.0087869999999999979 0.12208706216232956
0.021214 -0.0087869999999999979 0.096146973220077883
0.021214 -0.0087869999999999979 0.107219907162
0.021214 -0.0087869999999999979 0.1171164650230869
0.021214 -0.0087869999999999979 0.12854353108116481
0.018724999999999999 -0.012511500000000002 0.13500000000000001
0.018724999999999999 0.012511499999999998 0.089999999999999983
0.022087499999999999 0.004393499999999999 0.089999999999999983
0.018724999999999999 0.012511499999999998 0.067500000000000004
0.021214 0.0087869999999999979 0.078703243472746112
0.021214 0.0087869999999999979 0.073101621736373051
0.021214 0.0087869999999999979 0.084351621736373061
0.022087499999999999 0.004393499999999999 0.067500000000000004
0.018724999999999999 0.012511499999999998 0.13500000000000001
0.022087499999999999 0.004393499999999999 0.13500000000000001
0.021214 0.0087869999999999979 0.10149083696577792
0.021214 0.0087869999999999979 0.11290947680110389
0.021214 0.0087869999999999979 0.12408350872386475
0.021214 0.0087869999999999979 0.095745418482888964
0.021214 0.0087869999999999979 0.10720015688344088
0.021214 0.0087869999999999979 0.11849649276248432
0.021214 0.0087869999999999979 0.12954175436193238
0.017221 0 0
0.022087499999999999 -0.004393499999999999 0
0.018724999999999999 -0.012511499999999998 0
0.017221 0 0.044999999999999998
0.022960999999999999 0 0.01110869392342375
0.022960999999999999 0 0.022700595539075753
0.022960999999999999 0 0.033916569011081234
0.022960999999999999 0 0.005554346961711875
0.022960999999999999 0 0.016904644731249752
0.022960999999999999 0 0.028308582275078487
0.022960999999999999 0 0.039458284505540626
0.022087499999999999 -0.0043935000000000007 0.044999999999999998
0.021214 -0.0087869999999999979 0.012912937782659804
0.021214 -0.0087869999999999979 0.022854132068049003
0.021214 -0.0087869999999999979 0.032706053402343643
0.021214 -0.0087869999999999979 0.0064564688913299022
0.021214 -0.0087869999999999979 0.017883534925354404
0.021214 -0.0087869999999999979 0.02778009273519632
0.021214 -0.0087869999999999979 0.038853026701171821
0.01851050810742224 -0.012832462255486487 0.044999999999999998
0.019862254053711122 -0.010809731127743244 0.045000000000000005
0.01737325405371112 -0.014534231127743245 0.044999999999999998
0.018724999999999999 0.012511499999999998 0.044999999999999998
0.022087499999999999 0.004393499999999999 0.044999999999999998
0.018724999999999999 0.012511500000000002 0
0.021214 0.0087869999999999979 0.011018115959378606
0.021214 0.0087869999999999979 0.022299635007765585
0.021214 0.0087869999999999979 0.033687004834659376
0.021214 0.0087869999999999979 0.0055090579796893031
0.021214 0.0087869999999999979 0.016658875483572096
0.021214 0.0087869999999999979 0.02799331992121248
0.021214 0.0087869999999999979 0.039343502417329687
0.022087499999999999 0.0043935000000000007 0
0.022960999999999999 0 0.056249999980922241
0.022960999999999999 0 0.061874999990461123
0.022960999999999999 0 0.05062499999046112
0.021214 -0.0087869999999999979 0.052710235944685643
0.021214 -0.0087869999999999979 0.059936299257655951
0.021214 -0.0087869999999999979 0.048855117972342814
0.021214 -0.0087869999999999979 0.056323267601170797
0.021214 -0.0087869999999999979 0.063718149628827978
0.021214 0.0087869999999999979 0.056251692267172713
0.021214 0.0087869999999999979 0.050625846133586352
0.021214 0.0087869999999999979 0.061875846133586362
0.018766999999999999 0.028087000000000001 0.067500000000000004
0.018766999999999999 0.028087000000000001 0.078750000000000001
0.024354000000000001 0.024354000000000001 0.073125000000000009
0.018766999999999999 0.028087000000000001 0.089999999999999983
0.024354000000000001 0.024354000000000001 0.084375000000000006
0.020294999999999997 0.020294999999999997 0.089999999999999983
0.020295000000000007 0.020295000000000007 0.067500000000000004
0.018766999999999999 0.028087000000000001 0.13500000000000001
0.024354000000000001 0.024354000000000001 0.10124999999999997
0.024354000000000001 0.024354000000000001 0.11249999999999992
0.024354000000000001 0.024354000000000001 0.12374999999999994
0.024354000000000001 0.024354000000000001 0.095624999999999974
0.024354000000000001 0.024354000000000001 0.10687499999999994
0.024354000000000001 0.024354000000000001 0.11812499999999994
0.024354000000000001 0.024354000000000001 0.12937499999999996
0.020295000000000007 0.020295000000000007 0.13500000000000001
0.018958701405002235 -0.027958913129609207 0.078750000000000001
0.021656350702501121 -0.026156456564804607 0.078750000000000001
0.016069350702501116 -0.029889456564804608 0.078750000000000001
0.024354000000000001 -0.024354000000000001 0.084374999999999978
0.018766999999999999 -0.028087000000000001 0.089999999999999983
0.018746663502093693 -0.028100587998332604 0.067500000000000004
0.021550331751046845 -0.026227293999166301 0.067500000000000004
0.015963331751046847 -0.029960293999166304 0.067500000000000004
0.024354000000000001 -0.024354000000000001 0.073124999999999982
0.019864302057361279 -0.019864302057361279 0.089999999999999983
0.018050151028680642 -0.018050151028680642 0.089999999999999983
0.022109151028680642 -0.022109151028680642 0.090000000000000011
0.019819929447521971 -0.019819929447521971 0.067500000000000004
0.022086964723760989 -0.022086964723760989 0.067500000000000004
0.018027964723760986 -0.018027964723760986 0.067500000000000004
0.024354000000000001 -0.024354000000000001 0.10204392047892225
0.024354000000000001 -0.024354000000000001 0.11259348366521348
0.024354000000000001 -0.024354000000000001 0.12298153109443666
0.024354000000000001 -0.024354000000000001 0.096021960239461121
0.024354000000000001 -0.024354000000000001 0.10731870207206788
0.024354000000000001 -0.024354000000000001 0.11778750737982507
0.024354000000000001 -0.024354000000000001 0.12899076554721833
0.020295000000000007 -0.020295000000000007 0.13500000000000001
0.018766999999999999 -0.028087000000000001 0.13500000000000001
0.024354000000000001 -0.024354000000000001 0.01206561751291433
0.024354000000000001 -0.024354000000000001 0.022495990883899714
0.024354000000000001 -0.024354000000000001 0.032913768097681199
0.024354000000000001 -0.024354000000000001 0.0060328087564571649
0.024354000000000001 -0.024354000000000001 0.017280804198407024
0.024354000000000001 -0.024354000000000001 0.027704879490790455
0.024354000000000001 -0.024354000000000001 0.038956884048840602
0.019857703382199585 -0.019857703382199585 0.044999999999999998
0.022105851691099791 -0.022105851691099791 0.045000000000000005
0.018046851691099784 -0.018046851691099784 0.044999999999999998
0.020295000000000007 -0.020295000000000007 0
0.018766999999999999 -0.028087000000000001 0
0.018766999999999999 -0.028087000000000001 0.044999999999999998
0.024354000000000001 -0.024354000000000001 0.050625000000000003
0.018958701555652296 -0.027958913028951128 0.056250000000000001
0.021656350777826149 -0.026156456514475568 0.056250000000000001
0.016069350777826147 -0.029889456514475568 0.056250000000000001
0.024354000000000001 -0.024354000000000001 0.061874999999999999
0.018766999999999999 0.028087000000000001 0
0.020295000000000007 0.020295000000000007 0
0.018766999999999999 0.028087000000000001 0.044999999999999998
0.024354000000000001 0.024354000000000001 0.011250000000000036
0.024354000000000001 0.024354000000000001 0.022500000000000072
0.024354000000000001 0.024354000000000001 0.033750000000000065
0.024354000000000001 0.024354000000000001 0.005625000000000018
0.024354000000000001 0.024354000000000001 0.016875000000000053
0.024354000000000001 0.024354000000000001 0.028125000000000074
0.024354000000000001 0.024354000000000001 0.039375000000000042
0.020294999999999997 0.020294999999999997 0.044999999999999998
0.018766999999999999 0.028087000000000001 0.056250000000000001
0.024354000000000001 0.024354000000000001 0.050625000000000003
0.024354000000000001 0.024354000000000001 0.061874999999999999
0.028087000000000001 0.018766999999999999 0.067500000000000004
0.028087000000000001 0.018766999999999999 0.078750000000000001
0.031820000000000001 0.013180000000000002 0.073125000000000009
0.028087000000000001 0.018766999999999999 0.089999999999999983
0.031820000000000001 0.013180000000000001 0.084375000000000006
0.026516999999999988 0.010983499999999997 0.089999999999999983
0.026517000000000013 0.010983500000000004 0.067500000000000004
0.028087000000000001 0.018766999999999999 0.13500000000000001
0.031820000000000001 0.013180000000000001 0.10125000000000003
0.031820000000000001 0.013180000000000002 0.11250000000000006
0.031820000000000001 0.013180000000000002 0.12375000000000004
0.031820000000000001 0.013180000000000001 0.095625000000000002
0.031820000000000001 0.013180000000000001 0.10687500000000004
0.031820000000000001 0.013180000000000002 0.11812500000000006
0.031820000000000001 0.013180000000000002 0.12937500000000002
0.026517000000000013 0.010983500000000004 0.13500000000000001
0.027967723222615606 -0.018945515766205893 0.078750000000000001
0.029893861611307804 -0.016062757883102949 0.078750000000000001
0.026160861611307804 -0.021649757883102951 0.078750000000000001
0.031820000000000001 -0.013180000000000002 0.084374999999999978
0.028087000000000001 -0.018766999999999999 0.089999999999999983
0.028100588028962609 -0.018746663456251245 0.067500000000000004
0.026227294014481307 -0.021550331728125621 0.067500000000000004
0.029960294014481307 -0.015963331728125623 0.067500000000000004
0.031820000000000001 -0.013180000000000002 0.073124999999999982
0.026517000000000013 -0.010983500000000004 0.089999999999999983
0.026516999999999985 -0.010983499999999997 0.067500000000000004
0.028087000000000001 0.018766999999999999 0
0.028087000000000001 0.018766999999999999 0.044999999999999998
0.031820000000000001 0.013180000000000001 0.011250000000000024
0.031820000000000001 0.013180000000000002 0.022500000000000048
0.031820000000000001 0.013180000000000002 0.033750000000000044
0.031820000000000001 0.013180000000000001 0.0056250000000000119
0.031820000000000001 0.013180000000000001 0.016875000000000036
0.031820000000000001 0.013180000000000002 0.028125000000000049
0.031820000000000001 0.013180000000000002 0.039375000000000014
0.026517000000000013 0.010983500000000004 0
0.026516999999999988 0.010983499999999997 0.044999999999999998
0.028087000000000001 0.018766999999999999 0.056250000000000001
0.031820000000000001 0.013180000000000001 0.050625000000000003
0.031820000000000001 0.013180000000000001 0.061874999999999999
0.026517000000000013 -0.010983500000000004 0
0.028087000000000001 -0.018766999999999999 0
0.031820000000000001 -0.013180000000000001 0.011632838160373768
0.031820000000000001 -0.013180000000000002 0.022504379924355465
0.031820000000000001 -0.013180000000000002 0.033367033062860242
0.031820000000000001 -0.013180000000000001 0.0058164190801868847
0.031820000000000001 -0.013180000000000001 0.017068609042364617
0.031820000000000001 -0.013180000000000002 0.027935706493607854
0.031820000000000001 -0.013180000000000002 0.039183516531430117
0.026516999999999988 -0.010983499999999997 0.044999999999999998
0.028087000000000001 -0.018766999999999999 0.044999999999999998
0.031820000000000001 -0.013180000000000001 0.050625000000000003
0.02796772313881234 -0.018945515891630182 0.056250000000000001
0.029893861569406169 -0.016062757945815093 0.056250000000000001
0.026160861569406169 -0.021649757945815088 0.056250000000000001
0.031820000000000001 -0.013180000000000001 0.061874999999999999
0.031820000000000001 -0.013180000000000001 0.10163296743063742
0.031820000000000001 -0.013180000000000001 0.11249562090927016
0.031820000000000001 -0.013180000000000002 0.12336716134888936
0.031820000000000001 -0.013180000000000001 0.095816483715318701
0.031820000000000001 -0.013180000000000001 0.10706429416995381
0.031820000000000001 -0.013180000000000002 0.11793139112907976
0.031820000000000001 -0.013180000000000002 0.12918358067444469
0.026517000000000013 -0.010983500000000004 0.13500000000000001
0.028087000000000001 -0.018766999999999999 0.13500000000000001
0.033131000000000001 -0.0065900000000000177 0.078750000000000001
0.034442 0 0.084374999999999978
0.033131000000000001 -0.0065899999999999856 0.089999999999999983
0.033131000000000001 -0.0065899999999999856 0.067500000000000004
0.034442 0 0.073124999999999982
0.028701500000000001 0 0.067500000000000004
0.028701500000000001 0 0.090000000000000011
0.033131000000000001 0.0065899999999999856 0.089999999999999983
0.033131000000000001 0.006589999999999983 0.13500000000000001
0.034442 0 0.10124999999999997
0.034442 0 0.11249999999999992
0.034442 0 0.12374999999999994
0.034442 0 0.095624999999999974
0.034442 0 0.10687499999999994
0.034442 0 0.11812499999999994
0.034442 0 0.12937499999999996
0.028701500000000001 0 0.13500000000000001
0.033131000000000001 0.0065900000000000177 0.067500000000000004
0.033131000000000001 0.0065899999999999856 0.078750000000000001
0.033131000000000001 -0.0065900000000000177 0.044999999999999998
0.034442 0 0.050625000000000003
0.033131000000000001 -0.0065900000000000177 0.056250000000000001
0.034442 0 0.061874999999999999
0.028701500000000001 0 0.045000000000000005
0.028701500000000001 0 0
0.033131000000000001 -0.0065900000000000177 0
0.034442 0 0.011249999999999968
0.034442 0 0.022499999999999937
0.034442 0 0.03374999999999994
0.034442 0 0.0056249999999999842
0.034442 0 0.016874999999999953
0.034442 0 0.028124999999999935
0.034442 0 0.039374999999999966
0.033131000000000001 0.006589999999999983 0
0.033131000000000001 0.0065899999999999856 0.044999999999999998
0.033131000000000001 0.0065899999999999856 0.056250000000000001
0.033131000000000001 -0.0065900000000000177 0.13500000000000001
-0.033131000000000001 -0.0065900000000000004 0.073124999999999982
-0.033131000000000001 -0.0065900000000000004 0.084375000000000006
-0.026516999999999999 -0.010983499999999998 0.07310403721713489
-0.026516999999999999 -0.010983499999999998 0.078729037217134895
-0.026516999999999999 -0.010983499999999998 0.084375000000000006
-0.027827999999999999 -0.0043934999999999998 0.089999999999999983
-0.028701500000000001 0 0.073124999999999982
-0.028701500000000001 0 0.084375000000000006
-0.028701500000000001 0 0.078750000000000014
-0.027827999999999999 -0.0043934999999999998 0.067500000000000004
-0.022087499999999999 -0.0043934999999999998 0.084375000000000033
-0.022087499999999999 -0.0043934999999999998 0.078729037217134909
-0.022087499999999999 -0.0043934999999999998 0.07310403721713489
-0.022087500000000003 -0.0043934999999999998 0.095460937595321274
-0.022087500000000003 -0.0043934999999999998 0.1029279602146448
-0.022087500000000003 -0.0043935000000000007 0.12952871681466155
-0.022087500000000003 -0.0043934999999999998 0.12223748490260612
-0.022087500000000003 -0.0043934999999999998 0.11626861807501182
-0.022087500000000003 -0.0043934999999999998 0.10852687260639075
-0.025371477959198117 -0.010509025332336162 0.11263735250597036
-0.026516999999999999 -0.0109835 0.095624999999999988
-0.026516999999999999 -0.0109835 0.10309202261932349
-0.026516999999999999 -0.010983500000000002 0.12937499999999996
-0.026516999999999999 -0.0109835 0.12208376808794456
-0.023292738979599048 -0.00964801266616808 0.11652744434092976
-0.023292738979599048 -0.00964801266616808 0.10878569887230868
-0.028595738979599057 -0.011844512666168081 0.10694367625298518
-0.028595738979599061 -0.011844512666168082 0.11819367625298516
-0.028595738979599057 -0.011844512666168081 0.11256867625298515
-0.027827999999999999 -0.0043934999999999998 0.13500000000000001
-0.028701500000000001 0 0.095460937595321274
-0.028701500000000001 0 0.10108593759532124
-0.028701500000000001 0 0.12952871681466155
-0.028701500000000001 0 0.1239037168146615
-0.028701500000000001 0 0.11230984998706722
-0.028701500000000001 0 0.1182787168146615
-0.028701500000000001 0 0.10668484998706725
-0.033131000000000008 -0.0065900000000000004 0.095624999999999988
-0.033131000000000008 -0.0065900000000000004 0.10124999999999997
-0.033131000000000008 -0.0065900000000000012 0.12937499999999996
-0.033131000000000008 -0.0065900000000000012 0.12374999999999994
-0.033131000000000008 -0.0065900000000000004 0.10687499999999994
-0.033131000000000008 -0.0065900000000000004 0.11812499999999994
-0.033131000000000008 -0.0065900000000000004 0.11249999999999992
-0.033131000000000001 0.0065900000000000004 0.073124999999999982
-0.033131000000000001 0.0065900000000000004 0.084375000000000006
-0.027827999999999999 0.0043934999999999998 0.089999999999999983
-0.026391985888316288 0.01093171921623359 0.078550561771845759
-0.029105992944158152 0.012055859608116795 0.07865028088592288
-0.029105992944158152 0.012055859608116795 0.073025280885922902
-0.029105992944158152 0.012055859608116795 0.084275280885922871
-0.026516999999999999 0.010983499999999998 0.071167572772049811
-0.023802992944158143 0.0098593596081167929 0.076692853657972668
-0.026516999999999999 0.010983499999999998 0.086096074224101052
-0.023802992944158143 0.0098593596081167929 0.08037135511002394
-0.027827999999999999 0.0043934999999999998 0.067500000000000004
-0.022087499999999999 0.0043934999999999998 0.086096074224101052
-0.022087499999999999 0.0043934999999999998 0.080471074224101075
-0.022087499999999999 0.0043934999999999998 0.071167572772049811
-0.022087499999999999 0.0043934999999999998 0.07679257277204983
-0.033130999999999994 0.0065900000000000004 0.095624999999999988
-0.033130999999999994 0.0065900000000000004 0.12937499999999996
-0.033130999999999994 0.0065900000000000004 0.10128929879212556
-0.033130999999999994 0.0065900000000000004 0.12371070120787436
-0.033130999999999994 0.0065900000000000004 0.10691429879212554
-0.033130999999999994 0.0065900000000000004 0.11808570120787436
-0.033130999999999994 0.0065900000000000004 0.11248707549606332
-0.027827999999999999 0.0043934999999999998 0.13500000000000001
-0.026516999999999999 0.0109835 0.095664298792125582
-0.026516999999999999 0.0109835 0.10170797225250178
-0.026516999999999999 0.010983500000000002 0.12933570120787441
-0.026516999999999999 0.010983500000000002 0.12294597751684436
-0.026516999999999999 0.0109835 0.10728074895643956
-0.026516999999999999 0.0109835 0.11734735180503332
-0.026516999999999999 0.0109835 0.11222105391628408
-0.022087499999999999 0.0043934999999999998 0.095460937595321274
-0.022087499999999999 0.0043934999999999998 0.12952871681466155
-0.022087499999999999 0.0043934999999999998 0.10150461105569748
-0.022087499999999999 0.0043934999999999998 0.1231389931236315
-0.022087499999999999 0.0043934999999999998 0.11717012629603722
-0.022087499999999999 0.0043934999999999998 0.10710352344744346
-0.022087499999999999 0.0043934999999999998 0.11204382840728798
-0.033131000000000008 -0.0065900000000000012 0.050625000000000003
-0.033131000000000008 -0.0065900000000000012 0.061875000000000006
-0.026516999999999999 -0.0109835 0.061878300713972295
-0.026516999999999999 -0.0109835 0.056253300713972297
-0.026516999999999999 -0.0109835 0.050625000000000003
-0.028701500000000001 0 0.061874999999999999
-0.028701500000000001 0 0.056249999990461125
-0.028701500000000001 0 0.050625000000000003
-0.027827999999999999 -0.0043934999999999998 0.044999999999999998
-0.022087499999999999 -0.0043934999999999998 0.061878300713972295
-0.022087499999999999 -0.0043934999999999998 0.056253300704433427
-0.022087499999999999 -0.0043935000000000007 0.050624999990461127
-0.022087500000000003 -0.0043934999999999998 0.039459667962877941
-0.022087500000000003 -0.0043934999999999998 0.03186327038114968
-0.022087500000000003 -0.0043934999999999998 0.0054571282784167206
-0.022087500000000003 -0.0043934999999999998 0.012710847245934562
-0.022087500000000003 -0.0043934999999999998 0.025851169321794279
-0.022087500000000003 -0.0043934999999999998 0.018201285871040397
-0.026516999999999999 -0.010983500000000002 0.039374999999999966
-0.026516999999999999 -0.010983500000000002 0.031778602418271698
-0.026516999999999999 -0.0109835 0.0056249999999999833
-0.026516999999999999 -0.0109835 0.012878718967517824
-0.026516999999999999 -0.0109835 0.018503718967517808
-0.026516999999999999 -0.010983500000000002 0.026153602418271693
-0.028701500000000001 0 0.039459667962877941
-0.028701500000000001 0 0.033834667962877915
-0.028701500000000001 0 0.0054571282784167206
-0.028701500000000001 0 0.011082128278416715
-0.028701500000000001 0 0.016572566903522545
-0.028701500000000001 0 0.02219756690352254
-0.028701500000000001 0 0.028209667962877934
-0.027827999999999999 -0.0043934999999999998 0
-0.033131000000000008 -0.0065900000000000012 0.039374999999999966
-0.033131000000000008 -0.0065900000000000012 0.033749999999999933
-0.033131000000000008 -0.0065900000000000004 0.0056249999999999946
-0.033131000000000008 -0.0065900000000000004 0.011249999999999981
-0.033131000000000008 -0.0065900000000000004 0.016874999999999959
-0.033131000000000008 -0.0065900000000000004 0.028124999999999928
-0.033131000000000008 -0.0065900000000000004 0.022499999999999961
-0.033130999999999994 0.0065900000000000004 0.039374999999999959
-0.033130999999999994 0.0065900000000000004 0.0056249999999999946
-0.033130999999999994 0.0065900000000000004 0.033685564909494696
-0.033130999999999994 0.0065900000000000004 0.011314435090505212
-0.033130999999999994 0.0065900000000000004 0.016939435090505207
-0.033130999999999994 0.0065900000000000004 0.028060564909494729
-0.033130999999999994 0.0065900000000000004 0.022448597800849995
-0.027827999999999999 0.0043934999999999998 0.044999999999999998
-0.026516999999999999 0.010983500000000002 0.039310564909494736
-0.026516999999999999 0.0109835 0.0056894350905052175
-0.026516999999999999 0.010983500000000002 0.033149214836140237
-0.026516999999999999 0.0109835 0.011947829393749221
-0.026516999999999999 0.0109835 0.017456992104094009
-0.026516999999999999 0.010983500000000002 0.027537247727495506
-0.026516999999999999 0.010983500000000002 0.022445704441696225
-0.027827999999999999 0.0043934999999999998 0
-0.022087499999999999 0.004393499999999999 0.039459667962877941
-0.022087499999999999 0.0043934999999999998 0.0054571282784167206
-0.022087499999999999 0.0043934999999999998 0.033298317889523449
-0.022087499999999999 0.0043934999999999998 0.011715522581660726
-0.022087499999999999 0.0043934999999999998 0.017205961206766554
-0.022087499999999999 0.0043934999999999998 0.027286216830168047
-0.022087499999999999 0.0043934999999999998 0.022194673544368767
-0.033131000000000008 0.0065900000000000012 0.050625000000000003
-0.033131000000000008 0.0065900000000000012 0.061874999999999999
-0.026391320971488406 0.010931443808009485 0.056153032883154985
-0.026516999999999999 0.0109835 0.063655411763011038
-0.029105660485744207 0.012055721904004744 0.061826516441577495
-0.029105660485744207 0.012055721904004744 0.05620151644157749
-0.023802660485744205 0.0098592219040047422 0.057981928204588536
-0.026516999999999999 0.0109835 0.048729673109869073
-0.029105660485744207 0.012055721904004744 0.050576516441577485
-0.023802660485744205 0.0098592219040047457 0.054306189551446567
-0.022087499999999999 0.0043934999999999998 0.063655411763011038
-0.022087499999999999 0.0043934999999999998 0.058030411753472171
-0.022087499999999999 0.0043934999999999998 0.048729673109869073
-0.022087499999999999 0.0043934999999999998 0.054354673100330202
-0.028087000000000001 -0.018766999999999999 0.073124999999999982
-0.028087000000000001 -0.018766999999999999 0.084375000000000006
-0.020295000000000001 -0.020295000000000001 0.078651593570275388
-0.020295000000000001 -0.020295000000000004 0.073026593570275397
-0.020295000000000001 -0.020295000000000001 0.084375000000000006
-0.022783999999999999 -0.016570500000000002 0.090000000000000011
-0.022783999999999999 -0.016570500000000002 0.067500000000000018
-0.018724999999999999 -0.012511500000000002 0.084354037217134886
-0.018724999999999999 -0.012511500000000002 0.073026593570275397
-0.018724999999999999 -0.012511500000000002 0.078630630787410269
-0.018724999999999999 -0.012511500000000002 0.097467022619323482
-0.018724999999999999 -0.012511500000000002 0.12780147501301961
-0.018724999999999999 -0.012511500000000002 0.12051024310096416
-0.018724999999999999 -0.012511500000000002 0.10539264144104192
-0.018724999999999999 -0.012511500000000002 0.113134386909663
-0.020295000000000004 -0.020295000000000004 0.095624999999999988
-0.020295000000000004 -0.020295000000000004 0.1035506188217184
-0.020295000000000004 -0.020295000000000001 0.12937499999999996
-0.020295000000000004 -0.020295000000000001 0.12217647501301958
-0.020295000000000004 -0.020295000000000004 0.11655147501301956
-0.020295000000000004 -0.020295000000000004 0.1091756188217184
-0.022783999999999999 -0.016570500000000002 0.13500000000000004
-0.028087000000000001 -0.018766999999999999 0.095624999999999988
-0.028087000000000001 -0.018766999999999999 0.10124999999999997
-0.028087000000000001 -0.018766999999999999 0.12937499999999996
-0.028087000000000001 -0.018766999999999999 0.12374999999999994
-0.028087000000000001 -0.018766999999999999 0.10687499999999994
-0.028087000000000001 -0.018766999999999999 0.11249999999999992
-0.028087000000000001 -0.018766999999999999 0.11812499999999994
-0.029960294036495208 0.015963331695178485 0.073124999999999982
-0.028029750601299811 0.018852682397679604 0.073124999999999982
-0.026156456564804604 0.021656350702501121 0.073124999999999982
-0.02806870187565846 0.018794385915000319 0.084144085108888295
-0.029944350937829232 0.01598719295750016 0.087072042554444146
-0.029944350937829232 0.01598719295750016 0.081447042554444141
-0.028013807502633832 0.018876543660001285 0.081447042554444141
-0.026211350937829229 0.021574192957500161 0.087072042554444146
-0.026211350937829229 0.021574192957500161 0.081447042554444141
-0.02269766041147226 0.016484260411472256 0.090000000000000011
-0.021955830205736129 0.012635630205736128 0.090000000000000011
-0.027258830205736127 0.014832130205736128 0.090000000000000011
-0.023525830205736127 0.020419130205736127 0.090000000000000011
-0.019466830205736127 0.01636013020573613 0.090000000000000011
-0.021280981234416768 0.018174281234416764 0.090000000000000011
-0.018788587840422807 0.018788587840422807 0.073992916182850421
-0.018793116474118743 0.018793116474118743 0.083151681023673527
-0.020030753731940919 0.020030753731940919 0.078639029310650727
-0.021479234452684189 0.021479234452684189 0.084108142066864844
-0.02146945420397714 0.02146945420397714 0.073276389098700226
-0.022911727101988567 0.022911727101988567 0.076013194549350113
-0.022911727101988567 0.022911727101988567 0.070388194549350108
-0.022916617226342095 0.022916617226342095 0.087054071033432434
-0.022916617226342095 0.022916617226342095 0.081429071033432429
-0.020754994092312552 0.020754994092312552 0.081373585688757813
-0.022192376865970455 0.022192376865970455 0.07869451465532537
-0.020750103967959028 0.020750103967959031 0.075957709204675483
-0.020644691825749559 0.020644691825749559 0.070388194549350108
-0.020671768255022729 0.020671768255022729 0.087054071033432434
-0.018050151028680642 0.018050151028680642 0.087454506482929739
-0.018027964723760989 0.018027964723760996 0.069840635960804448
-0.017514558237059372 0.017514558237059372 0.084030346994766511
-0.019328709265740013 0.019328709265740013 0.086575840511836755
-0.020136175463401466 0.020136175463401466 0.083629911545269178
-0.019304258643972391 0.019304258643972397 0.070746458091425213
-0.017512293920211405 0.017512293920211409 0.073087094052229643
-0.020129021022199971 0.020129021022199971 0.073634652640775317
-0.017514558237059372 0.017514558237059372 0.081950322803233999
-0.018133376865970455 0.018133376865970455 0.077484336347943703
-0.018133376865970455 0.018133376865970455 0.079693996946722592
-0.019411935103029829 0.019411935103029829 0.080895355167162106
-0.017512293920211405 0.017512293920211409 0.075161279784043536
-0.01940967078618186 0.01940967078618186 0.076315972746750574
-0.0238884904505322 0.014679966706596477 0.067500000000000018
-0.027854245225266097 0.013929983353298238 0.067500000000000018
-0.022551245225266095 0.011733483353298236 0.067500000000000018
-0.025994539261761308 0.016713315048476719 0.067500000000000018
-0.021188212591340405 0.013773103700849963 0.067500000000000018
-0.0239602587602562 0.019283296418939468 0.067500000000000018
-0.01915393208983529 0.016343085071312713 0.067500000000000018
-0.021854209949027089 0.017249948077059225 0.067500000000000018
-0.018575749077060243 0.012734836706504268 0.078531724731347105
-0.018592261583033093 0.012710127655280533 0.086405594736321173
-0.018368143286290241 0.013045494708803538 0.07449275581976382
-0.018170802132018667 0.01334079287235696 0.082557489092904862
-0.019317430392941065 0.01162499658557292 0.071232907569127174
-0.019903130791516545 0.010748563827640265 0.088202797368160571
-0.017414130791516547 0.014473063827640268 0.088202797368160571
-0.019903130791516545 0.010748563827640265 0.084298871592261626
-0.020265715196470527 0.010205998292786461 0.069366453784563589
-0.020265715196470527 0.010205998292786461 0.073034026556613396
-0.018902682562544841 0.012245618640338183 0.069366453784563589
-0.017414130791516547 0.014473063827640268 0.085657303851090313
-0.017361967366074305 0.014551120347551724 0.069840635960804448
-0.01989487453853012 0.010760918353252134 0.076683435137723341
-0.01989487453853012 0.010760918353252134 0.080361936589774613
-0.019791071643145121 0.010916247354401769 0.074663950681931712
-0.01847194618167524 0.012890165707653905 0.076512240275555463
-0.018842786839615648 0.012335245647188228 0.07286283169444549
-0.018373275604539451 0.013037814789430616 0.080544606912125991
-0.019692401066009328 0.011063896436178481 0.082374818770553485
-0.01838153185752588 0.013025460263818744 0.084481541914613004
-0.01720340106600933 0.014788396436178479 0.083733251029382172
-0.01720340106600933 0.014788396436178479 0.08165322683784966
-0.017405874538530122 0.014485418353252134 0.079640344657070802
-0.017405874538530122 0.014485418353252134 0.077430684058291871
-0.017302071643145116 0.014640747354401773 0.075411199602500242
-0.017302071643145116 0.014640747354401773 0.073337013870686363
-0.017776715196470529 0.013930498292786459 0.071707089745368047
-0.028087000000000001 0.018766999999999999 0.095664298792125582
-0.028087000000000001 0.018766999999999999 0.12933570120787441
-0.028087000000000001 0.018766999999999999 0.10168625903158668
-0.028087000000000001 0.018766999999999999 0.12332646675509272
-0.028087000000000001 0.018766999999999999 0.10725903573552448
-0.028087000000000001 0.018766999999999999 0.11772784104328168
-0.028087000000000001 0.018766999999999999 0.1125338173286701
-0.022783999999999999 0.016570500000000002 0.13500000000000004
-0.01988366392610506 0.01988366392610506 0.11840639070191304
-0.019773760364000012 0.019773760364000012 0.10412119826045552
-0.019400932785221009 0.019400932785221009 0.12394736304284174
-0.02091641248427226 0.02091641248427226 0.096733288053466787
-0.01888349002859456 0.01888349002859456 0.1141475770247017
-0.018891171519319461 0.018891171519319461 0.10980158872093844
-0.020203768651553163 0.020203768651553163 0.12977691879132017
-0.022635206242136129 0.022635206242136129 0.093366644026733406
-0.02039035727081677 0.02039035727081677 0.093366644026733406
-0.022635206242136129 0.022635206242136129 0.09938860426619453
-0.018050151028680642 0.018050151028680642 0.093750660763978075
-0.018219884325776581 0.018219884325776581 0.13238845939566007
-0.022278884325776585 0.022278884325776585 0.13238845939566007
-0.022278884325776585 0.022278884325776585 0.1263792249428784
-0.018219884325776581 0.018219884325776581 0.12825388733943349
-0.018576206242136128 0.018576206242136128 0.097117304790711484
-0.022063880182000006 0.022063880182000003 0.1083573409628345
-0.022063880182000006 0.022063880182000003 0.10308255936968888
-0.020345086424136134 0.020345086424136134 0.10042724315696117
-0.022118831963052529 0.022118831963052529 0.12069396089817484
-0.022118831963052529 0.022118831963052529 0.11549993718356326
-0.019383576977349808 0.019383576977349808 0.11627698386330736
-0.02161874501429728 0.02161874501429728 0.1133705303449576
-0.021622585759659727 0.021622585759659727 0.11119753619307596
-0.019332465941659736 0.019332465941659736 0.10696139349069696
-0.018887330773957007 0.018887330773957007 0.11197458287282008
-0.021877466392610505 0.021877466392610505 0.1234644470686392
-0.01964229835566304 0.01964229835566304 0.12117687687237738
-0.019802350718387089 0.019802350718387089 0.12686214091708095
-0.017818466392610505 0.017818466392610505 0.1223499863146902
-0.017818466392610505 0.017818466392610505 0.12533910946519428
-0.018059831963052528 0.018059831963052528 0.11735781714150122
-0.018059831963052528 0.018059831963052528 0.11957950014422586
-0.01755974501429728 0.01755974501429728 0.11306674374650784
-0.01755974501429728 0.01755974501429728 0.11522841030289556
-0.017563585759659731 0.017563585759659731 0.10870942784725066
-0.017563585759659731 0.017563585759659731 0.11089374959462622
-0.018004880182000006 0.018004880182000006 0.10369502223879488
-0.018004880182000006 0.018004880182000006 0.1058692326170092
-0.018004880182000006 0.018004880182000006 0.10081125989420583
-0.018625091922941692 0.012661000856972148 0.118189945397959
-0.018631278457096601 0.012651743425690528 0.10585468159089576
-0.018208455691419323 0.013284448685138108 0.10049257140414332
-0.018129626754502488 0.013402407052171748 0.11031467857958316
-0.018088143735488841 0.01346448158182878 0.11375354697347741
-0.018621691138283863 0.012666089737027625 0.096016247970570373
-0.018310967767650441 0.013131051245233408 0.12354957032632588
-0.018642193553530088 0.012635410249046682 0.12850019576636254
-0.017428845569141933 0.014451044868513813 0.093008123985285185
-0.019917845569141931 0.010726544868513812 0.093008123985285185
-0.019917845569141931 0.010726544868513812 0.099051797445661408
-0.019928096776765047 0.010711205124523339 0.13175009788318126
-0.017439096776765046 0.01443570512452334 0.13175009788318126
-0.019928096776765047 0.010711205124523339 0.12536037419215124
-0.017428845569141933 0.014451044868513813 0.096758784749263263
-0.017439096776765046 0.01443570512452334 0.12761552582695468
-0.019922639228548301 0.010719371712845264 0.10397101425582408
-0.019922639228548301 0.010719371712845264 0.1089113192156686
-0.01971122784570966 0.011035724342569057 0.10128995916244787
-0.01841986707425796 0.012968096055414321 0.10317362649751954
-0.018415073414851595 0.012975269211082864 0.098254409687356825
-0.019919545961470848 0.010724000428486074 0.11507895111920022
-0.019919545961470848 0.010724000428486074 0.12020524900794946
-0.019651071867744421 0.011125740790914392 0.11286075190695942
-0.018356617829215265 0.013062741219400466 0.11597174618571821
-0.018380452605799548 0.013027075238931138 0.10808468008523946
-0.019671813377251247 0.011094703526085874 0.1111413177100123
-0.018108885244995664 0.013433444317000266 0.11203411277653028
-0.018468029845296063 0.012896026051102778 0.12086975786214244
-0.019762483883825215 0.010959025622616704 0.12288506147213292
-0.018476580660590262 0.012883230747140043 0.12602488304634421
-0.017273483883825221 0.014683525622616704 0.12514021310693635
-0.017273483883825221 0.014683525622616704 0.12215108995643228
-0.017430545961470846 0.014448500428486076 0.11947127749224884
-0.017430545961470846 0.014448500428486076 0.1172495944895242
-0.017162071867744419 0.01485024079091439 0.1150313952772834
-0.017162071867744419 0.01485024079091439 0.11286972872089568
-0.017182813377251246 0.014819203526085876 0.11115029452394858
-0.017182813377251246 0.014819203526085876 0.10896597277657299
-0.017433639228548299 0.014443871712845266 0.10673597428222932
-0.017433639228548299 0.014443871712845266 0.10456176390401498
-0.017222227845709662 0.014760224342569054 0.10188070881063876
-0.017222227845709662 0.014760224342569054 0.098996946466049743
-0.018724999999999999 -0.012511500000000004 0.037403602418271731
-0.018724999999999999 -0.012511500000000002 0.0072497821354858098
-0.018724999999999999 -0.012511500000000002 0.014503501103003653
-0.018724999999999999 -0.012511500000000004 0.029583085443950684
-0.018724999999999999 -0.012511500000000002 0.021933201993196799
-0.020295000000000004 -0.020295000000000004 0.0056250000000000154
-0.020295000000000004 -0.020295000000000004 0.012874782135485823
-0.020295000000000004 -0.020295000000000004 0.039375000000000014
-0.020295000000000004 -0.020295000000000004 0.031554483025678981
-0.020295000000000004 -0.020295000000000004 0.025929483025678993
-0.020295000000000004 -0.020295000000000004 0.018499782135485841
-0.022783999999999999 -0.016570500000000002 0.045000000000000005
-0.022783999999999999 -0.016570500000000002 0
-0.028087000000000001 -0.018766999999999995 0.039375000000000014
-0.028086999999999997 -0.018766999999999999 0.033749999999999995
-0.028087000000000001 -0.018766999999999999 0.0056250000000000163
-0.028087000000000001 -0.018766999999999999 0.011249999999999998
-0.028087000000000001 -0.018766999999999999 0.01687499999999998
-0.028087000000000001 -0.018766999999999995 0.022499999999999999
-0.028086999999999997 -0.018766999999999999 0.028125000000000001
-0.028087000000000001 0.018766999999999999 0.039310564909494736
-0.028087000000000001 0.018766999999999999 0.005689435090505221
-0.028087000000000001 0.018766999999999999 0.033267448958335347
-0.028087000000000001 0.018766999999999999 0.011722243846962382
-0.028087000000000001 0.018766999999999999 0.01723140655730717
-0.028087000000000001 0.018766999999999999 0.027655481849690616
-0.028087000000000001 0.018766999999999999 0.022446593242799864
-0.023716235107384399 0.01538278635187291 0.045000000000000005
-0.022465117553692203 0.012084893175936456 0.045000000000000005
-0.027768117553692202 0.014281393175936456 0.045000000000000005
-0.024035117553692201 0.019868393175936451 0.045000000000000005
-0.021112221573724298 0.014109345195779948 0.045000000000000005
-0.021786969244791989 0.017620244867036245 0.045000000000000005
-0.019182955711131884 0.016346803710943283 0.045000000000000005
-0.01989456457218193 0.019894564572181937 0.016566701946733219
-0.019880734813160571 0.019880734813160571 0.029033024116820013
-0.019403112914436384 0.019403112914436388 0.011039925086632167
-0.020802344380632234 0.020802344380632234 0.03900965799402345
-0.019501815838758561 0.019501815838758561 0.03403683727089285
-0.018976262384786457 0.01897626238478646 0.020883133783709613
-0.019017966420036312 0.019017966420036315 0.024831962794769159
-0.020203991113718001 0.020203991113718001 0.0052178319500061363
-0.022578172190316121 0.022578172190316121 0.042004828997011731
-0.022578172190316121 0.022578172190316121 0.035961713045852335
-0.020330023881415905 0.020330023881415905 0.042004828997011731
-0.022278995556858999 0.022278995556858999 0.0026089159750030681
-0.018219995556858999 0.018219995556859003 0.0026089159750030681
-0.022278995556858999 0.022278995556858999 0.0086417247314602361
-0.018046851691099791 0.018046851691099791 0.041260326899733128
-0.018219995556858999 0.018219995556858999 0.0067308586971374243
-0.022124282286090965 0.022124282286090969 0.019531346415316474
-0.022124282286090965 0.022124282286090969 0.014316159729823776
-0.019648838743309159 0.019648838743309163 0.013803313516682694
-0.021878556457218191 0.021878556457218198 0.011552771299773251
-0.019803552014077189 0.019803552014077196 0.0081288785183191506
-0.022117367406580289 0.022117367406580289 0.030973396107250615
-0.022117367406580289 0.022117367406580289 0.025764507500359867
-0.02166513119239323 0.02166513119239323 0.021689562333804667
-0.019435413478484195 0.019435413478484199 0.018724917865221416
-0.01944935061659844 0.019449350616598443 0.026932493455794584
-0.021685983210018155 0.021685983210018155 0.023663976839334439
-0.018997114402411384 0.018997114402411388 0.022857548289239384
-0.021927907919379281 0.021927907919379281 0.033475302684287035
-0.01969127532595957 0.01969127532595957 0.031534930693856433
-0.020152080109695401 0.020152080109695401 0.03652324763245815
-0.018519172190316121 0.018519172190316121 0.038265155896744847
-0.017819556457218191 0.017819556457218194 0.0096419052654504386
-0.017819556457218194 0.017819556457218194 0.012620701446871198
-0.018065282286090965 0.018065282286090969 0.015384089876921725
-0.018065282286090965 0.018065282286090969 0.017596873929176693
-0.01760613119239323 0.01760613119239323 0.01975508984766489
-0.01760613119239323 0.01760613119239323 0.0219154418752101
-0.017626983210018154 0.017626983210018154 0.023889856380739871
-0.017626983210018154 0.017626983210018154 0.02608050150289816
-0.018058367406580289 0.018058367406580289 0.028181032163923585
-0.018058367406580289 0.018058367406580289 0.030370053231646661
-0.017868907919379277 0.017868907919379281 0.032871959808683085
-0.017868907919379281 0.017868907919379281 0.035778745535179554
-0.022783999999999999 0.016570500000000002 0
-0.018625144318290068 0.012660922453406453 0.036903849546330129
-0.018625073474199248 0.012661028463376826 0.016641600861960947
-0.018641673686172065 0.012636188170290144 0.029374980054613815
-0.018127194254588311 0.013406047006342249 0.021169801022170604
-0.018090973588152075 0.013460247035326479 0.024663156907242922
-0.018309940347642256 0.013132588660187398 0.011346064548341047
-0.018641988069528451 0.012635717732037482 0.006421347719819559
-0.019919572159145037 0.010723961226703228 0.034790574699810561
-0.019919572159145037 0.010723961226703228 0.040951924773165053
-0.018566676179177129 0.012748413246546722 0.040951924773165067
-0.017438994034764226 0.014435858866018744 0.0032106738599097795
-0.019927994034764227 0.010711358866018742 0.0032106738599097795
-0.019927994034764227 0.010711358866018742 0.0094690681631537845
-0.0173721040200321 0.014535952019843496 0.041260326899733128
-0.017438994034764226 0.014435858866018744 0.0073326165820441283
-0.019919536737099622 0.010724014231688412 0.014579194734224477
-0.019919536737099622 0.010724014231688412 0.019567907071826693
-0.019761970173821128 0.010959794330093701 0.011931426577414528
-0.018467506910920754 0.012896808561782111 0.013993832705150998
-0.018475964208585355 0.012884153196112439 0.008883706134080304
-0.019927836843086032 0.010711594085145071 0.025934596668153127
-0.019927836843086032 0.010711594085145071 0.031026139953952404
-0.018376133864393775 0.013033537734859536 0.018905700942065777
-0.019670597127294159 0.011096523503171123 0.021832007151931523
-0.019652486794076041 0.01112362351766324 0.023578685094467679
-0.018366323637162073 0.013048217602808313 0.027019068480928367
-0.018109083921370197 0.013433147020834363 0.022916478964706763
-0.018633409002231063 0.012648555311848299 0.033139414800471965
-0.017430572159145036 0.014448461226703228 0.03721225167289819
-0.01727297017382113 0.014684294330093699 0.012773771177725639
-0.01727297017382113 0.014684294330093699 0.0097949749963048786
-0.017430536737099624 0.014448514231688414 0.017634323386790555
-0.017430536737099624 0.014448514231688414 0.015421539334535588
-0.017181597127294158 0.014821023503171124 0.022058775494440595
-0.017181597127294158 0.014821023503171124 0.019898423466895385
-0.01716348679407604 0.01484812351766324 0.025996098559135039
-0.01716348679407604 0.01484812351766324 0.023805453436976758
-0.017438836843086034 0.014436094085145072 0.030541031200543564
-0.017438836843086034 0.014436094085145072 0.028352010132820488
-0.017430572159145036 0.014448461226703228 0.034305465946401721
-0.028087000000000001 -0.018766999999999999 0.050625000000000003
-0.028087000000000001 -0.018766999999999999 0.061874999999999999
-0.020295000000000001 -0.020295000000000001 0.061882080126608605
-0.020295000000000001 -0.020295000000000001 0.056257080126608607
-0.020295000000000001 -0.020295000000000001 0.050625000000000003
-0.018724999999999999 -0.0125115 0.061882080126608605
-0.018724999999999999 -0.0125115 0.056260380840580902
-0.018724999999999999 -0.0125115 0.050628300713972299
-0.028095982277895809 0.018753556660432928 0.050855402550222875
-0.029957991138947905 0.015966778330216466 0.053552701275111442
-0.029957991138947905 0.015966778330216466 0.047927701275111437
-0.026224991138947905 0.021553778330216464 0.047927701275111437
-0.028122929111583237 0.018713226641731712 0.053552701275111442
-0.026224991138947905 0.021553778330216464 0.053552701275111442
-0.02998493797263533 0.01592644831151525 0.061874999999999999
-0.028125232009130537 0.018709780006693728 0.061874999999999999
-0.026227294036495208 0.021550331695178483 0.061874999999999999
-0.018791934098105111 0.018791934098105111 0.060972690177151886
-0.018784339949582195 0.018784339949582195 0.051905905683439238
-0.02002990069550686 0.02002990069550686 0.056351607266640576
-0.02147598880545773 0.02147598880545773 0.050901502590015961
-0.021469952848226788 0.021469952848226788 0.061714859488758496
-0.022911976424113401 0.022911976424113401 0.064607429744379247
-0.022911976424113401 0.022911976424113401 0.058982429744379249
-0.020644941147874376 0.020644941147874376 0.064607429744379247
-0.018027964723760989 0.018027964723760989 0.065141593521744035
-0.022914994402728865 0.022914994402728865 0.053575751295007981
-0.022914994402728865 0.022914994402728865 0.047950751295007976
-0.020666846093828649 0.020666846093828649 0.047950751295007983
-0.018046851691099791 0.018046851691099791 0.047529472747068383
-0.020752944750482286 0.020752944750482286 0.053626554928328261
-0.022191950347753429 0.022191950347753429 0.056300803633320295
-0.020749926771866822 0.020749926771866822 0.059033233377699536
-0.017513967049052552 0.017513967049052555 0.061877938610319969
-0.019305931772813541 0.019305931772813541 0.064236345088575952
-0.020130943473165949 0.020130943473165949 0.061343774832955202
-0.019321021665890885 0.019321021665890885 0.048452952841719618
-0.017510169974791098 0.017510169974791101 0.050982425588788002
-0.020130164377519959 0.020130164377519959 0.051403704136727603
-0.017513967049052552 0.017513967049052555 0.059799414041419377
-0.018132950347753432 0.018132950347753432 0.055279062183423322
-0.018132950347753432 0.018132950347753432 0.057488872586163725
-0.019410917396805984 0.019410917396805984 0.058662148721896241
-0.017510169974791098 0.017510169974791101 0.05305621139182265
-0.019407120322544529 0.019407120322544529 0.05412875647503991
-0.01857562283833436 0.012735025608125221 0.056323369753902008
-0.018369463379544801 0.0130435193422601 0.052291902038884987
-0.018422518040881731 0.012964129191135388 0.060306291959120552
-0.019323411351381881 0.011616046774519152 0.048895648567499728
-0.019325198215025565 0.011613372940191756 0.063696597951662604
-0.020269599107512783 0.010200186470095881 0.061753710738842345
-0.020269599107512783 0.010200186470095881 0.06559829897583129
-0.018906566473587089 0.012239806817647605 0.06559829897583129
-0.020268705675690935 0.010201523387259576 0.046947824283749856
-0.020268705675690935 0.010201523387259576 0.050677497393618938
-0.01891580969572304 0.01222597540710307 0.04694782428374987
-0.017361967366074309 0.014551120347551724 0.065141593521744035
-0.017372104020032097 0.014535952019843493 0.047529472747068383
-0.019894811419167175 0.01076101280406261 0.054391357986820078
-0.019894811419167175 0.01076101280406261 0.058067096639962047
-0.019791731689772399 0.010915259671130053 0.052375624129311571
-0.018472543108939581 0.01288927247519266 0.054307635896393487
-0.018846437365463341 0.012329783058389629 0.050593775303192354
-0.018499070439608044 0.012849577399630304 0.058314830856511277
-0.019818259020440866 0.010875564595567691 0.060058557742571322
-0.018873858127953648 0.012288751065663574 0.062001444955391567
-0.017780599107512781 0.013924686470095878 0.063239892497575334
-0.017779705675690941 0.013926023387259578 0.049477297030818247
-0.017329259020440864 0.014600064595567695 0.061544739501304312
-0.017329259020440864 0.014600064595567695 0.059466214932403706
-0.017405811419167177 0.014485512804062612 0.057474753829794431
-0.017405811419167177 0.014485512804062612 0.055264943427054042
-0.017302731689772401 0.01463975967113005 0.053249209569545528
-0.017302731689772401 0.01463975967113005 0.05117542376651088
-0.021649757883102951 0.026160861611307804 0.073124999999999982
-0.018846089667096937 0.028034155588460199 0.073124999999999982
-0.015963331783993992 0.0299602939771524 0.073124999999999982
-0.01879250225231513 0.028069960460373661 0.084144174770432942
-0.021573251126157565 0.026211980230186831 0.087072087385216462
-0.021573251126157565 0.026211980230186831 0.081447087385216457
-0.018869009009260515 0.028018841841494637 0.081447087385216457
-0.015986251126157567 0.029944980230186831 0.087072087385216462
-0.015986251126157567 0.029944980230186831 0.081447087385216457
-0.015381355947135413 0.023718443377842135 0.090000000000000011
-0.019867677973567702 0.024036221688921069 0.090000000000000011
-0.014280677973567706 0.027769221688921073 0.090000000000000011
-0.017622829002248343 0.021791372717601707 0.090000000000000011
-0.01634620908963947 0.019188857294293055 0.090000000000000011
-0.012084177973567704 0.022466221688921068 0.090000000000000011
-0.014104736034526539 0.021115927954533487 0.090000000000000011
-0.011013559180163463 0.026589571742502552 0.077832714970527697
-0.011030735854542586 0.026631041309646868 0.084284671284244078
-0.012096779590081732 0.02920478587125128 0.078291357485263863
-0.012096779590081732 0.02920478587125128 0.072666357485263844
-0.012105367927271292 0.029225520654823436 0.087142335642122037
-0.012105367927271292 0.029225520654823436 0.081517335642122046
-0.011022147517353028 0.026610306526074715 0.081058693127385895
-0.010983499999999998 0.026516999999999999 0.071281850444506634
-0.0099002795900817314 0.023901785871251274 0.076448207929770459
-0.0099088679272712945 0.023922520654823438 0.087142335642122037
-0.0099088679272712945 0.023922520654823438 0.083287217596156829
-0.0099002795900817314 0.023901785871251274 0.080061239439298673
-0.014680113373782873 0.023888392436138009 0.067500000000000018
-0.019283296507754972 0.023960258700913381 0.067500000000000018
-0.016343451650463196 0.019153687113192645 0.067500000000000018
-0.011733556686891435 0.022551196218069003 0.067500000000000018
-0.013930056686891436 0.027854196218069005 0.067500000000000018
-0.016713388470885427 0.0259944901952214 0.067500000000000018
-0.013773543613593646 0.021187918607500661 0.067500000000000018
-0.017250021410652423 0.021854160941829997 0.067500000000000018
-0.012733932309270694 0.018576353465492079 0.078586086532143967
-0.013228567693779184 0.018245799707392565 0.073832496800783132
-0.013222091405198059 0.018250127666119487 0.083369590014774619
-0.011631253117614912 0.019313249292591348 0.086622772081154806
-0.011644205694777162 0.019304593375137503 0.070747366730120165
-0.014030692128946127 0.017709757897987136 0.086980275012357791
-0.014042349448392154 0.017701967572278675 0.070352227090502442
-0.015133346064473065 0.016972878948993568 0.085944643989108643
-0.015133346064473065 0.016972878948993568 0.088490137506178901
-0.013429404125431898 0.018111585214605989 0.088490137506178901
-0.015139174724196078 0.016968983786139338 0.068926113545251216
-0.015139174724196078 0.016968983786139338 0.071266749506055674
-0.013454661650898286 0.018094706175570997 0.068926113545251216
-0.01222968461976629 0.018913330911908097 0.088311386040577394
-0.010209126558807458 0.020263624646295678 0.088311386040577394
-0.010209126558807458 0.020263624646295678 0.084456267994612214
-0.01021560284738858 0.020259296687568755 0.0729055338095667
-0.01021560284738858 0.020259296687568755 0.069123683365060085
-0.012255589774090792 0.01889601907700041 0.069123683365060085
-0.014729045702599032 0.017243063833059742 0.082059277298784539
-0.014729045702599032 0.017243063833059742 0.084139301490317051
-0.013626391767072097 0.01797994278205331 0.085174932513566198
-0.014484966154635348 0.01740617673274604 0.077457864958690323
-0.014484966154635348 0.01740617673274604 0.079667525557469213
-0.012978011857234378 0.018413240565805785 0.080977838273459293
-0.014732283846889592 0.017240899853696284 0.073006884361196012
-0.014732283846889592 0.017240899853696284 0.075081070093009905
-0.01298125000152494 0.01841107658644232 0.076209291666463549
-0.013635458571085671 0.017973883639835618 0.07209236194564278
-0.012830972623280522 0.01851150359528924 0.086801523546756298
-0.010760466154635346 0.019895176732746041 0.080437925220106787
-0.010760466154635346 0.019895176732746041 0.076824893710578587
-0.011007783846889597 0.019729899853696279 0.074448098844898197
-0.012436386694278176 0.018775196541265037 0.072289931765451662
-0.01100454570259903 0.019732063833059744 0.082829676961422113
-0.012426672261406486 0.018781688479355418 0.08499618104796472
-0.01284327757158466 0.018503280473708087 0.070549796910311297
-0.0109835 0.026516999999999999 0.095816483715318701
-0.0109835 0.026516999999999999 0.1019634569353966
-0.010983500000000002 0.026516999999999999 0.12918358067444469
-0.010983500000000002 0.026516999999999999 0.12272711175560948
-0.0109835 0.026516999999999999 0.10739478367471296
-0.0109835 0.026516999999999999 0.11729134153579988
-0.0109835 0.026516999999999999 0.1123207443965572
-0.018766999999999999 0.028087000000000001 0.095816483715318701
-0.018766999999999999 0.028087000000000001 0.10183844395477984
-0.018766999999999999 0.028087000000000001 0.12918358067444469
-0.018766999999999999 0.028087000000000001 0.123174346221663
-0.018766999999999999 0.028087000000000001 0.11254455228724183
-0.018766999999999999 0.028087000000000001 0.1072697706940962
-0.018766999999999999 0.028087000000000001 0.11773857600185342
-0.016570500000000002 0.022783999999999999 0.13500000000000004
-0.012661554626459664 0.018624721851185907 0.098084528463432463
-0.012651757478387538 0.018631269065993671 0.11819734882925773
-0.013404516260786169 0.018128217217587124 0.11368799189668875
-0.013551745579525296 0.018029827158695545 0.11017601876355168
-0.012709883367664159 0.018592424834980244 0.1055977457902802
-0.013129891671619789 0.018311742684746505 0.1235252509041066
-0.012635178334323958 0.018642348536949304 0.12846863379079662
-0.014532058060958836 0.017374706265612425 0.093750660763978075
-0.014435589167161976 0.017439174268474654 0.13173431689539833
-0.01071108916716198 0.019928174268474649 0.13173431689539833
-0.014435589167161981 0.017439174268474654 0.12759974483917175
-0.010724277313229834 0.019919360925592957 0.094042264231716188
-0.012744835374188667 0.018569067191205376 0.094042264231716188
-0.010724277313229834 0.019919360925592957 0.10018923745179412
-0.01071108916716198 0.019928174268474649 0.12527784797656313
-0.014682945835809896 0.017273871342373254 0.12213893024532264
-0.014682945835809896 0.017273871342373254 0.12512805339582672
-0.012882535002971877 0.018477045610847904 0.12599694234745162
-0.014443878739193767 0.017433634532996838 0.11725329620517357
-0.014443878739193767 0.017433634532996838 0.11947497920789819
-0.012890824575003665 0.018471505875370088 0.12086129986668216
-0.014820258130393086 0.017182108608793562 0.11283695118250138
-0.014820258130393086 0.017182108608793562 0.11499861773888909
-0.013028136869586851 0.018379743141790399 0.11594267036297325
-0.01489387278976265 0.017132913579347771 0.10889664286855728
-0.01489387278976265 0.017132913579347771 0.11108096461593284
-0.013478130920155732 0.018079022188141336 0.11193200533012022
-0.014472941683832081 0.017414212417490124 0.1044332960037072
-0.014472941683832081 0.017414212417490124 0.10660750638192154
-0.013130814473594729 0.018311125996837891 0.10788688227691597
-0.014448777313229834 0.017430360925592955 0.097792924995694322
-0.014448777313229834 0.017430360925592955 0.10067668734028332
-0.012685718997061913 0.018608573343083079 0.10184113712685632
-0.01074844168383208 0.019903212417490119 0.10887180683706224
-0.01074844168383208 0.019903212417490119 0.103945846115218
-0.01071937873919377 0.019922634532996839 0.12014220549579366
-0.01071937873919377 0.019922634532996839 0.11517160835655101
-0.011095758130393084 0.019671108608793564 0.11291692989026653
-0.01116937278976265 0.019621913579347769 0.11116094332369796
-0.010958445835809896 0.019762871342373253 0.12280615653321808
-0.018766999999999999 -0.028087000000000008 0.073124999999999982
-0.018766999999999999 -0.028087000000000008 0.084375000000000006
-0.010983499999999998 -0.026516999999999999 0.078726621753068576
-0.010983499999999998 -0.026516999999999999 0.073101621753068571
-0.010983499999999998 -0.026516999999999999 0.084375000000000006
-0.016570500000000002 -0.022783999999999999 0.090000000000000011
-0.016570500000000002 -0.022783999999999999 0.067500000000000018
-0.012511499999999998 -0.018724999999999999 0.084351621753068554
-0.0125115 -0.018724999999999999 0.078628215323343964
-0.0125115 -0.018724999999999999 0.073026593570275397
-0.018766999999999999 -0.028087000000000001 0.095624999999999988
-0.018766999999999999 -0.028087000000000001 0.12937499999999996
-0.018766999999999999 -0.028087000000000001 0.10124999999999997
-0.018766999999999999 -0.028087000000000001 0.12374999999999994
-0.018766999999999999 -0.028087000000000001 0.10687499999999994
-0.018766999999999999 -0.028087000000000001 0.11812499999999994
-0.018766999999999999 -0.028087000000000001 0.11249999999999992
-0.016570500000000002 -0.022783999999999999 0.13500000000000004
-0.012511500000000002 -0.018724999999999999 0.097626653051595444
-0.012511500000000002 -0.018724999999999999 0.10555227187331388
-0.0125115 -0.018724999999999999 0.12780147501301961
-0.0125115 -0.018724999999999999 0.12056220425872988
-0.012511500000000002 -0.018724999999999999 0.11318634806742868
-0.0109835 -0.026516999999999999 0.095624999999999988
-0.0109835 -0.026516999999999999 0.10325165305159544
-0.010983500000000002 -0.026516999999999999 0.12937499999999996
-0.0109835 -0.026516999999999999 0.12213572924571026
-0.0109835 -0.026516999999999999 0.10887665305159544
-0.0109835 -0.026516999999999999 0.11651072924571024
-0.0109835 0.026516999999999999 0.0058164192333641368
-0.0109835 0.026516999999999999 0.01227288812497751
-0.010983500000000002 0.026516999999999999 0.039183516377622171
-0.010983500000000002 0.026516999999999999 0.033036543078517486
-0.010983500000000002 0.026516999999999999 0.027605216373337724
-0.0109835 0.026516999999999999 0.017708658564055783
-0.010983500000000002 0.026516999999999999 0.022679255706963389
-0.016570500000000002 0.022783999999999999 0
-0.018766999999999995 0.028087000000000001 0.039183516377622171
-0.018766999999999995 0.028087000000000001 0.033140400426462782
-0.018766999999999999 0.028087000000000001 0.0058164192333641377
-0.018766999999999999 0.028087000000000001 0.011849227989821303
-0.018766999999999995 0.028087000000000001 0.022500185114392272
-0.018766999999999995 0.028087000000000001 0.017284998428899578
-0.018766999999999995 0.028087000000000001 0.02770907372128302
-0.015381737598652301 0.023716794426458427 0.045000000000000005
-0.019867868799326151 0.024035397213229209 0.045000000000000005
-0.014280868799326147 0.027768397213229209 0.045000000000000005
-0.017619720490425938 0.021787248904329003 0.045000000000000005
-0.016345082818843032 0.019184105744810907 0.045000000000000005
-0.012084368799326149 0.022465397213229214 0.045000000000000005
-0.014107099927069391 0.021113651266940332 0.045000000000000005
-0.01266034882270637 0.018625527662849743 0.036908641804413403
-0.012655416548106042 0.018628823791586546 0.01676761218930899
-0.012631533318844411 0.018644784419223057 0.029440557486935887
-0.013397274708900595 0.018133056584654701 0.024671775534576199
-0.013462338251401328 0.018089576075248248 0.021173663134251577
-0.013133388454704804 0.018309405862864749 0.011447984146760863
-0.012635877690940959 0.018641881172572951 0.0065209614748512647
-0.014534231127743246 0.017373254053711124 0.041260326899733128
-0.01071143884547048 0.019927940586286479 0.0032604807374256328
-0.014435938845470481 0.017438940586286478 0.0032604807374256328
-0.014435938845470481 0.017438940586286478 0.0073824234595599855
-0.010711438845470482 0.019927940586286479 0.0097169496290390039
-0.010723674411353183 0.019919763831424877 0.040954320902206701
-0.010723674411353183 0.019919763831424877 0.034807347603102015
-0.01274640553909643 0.018568017885135995 0.040954320902206701
-0.014684694227352402 0.017272702931432377 0.0098459347955147831
-0.014684694227352402 0.017272702931432377 0.012824730976935546
-0.012884633072822884 0.018475643517718847 0.0089844728108060649
-0.01444570827405302 0.017432411895793275 0.015484544998209608
-0.01444570827405302 0.017432411895793275 0.017697329050464575
-0.012894402501405423 0.018469114827225644 0.014107798168034928
-0.014849169125700666 0.017162788037624128 0.019900354522935874
-0.014849169125700666 0.017162788037624128 0.022060706550481084
-0.013058877399753683 0.018359199933417399 0.018970637661780278
-0.0148166373544503 0.017184528292327354 0.023809762750643396
-0.0148166373544503 0.017184528292327354 0.026000407872801674
-0.013429806480150965 0.018111316329951475 0.022922719334413887
-0.014433766659422208 0.017440392209611532 0.02838479884898152
-0.014433766659422208 0.017440392209611532 0.0305738199167046
-0.013014404013872506 0.018388920501938879 0.027056166510756041
-0.014448174411353184 0.017430763831424875 0.034307862075443354
-0.014448174411353184 0.017430763831424875 0.037214647801939824
-0.012645941070775392 0.0186351560410364 0.033174599645674645
-0.010709266659422208 0.019929392209611527 0.031073305444363257
-0.010709266659422208 0.019929392209611527 0.026147344777988919
-0.010721208274053019 0.019921411895793276 0.01981087212917548
-0.010721208274053019 0.019921411895793276 0.014840274986267868
-0.011124669125700664 0.019651788037624129 0.022013897601646768
-0.011092137354450296 0.019673528292327352 0.023762953801809081
-0.010960194227352402 0.019761702931432375 0.012180460964993804
-0.018766999999999999 -0.028087000000000001 0.0056250000000000154
-0.018766999999999999 -0.028087000000000001 0.039375000000000014
-0.018766999999999999 -0.028087000000000001 0.011249999999999998
-0.018766999999999999 -0.028087000000000001 0.033749999999999995
-0.018766999999999999 -0.028087000000000001 0.016875000000000012
-0.018766999999999999 -0.028087000000000001 0.028125000000000001
-0.018766999999999999 -0.028087000000000001 0.022499999999999999
-0.016570500000000002 -0.022783999999999999 0.045000000000000005
-0.012511500000000002 -0.018724999999999999 0.0072497821354858098
-0.012511500000000002 -0.018724999999999999 0.037563022546200794
-0.012511500000000002 -0.018724999999999999 0.029742505571879747
-0.012511500000000002 -0.018724999999999999 0.01455656969557715
-0.012511500000000002 -0.018724999999999999 0.021986270585770296
-0.016570500000000002 -0.022783999999999999 0
-0.010506498745887416 -0.025365378032980175 0.022398277284216572
-0.0109835 -0.026516999999999999 0.0056249999999999833
-0.010983500000000002 -0.026516999999999999 0.039374999999999966
-0.010983500000000002 -0.026516999999999999 0.031938022546200762
-0.0109835 -0.026516999999999999 0.012931787560091322
-0.011843249372943713 -0.028592689016490092 0.016824138642108272
-0.011843249372943713 -0.028592689016490092 0.022449138642108256
-0.0096467493729437102 -0.023289689016490089 0.018505926202199628
-0.011843249372943713 -0.028592689016490092 0.028074138642108257
-0.0096467493729437102 -0.023289689016490089 0.026262161188309079
-0.018766999999999999 -0.028087000000000001 0.050625000000000003
-0.018766999999999999 -0.028087000000000001 0.061874999999999999
-0.0109835 -0.026516999999999999 0.061875846132942565
-0.0109835 -0.026516999999999999 0.056250846132942567
-0.0109835 -0.026516999999999999 0.050625000000000003
-0.012511500000000002 -0.018724999999999999 0.061882080126608605
-0.012511500000000002 -0.018724999999999999 0.050625846132942562
-0.012511500000000002 -0.018724999999999999 0.056257926259551165
-0.01879250227023288 0.028069960448401765 0.050855825230389576
-0.02157325113511644 0.026211980224200883 0.053552912615194792
-0.02157325113511644 0.026211980224200883 0.047927912615194794
-0.015986251135116439 0.029944980224200883 0.047927912615194794
-0.018869009080931528 0.028018841793607047 0.053552912615194792
-0.015986251135116439 0.029944980224200883 0.053552912615194792
-0.021649757945815088 0.026160861569406169 0.061874999999999999
-0.018846089729809081 0.028034155546558567 0.061874999999999999
-0.015963331783993992 0.0299602939771524 0.061874999999999999
-0.011013559185601348 0.02658957175563121 0.057167285038023978
-0.011030735863087834 0.026631041330277608 0.050715328708323737
-0.0109835 0.026516999999999999 0.063718149628827978
-0.012096779592800677 0.029204785877815605 0.062333642519012002
-0.012096779592800677 0.029204785877815605 0.05670864251901199
-0.0099002795928006728 0.023901785877815603 0.058551792147839968
-0.012105367931543915 0.029225520665138803 0.047857664354161861
-0.0099088679315439184 0.023922520665138808 0.047857664354161861
-0.012105367931543915 0.029225520665138803 0.053482664354161866
-0.0099088679315439184 0.023922520665138808 0.051712782326504697
-0.011022147524344592 0.026610306542954407 0.053941306873173854
-0.0099002795928006728 0.023901785877815603 0.054938760491354814
-0.012734291769063662 0.018576113246556728 0.056386097329998899
-0.013222875670758355 0.018249603558996491 0.051597094788793971
-0.013228627603744681 0.01824575967090334 0.061132904015596845
-0.011632713810797616 0.019312273144025973 0.048367360696109606
-0.01164421767677026 0.019304585367839661 0.064242159358999365
-0.014032010347408492 0.017708876962088942 0.048004680195808072
-0.014042363826783873 0.01770195796352126 0.064631650083616848
-0.015139181913391938 0.01696897898176063 0.063707418563552443
-0.015139181913391938 0.01696897898176063 0.066065825041808426
-0.013454668840094148 0.018094701371192283 0.066065825041808426
-0.015134005173704246 0.016972438481044468 0.046502340097904042
-0.015134005173704246 0.016972438481044468 0.049031812844972419
-0.013432236301447489 0.018109692534755591 0.046502340097904042
-0.01225559576508734 0.018896015073351487 0.065871079679499678
-0.010215608838385131 0.020259292683919829 0.065871079679499678
-0.010215608838385131 0.020259292683919829 0.062089229308327658
-0.010209856905398806 0.020263136572012987 0.046683680348054798
-0.012232588033142052 0.018911390625724105 0.046683680348054805
-0.010209856905398806 0.020263136572012987 0.050538798320397621
-0.01473231380187234 0.017240879835451667 0.059879520960641849
-0.01473231380187234 0.017240879835451667 0.061958045529542448
-0.013635495715264278 0.0179738588172123 0.062882277049606847
-0.014485145884531833 0.017406056623278363 0.05529630721510248
-0.014485145884531833 0.017406056623278363 0.057506117617842883
-0.01298145968640417 0.018410936458730039 0.058759500672797872
-0.01472943783537918 0.017242801779498246 0.050828020141465369
-0.01472943783537918 0.017242801779498246 0.052901805944500016
-0.012978583719911011 0.018412858402776608 0.053991596059396442
-0.013627443009083424 0.017979240260542716 0.049800887492301021
-0.01284329075177707 0.01850327166568046 0.064436904721308114
-0.012832362079103054 0.018510575053057456 0.048186020445958842
-0.010760645884531832 0.019895056623278364 0.058161198293827432
-0.010760645884531832 0.019895056623278364 0.054548166637342271
-0.011004937835379178 0.019731801779498247 0.052153665366739807
-0.012427794740777988 0.018780938351511237 0.049982227742451785
-0.011007813801872339 0.019729879835451668 0.060534601636626398
-0.012436422640257473 0.018775172519371497 0.062687531687298098
-0.015228471819481369 -0.0063079301810748216 0.089999999999999983
-0.018221235909740684 -0.0075474650905374098 0.089999999999999983
-0.019094735909740684 -0.0031539650905374108 0.089999999999999983
-0.015732235909740683 -0.011271965090537413 0.089999999999999983
-0.013354735909740683 -0.0031539650905374108 0.089999999999999983
-0.011673235909740684 -0.0072129650905374109 0.089999999999999983
-0.017221 0 0.084414024475095023
-0.017221 0 0.078789024475095046
-0.017221 0 0.073125000000000009
-0.0097994999999999992 -0.004059000000000001 0.084414024475095023
-0.0097994999999999992 -0.004059000000000001 0.0787114651571168
-0.0097994999999999992 -0.0040590000000000001 0.073047440682021764
-0.012177000000000002 -0.012177000000000002 0.084297440682021774
-0.012177000000000002 -0.012177000000000002 0.07857403425229717
-0.012177 -0.012177000000000002 0.073026593570275397
-0.015228471819481369 -0.0063079301810748216 0.067499999999999991
-0.019094735909740684 -0.0031539650905374108 0.067499999999999991
-0.018221235909740684 -0.0075474650905374098 0.067499999999999991
-0.015732235909740683 -0.011271965090537413 0.067499999999999991
-0.013354735909740683 -0.0031539650905374108 0.067499999999999991
-0.011673235909740684 -0.0072129650905374109 0.067499999999999991
-0.015228471819481369 -0.0063079301810748233 0.13499999999999998
-0.018221235909740684 -0.0075474650905374098 0.13499999999999998
-0.019094735909740684 -0.0031539650905374112 0.13499999999999998
-0.015732235909740683 -0.011271965090537413 0.13499999999999998
-0.013354735909740683 -0.0031539650905374112 0.13499999999999998
-0.011673235909740684 -0.0072129650905374109 0.13499999999999998
-0.017221 0 0.095460937595321274
-0.017221 0 0.12952871681466155
-0.017221 0 0.10360503763036846
-0.017221 0 0.12227326332781344
-0.017221 0 0.11630439650021916
-0.017221 0 0.10920395002211444
-0.0097994999999999974 -0.0040589999999999984 0.098144100035047213
-0.0097994999999999974 -0.0040589999999999984 0.10684938756652448
-0.0097994999999999974 -0.0040589999999999992 0.12879209557153781
-0.0097994999999999974 -0.0040589999999999992 0.1215366420846897
-0.0097994999999999974 -0.0040589999999999984 0.1139498340446292
-0.012177 -0.012177000000000004 0.097925618821718421
-0.012177000000000002 -0.012177000000000002 0.12879209557153781
-0.012177 -0.012177000000000002 0.1215935705845574
-0.012177 -0.012177000000000004 0.10663090635319572
-0.012177 -0.012177000000000002 0.1140067625444969
-0.015274969165521258 0.0059011691655212577 0.089999999999999983
-0.018244484582760633 0.0073440845827606269 0.089999999999999983
-0.019117984582760629 0.0029505845827606288 0.089999999999999983
-0.013377984582760629 0.0029505845827606288 0.089999999999999983
-0.016907422913803143 0.010693922913803142 0.089999999999999983
-0.013937907496563772 0.0092510074965637731 0.089999999999999983
-0.011696484582760628 0.0070095845827606289 0.089999999999999983
-0.012589960670494088 0.012589960670494088 0.11840313914344389
-0.012593415442244866 0.012593415442244864 0.10599128236025825
-0.012708567671209606 0.012708567671209602 0.10078904575171324
-0.013071392134098818 0.013071392134098817 0.12394267659562026
-0.011556282699763181 0.011556282699763176 0.096100581299981683
-0.013413068780252052 0.013413068780252047 0.11028679763226332
-0.013570027937956863 0.013570027937956862 0.1141475770247017
-0.012268264503479473 0.012268264503479473 0.12977438132959981
-0.014418422913803146 0.014418422913803144 0.093750660763978075
-0.010193132251739736 0.010193132251739736 0.13238719066479993
-0.014252132251739736 0.014252132251739736 0.13238719066479993
-0.014252132251739736 0.014252132251739736 0.12825261860857334
-0.012078564263684734 0.012078564263684729 0.093050290649990847
-0.0098371413498815879 0.0098371413498815861 0.093050290649990847
-0.0098371413498815879 0.0098371413498815861 0.099156560260110396
-0.010193132251739736 0.010193132251739736 0.12636786587319915
-0.01465369606704941 0.014653696067049408 0.12533676624158355
-0.01465369606704941 0.014653696067049408 0.12234764309107948
-0.012669828318789144 0.012669828318789144 0.12685852896261005
-0.014412980335247044 0.014412980335247044 0.11957787436499127
-0.014412980335247044 0.014412980335247041 0.11735619136226665
-0.012830676402296454 0.012830676402296452 0.12117290786953208
-0.014903013968978432 0.01490301396897843 0.11522841030289556
-0.014903013968978432 0.01490301396897843 0.11306674374650784
-0.013079994304225476 0.013079994304225474 0.1162753580840728
-0.014824534390126027 0.014824534390126026 0.11113635405028864
-0.014824534390126027 0.014824534390126026 0.10895203230291307
-0.013491548359104454 0.013491548359104452 0.11221718732848251
-0.014414707721122437 0.014414707721122431 0.10680427466691056
-0.014414707721122437 0.014414707721122431 0.10463006428869624
-0.013003242111248458 0.013003242111248457 0.1081390399962608
-0.014472283835604805 0.0144722838356048 0.10202894598442372
-0.014472283835604805 0.0144722838356048 0.099145183639834683
-0.012650991556727238 0.012650991556727234 0.10339016405598574
-0.01389614134988159 0.013896141349881586 0.096800951413968925
-0.012132425185486392 0.012132425185486387 0.098444813525847469
-0.010353980335247044 0.010353980335247042 0.11553275415028676
-0.010353980335247044 0.010353980335247042 0.12068224478012118
-0.010594696067049408 0.010594696067049408 0.12345201350620938
-0.010355707721122431 0.010355707721122431 0.10410191079024866
-0.010355707721122431 0.010355707721122431 0.10932682575869394
-0.010844013968978432 0.01084401396897843 0.11340497309091568
-0.010765534390126024 0.010765534390126022 0.11147458339469649
-0.010413283835604805 0.0104132838356048 0.10150079248597615
-0.0097994999999999992 0.0040590000000000001 0.096106269610119532
-0.0097994999999999992 0.0040590000000000001 0.10425036964516672
-0.0097994999999999992 0.0040590000000000001 0.12898067520839923
-0.0097994999999999992 0.0040590000000000001 0.12172522172155116
-0.0097994999999999992 0.0040590000000000001 0.10947528461361204
-0.0097994999999999992 0.0040590000000000001 0.11657573109171672
-0.015228471819481369 0.0063079301810748233 0.13499999999999998
-0.019094735909740684 0.0031539650905374108 0.13499999999999998
-0.018221235909740684 0.0075474650905374098 0.13499999999999998
-0.013354735909740683 0.0031539650905374108 0.13499999999999998
-0.015732235909740683 0.011271965090537413 0.13499999999999998
-0.011673235909740684 0.0072129650905374109 0.13499999999999998
-0.015818414599583351 0.0070699655934091596 0.067499999999999991
-0.018516207299791681 0.0079284827967045796 0.067499999999999991
-0.01938970729979168 0.0035349827967045798 0.067499999999999991
-0.013649707299791676 0.0035349827967045798 0.067499999999999991
-0.017153174665865981 0.0099681031442563055 0.067499999999999991
-0.015568243798750058 0.012757396780227475 0.067499999999999991
-0.011968207299791676 0.0075939827967045808 0.067499999999999991
-0.014233483732467429 0.0098592592293803329 0.067499999999999991
-0.013681133397662117 0.013681133397662117 0.07399625572844927
-0.013913925999353876 0.013913925999353876 0.083048539242318642
-0.012474747459169228 0.012474747459169228 0.078650953885894812
-0.01100808674443657 0.011008086744436568 0.073297769349115263
-0.01151046712640031 0.01151046712640031 0.084527621062125552
-0.013932824404633852 0.013932824404633852 0.08657810870104557
-0.015084412202316926 0.015084412202316926 0.088289054350522783
-0.015084412202316926 0.015084412202316926 0.085743560833452512
-0.013266835116120071 0.01326683511612007 0.088289054350522783
-0.01444227643267575 0.014442276432675748 0.069840635960804448
-0.009814233563200157 0.009814233563200157 0.087263810531062774
-0.012055656477003299 0.012055656477003299 0.087263810531062774
-0.009814233563200157 0.009814233563200157 0.08168462909667891
-0.011828319804894035 0.011828319804894035 0.070398884674557641
-0.0095630433722182842 0.0095630433722182842 0.070398884674557641
-0.0095630433722182842 0.0095630433722182842 0.076069703240173772
-0.015074962999676936 0.015074962999676936 0.083978776104089076
-0.015074962999676936 0.015074962999676936 0.08189875191255655
-0.013923375201993864 0.013923375201993864 0.084813323971682092
-0.014355373729584616 0.014355373729584616 0.079699959234344642
-0.014355373729584616 0.014355373729584616 0.077490298635565724
-0.013194336729261551 0.013194336729261551 0.080849746564106734
-0.01495856669883106 0.01495856669883106 0.075162949556842953
-0.01495856669883106 0.01495856669883106 0.073088763825029102
-0.013077940428415672 0.013077940428415672 0.076323604807172027
-0.013164843131506811 0.013164843131506808 0.07074812786422463
-0.01272164576551708 0.01272164576551708 0.085552864881585575
-0.012344610071049344 0.012344610071049342 0.073647012538782267
-0.010296373729584614 0.010296373729584614 0.078746295508563546
-0.0117414171018029 0.0117414171018029 0.075974361617505023
-0.011992607292784773 0.011992607292784773 0.081589287474010175
-0.012712196562877092 0.012712196562877092 0.083788080152222097
-0.0097994999999999992 0.004059000000000001 0.084420818565616146
-0.0097995000000000009 0.004059000000000001 0.078834843040711172
-0.0097995000000000009 0.004059000000000001 0.073164024475095027
-0.015228471819481369 -0.0063079301810748216 0.044999999999999998
-0.018221235909740684 -0.0075474650905374098 0.044999999999999998
-0.019094735909740684 -0.0031539650905374108 0.044999999999999998
-0.015732235909740683 -0.011271965090537413 0.044999999999999998
-0.013354735909740683 -0.0031539650905374108 0.044999999999999998
-0.011673235909740684 -0.0072129650905374109 0.044999999999999998
-0.017221 0 0.039459667962877941
-0.017221 0 0.0054571282784167188
-0.017221 0 0.031315567836424925
-0.017221 0 0.012712581863691882
-0.017221 0 0.018203020488797714
-0.017221 0 0.025303466777069527
-0.0097994999999999992 -0.0040590000000000001 0.036855899873546975
-0.0097994999999999992 -0.0040590000000000001 0.028279572145509781
-0.0097994999999999992 -0.0040590000000000001 0.0062583075608064129
-0.0097994999999999992 -0.0040590000000000001 0.01351376114608158
-0.0097994999999999992 -0.0040590000000000001 0.021179125857237968
-0.012177 -0.012177000000000004 0.0062583075608064198
-0.012177 -0.012177000000000004 0.013508089696292226
-0.012177000000000002 -0.012177000000000002 0.037179483025678958
-0.012177000000000002 -0.012177000000000004 0.028603155297641764
-0.012177 -0.012177000000000004 0.021173454407448611
-0.015228471819481369 -0.0063079301810748233 0
-0.019094735909740684 -0.0031539650905374112 0
-0.018221235909740684 -0.0075474650905374098 0
-0.015732235909740683 -0.011271965090537413 0
-0.013354735909740683 -0.0031539650905374112 0
-0.011673235909740684 -0.0072129650905374109 0
-0.017221 0 0.061947792196056881
-0.017221 0 0.056322792186518006
-0.017221 0 0.050624999990461127
-0.0097994999999999974 -0.0040589999999999984 0.061947792196056881
-0.0097994999999999974 -0.0040589999999999984 0.056329118885686216
-0.0097994999999999974 -0.0040589999999999984 0.050631326689629337
-0.012177000000000002 -0.012177000000000002 0.061882080126608605
-0.012177000000000002 -0.012177000000000002 0.050631326689629337
-0.012177000000000002 -0.012177000000000002 0.056263406816237947
-0.015228471819481369 0.0063079301810748233 0
-0.018221235909740684 0.0075474650905374098 0
-0.019094735909740684 0.0031539650905374108 0
-0.013354735909740683 0.0031539650905374108 0
-0.015732235909740683 0.011271965090537413 0
-0.011673235909740684 0.0072129650905374109 0
-0.012584559829295268 0.012584559829295265 0.016535813953608685
-0.012600332552017365 0.012600332552017359 0.028961309106922479
-0.01299609769863944 0.01299609769863944 0.035377598860207138
-0.011252795631673671 0.011252795631673671 0.039885077240313281
-0.013070311965859055 0.013070311965859052 0.011028353929594288
-0.01341794001338322 0.01341794001338322 0.024662845445540107
-0.01359011993386358 0.013590119933863578 0.020787397939165377
-0.013866029394026478 0.013866029394026478 0.040556665979997325
-0.012268154282230518 0.012268154282230511 0.005213899404179323
-0.01505101469701324 0.01505101469701324 0.042778332989998662
-0.01505101469701324 0.01505101469701324 0.039038659889731792
-0.013237641516922879 0.013237641516922879 0.042778332989998662
-0.014252077141115262 0.014252077141115257 0.002606949702089661
-0.010193077141115262 0.010193077141115257 0.002606949702089661
-0.01425207714111526 0.014252077141115257 0.0067288924242240172
-0.01019307714111526 0.010193077141115258 0.008626274562514389
-0.0096853978158368357 0.0096853978158368357 0.036336268840969688
-0.0096853978158368357 0.0096853978158368357 0.042442538620156643
-0.011931024635746476 0.011931024635746476 0.042442538620156643
-0.01465315598292953 0.014653155982929529 0.012614915868352261
-0.01465315598292953 0.014653155982929529 0.0096361196869314963
-0.012669233124044789 0.012669233124044783 0.0081211266668868021
-0.014410279914647632 0.01441027991464763 0.017581429932614426
-0.014410279914647632 0.01441027991464763 0.015368645880359456
-0.01282743589757716 0.012827435897577158 0.013782083941601485
-0.014913059966931793 0.014913059966931793 0.021867573952937983
-0.014913059966931793 0.014913059966931793 0.019707221925392766
-0.013087339881579422 0.01308733988157942 0.018661605946387029
-0.014826970006691613 0.014826970006691607 0.025995942828283634
-0.014826970006691613 0.014826970006691607 0.023805297706125349
-0.0135040299736234 0.0135040299736234 0.022725121692352745
-0.014418166276008684 0.014418166276008681 0.030334195726697898
-0.014418166276008684 0.014418166276008681 0.028145174658974821
-0.013009136282700291 0.013009136282700291 0.026812077276231291
-0.014616048849319722 0.01461604884931972 0.036449126329836698
-0.014616048849319722 0.01461604884931972 0.033542340603340229
-0.012798215125328404 0.012798215125328402 0.032169453983564814
-0.013431063546332958 0.013431063546332958 0.037967132420102231
-0.010359166276008682 0.010359166276008681 0.025649469912069931
-0.010359166276008682 0.010359166276008681 0.030874384774274288
-0.010557048849319722 0.01055704884931972 0.03408252965091662
-0.012124446665156555 0.012124446665156554 0.037631338050260206
-0.010351279914647632 0.010351279914647632 0.014287231837229068
-0.010351279914647632 0.010351279914647632 0.019436722335413038
-0.010854059966931793 0.010854059966931793 0.021562514328191385
-0.010767970006691613 0.010767970006691613 0.023500238081378747
-0.010594155982929529 0.010594155982929523 0.011533501825221872
-0.012559412512850074 0.012559412512850074 0.040220871610155307
-0.0097994999999999974 0.0040590000000000001 0.03889373022081305
-0.0097994999999999992 0.0040590000000000001 0.030749630094360027
-0.0097994999999999992 0.004059000000000001 0.006019324860424731
-0.0097994999999999992 0.004059000000000001 0.013274778445699891
-0.0097994999999999992 0.0040590000000000001 0.018424268943883857
-0.0097994999999999992 0.0040590000000000001 0.025524715232155677
-0.015815243613313913 0.0070583596132510456 0.044999999999999984
-0.019388121806656961 0.0035291798066255228 0.044999999999999984
-0.018514621806656958 0.0079226798066255218 0.044999999999999984
-0.013648121806656956 0.0035291798066255228 0.044999999999999984
-0.017161725826689053 0.0099471318264690162 0.044999999999999984
-0.015558730839941736 0.012722578839753132 0.044999999999999984
-0.011966621806656957 0.0075881798066255229 0.044999999999999984
-0.014212248626566596 0.0098338066265351628 0.044999999999999984
-0.013841020551917693 0.013841020551917693 0.052002012103588249
-0.013809521992903915 0.013809521992903915 0.060765190093971647
-0.012482133385472962 0.012482133385472962 0.056385449127464175
-0.011502572982055939 0.011502572982055939 0.050527727489456192
-0.011514020494008449 0.011514020494008449 0.062150590247402646
-0.013968427825142481 0.013968427825142481 0.048437911716464957
-0.01403713211327264 0.01403713211327264 0.064193783603146592
-0.015136566056636318 0.015136566056636318 0.065846891801573298
-0.015136566056636318 0.015136566056636318 0.063488485323317329
-0.013342842489312072 0.013342842489312072 0.065846891801573298
-0.015102213912571241 0.015102213912571241 0.049248428605300862
-0.015102213912571241 0.015102213912571241 0.046718955858232478
-0.013288840732480879 0.013288840732480879 0.046718955858232478
-0.0098160102470042244 0.0098160102470042244 0.064825295123701332
-0.012081286679679976 0.012081286679679976 0.064825295123701332
-0.0098160102470042244 0.0098160102470042244 0.059287366795900416
-0.01205591331093761 0.012055913310937609 0.047763863744728095
-0.0098102864910279679 0.0098102864910279679 0.047763863744728095
-0.0098102864910279679 0.0098102864910279679 0.053475935416927203
-0.01502276099645196 0.015022760996451955 0.061774188568729849
-0.01502276099645196 0.015022760996451955 0.059695663999829257
-0.013923327053088276 0.013923327053088276 0.06247948684855912
-0.014359066692736485 0.014359066692736485 0.057505793516575518
-0.014359066692736485 0.014359066692736485 0.055295983113835122
-0.01314582768918844 0.01314582768918844 0.058575319610717914
-0.015038510275958846 0.015038510275958844 0.053104264601897162
-0.015038510275958846 0.015038510275958844 0.051030478798862501
-0.013161576968695328 0.013161576968695328 0.054193730615526209
-0.013904724188530084 0.013904724188530084 0.050219961910026603
-0.012775576303640544 0.012775576303640544 0.063172186925274626
-0.012735500403599208 0.012735500403599208 0.049482819602960575
-0.010300066692736479 0.010300066692736479 0.056404796235931184
-0.011992353183764452 0.011992353183764452 0.053456588308460187
-0.011998076939740704 0.011998076939740704 0.059268019687433407
-0.012671796766986815 0.012671796766986815 0.051264869796522221
-0.012661771243456185 0.012661771243456179 0.061457890170687146
-0.0097994999999999974 0.0040590000000000001 0.061962071672199102
-0.0097994999999999974 0.0040590000000000001 0.056409863868255965
-0.0097994999999999974 0.0040590000000000001 0.050697792196056871
-0.0063079301810748233 -0.015228471819481369 0.089999999999999983
-0.0075474650905374115 -0.018221235909740684 0.089999999999999983
-0.011271965090537413 -0.015732235909740683 0.089999999999999983
-0.0072129650905374126 -0.011673235909740684 0.089999999999999983
-0.0031539650905374121 -0.019094735909740684 0.089999999999999983
-0.0031539650905374121 -0.013354735909740683 0.089999999999999983
-0.0043934999999999998 -0.022087499999999999 0.084375000000000006
-0.0043934999999999998 -0.022087499999999999 0.07872662175306859
-0.0043934999999999998 -0.022087499999999999 0.073101621753068571
-0.004059000000000001 -0.0097994999999999992 0.084414024475095023
-0.004059000000000001 -0.0097995000000000009 0.0787114651571168
-0.004059000000000001 -0.0097995000000000009 0.073047440682021764
0 -0.017221 0.084414024475095023
0 -0.017221 0.078789024475095018
0 -0.017221 0.073125000000000009
-0.0063079301810748233 -0.015228471819481369 0.067499999999999991
-0.011271965090537413 -0.015732235909740683 0.067499999999999991
-0.0075474650905374115 -0.018221235909740684 0.067499999999999991
-0.0072129650905374126 -0.011673235909740684 0.067499999999999991
-0.0031539650905374121 -0.019094735909740684 0.067499999999999991
-0.0031539650905374121 -0.013354735909740683 0.067499999999999991
-0.0063079301810748242 -0.015228471819481363 0.13499999999999998
-0.0075474650905374115 -0.018221235909740681 0.13499999999999998
-0.011271965090537413 -0.015732235909740683 0.13499999999999998
-0.0072129650905374109 -0.011673235909740684 0.13499999999999998
-0.0031539650905374125 -0.01909473590974068 0.13499999999999998
-0.0031539650905374125 -0.013354735909740682 0.13499999999999998
-0.0043934999999999998 -0.022087499999999999 0.095559154974339741
-0.0043934999999999998 -0.022087499999999999 0.10318580802593522
-0.0043934999999999998 -0.022087499999999999 0.12952540650150784
-0.0043934999999999998 -0.022087499999999999 0.12228613574721812
-0.0043934999999999998 -0.022087499999999999 0.11677651414194028
-0.0043934999999999998 -0.022087499999999999 0.10914243794782548
-0.0040590000000000001 -0.0097994999999999992 0.09818197565769958
-0.0040590000000000001 -0.0097994999999999992 0.10688726318917688
-0.0040590000000000001 -0.0097994999999999992 0.12879209557153781
-0.0040590000000000001 -0.0097994999999999992 0.12155515379082872
-0.0040590000000000001 -0.0097994999999999992 0.1139683457507682
0 -0.017221 0.095559154974339741
0 -0.017221 0.10374113063203932
0 -0.017221 0.12952540650150784
0 -0.017221 0.12228846472079874
0 -0.017221 0.11677884311552092
0 -0.017221 0.1096977605539296
-0.0070700877864593196 0.015818332940702468 0.067499999999999991
-0.01275776335937796 0.015567998822107408 0.067499999999999991
-0.0035350438932296598 0.019389666470351237 0.067499999999999991
-0.0079285438932296601 0.018516166470351238 0.067499999999999991
-0.0099685308199318687 0.017152888859782889 0.067499999999999991
-0.0075940438932296595 0.011968166470351234 0.067499999999999991
-0.0035350438932296598 0.013649666470351237 0.067499999999999991
-0.0098593203259054116 0.014233442903026984 0.067499999999999991
-0.0043934999999999998 0.022087499999999999 0.086144881954034802
-0.0043934999999999998 0.022087499999999999 0.071281850444506634
-0.0043934999999999998 0.022087499999999999 0.076906850444506639
-0.0043934999999999998 0.022087499999999999 0.080519881954034811
0 0.017221 0.073125000000000009
0 0.017221 0.078766216731781663
0 0.017221 0.084391216731781626
-0.004059000000000001 0.0097994999999999992 0.084420818565616146
-0.0040590000000000001 0.0097994999999999992 0.07314121673178163
-0.004059000000000001 0.0097994999999999992 0.078812035297397789
-0.0070556603249206573 0.015814709726471855 0.089999999999999983
-0.012714480974761976 0.015557129179415563 0.089999999999999983
-0.0079213301624603289 0.018514354863235927 0.089999999999999983
-0.0035278301624603286 0.019387854863235927 0.089999999999999983
-0.0099418882234191628 0.01716406112884835 0.089999999999999983
-0.0035278301624603286 0.013647854863235928 0.089999999999999983
-0.0075868301624603292 0.011966354863235927 0.089999999999999983
-0.0098282530762634716 0.01420777777703907 0.089999999999999983
-0.0043934999999999998 0.022087499999999999 0.09554171545693757
-0.0043934999999999998 0.022087499999999999 0.10168868867701548
-0.0043934999999999998 0.022087499999999999 0.12944565305389177
-0.0043934999999999998 0.022087499999999999 0.12298918413505656
-0.0043934999999999998 0.022087499999999999 0.11222263608500944
-0.0043934999999999998 0.022087499999999999 0.1072966753631652
-0.0043934999999999998 0.022087499999999999 0.1171932332242521
0 0.017221 0.09554171545693757
0 0.017221 0.10366151996305122
0 0.017221 0.12944565305389177
0 0.017221 0.122161534813876
0 0.017221 0.11636558390307152
0 0.017221 0.10926950664920092
-0.0040589999999999984 0.0097994999999999974 0.096106269610119532
-0.0040589999999999992 0.0097994999999999974 0.12898067520839923
-0.0040589999999999984 0.0097994999999999974 0.10422607411623321
-0.0040589999999999992 0.0097994999999999974 0.12169655696838348
-0.0040589999999999992 0.0097994999999999974 0.11654706633854904
-0.0040589999999999984 0.0097994999999999974 0.10945098908467848
-0.0063079301810748216 0.015228471819481369 0.13499999999999998
-0.011271965090537413 0.015732235909740683 0.13499999999999998
-0.0075474650905374098 0.018221235909740684 0.13499999999999998
-0.0072129650905374109 0.011673235909740684 0.13499999999999998
-0.0031539650905374108 0.019094735909740684 0.13499999999999998
-0.0031539650905374108 0.013354735909740683 0.13499999999999998
-0.0063079301810748233 -0.015228471819481369 0.044999999999999984
-0.0075474650905374115 -0.018221235909740684 0.044999999999999984
-0.011271965090537413 -0.015732235909740683 0.044999999999999984
-0.0072129650905374126 -0.011673235909740684 0.044999999999999984
-0.0031539650905374121 -0.019094735909740684 0.044999999999999984
-0.0031539650905374121 -0.013354735909740683 0.044999999999999984
-0.004393499999999999 -0.022087499999999999 0.039523805584464805
-0.0043934999999999998 -0.022087499999999999 0.032086828130665601
-0.0043934999999999998 -0.022087499999999999 0.005486954504795782
-0.0043934999999999998 -0.022087499999999999 0.01279374206488712
-0.0043934999999999998 -0.022087499999999999 0.026469774056240503
-0.0043934999999999998 -0.022087499999999999 0.018713539070131052
-0.0040590000000000001 -0.0097994999999999974 0.036818024274732838
-0.0040590000000000001 -0.0097994999999999992 0.028241696546695644
-0.0040590000000000001 -0.0097994999999999992 0.0062583075608064129
-0.0040590000000000001 -0.0097994999999999992 0.013495249451658607
-0.0040590000000000001 -0.0097994999999999992 0.021160614162814999
0 -0.017221 0.039523805584464805
0 -0.017221 0.031341829859197645
0 -0.017221 0.0054869545047957838
0 -0.017221 0.012723896395647976
0 -0.017221 0.018643693400891902
0 -0.017221 0.025724775784772554
-0.0063079301810748216 -0.015228471819481369 0
-0.011271965090537413 -0.015732235909740683 0
-0.0075474650905374098 -0.018221235909740684 0
-0.0072129650905374109 -0.011673235909740684 0
-0.0031539650905374108 -0.019094735909740684 0
-0.0031539650905374108 -0.013354735909740683 0
-0.0043934999999999998 -0.022087499999999999 0.061875846132942565
-0.0043934999999999998 -0.022087499999999999 0.050624999990461127
-0.0043934999999999998 -0.022087499999999999 0.05625084612340369
-0.0040590000000000001 -0.0097994999999999974 0.061947792196056881
-0.0040590000000000001 -0.0097994999999999974 0.056329118885686216
-0.0040590000000000001 -0.0097994999999999974 0.050631326689629337
0 -0.017221 0.061947792196056881
0 -0.017221 0.056322792186518006
0 -0.017221 0.050624999990461127
-0.0063079301810748216 0.015228471819481369 0
-0.0075474650905374098 0.018221235909740684 0
-0.011271965090537413 0.015732235909740683 0
-0.0072129650905374109 0.011673235909740684 0
-0.0031539650905374108 0.019094735909740684 0
-0.0031539650905374108 0.013354735909740683 0
-0.0043934999999999998 0.022087500000000003 0.0055332662527588644
-0.0043934999999999998 0.022087499999999999 0.011989735144372238
-0.0043934999999999998 0.022087499999999999 0.03937752666067075
-0.0043934999999999998 0.022087499999999999 0.033230553361566065
-0.0043934999999999998 0.022087499999999999 0.027446498065432923
-0.0043934999999999998 0.022087499999999999 0.022520537399058585
-0.0043934999999999998 0.022087499999999999 0.017549940256150982
0 0.017221 0.0055332662527588644
0 0.017221 0.012817384523357428
0 0.017221 0.03937752666067075
0 0.017221 0.031257722117397017
0 0.017221 0.025473666821263875
0 0.017221 0.018377589635136169
-0.0040590000000000001 0.0097994999999999992 0.006019324860424731
-0.0040590000000000001 0.0097994999999999992 0.03889373022081305
-0.0040590000000000001 0.0097994999999999992 0.013303443131023288
-0.0040590000000000001 0.0097994999999999992 0.03077392567753932
-0.0040590000000000001 0.0097994999999999992 0.025549010815334963
-0.0040590000000000001 0.0097994999999999992 0.018452933629207253
-0.0070577859825509603 0.015815626957873585 0.044999999999999998
-0.012720857947652882 0.015559880873620761 0.044999999999999998
-0.0079223929912754787 0.018514813478936791 0.044999999999999998
-0.0035288929912754802 0.01938831347893679 0.044999999999999998
-0.0099451241190187199 0.017163067532647912 0.044999999999999998
-0.0035288929912754802 0.013648313478936792 0.044999999999999998
-0.0075878929912754798 0.011966813478936793 0.044999999999999998
-0.0098335198111851197 0.014212440298846434 0.044999999999999998
-0.004393499999999999 0.022087499999999999 0.063718149628827978
-0.004393499999999999 0.022087499999999999 0.048855117972342814
-0.004393499999999999 0.022087499999999999 0.058093149619289089
-0.004393499999999999 0.022087499999999999 0.054480117962803935
0 0.017221 0.061942342183239615
0 0.017221 0.056317342173700727
0 0.017221 0.05062499999046112
-0.0040589999999999984 0.0097994999999999974 0.061962071672199102
-0.0040589999999999984 0.0097994999999999974 0.050692342183239605
-0.0040589999999999984 0.0097994999999999974 0.056404413855438713
-0.0065900000000000004 -0.033131000000000001 0.084375000000000006
-0.0065900000000000004 -0.033131000000000001 0.073124999999999982
0 -0.028701500000000001 0.084375000000000006
0 -0.028701500000000001 0.073124999999999982
0 -0.028701500000000001 0.078750000000000014
-0.0043934999999999998 -0.027827999999999999 0.090000000000000011
-0.0043934999999999998 -0.027827999999999999 0.067500000000000018
-0.0065900000000000004 -0.033130999999999994 0.095624999999999988
-0.0065900000000000004 -0.033130999999999994 0.12937499999999996
-0.0065900000000000004 -0.033130999999999994 0.10124999999999997
-0.0065900000000000004 -0.033130999999999994 0.12374999999999994
-0.0065900000000000004 -0.033130999999999994 0.11249999999999992
-0.0065900000000000004 -0.033130999999999994 0.10687499999999994
-0.0065900000000000004 -0.033130999999999994 0.11812499999999994
-0.0043934999999999998 -0.027827999999999999 0.13500000000000004
0 -0.028701500000000001 0.095559154974339741
0 -0.028701500000000001 0.12952540650150784
0 -0.028701500000000001 0.10118415497433972
0 -0.028701500000000001 0.1239004065015078
0 -0.028701500000000001 0.11839078489622998
0 -0.028701500000000001 0.11276578489622996
0 -0.028701500000000001 0.10680915497433972
-0.0065900000000000012 0.033131000000000008 0.073124999999999982
-0.0065900000000000012 0.033131000000000008 0.084375000000000006
-0.0043934999999999998 0.027827999999999999 0.089999999999999983
0 0.028701500000000001 0.073125000000000009
0 0.028701500000000001 0.084375000000000006
0 0.028701500000000001 0.078750000000000014
-0.0043934999999999998 0.027827999999999999 0.067500000000000004
0 0.028701500000000001 0.09554171545693757
0 0.028701500000000001 0.12944565305389177
0 0.028701500000000001 0.1011667154569376
0 0.028701500000000001 0.12382065305389178
0 0.028701500000000001 0.11239970214308734
0 0.028701500000000001 0.11819565305389181
0 0.028701500000000001 0.10677470214308732
-0.0065900000000000004 0.033131000000000001 0.095625000000000029
-0.0065900000000000012 0.033131000000000001 0.10144148371531876
-0.0065900000000000004 0.033130999999999994 0.12937500000000002
-0.0065900000000000004 0.033131000000000001 0.1235585806744447
-0.0065900000000000012 0.033131000000000001 0.11249781045463512
-0.0065900000000000012 0.033131000000000001 0.10706648371531874
-0.0065900000000000004 0.033131000000000001 0.11793358067444472
-0.0043934999999999998 0.027827999999999999 0.13500000000000001
-0.0065900000000000004 -0.033130999999999994 0.0056249999999999833
-0.0065900000000000004 -0.033130999999999994 0.039374999999999966
-0.0065900000000000004 -0.033130999999999994 0.011249999999999968
-0.0065900000000000004 -0.033130999999999994 0.03374999999999994
-0.0065900000000000004 -0.033130999999999994 0.022499999999999937
-0.0065900000000000004 -0.033130999999999994 0.016874999999999953
-0.0065900000000000004 -0.033130999999999994 0.028124999999999931
-0.0043934999999999998 -0.027827999999999999 0.045000000000000005
-0.0043934999999999998 -0.027827999999999999 0
0 -0.028701500000000001 0.039523805584464805
0 -0.028701500000000001 0.005486954504795782
0 -0.028701500000000001 0.011111954504795766
0 -0.028701500000000001 0.033898805584464779
0 -0.028701500000000001 0.022656751510039683
0 -0.028701500000000001 0.016736954504795752
0 -0.028701500000000001 0.028281751510039685
-0.0065900000000000012 -0.033131000000000008 0.050625000000000003
-0.0065900000000000012 -0.033131000000000008 0.061874999999999999
0 -0.028701500000000001 0.061874999999999999
0 -0.028701500000000001 0.056249999990461125
0 -0.028701500000000001 0.050624999990461127
0 0.028701500000000001 0.0055332662527588644
0 0.028701500000000001 0.03937752666067075
0 0.028701500000000001 0.011158266252758894
0 0.028701500000000001 0.033752526660670766
0 0.028701500000000001 0.02234347136453764
0 0.028701500000000001 0.028127526660670785
0 0.028701500000000001 0.016718471364537635
-0.0043934999999999998 0.027827999999999999 0
-0.0065900000000000004 0.033131000000000001 0.0056250000000000258
-0.0065900000000000004 0.033131000000000001 0.011441419233364166
-0.0065900000000000004 0.033130999999999994 0.039375000000000014
-0.0065900000000000004 0.033130999999999994 0.033558516377622194
-0.0065900000000000004 0.033131000000000001 0.027933516377622206
-0.0065900000000000004 0.033131000000000001 0.022502189672442444
-0.0065900000000000004 0.033131000000000001 0.017066419233364171
-0.0043934999999999998 0.027827999999999999 0.044999999999999998
-0.0065900000000000012 0.033131000000000008 0.050625000000000003
-0.0065900000000000012 0.033131000000000008 0.061874999999999999
0 0.028701500000000001 0.061874999999999999
0 0.028701500000000001 0.056249999990461118
0 0.028701500000000001 0.05062499999046112
-8.6736173798840355E-19 -1.7347234759768071E-18 0.067500000000000004
-0.0057405000000000008 -8.6736173798840355E-19 0.067500000000000004
-0.0040590000000000001 -0.004059000000000001 0.067500000000000004
-0.0040590000000000001 0.0040589999999999992 0.067500000000000004
-4.3368086899420177E-19 -0.0057405000000000008 0.067500000000000004
-4.3368086899420177E-19 0.0057404999999999999 0.067500000000000004
0.0040590000000000001 -0.004059000000000001 0.067500000000000004
0.0040590000000000001 0.0040589999999999992 0.067500000000000004
0.0057404999999999991 -8.6736173798840355E-19 0.067500000000000004
-8.6736173798840355E-19 0 0.089999999999999983
-0.0040590000000000001 -0.0040590000000000001 0.089999999999999983
-0.0057405000000000008 0 0.089999999999999983
-0.0040590000000000001 0.004059000000000001 0.089999999999999983
-4.3368086899420177E-19 -0.0057404999999999999 0.089999999999999983
-4.3368086899420177E-19 0.0057404999999999999 0.089999999999999983
0.0040590000000000001 -0.0040590000000000001 0.089999999999999983
0.0040590000000000001 0.004059000000000001 0.089999999999999983
0.0057404999999999991 0 0.089999999999999983
0.004059000000000001 0.0097995000000000009 0.073044300696329501
0.004059000000000001 0.0097995000000000009 0.07868551742811114
0.004059000000000001 0.0097994999999999992 0.084391216731781626
0.0097994999999999992 0.0040590000000000001 0.073044300696329501
0.0097994999999999992 0.004059000000000001 0.07868551742811114
0.0097994999999999992 0.004059000000000001 0.084391216731781626
0.0097995000000000009 -0.004059000000000001 0.07314121673178163
0.0097995000000000009 -0.004059000000000001 0.078812035297397789
0.0097994999999999992 -0.004059000000000001 0.084420818565616146
0.004059000000000001 -0.0097994999999999992 0.084420818565616146
0.004059000000000001 -0.0097994999999999992 0.078834843040711172
0.0040590000000000001 -0.0097994999999999992 0.073164024475095027
-0.0057404999999999999 0 0.13500000000000001
-0.0040590000000000001 -0.0040590000000000001 0.13500000000000001
-0.0040590000000000001 0.004059000000000001 0.13500000000000001
0 -0.0057404999999999999 0.13500000000000001
0 0.0057404999999999999 0.13500000000000001
0.0040590000000000001 -0.0040590000000000001 0.13500000000000001
0.0040590000000000001 0.004059000000000001 0.13500000000000001
0.0057405000000000008 0 0.13500000000000001
0.0040590000000000001 0.0097994999999999992 0.098119804506113628
0.0040590000000000001 0.0097994999999999992 0.12878663961459311
0.0040590000000000001 0.0097994999999999992 0.12150252137457732
0.0040590000000000001 0.0097994999999999992 0.10681312877278448
0.0040590000000000001 0.0097994999999999992 0.11390920602665508
0.0097994999999999974 0.0040589999999999984 0.098119804506112449
0.0097994999999999974 0.0040589999999999984 0.10681312877278328
0.0097994999999999974 0.0040589999999999992 0.12878663961459311
0.0097994999999999974 0.0040589999999999992 0.12150252137457496
0.0097994999999999974 0.0040589999999999984 0.11390920602665272
0.0097994999999999992 -0.0040590000000000001 0.096106269610119532
0.0097994999999999992 -0.0040590000000000001 0.10422607411623198
0.0097994999999999992 -0.0040590000000000001 0.12898067520839923
0.0097994999999999992 -0.0040590000000000001 0.12169655696838112
0.0097994999999999992 -0.0040590000000000001 0.1165470663385467
0.0097994999999999992 -0.0040590000000000001 0.10945098908467726
0.0040589999999999984 -0.0097994999999999974 0.096106269610119532
0.0040589999999999984 -0.0097994999999999974 0.10428824526781912
0.0040589999999999992 -0.0097994999999999974 0.12898067520839923
0.0040589999999999992 -0.0097994999999999974 0.12174373342769014
0.0040589999999999984 -0.0097994999999999974 0.1095131602362644
0.0040589999999999992 -0.0097994999999999974 0.11659424279785573
-0.0040590000000000001 -0.0040590000000000001 0
-0.0057404999999999999 0 0
-0.0040590000000000001 0.004059000000000001 0
0 -0.0057404999999999999 0
0 0.0057404999999999999 0
0.0040590000000000001 -0.0040590000000000001 0
0.0040590000000000001 0.004059000000000001 0
0.0057405000000000008 0 0
-8.6736173798840355E-19 0 0.044999999999999998
-0.0040590000000000001 -0.0040590000000000001 0.044999999999999998
-0.0057405000000000008 0 0.044999999999999998
-0.0040590000000000001 0.004059000000000001 0.044999999999999998
-4.3368086899420177E-19 -0.0057404999999999999 0.044999999999999998
-4.3368086899420177E-19 0.0057404999999999999 0.044999999999999998
0.0040590000000000001 -0.0040590000000000001 0.044999999999999998
0.0040590000000000001 0.004059000000000001 0.044999999999999998
0.0057404999999999991 0 0.044999999999999998
0.0040590000000000001 0.0097994999999999992 0.0062647070644602501
0.0040590000000000001 0.0097994999999999992 0.013548825335058814
0.0040590000000000001 0.0097994999999999974 0.036880195456726265
0.0040590000000000001 0.0097994999999999992 0.028318247524349159
0.0040590000000000001 0.0097994999999999992 0.021222170338221453
0.0097994999999999992 0.0040590000000000001 0.0062647070644602501
0.0097994999999999992 0.0040590000000000001 0.013548825335056495
0.0097994999999999992 0.0040590000000000001 0.036880195456725079
0.0097994999999999992 0.0040590000000000001 0.028318247524347973
0.0097994999999999992 0.0040590000000000001 0.021222170338219132
0.0097994999999999992 -0.004059000000000001 0.0060193248599894542
0.0097994999999999992 -0.004059000000000001 0.0133034431305857
0.0097994999999999974 -0.0040590000000000001 0.038893730221263613
0.0097994999999999992 -0.0040590000000000001 0.0307739256779887
0.0097994999999999992 -0.0040590000000000001 0.025549010816161611
0.0097994999999999992 -0.0040590000000000001 0.018452933630032774
0.0040590000000000001 -0.0097994999999999992 0.038893730221263613
0.0040590000000000001 -0.0097994999999999992 0.030711754495996457
0.0040590000000000001 -0.0097994999999999992 0.0060193248599894542
0.0040590000000000001 -0.0097994999999999992 0.013256266750841648
0.0040590000000000001 -0.0097994999999999992 0.018405757250288719
0.0040590000000000001 -0.0097994999999999992 0.025486839634169367
0.0040590000000000001 0.0097994999999999974 0.061942342183239615
0.0040590000000000001 0.0097994999999999974 0.050631326688522056
0.0040590000000000001 0.0097994999999999974 0.05632366887176167
0.0097994999999999974 0.0040589999999999984 0.061942342184146813
0.0097994999999999974 0.0040589999999999984 0.056323668872668882
0.0097994999999999974 0.0040589999999999984 0.050631326688522056
0.0097994999999999974 -0.0040590000000000001 0.061962071672199102
0.0097994999999999974 -0.0040590000000000001 0.056404413856345925
0.0097994999999999974 -0.0040590000000000001 0.050692342184146817
0.0040589999999999984 -0.0097994999999999974 0.061962071672199102
0.0040589999999999984 -0.0097994999999999974 0.056409863868255965
0.0040589999999999984 -0.0097994999999999974 0.050697792196056871
0.0065900000000000004 0.033131000000000001 0.073124999999999982
0.0065900000000000004 0.033131000000000001 0.084375000000000006
0.0043934999999999998 0.027827999999999999 0.089999999999999983
0.010983499999999998 0.026516999999999999 0.073104037201278033
0.010983499999999998 0.026516999999999999 0.078729037201278038
0.010983499999999998 0.026516999999999999 0.084375000000000006
0.0043934999999999998 0.027827999999999999 0.067500000000000004
0.0043934999999999998 0.022087499999999999 0.073104037201278033
0.0043934999999999998 0.022087499999999999 0.078729037201278051
0.0043934999999999998 0.022087499999999999 0.084375000000000006
0.0109835 -0.026516999999999999 0.095664298792125596
0.010983500000000002 -0.026516999999999999 0.12933570120787449
0.010983500000000002 -0.026516999999999999 0.1229459775168444
0.0109835 -0.026516999999999999 0.1017079722525018
0.0109835 -0.026516999999999999 0.1072807489564396
0.0109835 -0.026516999999999999 0.11734735180503336
0.0109835 -0.026516999999999999 0.11222105391628412
0.0065900000000000004 -0.033131000000000008 0.095624999999999988
0.0065900000000000012 -0.033131000000000008 0.12937499999999996
0.0065900000000000004 -0.033131000000000008 0.10128929879212556
0.0065900000000000012 -0.033131000000000008 0.12371070120787445
0.0065900000000000004 -0.033131000000000008 0.10691429879212556
0.0065900000000000012 -0.033131000000000008 0.11808570120787444
0.0065900000000000004 -0.033131000000000008 0.11248707549606338
0.0043934999999999998 -0.027827999999999999 0.13500000000000004
0.0043934999999999998 -0.022087500000000003 0.095559154974339741
0.0043935000000000007 -0.022087500000000003 0.12952540650150784
0.0043934999999999998 -0.022087500000000003 0.12313568281047781
0.0043934999999999998 -0.022087500000000003 0.10160282843471596
0.0043934999999999998 -0.022087500000000003 0.11762606120519996
0.0043934999999999998 -0.022087500000000003 0.10654313339456048
0.0043934999999999998 -0.022087500000000003 0.11249976331645072
0.0043934999999999998 -0.027827999999999999 0.089999999999999983
0.0065900000000000004 -0.033131000000000001 0.073124999999999982
0.0065900000000000004 -0.033131000000000001 0.084375000000000006
0.01093171921623359 -0.026391985888316288 0.078550561771845759
0.010983499999999998 -0.026516999999999999 0.086096074224101052
0.012055859608116795 -0.029105992944158152 0.07865028088592288
0.012055859608116795 -0.029105992944158152 0.084275280885922871
0.0098593596081167929 -0.023802992944158143 0.08037135511002394
0.012055859608116795 -0.029105992944158152 0.073025280885922902
0.010983499999999998 -0.026516999999999999 0.071167572772049811
0.0098593596081167929 -0.023802992944158143 0.076692853657972668
0.0043934999999999998 -0.027827999999999999 0.067500000000000018
0.0043934999999999998 -0.022087499999999999 0.086096074224101052
0.0043934999999999998 -0.022087499999999999 0.080471074224101075
0.0043934999999999998 -0.022087499999999999 0.071167572772049811
0.0043934999999999998 -0.022087499999999999 0.076792572772049802
0.0109835 -0.026516999999999999 0.005689435090505247
0.010983500000000002 -0.026516999999999999 0.039310564909494791
0.010983500000000002 -0.026516999999999999 0.033149214836140285
0.0109835 -0.026516999999999999 0.011947829393749252
0.0109835 -0.026516999999999999 0.017456992104094071
0.010983500000000002 -0.026516999999999999 0.027537247727495561
0.010983500000000002 -0.026516999999999999 0.022445704441696281
0.0065900000000000004 -0.033131000000000008 0.0056249999999999833
0.0065900000000000012 -0.033131000000000008 0.039374999999999959
0.0065900000000000004 -0.033131000000000008 0.011314435090505231
0.0065900000000000012 -0.033131000000000008 0.033685564909494752
0.0065900000000000004 -0.033131000000000008 0.016939435090505217
0.0065900000000000012 -0.033131000000000008 0.028060564909494757
0.0065900000000000004 -0.033131000000000008 0.022448597800850036
0.0043934999999999998 -0.027827999999999999 0.044999999999999998
0.0043934999999999998 -0.022087500000000003 0.039523805584464805
0.0043934999999999998 -0.022087500000000003 0.005486954504795782
0.0043934999999999998 -0.022087500000000003 0.033362455511110306
0.0043934999999999998 -0.022087500000000003 0.011745348808039789
0.0043934999999999998 -0.022087500000000003 0.017665145813283718
0.0043934999999999998 -0.022087500000000003 0.027745401436685208
0.0043934999999999998 -0.022087500000000003 0.022653858150885931
0.0043934999999999998 -0.027827999999999999 0
0.0065900000000000012 0.033131000000000008 0.061874999999999999
0.0065900000000000012 0.033131000000000008 0.050625000000000003
0.0109835 0.026516999999999999 0.061878300715498061
0.0109835 0.026516999999999999 0.056253300715498063
0.0109835 0.026516999999999999 0.050625000000000003
0.0043934999999999998 0.027827999999999999 0.044999999999999991
0.0043934999999999998 0.022087499999999999 0.061878300715498061
0.0043934999999999998 0.022087499999999999 0.056253300705959179
0.0043934999999999998 0.022087499999999999 0.05062499999046112
0.0065900000000000012 -0.033131000000000008 0.050625000000000003
0.0065900000000000012 -0.033131000000000008 0.061875000000000006
0.010931443808009485 -0.026391320971488406 0.056153032883154978
0.0109835 -0.026516999999999999 0.063655411763011038
0.012055721904004744 -0.029105660485744207 0.05620151644157749
0.012055721904004744 -0.029105660485744207 0.061826516441577495
0.0098592219040047422 -0.023802660485744205 0.057981928204588529
0.0109835 -0.026516999999999999 0.048729673109869073
0.012055721904004744 -0.029105660485744207 0.050576516441577485
0.0098592219040047457 -0.023802660485744205 0.05430618955144656
0.0043934999999999998 -0.022087499999999999 0.063655411763011038
0.0043934999999999998 -0.022087499999999999 0.058030411753472171
0.0043935000000000007 -0.022087499999999999 0.048729673109869073
0.0043934999999999998 -0.022087499999999999 0.054354673100330202
0.0070699655934091579 -0.015818414599583351 0.067499999999999991
0.0035349827967045789 -0.013649707299791676 0.067499999999999991
0.0035349827967045789 -0.01938970729979168 0.067499999999999991
0.0079284827967045796 -0.018516207299791681 0.067499999999999991
0.007593982796704579 -0.011968207299791676 0.067499999999999991
0.0098592592293803277 -0.014233483732467429 0.067499999999999991
0.0099681031442563055 -0.017153174665865981 0.067499999999999991
0.012757396780227475 -0.015568243798750058 0.067499999999999991
0.013681133288383598 -0.013681133288383596 0.073996256072919264
0.013913925986061514 -0.013913925986061514 0.083048539000836502
0.012474747419891441 -0.012474747419891441 0.078650953898494649
0.011008086714725309 -0.011008086714725309 0.073297769420529263
0.011510467096371159 -0.011510467096371158 0.08452762097605987
0.013932824320374741 -0.013932824320374735 0.086578108471666762
0.0095630433573626553 -0.0095630433573626536 0.076069703275880779
0.0095630433573626553 -0.0095630433573626536 0.07039888471026462
0.011828319790038408 -0.011828319790038408 0.07039888471026462
0.0098142335481855789 -0.0098142335481855789 0.087263810488029933
0.0098142335481855789 -0.0098142335481855789 0.081684629053646096
0.01205565646198872 -0.01205565646198872 0.087263810488029933
0.01444227643267575 -0.014442276432675748 0.069840636109719634
0.01508441216018737 -0.015084412160187369 0.088289054235833372
0.013266835073990513 -0.013266835073990513 0.088289054235833372
0.01508441216018737 -0.015084412160187369 0.085743560562550059
0.011741417067308376 -0.011741417067308371 0.075974361659511963
0.01029637370994572 -0.010296373709945718 0.078746295514863493
0.0119926072581313 -0.0119926072581313 0.081589287437277266
0.01316484307686755 -0.013164843076867546 0.070748128036459634
0.0149585666441918 -0.014958566644191798 0.073088764146179264
0.012344610001554452 -0.012344610001554452 0.07364701274672425
0.012721645708372947 -0.012721645708372947 0.085552864723863323
0.015074962993030756 -0.015074962993030756 0.081898751491776278
0.015074962993030756 -0.015074962993030756 0.083978775827134908
0.013923375153218126 -0.013923375153218126 0.084813323736251653
0.014355373709945718 -0.014355373709945718 0.077490298934510413
0.014355373709945718 -0.014355373709945718 0.079699958940605373
0.013194336702976477 -0.013194336702976477 0.080849746449665583
0.0149585666441918 -0.014958566644191798 0.075162950021722713
0.013077940354137518 -0.013077940354137516 0.076323604985706964
0.012712196541216338 -0.012712196541216336 0.083788079988448172
0.012712836181972316 -0.018590451535258668 0.078531724726433563
0.012572981409021692 -0.018683913350233592 0.086705283651831652
0.012959691305904807 -0.018425483780266597 0.074574353788598141
0.013308963518198802 -0.018192072977098447 0.082617426692523366
0.011927186400201652 -0.019115483702483043 0.071318154310427401
0.010679990704510846 -0.0199489566751168 0.088352641825915804
0.014404490704510846 -0.017459956675116795 0.088352641825915804
0.010679990704510846 -0.0199489566751168 0.084448716050016887
0.010357093200100826 -0.020164741851241522 0.069409077155213703
0.010357093200100826 -0.020164741851241522 0.073076649927263523
0.012396713547652554 -0.018801709217315825 0.069409077155213703
0.014551120347551726 -0.017361967366074309 0.069840636109719634
0.014404490704510846 -0.017459956675116795 0.08580714815263249
0.010749918090986157 -0.019902225767629331 0.076683435135266612
0.010749918090986157 -0.019902225767629331 0.080361936587317856
0.010873345652952403 -0.019819741890133292 0.07470474966634888
0.012836263743938562 -0.018507967657762629 0.076553039257515873
0.01244343885305323 -0.01877048374137482 0.072946254049512771
0.01301089985008556 -0.01839126225617856 0.080574575709478458
0.011047981759099402 -0.019703036488549226 0.082404787570362736
0.012940972463610246 -0.018437993163666021 0.084661355172177502
0.014081593200100825 -0.01767574185124152 0.071749713264933346
0.014772481759099404 -0.017214036488549224 0.083763219672978367
0.014772481759099404 -0.017214036488549224 0.08168319533761971
0.014474418090986161 -0.017413225767629333 0.07964034435457483
0.014474418090986161 -0.017413225767629333 0.07743068434847987
0.014597845652952406 -0.017330741890133297 0.075451998879562165
0.014597845652952406 -0.017330741890133297 0.073377813004018702
0.0059011691655212577 -0.015274969165521258 0.089999999999999983
0.0029505845827606288 -0.019117984582760629 0.089999999999999983
0.0029505845827606288 -0.013377984582760629 0.089999999999999983
0.0073440845827606269 -0.018244484582760633 0.089999999999999983
0.0070095845827606289 -0.011696484582760628 0.089999999999999983
0.0092510074965637731 -0.013937907496563772 0.089999999999999983
0.010693922913803142 -0.016907422913803143 0.089999999999999983
0.012589960741417621 -0.012589960741417621 0.11840313877422272
0.012593415444246425 -0.012593415444246419 0.10599128265311553
0.012708567671609916 -0.012708567671609914 0.100789045974021
0.013071392148283524 -0.013071392148283524 0.12394267631736182
0.011556282699843242 -0.011556282699843238 0.096100581411391703
0.013413068868250643 -0.013413068868250642 0.11028679775483582
0.013570028351274688 -0.013570028351274688 0.11414757663717612
0.012268264504926896 -0.012268264504926896 0.1297743811808354
0.0098371413499216201 -0.0098371413499216184 0.099156560315815392
0.0098371413499216201 -0.0098371413499216184 0.093050290705695843
0.012078564263724764 -0.012078564263724761 0.093050290705695843
0.014252132252463443 -0.014252132252463443 0.1323871905904177
0.010193132252463445 -0.010193132252463445 0.1323871905904177
0.010193132252463445 -0.010193132252463445 0.12636786579881693
0.014418422913803146 -0.014418422913803144 0.09375066093134915
0.014252132252463443 -0.014252132252463443 0.12825261836071572
0.01035398037070881 -0.010353980370708808 0.12068224459551059
0.01035398037070881 -0.010353980370708808 0.11553275396567619
0.010594696074141765 -0.010594696074141759 0.12345201336708014
0.012830676444850572 -0.012830676444850572 0.12117290754579228
0.012669828326605207 -0.012669828326605207 0.12685852874909859
0.010355707722123212 -0.010355707722123212 0.1093268259051226
0.010355707722123212 -0.010355707722123212 0.10410191093667732
0.013079994546346152 -0.01307999454634615 0.11627535770569944
0.010844014175637344 -0.010844014175637342 0.1134049728971529
0.010765534434125319 -0.010765534434125319 0.11147458345598274
0.013003242156248531 -0.01300324215624853 0.10813904020397568
0.013491548609762665 -0.013491548609762665 0.112217187196006
0.012650991557928173 -0.012650991557928168 0.10339016431356826
0.010413283835804961 -0.010413283835804955 0.10150079259713005
0.012132425185726575 -0.012132425185726574 0.098444813692706371
0.013896141349921622 -0.013896141349921618 0.096800951637044996
0.014653696074141765 -0.014653696074141759 0.1223476427011278
0.014653696074141765 -0.014653696074141759 0.12533676592897894
0.01441298037070881 -0.014412980370708806 0.11735619086480879
0.014412980370708808 -0.014412980370708806 0.11957787392955826
0.014903014175637344 -0.014903014175637341 0.11306674347806676
0.014903014175637344 -0.014903014175637341 0.11522840979628551
0.014824534434125325 -0.014824534434125319 0.1089520326770466
0.014824534434125325 -0.014824534434125319 0.1111363540368966
0.014414707722123212 -0.014414707722123207 0.10463006467709458
0.014414707722123212 -0.014414707722123207 0.10680427512618644
0.014472283835804961 -0.014472283835804955 0.099145183918359664
0.014472283835804961 -0.014472283835804955 0.10202894633754732
0.012663117476269676 -0.018623677433632645 0.11746561379508703
0.012654057728008185 -0.018629731860649121 0.10585468188375304
0.013284911545601638 -0.018208146372129828 0.10049257165992533
0.013802029200712976 -0.01786256821571363 0.1118667788988152
0.012666182309120328 -0.018621629274425969 0.096016248088675218
0.01313147454090602 -0.018310684888625296 0.12340470377309463
0.012635494908181204 -0.018642136977725064 0.12847122238632613
0.0107112474540906 -0.01992806848886253 0.13173561119316307
0.014435747454090602 -0.017439068488862532 0.13173561119316307
0.010711247454090602 -0.01992806848886253 0.12534588750213302
0.014451091154560164 -0.017428814637212985 0.093008124044337601
0.010726591154560166 -0.019917814637212983 0.093008124044337601
0.010726591154560164 -0.019917814637212983 0.099051797504713823
0.014451091154560164 -0.017428814637212985 0.096758784975686768
0.014435747454090602 -0.017439068488862532 0.12760103896346109
0.010720528864004094 -0.019921865930324561 0.10397101440225272
0.010720528864004094 -0.019921865930324561 0.10891131936209723
0.01103595577280082 -0.01971107318606492 0.10128995929033886
0.012969484636804912 -0.018418939116389477 0.10317362677183917
0.012975546927360982 -0.018414887823277895 0.098254409874300244
0.010725058738134841 -0.019918838716816323 0.11471678531776423
0.010725058738134841 -0.019918838716816323 0.11984308320651348
0.011294514600356489 -0.019538284107856817 0.11191736786962832
0.013232573338491326 -0.018243122824673136 0.11466619634695112
0.01322804346436058 -0.018246150038181377 0.10886073039128412
0.01289729600858785 -0.018467181161128967 0.12043515878409083
0.010959237270453007 -0.019762342444312648 0.12281262819551728
0.01288348472454361 -0.018476410933175185 0.12593796307971039
0.014683737270453008 -0.017273342444312653 0.12506777965684537
0.014683737270453008 -0.017273342444312653 0.1220786564289942
0.014449558738134839 -0.017429838716816325 0.11910911143999042
0.014449558738134839 -0.017429838716816325 0.11688742837524096
0.015019014600356487 -0.017049284107856819 0.11408801092710504
0.015019014600356487 -0.017049284107856819 0.11192634460888629
0.015019014600356487 -0.017049284107856819 0.10974202324903629
0.014445028864004094 -0.017432865930324559 0.1067359747415052
0.014445028864004094 -0.017432865930324559 0.10456176429241336
0.01476045577280082 -0.017222073186064914 0.10188070918049948
0.01476045577280082 -0.017222073186064914 0.098996946761311821
0.0063079301810748233 -0.015228471819481369 0.13499999999999998
0.0031539650905374121 -0.019094735909740684 0.13499999999999998
0.0031539650905374121 -0.013354735909740683 0.13499999999999998
0.0075474650905374115 -0.018221235909740684 0.13499999999999998
0.0072129650905374126 -0.011673235909740684 0.13499999999999998
0.011271965090537413 -0.015732235909740683 0.13499999999999998
0.0065900000000000004 0.033130999999999994 0.095625000000000029
0.0065900000000000004 0.033130999999999994 0.12937500000000002
0.0065900000000000004 0.033130999999999994 0.10125000000000003
0.0065900000000000004 0.033130999999999994 0.12375000000000004
0.0065900000000000004 0.033130999999999994 0.11812500000000006
0.0065900000000000004 0.033130999999999994 0.11250000000000009
0.0065900000000000004 0.033130999999999994 0.10687500000000004
0.0043934999999999998 0.027827999999999999 0.13500000000000001
0.0043934999999999998 0.022087499999999999 0.09554171545693757
0.0043934999999999998 0.022087499999999999 0.12950201420631208
0.0043934999999999998 0.022087499999999999 0.1239476672602038
0.0043934999999999998 0.022087499999999999 0.10122819579376428
0.0043934999999999998 0.022087499999999999 0.11252266281674068
0.0043934999999999998 0.022087499999999999 0.11831861372754512
0.0043934999999999998 0.022087499999999999 0.106836182479914
0.0109835 0.026516999999999999 0.095625000000000002
0.0109835 0.026516999999999999 0.10131148033682671
0.010983500000000002 0.026516999999999999 0.12950201420631208
0.010983500000000002 0.026516999999999999 0.12387701420631209
0.0109835 0.026516999999999999 0.10693648033682672
0.0109835 0.026516999999999999 0.11262296067365341
0.0109835 0.026516999999999999 0.1182479606736534
0.0063079301810748216 0.015228471819481369 0.090000000000000011
0.0031539650905374108 0.013354735909740683 0.090000000000000011
0.0031539650905374108 0.019094735909740684 0.090000000000000011
0.0075474650905374098 0.018221235909740684 0.090000000000000011
0.0072129650905374109 0.011673235909740684 0.090000000000000011
0.011271965090537413 0.015732235909740683 0.090000000000000011
0.012511499999999998 0.018724999999999999 0.084354037201278043
0.0125115 0.018724999999999999 0.073026593539930032
0.0125115 0.018724999999999999 0.07863063074120806
0.012177 0.012177000000000002 0.073026593539930032
0.012177000000000002 0.012177000000000002 0.078570894236259542
0.012177000000000002 0.012177000000000002 0.084294300696329511
0.0063079301810748233 0.015228471819481369 0.067499999999999991
0.0031539650905374112 0.019094735909740684 0.067499999999999991
0.0031539650905374112 0.013354735909740683 0.067499999999999991
0.0075474650905374098 0.018221235909740684 0.067499999999999991
0.0072129650905374109 0.011673235909740684 0.067499999999999991
0.011271965090537413 0.015732235909740683 0.067499999999999991
0.0063079301810748233 0.015228471819481369 0.13499999999999998
0.0031539650905374112 0.013354735909740683 0.13499999999999998
0.0031539650905374112 0.019094735909740684 0.13499999999999998
0.0075474650905374098 0.018221235909740684 0.13499999999999998
0.0072129650905374109 0.011673235909740684 0.13499999999999998
0.011271965090537413 0.015732235909740683 0.13499999999999998
0.012511500000000002 0.018724999999999999 0.095686480336826682
0.0125115 0.018724999999999999 0.12950201420631208
0.012511500000000002 0.018724999999999999 0.10361209918439228
0.0125115 0.018724999999999999 0.12230348941073405
0.012511500000000002 0.018724999999999999 0.10929857952121896
0.0125115 0.018724999999999999 0.11667443587807536
0.012177 0.012177000000000004 0.097925618847565593
0.012177 0.012177000000000004 0.10661894311423642
0.012177000000000002 0.012177000000000002 0.12878663961459311
0.012177 0.012177000000000002 0.12158811481901508
0.012177 0.012177000000000002 0.11399479947109284
0.0043934999999999998 0.027827999999999999 0
0.0065900000000000004 0.033130999999999994 0.0056250000000000284
0.0065900000000000004 0.033130999999999994 0.039375000000000014
0.0065900000000000004 0.033130999999999994 0.033750000000000002
0.0065900000000000004 0.033130999999999994 0.011250000000000005
0.0065900000000000004 0.033130999999999994 0.028125000000000015
0.0065900000000000004 0.033130999999999994 0.022499999999999999
0.0065900000000000004 0.033130999999999994 0.016874999999999994
0.0043934999999999998 0.022087499999999999 0.0054688566497975988
0.0043934999999999998 0.022087499999999999 0.011002122902556463
0.004393499999999999 0.022087499999999999 0.03937752666067075
0.0043934999999999998 0.022087499999999999 0.033662350802936253
0.0043934999999999998 0.022087499999999999 0.027878295506803111
0.0043934999999999998 0.022087499999999999 0.01660036412000726
0.0043934999999999998 0.022087499999999999 0.022160569231786002
0.010983500000000002 0.026516999999999999 0.039374999999999979
0.010983500000000002 0.026516999999999999 0.033659824142265482
0.0109835 0.026516999999999999 0.0054688566497975988
0.0109835 0.026516999999999999 0.011093856649797573
0.010983500000000002 0.026516999999999999 0.028034824142265474
0.0109835 0.026516999999999999 0.016692097867248366
0.010983500000000002 0.026516999999999999 0.022317097867248361
0.0063079301810748233 -0.015228471819481369 0
0.0031539650905374112 -0.013354735909740683 0
0.0031539650905374112 -0.019094735909740684 0
0.0075474650905374098 -0.018221235909740684 0
0.0072129650905374109 -0.011673235909740684 0
0.011271965090537413 -0.015732235909740683 0
0.012584559855161824 -0.012584559855161822 0.016535814277484497
0.01260033255391468 -0.01260033255391468 0.02896130881552756
0.012996097698955662 -0.012996097698955661 0.03537759864760702
0.011252795631736916 -0.011252795631736916 0.039885077164527057
0.013070311971032368 -0.013070311971032363 0.011028354196054215
0.013417940075625424 -0.013417940075625422 0.024662845341356061
0.013590120192851864 -0.013590120192851864 0.020787398347540131
0.013866029394102374 -0.013866029394102374 0.040556665855427249
0.012268154282758409 -0.012268154282758403 0.0052138995501681412
0.010193077141379204 -0.010193077141379202 0.0026069497750840706
0.014252077141379204 -0.014252077141379198 0.0026069497750840706
0.010193077141379204 -0.010193077141379202 0.0086262746350735248
0.009685397815868458 -0.0096853978158684614 0.042442538582263531
0.009685397815868458 -0.009685397815868458 0.036336268803527152
0.011931024635778095 -0.0119310246357781 0.042442538582263531
0.014252077141379204 -0.014252077141379198 0.0067288926685568073
0.015051014697051187 -0.015051014697051186 0.042778332927713617
0.01323764151696083 -0.013237641516960828 0.042778332927713617
0.015051014697051187 -0.015051014697051186 0.039038659660214685
0.010351279927580913 -0.010351279927580913 0.01943672249817878
0.010351279927580913 -0.010351279927580913 0.014287231998731702
0.012827435913097096 -0.012827435913097093 0.013782084236769354
0.010594155985516183 -0.010594155985516182 0.011533501958016563
0.012669233126895389 -0.012669233126895382 0.0081211268731111817
0.01035916627695734 -0.01035916627695734 0.030874384629027401
0.010359166276957342 -0.01035916627695734 0.025649469767200311
0.010854060096425934 -0.010854060096425932 0.021562514533206598
0.013087340024006848 -0.013087340024006845 0.018661606312512315
0.013009136314770057 -0.013009136314770051 0.026812077078441809
0.010767970037812711 -0.010767970037812711 0.023500238030114563
0.013504030134238645 -0.013504030134238645 0.022725121844448096
0.010557048849477831 -0.010557048849477831 0.034082529545067131
0.012798215126435171 -0.01279821512643517 0.032169453731567293
0.012124446665346292 -0.012124446665346292 0.037631337906067042
0.012559412512919648 -0.012559412512919648 0.040220871509977163
0.014653155985516184 -0.01465315598551618 0.009636119991499846
0.014653155985516184 -0.01465315598551618 0.012614916249221828
0.014410279927580916 -0.014410279927580911 0.015368646289936966
0.014410279927580916 -0.014410279927580911 0.017581430404471236
0.014913060096425932 -0.01491306009642593 0.019707222439499048
0.014913060096425932 -0.01491306009642593 0.021867574255581217
0.014826970037812711 -0.01482697003781271 0.023805297752489185
0.014826970037812711 -0.01482697003781271 0.0259959424657548
0.014418166276957342 -0.01441816627695734 0.028145174202840545
0.014418166276957342 -0.01441816627695734 0.030334195339295052
0.014616048849477837 -0.014616048849477831 0.033542340255334785
0.014616048849477837 -0.014616048849477831 0.036449126056304577
0.013431063546529017 -0.013431063546529017 0.037967132251517134
0.012525438585232316 -0.018715685155418656 0.036903849317993953
0.012669405552858075 -0.018619475252768497 0.016641601185705908
0.012359989284750759 -0.018826251220366592 0.029480815586711173
0.013407756176760549 -0.018126052054247017 0.021169801207873307
0.013321070874771518 -0.018183981901649545 0.024814058511975511
0.013134264050491512 -0.018308820721795311 0.011346064842662987
0.012636052810098304 -0.018641764144359065 0.0064213478472192956
0.01065621929261616 -0.019964842577709328 0.03479057458564247
0.01065621929261616 -0.019964842577709328 0.040951924658996976
0.012680671312459651 -0.018611946597741433 0.040951924658996976
0.014436026405049152 -0.017438882072179536 0.0032106739236096487
0.010711526405049151 -0.019927882072179531 0.0032106739236096487
0.010711526405049151 -0.019927882072179531 0.0094690682268536528
0.014436026405049152 -0.017438882072179536 0.0073326168170823871
0.014535952019843493 -0.017372104020032104 0.041260326732501074
0.01072820277642904 -0.019916737626384247 0.014579194896096961
0.01072820277642904 -0.019916737626384247 0.019567907233699174
0.010960632025245758 -0.019761410360897656 0.0119314267245755
0.012901834801674795 -0.018464147987281906 0.013993833014184448
0.012885158430294908 -0.018475292433077189 0.0088837063449411433
0.01057349464237538 -0.020020125610183296 0.025987514434201803
0.01057349464237538 -0.020020125610183296 0.03107905772000108
0.013038580864809312 -0.018372763653507755 0.018905701196789609
0.011097378088380277 -0.019670026027123508 0.021832007244782872
0.01105403543738576 -0.019698990950824773 0.023654135896833971
0.012840530079761138 -0.018505116561008068 0.027147437049343335
0.013364413525766032 -0.018155016977948281 0.022991929859924407
0.01244271393499154 -0.018770968187892624 0.033192332452352563
0.01468513202524576 -0.017272410360897657 0.012773771572526214
0.01468513202524576 -0.017272410360897657 0.0097949753148042322
0.01445270277642904 -0.017427737626384249 0.017634323858581942
0.01445270277642904 -0.017427737626384249 0.015421539744047672
0.014821878088380275 -0.01718102602712351 0.022058775685747805
0.014821878088380275 -0.01718102602712351 0.01989842386966564
0.014778535437385758 -0.017209990950824774 0.02607154905106452
0.014778535437385758 -0.017209990950824774 0.023880904337798908
0.014297994642375382 -0.017531125610183298 0.030593948724886865
0.014297994642375382 -0.017531125610183298 0.028404927588432348
0.014380719292616161 -0.01747584257770933 0.037212251391498051
0.014380719292616161 -0.01747584257770933 0.034305465590528245
0.007058359613251043 -0.015815243613313913 0.044999999999999998
0.0035291798066255211 -0.019388121806656961 0.044999999999999998
0.0035291798066255211 -0.013648121806656956 0.044999999999999998
0.0079226798066255218 -0.018514621806656958 0.044999999999999998
0.0075881798066255212 -0.011966621806656957 0.044999999999999998
0.0098338066265351593 -0.014212248626566596 0.044999999999999998
0.009947131826469011 -0.017161725826689053 0.044999999999999998
0.01272257883975313 -0.015558730839941736 0.044999999999999998
0.013841020220603692 -0.013841020220603692 0.052002013719959481
0.013809521503975596 -0.013809521503975594 0.060765188315129642
0.012482133153456939 -0.012482133153456939 0.056385449119729245
0.011502572774582116 -0.011502572774582116 0.050527728013483507
0.011514020265913166 -0.011514020265913166 0.062150589697939233
0.013968427436361879 -0.013968427436361879 0.048437912856107615
0.014037131825804312 -0.014037131825804312 0.064193782610124331
0.0098160101329565833 -0.0098160101329565833 0.064825294848969622
0.0098160101329565833 -0.0098160101329565833 0.059287366521168713
0.012081286565632334 -0.012081286565632334 0.064825294848969622
0.0098102863872910583 -0.0098102863872910583 0.05347593567894085
0.0098102863872910583 -0.0098102863872910583 0.047763864006741749
0.012055913207200696 -0.012055913207200696 0.047763864006741749
0.01513656591290216 -0.015136565912902158 0.065846891305062161
0.013342842345577907 -0.013342842345577907 0.065846891305062161
0.01513656591290216 -0.015136565912902158 0.063488484025584574
0.01328884053809058 -0.01328884053809058 0.046718956428053807
0.015102213718180938 -0.015102213718180938 0.046718956428053807
0.015102213718180938 -0.015102213718180938 0.049248430003905969
0.011992352964019529 -0.011992352964019529 0.053456588566606365
0.010300066576728472 -0.010300066576728472 0.056404796232063723
0.011998076709685054 -0.011998076709685054 0.059268019408834242
0.012775576045858741 -0.012775576045858741 0.063172186154031779
0.012735500105471994 -0.012735500105471994 0.049482820434795557
0.015022760751987796 -0.015022760751987796 0.059695661562128181
0.015022760751987796 -0.015022760751987796 0.061774186878087237
0.013923326664889954 -0.013923326664889954 0.062479485462626973
0.014359066576728467 -0.014359066576728467 0.055295984712410873
0.014359066576728467 -0.014359066576728467 0.057505791964428003
0.013145827328716268 -0.013145827328716265 0.058575318717429443
0.015038510110301847 -0.015038510110301846 0.051030480435831901
0.015038510110301847 -0.015038510110301846 0.053104267012525991
0.013161576687030318 -0.013161576687030316 0.054193731419844363
0.013904723828482788 -0.013904723828482783 0.050219963288033541
0.012671796497592903 -0.012671796497592903 0.05126487086672149
0.012661770884944379 -0.012661770884944379 0.061457889006534434
0.012734292051846846 -0.018576113057579054 0.056323369785577282
0.01303738141790378 -0.018373565217032484 0.052242356807069984
0.011385536240085665 -0.01947745638298477 0.04882363761863736
0.01313894311954051 -0.018305693804662009 0.060531304237565794
0.011745921473585623 -0.019236618996441239 0.063812444562365261
0.010266460736792812 -0.020225309498220611 0.061811634044193681
0.010266460736792812 -0.020225309498220611 0.065656222281182633
0.012306081084344538 -0.018862276864294921 0.065656222281182633
0.010086268120042832 -0.020345728191492385 0.046911818809318682
0.010086268120042832 -0.020345728191492385 0.050641491919187751
0.012110720139886323 -0.018992832211524483 0.046911818809318682
0.014551120347551724 -0.017361967366074305 0.065141592720522418
0.014535952019843488 -0.0173721040200321 0.04752947357585216
0.010760646025923422 -0.019895056528789527 0.054391358002657701
0.010760646025923422 -0.019895056528789527 0.058067096655799677
0.010912190708951892 -0.01979378260851624 0.052350851513404059
0.012885836734875316 -0.018474839137305767 0.054282863296323633
0.012211458828994723 -0.018925510800008625 0.050532997212853682
0.01293661758569368 -0.018440903431120533 0.058427337011571538
0.010962971559770256 -0.01975984690233101 0.060171063881793933
0.012442432296563067 -0.018771156400551624 0.062171874399965528
0.013990960736792813 -0.017736309498220616 0.063297815001705046
0.013810768120042833 -0.017856728191492383 0.049441292385170837
0.014687471559770257 -0.017270846902331004 0.061657244839305313
0.014687471559770257 -0.017270846902331004 0.059578719523346271
0.014485146025923424 -0.017406056528789529 0.057474752297352015
0.014485146025923424 -0.017406056528789529 0.055264945045334891
0.014636690708951893 -0.017304782608516242 0.053224438556081242
0.014636690708951893 -0.017304782608516242 0.051150651979387153
0.0063079301810748216 0.015228471819481369 0.045000000000000005
0.0031539650905374108 0.013354735909740683 0.045000000000000005
0.0031539650905374108 0.019094735909740684 0.045000000000000005
0.0075474650905374098 0.018221235909740684 0.045000000000000005
0.0072129650905374109 0.011673235909740684 0.045000000000000005
0.011271965090537413 0.015732235909740683 0.045000000000000005
0.012511500000000002 0.018724999999999999 0.039284824142265501
0.012511500000000002 0.018724999999999999 0.0054688566497975996
0.012511500000000002 0.018724999999999999 0.031464307176620965
0.012511500000000002 0.018724999999999999 0.012718638609286403
0.012511500000000002 0.018724999999999999 0.025746580901603849
0.012511500000000002 0.018724999999999999 0.018316879826737201
0.012177 0.012177000000000004 0.0062647070644602501
0.012177000000000002 0.012177000000000002 0.037179483034355455
0.012177000000000002 0.012177000000000004 0.028617535101978349
0.012177 0.012177000000000004 0.013514489023949056
0.012177 0.012177000000000004 0.021187834027111691
0.0063079301810748216 0.015228471819481369 0
0.0031539650905374108 0.019094735909740684 0
0.0031539650905374108 0.013354735909740683 0
0.0075474650905374098 0.018221235909740684 0
0.0072129650905374109 0.011673235909740684 0
0.011271965090537413 0.015732235909740683 0
0.012511500000000002 0.018724999999999999 0.061882080089012366
0.012511500000000002 0.018724999999999999 0.056260380804510422
0.012511500000000002 0.018724999999999999 0.050628300715498072
0.012177000000000002 0.012177000000000002 0.061882080089012366
0.012177000000000002 0.012177000000000002 0.056263406777534421
0.012177000000000002 0.012177000000000002 0.050631326688522056
0.015818332940702468 -0.0070700877864593214 0.067499999999999991
0.013649666470351237 -0.0035350438932296607 0.067499999999999991
0.011968166470351234 -0.0075940438932296612 0.067499999999999991
0.019389666470351237 -0.0035350438932296607 0.067499999999999991
0.014233442903026984 -0.0098593203259054116 0.067499999999999991
0.015567998822107404 -0.012757763359377968 0.067499999999999991
0.018516166470351238 -0.0079285438932296601 0.067499999999999991
0.017152888859782889 -0.0099685308199318756 0.067499999999999991
0.017221 0 0.073124999999999982
0.017221 0 0.078766216731781635
0.017221 0 0.084391216731781626
0.022087499999999999 -0.0043934999999999998 0.07128185044391705
0.022087499999999999 -0.0043934999999999998 0.076906850443917027
0.022087499999999999 -0.0043934999999999998 0.0861448819563565
0.022087499999999999 -0.0043934999999999998 0.080519881956356482
0.01857574904184324 -0.012734836759202436 0.078586086527807797
0.018245698970117755 -0.013228718435434475 0.073843596567773812
0.018250026928844681 -0.013222242146853353 0.083379674739970974
0.019313229145136387 -0.011631283265945968 0.086624788995880123
0.019304573227682541 -0.011644235843108223 0.070749586713065499
0.01770973372104118 -0.014030728306943395 0.086982695277856903
0.017701943395332719 -0.014042385626389426 0.070354891100055716
0.016968971697666362 -0.015139192813194712 0.06892744555002786
0.016968971697666362 -0.015139192813194712 0.07126808165974749
0.018094694087098007 -0.013454679739896927 0.06892744555002786
0.016972866860520588 -0.0151333641534717 0.085945853965645122
0.016972866860520588 -0.0151333641534717 0.088491347638928436
0.018111573126133009 -0.013429422214430532 0.088491347638928436
0.020259286613841271 -0.010215617921554112 0.069124793356532752
0.018896009003272918 -0.012255604848256328 0.069124793356532752
0.020259286613841271 -0.010215617921554112 0.072906643800449769
0.020263614572568197 -0.010209141632972984 0.088312394497940067
0.020263614572568197 -0.010209141632972984 0.08445727645429657
0.018913320838180613 -0.012229699693931818 0.088312394497940067
0.017243013464422339 -0.014729121073426674 0.082064319361343535
0.017243013464422339 -0.014729121073426674 0.084144343696702165
0.01797988032494293 -0.013626485226898374 0.085181185008913932
0.017405874520921617 -0.014485418379601217 0.077457865249166993
0.017405874520921617 -0.014485418379601217 0.07966752525526194
0.018412887985343955 -0.012978539453027894 0.080982880633889393
0.017240849485058878 -0.01473235921771724 0.073012434393606523
0.017240849485058878 -0.01473235921771724 0.075086620269150001
0.018410724005980497 -0.012981777597318457 0.07621484154779079
0.017973821182725239 -0.013635552030911952 0.07209924383391475
0.01850325831150763 -0.012843310734748824 0.070552238906560608
0.019894874520921615 -0.010760918379601216 0.080437925220260401
0.019894874520921615 -0.010760918379601216 0.076824893707820946
0.01973201346442234 -0.011004621073426674 0.082834719326341982
0.01878162803699053 -0.01242676270639966 0.085002231867925548
0.019729849485058879 -0.011007859217717238 0.074453648727803953
0.018775136098900153 -0.012436477139271348 0.072296591640419641
0.018511481433088783 -0.01283100578644468 0.086803742136868492
0.015814709726471855 -0.007055660324920659 0.089999999999999983
0.011966354863235927 -0.0075868301624603292 0.089999999999999983
0.013647854863235928 -0.0035278301624603286 0.089999999999999983
0.019387854863235927 -0.0035278301624603286 0.089999999999999983
0.01420777777703907 -0.0098282530762634716 0.089999999999999983
0.015557129179415563 -0.012714480974761976 0.089999999999999983
0.018514354863235927 -0.0079213301624603289 0.089999999999999983
0.01716406112884835 -0.0099418882234191628 0.089999999999999983
0.017221 0 0.095622473246952194
0.017221 0 0.10374227775306465
0.017221 0 0.12946673377518125
0.017221 0 0.1221826155351631
0.017221 0 0.11662241043046458
0.017221 0 0.10952633317659514
0.022087499999999999 -0.0043934999999999998 0.095622473246952194
0.022087499999999999 -0.0043934999999999998 0.10176944646703008
0.022087499999999999 -0.0043934999999999998 0.12946673377518125
0.022087499999999999 -0.0043934999999999998 0.12301026485634602
0.022087499999999999 -0.0043934999999999998 0.11745005975164748
0.022087499999999999 -0.0043934999999999998 0.10755350189056059
0.022087499999999999 -0.0043934999999999998 0.11247946261240482
0.018623636173409775 -0.012663179217410723 0.098084528692348877
0.018624862413730233 -0.012661344290904687 0.11819734850606392
0.018126646169531621 -0.013406867152101036 0.11368799172467356
0.018028210135753089 -0.013554165266929539 0.11017601893537962
0.018591974384860481 -0.012710557414056712 0.10559774604200992
0.018310461373147301 -0.013131809005911158 0.12352525060674054
0.018642092274629461 -0.012635561801182232 0.12846863366193323
0.017374706265612425 -0.014532058060958834 0.09375066093134915
0.017439046137314729 -0.014435780900591118 0.13173431683096662
0.019928046137314727 -0.010711280900591116 0.13173431683096662
0.017439046137314729 -0.014435780900591118 0.12759974460126464
0.019918818086704888 -0.010725089608705361 0.094042264346174437
0.018568524352317314 -0.012745647669664196 0.094042264346174437
0.019918818086704888 -0.010725089608705361 0.10018923756625234
0.019928046137314727 -0.010711280900591116 0.1252778479121314
0.017273230686573653 -0.014683904502955579 0.12213892984581716
0.017273230686573653 -0.014683904502955579 0.12512805307366828
0.018476276823888381 -0.012883685403546697 0.12599694213433688
0.017430431206865115 -0.014448672145452344 0.1172532957307294
0.017430431206865115 -0.014448672145452344 0.11947497879547886
0.018467661893438764 -0.012896576648407926 0.12086129955640224
0.017181323084765811 -0.014821433576050518 0.11283695102181548
0.017181323084765811 -0.014821433576050518 0.11499861734003422
0.018375754291630925 -0.01303410572150286 0.11594267011536874
0.017132105067876546 -0.014895082633464767 0.1088966432673185
0.017132105067876546 -0.014895082633464767 0.1110809646271685
0.01807742815264236 -0.013480516209515288 0.1119320053300266
0.017413987192430241 -0.014473278707028355 0.10443329637154178
0.017413987192430241 -0.014473278707028355 0.10660750682063364
0.018310092260306783 -0.013132361340493124 0.10788688248869475
0.017429818086704889 -0.014449589608705364 0.097792925277523604
0.017429818086704889 -0.014449589608705364 0.10067668769671126
0.018607805279135126 -0.012686868315733716 0.1018411373671794
0.019902987192430239 -0.010748778707028356 0.10887180696292709
0.019902987192430239 -0.010748778707028356 0.10394584624108286
0.019919431206865117 -0.010724172145452343 0.12014220533419674
0.019919431206865117 -0.010724172145452343 0.11517160819495408
0.019670323084765809 -0.01109693357605052 0.11291692980425888
0.019621105067876544 -0.01117058263346477 0.11116094340961193
0.019762230686573647 -0.010959404502955581 0.12280615638453504
0.01522847181948137 -0.0063079301810748233 0.13499999999999998
0.011673235909740686 -0.0072129650905374126 0.13499999999999998
0.013354735909740683 -0.0031539650905374121 0.13499999999999998
0.019094735909740684 -0.0031539650905374121 0.13499999999999998
0.015732235909740686 -0.011271965090537413 0.13499999999999998
0.018221235909740684 -0.0075474650905374115 0.13499999999999998
0.015228471819481369 0.0063079301810748233 0.089999999999999983
0.013354735909740683 0.0031539650905374112 0.089999999999999983
0.011673235909740684 0.0072129650905374109 0.089999999999999983
0.015732235909740683 0.011271965090537413 0.089999999999999983
0.019094735909740684 0.0031539650905374112 0.089999999999999983
0.018221235909740684 0.0075474650905374098 0.089999999999999983
0.018724999999999999 0.012511500000000002 0.084351621736373061
0.018724999999999999 0.012511500000000002 0.078628215276303093
0.018724999999999999 0.012511500000000002 0.073026593539930032
0.022087499999999999 0.0043934999999999998 0.073101621736373051
0.022087499999999999 0.0043934999999999998 0.078726621736373043
0.022087499999999999 0.0043934999999999998 0.084374999999999978
0.015228471819481369 0.0063079301810748233 0.067499999999999991
0.011673235909740684 0.0072129650905374109 0.067499999999999991
0.013354735909740683 0.0031539650905374112 0.067499999999999991
0.015732235909740683 0.011271965090537413 0.067499999999999991
0.019094735909740684 0.0031539650905374112 0.067499999999999991
0.018221235909740684 0.0075474650905374098 0.067499999999999991
0.015228471819481369 0.0063079301810748233 0.13499999999999998
0.013354735909740683 0.0031539650905374112 0.13499999999999998
0.011673235909740684 0.0072129650905374109 0.13499999999999998
0.015732235909740683 0.011271965090537413 0.13499999999999998
0.019094735909740684 0.0031539650905374112 0.13499999999999998
0.018221235909740684 0.0075474650905374098 0.13499999999999998
0.018724999999999999 0.012511500000000002 0.095745418482888964
0.018724999999999999 0.012511500000000002 0.10367103733045456
0.018724999999999999 0.012511500000000002 0.12954175436193238
0.018724999999999999 0.012511500000000002 0.12234322956635436
0.018724999999999999 0.012511500000000002 0.10938035724811754
0.018724999999999999 0.012511500000000002 0.11675621360497392
0.022087500000000003 0.0043934999999999998 0.095622473246952194
0.022087500000000003 0.0043935000000000007 0.12954175436193238
0.022087500000000003 0.0043934999999999998 0.1240084881371136
0.022087500000000003 0.0043934999999999998 0.10136789172984116
0.022087500000000003 0.0043934999999999998 0.11286126707103464
0.022087500000000003 0.0043934999999999998 0.11842147217573318
0.022087500000000003 0.0043934999999999998 0.10715194715337167
0.015228471819481369 -0.0063079301810748216 0
0.013354735909740683 -0.0031539650905374108 0
0.011673235909740684 -0.0072129650905374109 0
0.019094735909740684 -0.0031539650905374108 0
0.015732235909740683 -0.011271965090537413 0
0.018221235909740684 -0.0075474650905374098 0
0.017221 0 0.0055543469617118793
0.017221 0 0.012838465232308116
0.017221 0 0.039458284505540626
0.017221 0 0.0313384799622657
0.017221 0 0.02573049322626296
0.017221 0 0.018634416040134119
0.022087499999999999 -0.0043934999999999998 0.005554346961711875
0.022087499999999999 -0.0043934999999999998 0.012010815853041775
0.022087499999999999 -0.004393499999999999 0.039458284505540626
0.022087499999999999 -0.0043934999999999998 0.033311311206712435
0.022087499999999999 -0.0043934999999999998 0.017806766660867779
0.022087499999999999 -0.0043934999999999998 0.027703324470709691
0.022087499999999999 -0.0043934999999999998 0.022777363803562375
0.018625527673873966 -0.012660348806209889 0.036908641576169403
0.018625585250465256 -0.012660262649514729 0.016767612512793968
0.01864239838324722 -0.012635103745116812 0.029440557229444338
0.018128693139728869 -0.013403804098465184 0.024671775479761866
0.018088055678038825 -0.013464613349595984 0.021173663351137025
0.018308758173155883 -0.0131343576472804 0.011447984441170874
0.018641751634631176 -0.01263607152945608 0.0065209616021552315
0.019927875817315591 -0.010711535764728041 0.0032604808010776162
0.01743887581731559 -0.014436035764728039 0.0032604808010776162
0.01743887581731559 -0.014436035764728039 0.0073824236945503538
0.01737325405371112 -0.014534231127743246 0.041260326732501074
0.019927875817315591 -0.010711535764728041 0.0097169496924075175
0.019919763836936985 -0.010723674403104944 0.040954320788084697
0.019919763836936985 -0.010723674403104944 0.034807347489256513
0.018568017890648107 -0.012746405530848187 0.040954320788084697
0.017272379086577944 -0.0146851788236402 0.0098459351140581762
0.017272379086577944 -0.0146851788236402 0.012824731371780156
0.018475254903893533 -0.01288521458836824 0.0089844730216630531
0.01743079262523263 -0.014448131324757365 0.015484545407591702
0.01743079262523263 -0.014448131324757365 0.017697329522125972
0.018467171711810566 -0.012897310148397564 0.01410779847698242
0.017162027839019413 -0.014850306674797992 0.0199003549412975
0.017162027839019413 -0.014850306674797992 0.022060706757379665
0.018356820464252039 -0.013062437999555351 0.018970637931965496
0.017182346569864435 -0.014819902049232591 0.023809762821692081
0.017182346569864435 -0.014819902049232591 0.026000407534957689
0.018108374408883847 -0.013434208724030583 0.022922719415449443
0.017439199191623608 -0.014435551872558409 0.028384798409798934
0.017439199191623612 -0.014435551872558409 0.03057381954625344
0.018385545761488039 -0.013019453921790998 0.027056166354603096
0.017430763836936987 -0.014448174403104945 0.034307861719615973
0.017430763836936987 -0.014448174403104945 0.037214647520585765
0.018633963028560595 -0.012647726275663351 0.03317459940280687
0.019919792625232628 -0.010723631324757364 0.019810872290421489
0.019919792625232628 -0.010723631324757364 0.014840275147726886
0.019761379086577945 -0.010960678823640199 0.012180461111915338
0.019928199191623606 -0.010711051872558408 0.031073305315893987
0.019928199191623606 -0.010711051872558408 0.02614734464874667
0.019651027839019411 -0.01112580667479799 0.02201389770959301
0.01967134656986444 -0.011095402049232593 0.023762953773905436
0.015815626957873585 -0.007057785982550962 0.044999999999999984
0.011966813478936793 -0.0075878929912754816 0.044999999999999984
0.013648313478936792 -0.003528892991275481 0.044999999999999984
0.01938831347893679 -0.003528892991275481 0.044999999999999984
0.014212440298846434 -0.0098335198111851197 0.044999999999999984
0.015559880873620761 -0.012720857947652884 0.044999999999999984
0.018514813478936791 -0.0079223929912754822 0.044999999999999984
0.017163067532647912 -0.0099451241190187233 0.044999999999999984
0.015228471819481369 0.0063079301810748233 0.044999999999999998
0.013354735909740683 0.0031539650905374112 0.044999999999999998
0.011673235909740684 0.0072129650905374109 0.044999999999999998
0.015732235909740683 0.011271965090537413 0.044999999999999998
0.019094735909740684 0.0031539650905374112 0.044999999999999998
0.018221235909740684 0.0075474650905374098 0.044999999999999998
0.018725000000000009 0.012511500000000004 0.039343502417329687
0.018724999999999999 0.012511500000000004 0.031522985451685151
0.018724999999999999 0.012511500000000002 0.005509057979689304
0.018724999999999999 0.012511500000000002 0.012758839939178108
0.018724999999999999 0.012511500000000002 0.018399599463371597
0.018724999999999999 0.012511500000000004 0.025829300538238249
0.022087500000000003 0.0043934999999999998 0.0055090579796893031
0.022087500000000003 0.0043934999999999998 0.011063404941401178
0.022087500000000003 0.0043934999999999998 0.039458284505540626
0.022087500000000003 0.0043934999999999998 0.033801786922870308
0.022087500000000003 0.0043934999999999998 0.016704164465594667
0.022087500000000003 0.0043934999999999998 0.022500115273420666
0.022087500000000003 0.0043934999999999998 0.028193800186867561
0.015228471819481369 0.0063079301810748216 0
0.011673235909740684 0.0072129650905374109 0
0.013354735909740683 0.0031539650905374108 0
0.015732235909740683 0.011271965090537413 0
0.019094735909740684 0.0031539650905374108 0
0.018221235909740684 0.0075474650905374098 0
0.017221 0 0.061942342184146813
0.017221 0 0.05062499999046112
0.017221 0 0.056317342174607939
0.022087499999999999 -0.0043934999999999998 0.063718149628827978
0.022087499999999999 -0.0043934999999999998 0.058093149619289089
0.022087499999999999 -0.0043934999999999998 0.048855117972342814
0.022087499999999999 -0.0043934999999999998 0.054480117962803935
0.01857562265162634 -0.012735025887512135 0.056386097361674166
0.018249521793174763 -0.013222998023833104 0.051607733035373526
0.018245677905081609 -0.013228749956819427 0.061143597729280227
0.019312256790861623 -0.011632738281412569 0.048369488511182265
0.019304569014675317 -0.011644242147385214 0.064244297941491724
0.017708857338291726 -0.014032039712146432 0.048007233739652017
0.017701938339724048 -0.014042393191521814 0.064634216222363358
0.016968969169862024 -0.015139196595760906 0.063708700831704101
0.016968969169862024 -0.015139196595760906 0.066067108111181688
0.01809469155929368 -0.013454683522463122 0.066067108111181688
0.016972428669145865 -0.015134019856073218 0.046503616869826014
0.016972428669145865 -0.015134019856073218 0.049033090445678176
0.018109682722856985 -0.01343225098381646 0.046503616869826014
0.018896006896769312 -0.012255608000394821 0.06587214897074585
0.020259284507337657 -0.010215621073692609 0.06587214897074585
0.020259284507337657 -0.010215621073692609 0.062090298599573837
0.020263128395430811 -0.010209869140706283 0.046684744255591125
0.018911382449141933 -0.012232600268449526 0.046684744255591125
0.020263128395430811 -0.010209869140706283 0.050539862227933954
0.017240838952540805 -0.014732374978409714 0.059884866269203488
0.017240838952540805 -0.014732374978409714 0.061963391585162522
0.017973808122402828 -0.01363557157417062 0.062888906975821793
0.017405811325813168 -0.014485512943756069 0.055296308833383337
0.017405811325813168 -0.014485512943756069 0.057506116085400467
0.018410650278353969 -0.012981887922165784 0.0587648475454772
0.017242760896587384 -0.014729499011916551 0.050833340093538931
0.017242760896587384 -0.014729499011916551 0.052907126670233007
0.018412572222400551 -0.01297901195567262 0.05399691519852385
0.017979189565733245 -0.01362751886798977 0.049807483387512765
0.018503253677199683 -0.012843317669453512 0.064439257081927548
0.018510557064576681 -0.012832388996779499 0.048188361125417141
0.019894811325813166 -0.010761012943756068 0.058161198309665055
0.019894811325813166 -0.010761012943756068 0.054548166653179915
0.019731760896587385 -0.011004999011916552 0.052158984490029592
0.0187808892920182 -0.012427868152622836 0.049988610773277896
0.01972983895254081 -0.011007874978409715 0.060539948493468082
0.018775123459878463 -0.012436496052102321 0.062693947835385969
0.018724999999999999 0.0125115 0.061882080089012366
0.018724999999999999 0.0125115 0.050625846133586352
0.018724999999999999 0.0125115 0.056257926222598717
0.022087499999999999 0.0043934999999999998 0.061875846133586362
0.022087499999999999 0.0043934999999999998 0.056250846124047474
0.022087499999999999 0.0043935000000000007 0.05062499999046112
0.018766999999999999 0.028087000000000008 0.073124999999999982
0.018766999999999999 0.028087000000000008 0.084375000000000006
0.016570500000000002 0.022783999999999999 0.090000000000000011
0.020295000000000001 0.020295000000000001 0.084375000000000006
0.020295000000000001 0.020295000000000001 0.078651593539930009
0.020295000000000001 0.020295000000000004 0.073026593539930032
0.016570500000000002 0.022783999999999999 0.067500000000000018
0.018766999999999999 0.028087000000000001 0.095625000000000002
0.018766999999999999 0.028087000000000001 0.12937500000000002
0.018766999999999999 0.028087000000000001 0.10125000000000001
0.018766999999999999 0.028087000000000001 0.12375
0.018766999999999999 0.028087000000000001 0.106875
0.018766999999999999 0.028087000000000001 0.11812499999999999
0.018766999999999999 0.028087000000000001 0.1125
0.016570500000000002 0.022783999999999999 0.13500000000000004
0.020295000000000004 0.020295000000000004 0.095624999999999988
0.020295000000000004 0.020295000000000004 0.10355061884756556
0.020295000000000004 0.020295000000000001 0.12937499999999996
0.020295000000000004 0.020295000000000001 0.12217647520442196
0.020295000000000004 0.020295000000000004 0.10917561884756556
0.020295000000000004 0.020295000000000004 0.11655147520442195
0.018794385915000319 -0.02806870187565846 0.084144085108888295
0.01598719295750016 -0.029944350937829232 0.081447042554444141
0.01598719295750016 -0.029944350937829232 0.087072042554444146
0.021574192957500161 -0.026211350937829232 0.087072042554444146
0.018876543660001278 -0.028013807502633839 0.081447042554444141
0.021574192957500161 -0.026211350937829229 0.081447042554444141
0.015963331751046847 -0.029960293999166304 0.073124999999999982
0.018852682453547969 -0.028029750563970907 0.073124999999999982
0.021656350702501121 -0.026156456564804607 0.073124999999999982
0.018788587949505314 -0.018788587949505307 0.073992916527320415
0.018793116581822585 -0.018793116581822585 0.083151680666645925
0.020030753784695148 -0.020030753784695148 0.078639029306744074
0.021479234484775803 -0.021479234484775803 0.084108141994678004
0.021469454236344488 -0.021469454236344485 0.073276389166812894
0.018027964723760996 -0.018027964723760989 0.069840636109719634
0.018050151028680642 -0.018050151028680642 0.087454506326716669
0.022916617242387905 -0.022916617242387905 0.081429070997339023
0.022916617242387905 -0.022916617242387905 0.087054070997339014
0.02291172711817225 -0.022911727118172243 0.070388194583406449
0.02291172711817225 -0.022911727118172243 0.076013194583406427
0.022192376892347578 -0.022192376892347567 0.07869451465337203
0.020754994134735475 -0.020754994134735475 0.081373585650711039
0.02075010401051982 -0.020750104010519816 0.075957709236778512
0.020671768271068536 -0.020671768271068536 0.087054070997339014
0.020644691841933231 -0.020644691841933228 0.070388194583406449
0.017514558290911295 -0.017514558290911295 0.084030346660039654
0.017514558290911295 -0.017514558290911295 0.081950322324680996
0.019328709319591929 -0.019328709319591929 0.086575840333322954
0.018133376892347567 -0.018133376892347567 0.079693996644730092
0.01813337689234757 -0.018133376892347567 0.077484336638635132
0.019411935183258865 -0.019411935183258861 0.080895354986695006
0.017512293974752655 -0.017512293974752655 0.075161280248923296
0.017512293974752655 -0.017512293974752655 0.073087094373379846
0.019409670867100229 -0.019409670867100225 0.076315972917032251
0.019304258698513644 -0.019304258698513641 0.070746458263660217
0.020136175533299199 -0.020136175533299199 0.083629911330661971
0.020129021092924901 -0.020129021092924897 0.073634652847066662
0.01648426041147226 -0.02269766041147226 0.090000000000000011
0.01483213020573613 -0.027258830205736127 0.090000000000000011
0.01263563020573613 -0.021955830205736129 0.090000000000000011
0.020419130205736127 -0.023525830205736127 0.090000000000000011
0.01636013020573613 -0.019466830205736127 0.090000000000000011
0.018174281234416768 -0.021280981234416768 0.090000000000000011
0.014679966728943826 -0.023888490435600644 0.067500000000000018
0.011733483364471914 -0.022551245217800324 0.067500000000000018
0.013929983364471914 -0.027854245217800323 0.067500000000000018
0.016713315115518761 -0.025994539216966622 0.067500000000000018
0.01377310371202364 -0.021188212583874627 0.067500000000000018
0.016343085071312713 -0.01915393208983529 0.067500000000000018
0.019283296474807837 -0.023960258722927289 0.067500000000000018
0.017249948088232901 -0.021854209941561308 0.067500000000000018
0.019883663875690467 -0.019883663875690467 0.11840639033249434
0.019773760349365063 -0.019773760349365063 0.10412119850081908
0.019400932775138088 -0.019400932775138092 0.12394736276454375
0.020916412481345271 -0.020916412481345271 0.096733288168487919
0.018883489736898351 -0.018883489736898355 0.11414757663717612
0.018891171416874807 -0.018891171416874811 0.10980158895910738
0.020203768650524291 -0.020203768650524295 0.12977691864255173
0.018050151028680642 -0.018050151028680642 0.09375066093134915
0.022278884325262156 -0.02227888432526216 0.13238845932127585
0.018219884325262149 -0.018219884325262156 0.13238845932127585
0.018219884325262149 -0.018219884325262156 0.12825388709157387
0.020390357269353277 -0.020390357269353277 0.093366644084243972
0.022635206240672643 -0.02263520624067264 0.093366644084243972
0.02263520624067264 -0.02263520624067264 0.099388604323705082
0.022278884325262156 -0.02227888432526216 0.12637922486849418
0.017818466387569048 -0.017818466387569048 0.12533910915256993
0.017818466387569048 -0.017818466387569048 0.12234998592471875
0.019802350712831197 -0.0198023507128312 0.12686214070354773
0.018059831937845241 -0.018059831937845241 0.11957949970869404
0.018059831937845241 -0.018059831937845241 0.1173578166439446
0.019642298325414281 -0.019642298325414281 0.12117687654851904
0.017559744868449176 -0.017559744868449176 0.11522840979628551
0.017559744868449176 -0.017559744868449176 0.11306674347806676
0.019383576806294413 -0.019383576806294413 0.11627698348483524
0.017563585708437406 -0.017563585708437406 0.11089374963903238
0.017563585708437406 -0.017563585708437406 0.10870942827918238
0.018887330576886584 -0.018887330576886584 0.11197458279814176
0.018004880174682533 -0.018004880174682533 0.10586923305003824
0.018004880174682533 -0.018004880174682533 0.10369502260094636
0.019332465883119935 -0.019332465883119935 0.10696139372996324
0.018004880174682533 -0.018004880174682533 0.10081126018175872
0.018576206240672639 -0.018576206240672639 0.097117305015593125
0.020345086415355169 -0.020345086415355169 0.10042724333465353
0.022063880174682537 -0.022063880174682537 0.10308255948987066
0.022063880174682537 -0.022063880174682537 0.10835734108301628
0.022118831937845241 -0.022118831937845241 0.11549993699885391
0.022118831937845241 -0.022118831937845241 0.1206939607134655
0.021618744868449176 -0.021618744868449176 0.1133705301511948
0.021622585708437409 -0.021622585708437409 0.11119753631216044
0.021877466387569044 -0.021877466387569048 0.1234644469294902
0.018766999999999999 -0.028087000000000001 0.095664298792125596
0.018766999999999999 -0.028087000000000001 0.12933570120787449
0.018766999999999999 -0.028087000000000001 0.10168625903158672
0.018766999999999999 -0.028087000000000001 0.1233264667550928
0.018766999999999999 -0.028087000000000001 0.10725903573552452
0.018766999999999999 -0.028087000000000001 0.11772784104328174
0.018766999999999999 -0.028087000000000001 0.11253381732867015
0.016570500000000002 -0.022783999999999999 0.13500000000000004
0.019894564583454968 -0.019894564583454968 0.016566702270478177
0.019880734771616452 -0.019880734771616452 0.029033023829286211
0.019403112916690998 -0.019403112916690998 0.011039925353240032
0.02080234439793676 -0.02080234439793676 0.039009657845343139
0.019501815833910644 -0.019501815833910644 0.034036837020075046
0.01897626234115132 -0.01897626234115132 0.020883134134121007
0.019017966246877301 -0.019017966246877301 0.024831962654096408
0.02020399111394806 -0.02020399111394806 0.0052178320960988758
0.018219995556974032 -0.018219995556974032 0.0026089160480494374
0.022278995556974039 -0.022278995556974039 0.0026089160480494374
0.018219995556974032 -0.018219995556974032 0.0067308589415221763
0.018046851691099791 -0.018046851691099791 0.041260326732501074
0.022278995556974039 -0.022278995556974039 0.0086417248045066036
0.022578172198968377 -0.022578172198968377 0.035961712971512169
0.022578172198968377 -0.022578172198968377 0.042004828922671565
0.020330023890068168 -0.020330023890068168 0.042004828922671565
0.017819556458345497 -0.017819556458345497 0.012620701827814737
0.017819556458345497 -0.017819556458345497 0.0096419055700927517
0.019803552015319529 -0.019803552015319529 0.0081288787246694538
0.018065282291727488 -0.018065282291727488 0.017596874400968077
0.018065282291727488 -0.018065282291727488 0.015384090286433809
0.019648838750072988 -0.019648838750072988 0.013803313811859104
0.017606131170575658 -0.017606131170575662 0.021915442148871655
0.017606131170575658 -0.017606131170575662 0.019755090332789493
0.019435413462303149 -0.019435413462303149 0.018724918202299597
0.017626983123438651 -0.017626983123438654 0.026080501122124969
0.017626983123438651 -0.017626983123438654 0.023889856408859361
0.018997114294014312 -0.018997114294014312 0.022857548394108709
0.018058367385808228 -0.018058367385808228 0.030370052846174386
0.018058367385808228 -0.018058367385808228 0.028181031709719875
0.019449350509246881 -0.019449350509246881 0.026932493241691315
0.017868907916955324 -0.017868907916955324 0.035778745242538594
0.017868907916955324 -0.017868907916955324 0.032871959441568802
0.019691275302763551 -0.019691275302763551 0.031534930424680627
0.01851917219896838 -0.01851917219896838 0.03826515565517264
0.020152080115923704 -0.020152080115923704 0.036523247432709086
0.022124282291727485 -0.022124282291727485 0.014316159891696252
0.022124282291727485 -0.022124282291727485 0.019531346577188947
0.021878556458345501 -0.021878556458345501 0.011552771433077182
0.022117367385808231 -0.022117367385808231 0.025764507356592959
0.022117367385808231 -0.022117367385808231 0.03097339596348371
0.021665131170575665 -0.021665131170575665 0.021689562509010364
0.021685983123438651 -0.021685983123438651 0.023663976768998063
0.021927907916955321 -0.021927907916955321 0.033475302558878123
0.018766999999999999 -0.028087000000000001 0.0056894350905052479
0.018766999999999999 -0.028086999999999997 0.039310564909494791
0.018766999999999999 -0.028087000000000001 0.011722243846962412
0.018766999999999999 -0.028086999999999997 0.033267448958335388
0.018766999999999995 -0.028087000000000001 0.017231406557307229
0.018766999999999995 -0.028087000000000001 0.027655481849690661
0.018766999999999995 -0.028087000000000001 0.02244659324279992
0.01580292148437731 -0.023150782284452751 0.045000000000000005
0.014491460742188655 -0.027485391142226371 0.045000000000000005
0.012294960742188657 -0.022182391142226376 0.045000000000000005
0.020078460742188657 -0.023752391142226371 0.045000000000000005
0.014319412762032146 -0.020829495162258477 0.045000000000000005
0.016346803710943283 -0.019182955711131888 0.045000000000000005
0.017830312433288448 -0.021504242833326165 0.045000000000000005
0.016570500000000002 -0.022783999999999999 0
0.01879438593652176 -0.02806870186127873 0.050855914892172602
0.015987192968260882 -0.029944350930639369 0.047927957446086307
0.015987192968260882 -0.029944350930639369 0.053552957446086298
0.02157419296826088 -0.026211350930639365 0.047927957446086307
0.018876543746087028 -0.028013807445114933 0.053552957446086298
0.02157419296826088 -0.026211350930639365 0.053552957446086298
0.015963331751046847 -0.029960293999166301 0.061874999999999999
0.018852682528873 -0.028029750513641864 0.061874999999999999
0.021656350777826152 -0.026156456514475564 0.061874999999999999
0.018791934663525765 -0.018791934663525765 0.060972688345337409
0.018784340635586271 -0.018784340635586271 0.051905907737765045
0.020029900988926413 -0.020029900988926413 0.056351607313903103
0.021475989001342451 -0.021475989001342448 0.050901503010333631
0.021469953019994829 -0.021469953019994829 0.061714859131848106
0.018027964723760989 -0.018027964723760989 0.065141592720522418
0.018046851691099791 -0.018046851691099788 0.04752947357585216
0.022911976509997416 -0.022911976509997413 0.058982429565924047
0.022911976509997413 -0.022911976509997413 0.064607429565924052
0.020644941233758402 -0.020644941233758402 0.064607429565924052
0.022914994500671224 -0.022914994500671221 0.047950751505166811
0.022914994500671224 -0.022914994500671221 0.053575751505166816
0.020666846191771015 -0.020666846191771011 0.047950751505166811
0.022191950494463208 -0.022191950494463208 0.056300803656951552
0.020752944995134432 -0.020752944995134429 0.053626555162118367
0.020749927004460621 -0.020749927004460621 0.059033233222875597
0.017513967331762879 -0.017513967331762883 0.06187793689319112
0.017513967331762883 -0.017513967331762879 0.059799411577232078
0.019305932055523868 -0.019305932055523868 0.064236344172668713
0.018132950494463208 -0.018132950494463208 0.057488871061514929
0.018132950494463208 -0.018132950494463208 0.055279063809497805
0.019410917826226087 -0.019410917826226087 0.058662147829620259
0.017510170317793138 -0.017510170317793138 0.053056214021428766
0.017510170317793138 -0.017510170317793138 0.050982427444734683
0.019407120812256345 -0.019407120812256345 0.05412875752583407
0.019321022008892928 -0.019321022008892928 0.048452953868882521
0.020130943841760295 -0.020130943841760295 0.061343773738592761
0.020130164818464361 -0.020130164818464361 0.051403705374049341
0.016570500000000002 0.022783999999999999 0
0.018766999999999999 0.028087000000000001 0.039374999999999979
0.018766999999999999 0.028087000000000001 0.0056249999999999738
0.018766999999999999 0.028087000000000001 0.011249999999999993
0.018766999999999999 0.028087000000000001 0.033750000000000016
0.018766999999999999 0.028087000000000001 0.028125000000000001
0.018766999999999999 0.028087000000000001 0.016874999999999984
0.018766999999999999 0.028087000000000001 0.022500000000000003
0.016570500000000002 0.022783999999999999 0.045000000000000005
0.020295000000000004 0.020295000000000004 0.039375000000000042
0.020295000000000004 0.020295000000000004 0.031554483034355485
0.020295000000000004 0.020295000000000004 0.005625000000000018
0.020295000000000004 0.020295000000000004 0.012874781959488822
0.020295000000000004 0.020295000000000004 0.018499781959488839
0.020295000000000004 0.020295000000000004 0.02592948303435549
0.018766999999999999 0.028087000000000001 0.050625000000000003
0.018766999999999999 0.028087000000000001 0.061874999999999999
0.020295000000000001 0.020295000000000001 0.061882080089012366
0.020295000000000001 0.020295000000000001 0.050625000000000003
0.020295000000000001 0.020295000000000001 0.056257080089012368
0.028087000000000001 0.018766999999999999 0.073124999999999982
0.028087000000000001 0.018766999999999999 0.084375000000000006
0.022783999999999999 0.016570500000000002 0.090000000000000011
0.026516999999999999 0.010983499999999998 0.084375000000000006
0.026516999999999999 0.010983499999999998 0.07872662173637307
0.026516999999999999 0.010983499999999998 0.073101621736373051
0.022783999999999999 0.016570500000000002 0.067500000000000018
0.028087000000000001 0.018766999999999999 0.095625000000000002
0.028087000000000001 0.018766999999999999 0.10125000000000001
0.028087000000000001 0.018766999999999999 0.12937500000000002
0.028087000000000001 0.018766999999999999 0.12375
0.028087000000000001 0.018766999999999999 0.10687499999999998
0.028087000000000001 0.018766999999999999 0.1125
0.028087000000000001 0.018766999999999999 0.11812499999999999
0.022783999999999999 0.016570500000000002 0.13500000000000004
0.026516999999999999 0.0109835 0.095625000000000002
0.026516999999999999 0.0109835 0.10137041848288898
0.026516999999999999 0.010983500000000002 0.12954175436193238
0.026516999999999999 0.010983500000000002 0.1239167543619324
0.026516999999999999 0.0109835 0.11270473840055198
0.026516999999999999 0.0109835 0.106995418482889
0.026516999999999999 0.0109835 0.11832973840055196
0.028069960460373664 -0.018792502252315133 0.084144174770432942
0.026211980230186841 -0.021573251126157565 0.081447087385216457
0.026211980230186841 -0.021573251126157565 0.087072087385216462
0.028018841841494641 -0.018869009009260515 0.081447087385216457
0.029944980230186841 -0.01598625112615757 0.087072087385216462
0.029944980230186841 -0.01598625112615757 0.081447087385216457
0.026160861611307807 -0.021649757883102947 0.073124999999999982
0.028034155625789117 -0.018846089611228571 0.073124999999999982
0.02996029401448131 -0.015963331728125627 0.073124999999999982
0.026589571742699918 -0.011013559180245212 0.077832714971296374
0.026631041309957013 -0.011030735854671047 0.084284671285125567
0.026516999999999999 -0.010983499999999998 0.07128185044391705
0.02922552065497851 -0.012105367927335523 0.087142335642562782
0.023922520654978505 -0.0099088679273355209 0.087142335642562782
0.023922520654978505 -0.0099088679273355209 0.083287217598919286
0.02922552065497851 -0.012105367927335523 0.081517335642562763
0.029204785871349961 -0.012096779590122606 0.072666357485648189
0.029204785871349961 -0.012096779590122606 0.078291357485648194
0.026610306526328471 -0.011022147517458131 0.081058693128210971
0.023901785871349963 -0.0099002795901226067 0.076448207929565221
0.023901785871349963 -0.0099002795901226067 0.080061239442004689
0.023718443377842135 -0.015381355947135413 0.090000000000000011
0.019188857294293055 -0.01634620908963947 0.090000000000000011
0.022466221688921068 -0.012084177973567704 0.090000000000000011
0.027769221688921073 -0.014280677973567706 0.090000000000000011
0.021115927954533487 -0.014104736034526539 0.090000000000000011
0.024036221688921069 -0.019867677973567702 0.090000000000000011
0.021791372717601707 -0.017622829002248343 0.090000000000000011
0.023888392451069575 -0.01468011335143553 0.067500000000000018
0.019153687113192638 -0.016343451650463203 0.067500000000000018
0.027854196225534793 -0.013930056675717766 0.067500000000000018
0.022551196225534788 -0.011733556675717766 0.067500000000000018
0.021187918614966439 -0.013773543602419979 0.067500000000000018
0.023960258738242288 -0.019283296451886606 0.067500000000000018
0.025994490240016089 -0.016713388403843388 0.067500000000000018
0.021854160949295775 -0.017250021399478753 0.067500000000000018
0.028087000000000001 0.018766999999999999 0.0056250000000000128
0.028087000000000001 0.018766999999999999 0.011250000000000033
0.028086999999999997 0.018766999999999999 0.039375000000000014
0.028086999999999997 0.018766999999999999 0.033750000000000058
0.028087000000000001 0.018766999999999999 0.01687500000000005
0.028087000000000001 0.018766999999999999 0.022500000000000065
0.028086999999999997 0.018766999999999999 0.028125000000000053
0.022783999999999999 0.016570500000000002 0
0.022783999999999999 0.016570500000000002 0.045000000000000005
0.026516999999999999 0.010983500000000002 0.039375000000000014
0.026516999999999999 0.010983500000000002 0.03371850241732971
0.026516999999999999 0.0109835 0.0055090579796893031
0.026516999999999999 0.0109835 0.011134057979689317
0.026516999999999999 0.0109835 0.016774817503882801
0.026516999999999999 0.010983500000000002 0.028093502417329712
0.026516999999999999 0.010983500000000002 0.022399817503882813
0.028087000000000001 0.018766999999999999 0.050625000000000003
0.028087000000000001 0.018766999999999999 0.061874999999999999
0.026516999999999999 0.0109835 0.061875846133586362
0.026516999999999999 0.0109835 0.050625000000000003
0.026516999999999999 0.0109835 0.056250846133586357
0.022783999999999999 -0.016570500000000002 0
0.026516999999999999 -0.0109835 0.0058164190801868847
0.026516999999999999 -0.0109835 0.012272887971516789
0.026516999999999999 -0.010983500000000002 0.039183516531430131
0.026516999999999999 -0.010983500000000002 0.033036543232601939
0.026516999999999999 -0.0109835 0.017708658853507635
0.026516999999999999 -0.010983500000000002 0.022679255996202238
0.026516999999999999 -0.010983500000000002 0.027605216663349551
0.02371679442645843 -0.015381737598652311 0.045000000000000005
0.019184105744810911 -0.016345082818843035 0.045000000000000005
0.022465397213229217 -0.012084368799326155 0.045000000000000005
0.027768397213229216 -0.014280868799326156 0.045000000000000005
0.021113651266940332 -0.014107099927069398 0.045000000000000005
0.024035397213229216 -0.019867868799326161 0.045000000000000005
0.02178724890432901 -0.017619720490425948 0.045000000000000005
0.028087000000000001 -0.018766999999999999 0.0058164190801868847
0.028087000000000001 -0.018766999999999999 0.01184922783664405
0.028087000000000001 -0.018766999999999999 0.039183516531430131
0.028087000000000001 -0.018766999999999999 0.033140400580270721
0.028087000000000001 -0.018766999999999999 0.017284998718634897
0.028087000000000001 -0.018766999999999999 0.022500185404127591
0.028087000000000001 -0.018766999999999999 0.027709074011018329
0.028069960448401762 -0.018792502270232884 0.050855825230389576
0.026211980224200879 -0.02157325113511644 0.047927912615194794
0.026211980224200879 -0.02157325113511644 0.053552912615194792
0.02994498022420088 -0.015986251135116442 0.047927912615194794
0.028018841793607047 -0.018869009080931528 0.053552912615194792
0.02994498022420088 -0.015986251135116442 0.053552912615194792
0.026160861569406169 -0.021649757945815088 0.061874999999999999
0.028034155583887471 -0.018846089673940719 0.061874999999999999
0.029960294014481303 -0.015963331728125627 0.061874999999999999
0.02658957175563121 -0.011013559185601348 0.057167285038023971
0.026631041330277608 -0.011030735863087835 0.050715328708323737
0.026516999999999999 -0.0109835 0.063718149628827978
0.023922520665138808 -0.0099088679315439184 0.047857664354161861
0.029225520665138807 -0.012105367931543921 0.047857664354161861
0.023922520665138808 -0.0099088679315439184 0.05171278232650469
0.029204785877815605 -0.012096779592800677 0.05670864251901199
0.029204785877815605 -0.012096779592800677 0.062333642519011995
0.023901785877815603 -0.0099002795928006728 0.058551792147839961
0.029225520665138807 -0.012105367931543921 0.053482664354161866
0.026610306542954407 -0.011022147524344592 0.053941306873173854
0.023901785877815603 -0.0099002795928006728 0.054938760491354807
0.026516999999999999 -0.0109835 0.095816483715318701
0.026516999999999999 -0.0109835 0.1019634569353966
0.026516999999999999 -0.010983500000000002 0.12918358067444469
0.026516999999999999 -0.010983500000000002 0.12272711175560946
0.026516999999999999 -0.0109835 0.10739478367471296
0.026516999999999999 -0.0109835 0.1123207443965572
0.026516999999999999 -0.0109835 0.11729134153579988
0.022783999999999999 -0.016570500000000002 0.13500000000000004
0.028087000000000001 -0.018766999999999999 0.095816483715318701
0.028087000000000001 -0.018766999999999999 0.10183844395477984
0.028087000000000001 -0.018766999999999999 0.12918358067444469
0.028087000000000001 -0.018766999999999999 0.123174346221663
0.028087000000000001 -0.018766999999999999 0.1072697706940962
0.028087000000000001 -0.018766999999999999 0.11254455228724183
0.028087000000000001 -0.018766999999999999 0.11773857600185342
0.033131000000000001 -0.0065900000000000004 0.084375000000000006
0.033131000000000001 -0.0065900000000000004 0.073124999999999982
0.028701500000000001 0 0.073124999999999982
0.028701500000000001 0 0.084374999999999978
0.028701500000000001 0 0.078749999999999987
0.027827999999999999 -0.0043934999999999998 0.090000000000000011
0.027827999999999999 -0.0043934999999999998 0.067500000000000018
0.033131000000000008 0.0065900000000000004 0.095625000000000002
0.033131000000000008 0.0065900000000000004 0.12937499999999996
0.033131000000000008 0.0065900000000000012 0.12375
0.033131000000000008 0.0065900000000000004 0.10125000000000001
0.033131000000000008 0.0065900000000000004 0.10687499999999998
0.033131000000000008 0.0065900000000000012 0.1125
0.033131000000000008 0.0065900000000000012 0.11812499999999999
0.027827999999999999 0.0043934999999999998 0.089999999999999983
0.027827999999999999 0.0043934999999999998 0.13499999999999998
0.028701500000000001 0 0.095622473246952194
0.028701500000000001 0 0.12946673377518125
0.028701500000000001 0 0.1012474732469522
0.028701500000000001 0 0.12384173377518121
0.028701500000000001 0 0.11828152867048268
0.028701500000000001 0 0.10687247324695216
0.028701500000000001 0 0.11265652867048268
0.033131000000000001 0.0065900000000000004 0.073124999999999982
0.033131000000000001 0.0065900000000000004 0.084375000000000006
0.027827999999999999 0.0043934999999999998 0.067499999999999991
0.033131000000000008 -0.0065900000000000012 0.050625000000000003
0.033131000000000008 -0.0065900000000000012 0.061874999999999999
0.028701500000000001 0 0.061874999999999999
0.028701500000000001 0 0.056249999990461118
0.028701500000000001 0 0.05062499999046112
0.027827999999999999 -0.0043934999999999998 0.045000000000000005
0.027827999999999999 -0.0043934999999999998 0
0.028701500000000001 0 0.005554346961711875
0.028701500000000001 0 0.039458284505540626
0.028701500000000001 0 0.033833284505540587
0.028701500000000001 0 0.011179346961711859
0.028701500000000001 0 0.022600297769537842
0.028701500000000001 0 0.016804346961711843
0.028701500000000001 0 0.028225297769537847
0.033130999999999994 -0.0065900000000000004 0.0056249999999999842
0.033130999999999994 -0.0065900000000000004 0.011441419080186869
0.033130999999999994 -0.0065900000000000004 0.039374999999999966
0.033130999999999994 -0.0065900000000000004 0.033558516531430091
0.033130999999999994 -0.0065900000000000004 0.017066419080186853
0.033130999999999994 -0.0065900000000000004 0.022502189962177701
0.033130999999999994 -0.0065900000000000004 0.027933516531430089
0.033131000000000008 0.0065900000000000004 0.0056250000000000119
0.033131000000000008 0.0065900000000000012 0.039374999999999966
0.033131000000000008 0.0065900000000000012 0.033749999999999988
0.033131000000000008 0.0065900000000000004 0.011249999999999996
0.033131000000000008 0.0065900000000000004 0.01687499999999998
0.033131000000000008 0.0065900000000000012 0.022499999999999992
0.033131000000000008 0.0065900000000000012 0.02812499999999999
0.027827999999999999 0.0043934999999999998 0
0.027827999999999999 0.0043934999999999998 0.044999999999999998
0.033131000000000008 0.0065900000000000012 0.050625000000000003
0.033131000000000008 0.0065900000000000012 0.061875000000000006
0.027827999999999999 -0.0043934999999999998 0.13500000000000004
0.033130999999999994 -0.0065900000000000004 0.095624999999999988
0.033130999999999994 -0.0065900000000000004 0.10144148371531868
0.033130999999999994 -0.0065900000000000004 0.12937499999999996
0.033130999999999994 -0.0065900000000000004 0.12355858067444464
0.033130999999999994 -0.0065900000000000004 0.10706648371531868
0.033130999999999994 -0.0065900000000000004 0.11249781045463506
0.033130999999999994 -0.0065900000000000004 0.11793358067444464
-0.027827999999999999 -0.0043934999999999998 0.078729037217134895
-0.027827999999999999 -0.0043934999999999998 0.084375000000000006
-0.027827999999999999 -0.0043934999999999998 0.073124999999999982
-0.027390500000000002 -0.0065900000000000004 0.10108593759532124
-0.027390500000000002 -0.0065900000000000004 0.095460937595321274
-0.027390500000000002 -0.0065900000000000004 0.1239037168146615
-0.029906738979599057 -0.005254512666168081 0.10694367625298518
-0.024166238979599051 -0.005254512666168081 0.11237852624005244
-0.029906738979599057 -0.005254512666168081 0.11256867625298515
-0.029906738979599057 -0.005254512666168081 0.11819367625298516
-0.024166238979599051 -0.005254512666168081 0.11834739306764672
-0.024166238979599051 -0.005254512666168081 0.10677961384830646
-0.030416992944158144 0.0054658596081167948 0.07865028088592288
-0.030416992944158144 0.0054658596081167948 0.084275280885922871
-0.027827999999999999 0.0043934999999999998 0.086096074224101052
-0.027827999999999999 0.0043934999999999998 0.080471074224101061
-0.027827999999999999 0.0043934999999999998 0.076792572772049802
-0.027827999999999999 0.0043934999999999998 0.071167572772049811
-0.027390500000000002 0.0065900000000000004 0.1122969254831306
-0.027827999999999999 0.0043934999999999998 0.11736027630896992
-0.027390500000000002 0.0065900000000000004 0.12952871681466155
-0.027390500000000002 0.0065900000000000004 0.12386441802253592
-0.026524341021651448 0.0052698319522786396 0.10141779578396136
-0.023869170510825724 0.0070284159761393192 0.095708897891980671
-0.024742670510825723 0.0026349159761393198 0.10116983548730196
-0.02917217051082573 0.0092249159761393206 0.095708897891980671
-0.02917217051082573 0.0092249159761393206 0.10137319668410624
-0.030483170510825729 0.0026349159761393198 0.10133389789198066
-0.023869170510825724 0.0070284159761393192 0.10175257135235688
-0.024742670510825723 0.0026349159761393198 0.10676874787904794
-0.030483170510825729 0.0026349159761393198 0.10695889789198064
-0.030483170510825729 0.0026349159761393198 0.095708897891980671
-0.02917217051082573 0.0092249159761393206 0.10694597338804404
-0.027827999999999999 -0.0043934999999999998 0.061878300713972295
-0.027827999999999999 -0.0043934999999999998 0.056253300713972297
-0.027827999999999999 -0.0043934999999999998 0.050625000000000003
-0.027390500000000002 -0.0065900000000000004 0.0054571282784167206
-0.027390500000000002 -0.0065900000000000004 0.011082128278416705
-0.027827999999999999 -0.0043934999999999998 0.026153602418271717
-0.027827999999999999 -0.0043934999999999998 0.031778602418271684
-0.027390500000000002 -0.0065900000000000004 0.022197566903522519
-0.027390500000000002 -0.0065900000000000004 0.016707128278416687
-0.027827999999999999 -0.0043934999999999998 0.039374999999999959
-0.027827999999999999 0.0043934999999999998 0.027588649926645489
-0.027390500000000002 0.0065900000000000004 0.039459667962877941
-0.027390500000000002 0.0065900000000000004 0.033770232872372685
-0.027827999999999999 0.0043934999999999998 0.022497106640846209
-0.0265424362283674 0.0052635668773693967 0.011552622459194225
-0.0247517181141837 0.0026317834386846983 0.011233439508013834
-0.029181218114183696 0.009221783438684697 0.0057763112295971123
-0.0238782181141837 0.0070252834386846973 0.0057763112295971123
-0.029181218114183696 0.0092217834386847004 0.011465746320102327
-0.030492218114183695 0.0026317834386846983 0.011401311229597106
-0.0238782181141837 0.0070252834386846973 0.012034705532841116
-0.0247517181141837 0.0026317834386846983 0.016723878133119662
-0.030492218114183695 0.0026317834386846983 0.017026311229597101
-0.030492218114183695 0.0026317834386846983 0.0057763112295971123
-0.029181218114183696 0.0092217834386847004 0.016974909030447117
-0.0238782181141837 0.0070252834386846973 0.017023417870443331
-0.027827999999999999 0.0043934999999999998 0.063655411763011038
-0.027827999999999999 0.0043934999999999998 0.058030411763011047
-0.030416660485744203 0.0054657219040047424 0.05620151644157749
-0.030416660485744203 0.0054657219040047424 0.061826516441577495
-0.027827999999999999 0.0043934999999999998 0.054354673109869078
-0.027827999999999999 0.0043934999999999998 0.048729673109869073
-0.022783999999999999 -0.016570500000000002 0.084375000000000006
-0.022783999999999999 -0.016570500000000002 0.078729037217134895
-0.022783999999999999 -0.016570500000000002 0.07310403721713489
-0.022783999999999999 -0.016570500000000002 0.10309202261932349
-0.022783999999999999 -0.016570500000000002 0.095624999999999988
-0.022783999999999999 -0.016570500000000002 0.12937499999999996
-0.024862738979599057 -0.017431512666168082 0.10694367625298518
-0.020803738979599057 -0.013372512666168082 0.1092442950747036
-0.024862738979599057 -0.017431512666168082 0.11256867625298515
-0.022783999999999999 -0.016570500000000002 0.11645876808794452
-0.022783999999999999 -0.016570500000000002 0.12208376808794456
-0.023373750485016005 0.018873644622712529 0.076371458091425204
-0.023163528207949723 0.016002098056902891 0.07662137790988191
-0.018578365563356521 0.015917041274613172 0.074242836001307114
-0.019199448509115577 0.016538124220372229 0.076565892565207266
-0.023994833430775065 0.019494727568471575 0.07869451465532537
-0.025923701790070704 0.016819334055799356 0.073125000000000009
-0.021338539145477505 0.016734277273509644 0.070746458091425213
-0.022678972327254663 0.018074710455286809 0.070388194549350122
-0.024714183666793173 0.020214077804489687 0.076013194549350113
-0.023119752003838558 0.016067589393678642 0.083350787100896592
-0.023330481729345775 0.015752256785140428 0.085274839922604734
-0.02464135093782923 0.013790692957500159 0.083168116778545215
-0.023064857630813937 0.016149747138679602 0.080653744546452438
-0.023376014801863972 0.018875908939560489 0.080950840511836764
-0.018481959303068705 0.016066954673237852 0.082854585058289201
-0.023430909174888603 0.018793751194559533 0.08364788306628089
-0.019053009116681938 0.015206792212997864 0.072612911875988784
-0.025383181143565359 0.017639323163236291 0.08707204255444416
-0.024773968164171323 0.020136810183842252 0.084126113587876569
-0.022088447432078225 0.018981747432078221 0.087054071033432434
-0.020745388442795505 0.017638688442795501 0.086575840511836782
-0.022380064587303267 0.011988606962518564 0.076521658795804803
-0.02285470814062868 0.011278357900903254 0.074891734670486459
-0.019303251404500576 0.01638279521922259 0.078585377020998909
-0.024785021138483777 0.020108058797167053 0.070388194549350108
-0.022281394010167481 0.012136256044295274 0.080554025432375317
-0.027230343881987376 0.014863052565616956 0.08134732344036702
-0.027175449508962751 0.014945210310617916 0.07865028088592288
-0.025140238169424244 0.012805842961415032 0.073025280885922902
-0.021602960421736629 0.013152481646084697 0.069366453784563603
-0.027246286980653355 0.014839191303295276 0.073025280885922902
-0.02064496099725268 0.014597194033376393 0.088202797368160571
-0.019466830205736127 0.01636013020573613 0.087454506482929767
-0.018692689028575921 0.015751622064699638 0.084778637879997343
-0.022483867482688269 0.011833277961368929 0.078541143251596432
-0.024719073791146694 0.020218967928843212 0.081429071033432429
-0.023267331103334725 0.015846769055753253 0.078640862365673553
-0.019100777931979791 0.016685773302148939 0.080598259201777794
-0.019568679920231521 0.015722463016547446 0.069366453784563589
-0.02464135093782923 0.013790692957500159 0.087072042554444146
-0.023638171761275136 0.01529184899528758 0.07499145378456358
-0.025568715196470533 0.01240249829278646 0.069366453784563589
-0.018510399136910976 0.016146789285745602 0.11005813365026081
-0.018761224988208029 0.015771457472504996 0.1078281351559171
-0.025225639228548296 0.012915871712845264 0.10916441629151125
-0.025355585759659727 0.016035585759659732 0.11113786985653255
-0.018754290975768129 0.015772245442783356 0.11616876121133037
-0.018485816882041695 0.01617398580521167 0.11395056199908954
-0.024954071867744416 0.013322240790914392 0.11311384898280204
-0.025351745014297281 0.016031745014297282 0.1133108640084142
-0.025222545961470846 0.012920500428486074 0.11533204819504284
-0.019097315846877752 0.016507357585669236 0.12097798051411944
-0.018855950276435725 0.016265992015227208 0.12374846668458379
-0.025610466392610505 0.016290466392610507 0.12380938272929526
-0.025065483883825221 0.013155525622616704 0.12361048637103732
-0.025851831963052529 0.01653183196305253 0.12103889655883092
-0.019021563169375557 0.016018171517133847 0.12622377940460214
-0.02523109677676505 0.012907705124523342 0.12608579909105566
-0.019254377924523378 0.016272332391538604 0.11829816804993599
-0.025222545961470846 0.012920500428486074 0.12093067390685389
-0.025220845569141934 0.012923044868513813 0.098672422777410757
-0.025014227845709665 0.013232224342569054 0.10091058449419724
-0.019562434087845793 0.017100430584705183 0.09861292972880506
-0.026368206242136129 0.01704820624213613 0.099030942818858964
-0.019769051811278061 0.016791251110649941 0.09637476801201858
-0.019202519410548308 0.016212751894845272 0.10498793992567564
-0.025796880182000007 0.016476880182000008 0.10829767462629113
-0.025851831963052529 0.01653183196305253 0.11544027084701988
-0.019422981102541627 0.016419589450299921 0.12913855727884135
-0.026011884325776585 0.016691884325776583 0.12672416060353447
-0.027258830205736127 0.014832130205736128 0.095664298792125582
-0.020659675774878063 0.014575175074249941 0.093008123985285213
-0.021807036447872265 0.018700336447872255 0.093366644026733406
-0.025796880182000007 0.016476880182000008 0.10272489792235331
-0.018991108027709667 0.016529104524569061 0.10230688483229942
-0.025225639228548296 0.012915871712845264 0.10359163958757343
-0.020708884325776583 0.014495384325776579 0.13238845939566007
-0.019242996597822568 0.01626519589719445 0.093008123985285185
-0.018489657627404149 0.01617782655057412 0.11177756784720792
-0.020052585759659729 0.01383908575965973 0.11088477278068996
-0.022783999999999999 -0.016570500000000002 0.039375000000000014
-0.022783999999999999 -0.016570500000000002 0.012878718967517857
-0.022783999999999999 -0.016570500000000002 0.0056250000000000154
-0.024028000000000001 -0.014708000000000001 0.025929483025678924
-0.022783999999999999 -0.016570500000000002 0.018503718967517874
-0.022496085927388724 -0.014978690295886115 0.031251616026731224
-0.021855042963694359 -0.011882845147943058 0.038125808013365611
-0.01936604296369436 -0.01560734514794306 0.038125808013365611
-0.021855042963694359 -0.011882845147943058 0.030529410431637337
-0.023425042963694361 -0.019666345147943055 0.032500808013365634
-0.027158042963694361 -0.014079345147943061 0.032500808013365579
-0.01936604296369436 -0.01560734514794306 0.030305291039044568
-0.027158042963694361 -0.014079345147943061 0.026875808013365581
-0.023425042963694361 -0.019666345147943055 0.026875808013365643
-0.025230836843086031 0.012908094085145072 0.025886087828156917
-0.02495548679407604 0.013320123517663242 0.023530176254471465
-0.025418983210018155 0.01609898321001816 0.023614579198234585
-0.018554470004094197 0.016239106727681397 0.024747559851006039
-0.018829820053104188 0.015827077295163229 0.027103471424691487
-0.024973597127294155 0.013293023503171124 0.021783498311935309
-0.025222536737099625 0.012920514231688414 0.019519398231830479
-0.025398131192393231 0.016078131192393232 0.021640164692704814
-0.018800667929492847 0.015818645424081644 0.018762367322835281
-0.018551728319687384 0.016191154695564355 0.021026467402940108
-0.025064970173821127 0.0131562943300937 0.011362467364675742
-0.025230994034764222 0.012907858866018742 0.008900108950414997
-0.025611556457218194 0.016291556457218196 0.011209397633821302
-0.019022550491982416 0.016019415323236936 0.0087306364032258641
-0.01885652663103932 0.016267850787311893 0.011192994817486607
-0.019102252459912091 0.016513576616184668 0.013956383247537134
-0.025857282286090969 0.016537282286090971 0.013972786063871827
-0.025222536737099625 0.012920514231688414 0.014010235521485693
-0.019259819023190596 0.016277796517779382 0.016604151404347081
-0.025857282286090969 0.016537282286090971 0.019481948774216613
-0.025850367406580289 0.016530367406580287 0.025715109859260007
-0.019261204249666319 0.016258461491725357 0.029204002085716919
-0.026011995556858999 0.016691995556859001 0.0082983510655082852
-0.019422989591623224 0.016419854422877741 0.0058195898349128472
-0.019063480078524316 0.016081369146082505 0.035470343408611493
-0.019713744349461156 0.016731633417019345 0.037956753770176793
-0.026311172190316121 0.016991172190316116 0.036315393906506462
-0.02522257215914504 0.012920461226703229 0.035262489682659798
-0.025660907919379281 0.016340907919379283 0.033828983544941162
-0.019071744762465315 0.016069002004524352 0.031705908662753336
-0.025230836843086031 0.012908094085145072 0.031498054936801648
-0.025850367406580289 0.016530367406580287 0.031327076967904745
-0.021170689712837237 0.014021854402639682 0.040951924773165074
-0.022259289744008318 0.018092565366252568 0.042004828997011731
-0.027768117553692202 0.014281393175936456 0.039310564909494736
-0.019976117553692201 0.015809393175936454 0.041260326899733135
-0.020708995556859001 0.014495495556859 0.0026089159750030681
-0.018533617986469263 0.01621825471005647 0.022773145345476267
-0.022469947768183049 -0.01501353085375602 0.056256228402546779
-0.027144973884091525 -0.014096765426878013 0.061878114201273392
-0.027144973884091525 -0.014096765426878013 0.056253114201273394
-0.023411973884091525 -0.019683765426878008 0.061878114201273392
-0.021841973884091523 -0.011900265426878012 0.056256414915245689
-0.019352973884091525 -0.015624765426878013 0.056260194327881999
-0.021841973884091523 -0.011900265426878012 0.050628114201273382
-0.023411973884091525 -0.019683765426878008 0.056253114201273394
-0.019352973884091525 -0.015624765426878013 0.050628114201273382
-0.021841973884091523 -0.011900265426878012 0.061878114201273392
-0.023411973884091525 -0.019683765426878008 0.050628114201273382
-0.027144973884091525 -0.014096765426878013 0.050628114201273382
-0.023470905021687884 0.018732415360567804 0.058611345088575947
-0.024089888320388761 0.01935139865926868 0.056300803633320295
-0.019226209368194296 0.016497014943321123 0.058328949612880571
-0.0232861969930762 0.015818512907082943 0.058278145979560277
-0.018607226069493422 0.01587803164462025 0.060639491068136223
-0.024809914396748723 0.020071424735628639 0.058982429744379249
-0.021340212274318652 0.016735950402350791 0.064236345088575952
-0.026019183197901426 0.016676431664813487 0.061875000000000006
-0.022679221649379491 0.018074959777411633 0.064607429744379261
-0.024785985541676769 0.020114772732945325 0.050878452570119415
-0.023440161113738998 0.018768948305007561 0.051380654116831057
-0.025906108692640106 0.017068171506152918 0.047927701275111437
-0.021250287528483295 0.017083563150727551 0.048452952841719625
-0.022596111956421062 0.018429387578665319 0.04795075129500799
-0.022858259593256984 0.01127240837410062 0.059924815417408801
-0.02240691950618507 0.011947786499572436 0.058229662421137765
-0.019302761766920608 0.016382463151816039 0.056337488510271296
-0.024785270460608605 0.020108308119291877 0.064607429744379247
-0.021606844332778881 0.013146669823394116 0.06559829897583129
-0.019976117553692201 0.015809393175936454 0.047529472747068389
-0.021519823229383141 0.013499416563196032 0.04694782428374987
-0.027243651624692108 0.014842500234221206 0.053504217716688923
-0.022483471904911383 0.011833234708067353 0.056238201318528497
-0.022380392175516604 0.011987481575134792 0.054222467461019982
-0.024812932375364197 0.020074442714244117 0.053575751295007981
-0.018576901664563494 0.015913929645921147 0.052098903861162123
-0.027270598458379529 0.014802170215519992 0.05620151644157749
-0.021042849243464602 0.014213152847066503 0.048645951019442496
-0.023737537080148117 0.015143134781611126 0.059973298975831299
-0.019058566156565336 0.015202653519148433 0.062334644064407245
-0.023467107947426423 0.018728618286306346 0.054077952841719616
-0.01957256383127377 0.015716651193856866 0.06559829897583129
-0.023362749391802509 0.015703961115577859 0.056286684876951001
-0.02325966966240773 0.015858207982645298 0.054270951019442494
-0.023232722828720305 0.015898538001346513 0.051573652294553927
-0.019199682037525832 0.016536710018883481 0.054321754652762795
-0.025572599107512785 0.012396686470095878 0.06559829897583129
-0.022465117553692203 0.012084893175936456 0.04872967310986908
-0.024654991138947903 0.013770278330216464 0.051657374384980512
-0.013162159534280016 0.021596492905637761 0.069123683365060085
-0.013954340533781027 0.021067096071765289 0.070666248400391582
-0.014361231411087512 0.020795180004208345 0.06892611354525123
-0.016734350607102839 0.02133849013828041 0.070746458091425213
-0.016008577767100997 0.018517193773907689 0.073912706491816763
-0.016415468644407481 0.018245277706350743 0.072172571636676411
-0.01470602403804077 0.02071410063791464 0.088490137506178901
-0.014301723676166736 0.020984285521980808 0.086684795007387322
-0.013506304532375162 0.021515846335216741 0.088311386040577422
-0.012846836276973169 0.02523898208932028 0.072666357485263858
-0.012121063436971323 0.02241768572494756 0.075832605885655421
-0.014901073510293137 0.022689079791462681 0.075912815576689052
-0.011873745744717078 0.022582962603997319 0.078209400751335839
-0.015761260074846749 0.018682470652957445 0.07628950135749718
-0.016007603939658402 0.018521622070119117 0.08326063551922408
-0.017087236210627077 0.021255779925980441 0.086575840511836782
-0.016411904301532436 0.018251437186052936 0.085065978018015659
-0.012126413629870323 0.022440584487883174 0.083827130649509363
-0.011330994486078747 0.022972145301119108 0.085453721682699421
-0.013206045900838998 0.025174742343744505 0.087142335642122037
-0.016382343020605806 0.019303553598716491 0.078612557921397347
-0.016931139447957065 0.018760948509900323 0.068926113545251216
-0.015763524391694719 0.018684734969805408 0.08086888377790874
-0.011882334081906641 0.022603697387569472 0.081435378908194023
-0.018867051803314352 0.023378155531519208 0.076371458091425204
-0.02020748498509152 0.024718588713296373 0.076013194549350113
-0.019488134749073405 0.023999238477278261 0.07869451465532537
-0.020135868352499656 0.024774597456528925 0.0841261584186489
-0.01708692909972527 0.0258942019191079 0.087072087385216462
-0.0184302951999098 0.022598838915263163 0.087054071033432434
-0.018792809363216936 0.023431538467246198 0.08364792789705322
-0.018074783788880007 0.022678923320057571 0.070388194549350122
-0.016947497093153702 0.018787029977674209 0.088490137506178901
-0.02010805888598256 0.024785021079140965 0.070388194549350108
-0.01497953747318468 0.027278647482559079 0.078291357485263863
-0.011733556686891435 0.022551196218069003 0.071281850444506634
-0.020212375109445041 0.024723478837649897 0.081429071033432429
-0.014911619053428858 0.027350500885010263 0.084214423027338489
-0.015839724037738295 0.023272038344053843 0.078668043266071991
-0.018869316120162322 0.023380419848367171 0.080950840511836764
-0.015763217280792913 0.023323156962932873 0.081365130651288461
-0.014903030716239296 0.027329766101438103 0.080988444870480319
-0.016007296828756595 0.023160044063246569 0.083756882392603774
-0.01599825756098041 0.026520833486734008 0.071933634587861742
-0.017372460564484195 0.0273107107205194 0.069716817293930866
-0.014589128780490204 0.029170416743367004 0.075341817293930857
-0.014589128780490204 0.029170416743367004 0.069716817293930866
-0.013505908370571936 0.02655520261461828 0.074883174779194719
-0.017471886663593152 0.027244278354674807 0.075341817293930857
-0.015339185467381642 0.025204612961436008 0.06971681729393088
-0.018733855882478771 0.02399514384535557 0.07260501184328097
-0.017393422700701607 0.022654710663578409 0.072963275385356061
-0.016035585759659732 0.025355585759659727 0.1111486048151043
-0.015800527443491811 0.018741798177149851 0.10769966725560932
-0.012944941683832084 0.025206212417490124 0.1090466833497752
-0.013365872789762649 0.024924913579347768 0.11133581983641092
-0.016221458549422377 0.018460499339007501 0.10998880374224508
-0.016031745014297282 0.025351745014297281 0.11332159896698592
-0.012915878739193773 0.025225634532996841 0.11534648486926394
-0.015767623753491049 0.018757379547294121 0.11617246292697972
-0.016144003144690364 0.018505853623090839 0.11391778446069524
-0.013292258130393086 0.024974108608793563 0.11309180640297949
-0.013154945835809896 0.025065871342373248 0.12344620612649798
-0.016290466392610507 0.025610466392610505 0.12365726219586556
-0.016265412228420401 0.018856337734983759 0.12373630697347417
-0.016018055559772485 0.019021640661085162 0.12620799841681918
-0.012907589167161979 0.025231174268474651 0.12591789756984301
-0.01653183196305253 0.025851831963052529 0.1208867760254012
-0.016506777798862424 0.019097703305425782 0.1209658208030098
-0.012915878739193767 0.025225634532996841 0.12078225508907356
-0.016267710702246301 0.019257466496049369 0.11830186976558538
-0.016476880182000008 0.025796880182000007 0.10830840958486283
-0.01624182186583209 0.019183092599490126 0.10485947202536786
-0.01653183196305253 0.025851831963052529 0.1154510058055916
-0.016691884325776583 0.026011884325776585 0.12657204007010475
-0.016419473492938562 0.019423058594251232 0.12912277629105839
-0.016788983555365962 0.019770567167729083 0.097408908258449597
-0.014021455286797536 0.021171582614514024 0.094042264231716244
-0.018148884215703837 0.022317427931057201 0.093366644026733406
-0.01704820624213613 0.026368206242136129 0.099183127742052082
-0.014280677973567708 0.027769221688921073 0.095816483715318715
-0.012920777313229832 0.025222360925592959 0.099858747947034907
-0.01621765749522984 0.019199241107592961 0.101102863361944
-0.016476880182000008 0.025796880182000007 0.10287708284554647
-0.012944941683832084 0.025206212417490124 0.1036153566104588
-0.016217617804059926 0.018456658593645047 0.1121617978941267
-0.015808677973567706 0.019977221688921069 0.093750660763978103
-0.014495384325776579 0.020708884325776583 0.13238845939566007
-0.016570500000000002 -0.022783999999999999 0.084375000000000006
-0.016570500000000002 -0.022783999999999999 0.078726621753068576
-0.016570500000000002 -0.022783999999999999 0.073101621753068571
-0.016570500000000002 -0.022783999999999999 0.12937499999999996
-0.016570500000000002 -0.022783999999999999 0.095624999999999988
-0.016570500000000002 -0.022783999999999999 0.12213572924571026
-0.016570500000000002 -0.022783999999999999 0.11651072924571024
-0.014708000000000001 -0.024028000000000001 0.1091756188217184
-0.014966456644626574 -0.022506448082673089 0.10382815708818174
-0.011876728322313288 -0.021860224041336543 0.096914078544090884
-0.019660228322313289 -0.023430224041336545 0.10253907854409086
-0.015601228322313287 -0.019371224041336545 0.096914078544090884
-0.011876728322313288 -0.021860224041336543 0.10454073159568632
-0.015601228322313287 -0.019371224041336545 0.10483969736580928
-0.014073228322313287 -0.027163224041336545 0.10253907854409086
-0.019660228322313289 -0.023430224041336545 0.10816407854409084
-0.014073228322313287 -0.027163224041336545 0.10816407854409084
-0.013321169125700666 0.024954788037624125 0.021839021239568199
-0.013288637354450298 0.024976528292327351 0.023588077439730508
-0.016098983210018156 0.025418983210018158 0.023668171069826983
-0.016207620564468454 0.018575511502345508 0.024751869164672678
-0.016240152335718822 0.018553771247642285 0.023002812964510365
-0.012917708274053022 0.025224411895793272 0.019635995767096903
-0.016078131192393229 0.025398131192393231 0.021693756564297211
-0.016219300318093894 0.018532919230017358 0.021028398458980597
-0.015815839466446248 0.018802543088186501 0.018825372986509301
-0.013156694227352404 0.025064702931432377 0.011540411306744568
-0.012907938845470484 0.025230940586286481 0.0090768999707897674
-0.016019495302688674 0.019022497043504671 0.008780443280741717
-0.016291556457218193 0.025611556457218194 0.01133638177668022
-0.016268250684570593 0.018856259388650567 0.011243954616696515
-0.016537282286090967 0.025857282286090969 0.014099770206730746
-0.016513976513443367 0.019101985217523341 0.014007343046747042
-0.012917708274053023 0.025224411895793272 0.014200225328018632
-0.01627499056014399 0.01926169418188424 0.016667157068021105
-0.016537282286090967 0.025857282286090969 0.019535540645809021
-0.016419934402329479 0.01942293614314548 0.0058693967124287
-0.016691995556859001 0.026011995556858999 0.0084253352083672028
-0.012905766659422209 0.025232392209611529 0.025972468415910357
-0.016991172190316116 0.026311172190316121 0.036188345374633897
-0.016340907919379283 0.025660907919379281 0.033701935013068597
-0.012920174411353184 0.025222763831424872 0.035137837279828874
-0.016081082330732466 0.019063671750804152 0.035472739537653127
-0.016731346601669302 0.019713936021740989 0.037959149899218426
-0.016256134066002494 0.019262759616191817 0.029236790801877952
-0.012905766659422209 0.025232392209611529 0.031403795121090115
-0.016530367406580287 0.025850367406580289 0.03120002843603218
-0.016066674578801489 0.019073300128990809 0.031738697378914368
-0.014280868799326147 0.027768397213229209 0.039183516377622171
-0.014021043210679335 0.021171161044654087 0.040954320902206701
-0.018092040989642268 0.022259569403545329 0.042004828997011731
-0.016530367406580287 0.025850367406580289 0.025768701730852415
-0.015808868799326151 0.019976397213229208 0.041260326899733128
-0.014495495556859 0.020708995556859001 0.0026089159750030681
-0.015824749869440363 0.01883137541962969 0.027136260140852519
-0.016570500000000002 -0.022783999999999999 0.039375000000000014
-0.016570500000000002 -0.022783999999999999 0.0056250000000000154
-0.016570500000000002 -0.022783999999999999 0.031938022546200817
-0.013371249372943707 -0.020800689016490088 0.025878621667787247
-0.017430249372943709 -0.024859689016490088 0.022449138642108318
-0.016570500000000002 -0.022783999999999999 0.018556787560091367
-0.017430249372943709 -0.024859689016490088 0.028074138642108316
-0.016570500000000002 -0.022783999999999999 0.012931787560091354
-0.016570500000000002 -0.022783999999999999 0.061875846132942565
-0.016570500000000002 -0.022783999999999999 0.050625000000000003
-0.016570500000000002 -0.022783999999999999 0.056250846132942567
-0.013954370488763777 0.021067076053520675 0.064316452007798425
-0.013162165525276569 0.021596488901988835 0.065871079679499692
-0.014361238600283372 0.020795175199829635 0.06606582504180844
-0.016417148962444492 0.018246946030813185 0.062802170130384374
-0.016010280850924895 0.018518846884504225 0.061052797096374366
-0.016736023735943992 0.02134016326712156 0.064236345088575952
-0.013507225704724957 0.0215145337852422 0.046683680348054805
-0.014706873973030396 0.02071283569427369 0.046502340097904042
-0.014302306634705327 0.020983198992727461 0.048298547394396985
-0.012121093394673014 0.022417665713267275 0.059150094526810415
-0.01490274664185323 0.02269075292686816 0.059069987607587936
-0.01284683627969211 0.025238982095884609 0.062333642519012002
-0.011873925477332506 0.022582842501093967 0.056776691184011442
-0.015763112933584386 0.018684023672330921 0.058679393753575393
-0.017083038774117248 0.021250567188020316 0.048452952841719618
-0.016408175148495345 0.018246608455835568 0.049955292939623655
-0.016003607810170274 0.018516971754289343 0.051751500236116611
-0.011331724836942725 0.022971657237151791 0.049541344702216682
-0.013206236730870066 0.025173917878368018 0.047857664354161882
-0.012126805766923095 0.022440322444637048 0.051156211748558847
-0.016382096232285259 0.019303006971031798 0.056368852298319741
-0.016931146637152922 0.018760943705521612 0.066065825041808426
-0.011882513816075748 0.022603577288417168 0.053550713019161318
-0.015759315859322928 0.018680226598069463 0.054146001506719062
-0.01948770829356852 0.0239988119171596 0.056300803633320295
-0.018868724994867643 0.023379828618458727 0.058611345088575947
-0.020207734369928482 0.024718837993519569 0.058982429744379249
-0.020134245537845305 0.024772974626929747 0.050878663910202765
-0.018788421109907538 0.02342715019899198 0.051380865456914407
-0.017087119934442591 0.025893377437430091 0.047927912615194794
-0.018428863202055008 0.02259639161595808 0.047950751295007983
-0.016944856864804035 0.018783290172144255 0.046502340097904042
-0.018075033111004831 0.022679172642182398 0.064607429744379261
-0.020108308208107384 0.024785270401265793 0.064607429744379247
-0.014979537538615764 0.027278647447221777 0.05670864251901199
-0.011733556686891435 0.022551196218069003 0.063718149628827991
-0.014911619066660355 0.027350500889339685 0.050785576969356656
-0.020210752348543956 0.024721855972135037 0.053575751295007981
-0.015839903830346919 0.023271918192684531 0.056318048664999454
-0.018864927920606185 0.023376031544197269 0.054077952841719616
-0.015763397019648271 0.023323036847479245 0.053620961280194238
-0.014903030727917117 0.027329766102016487 0.054011555134206767
-0.01600768897049562 0.023159782003699128 0.051226460009591766
-0.015998257593440934 0.026520833466941555 0.063066365454755732
-0.017372460580714455 0.027310710710623173 0.065283182727377875
-0.014589128796720467 0.029170416733470775 0.065283182727377875
-0.014589128796720467 0.029170416733470775 0.05965818272737787
-0.013505908389521142 0.026555202611286383 0.060116825246389845
-0.015339185483611902 0.025204612951539786 0.065283182727377875
-0.017471886742535556 0.027244278302876949 0.05965818272737787
-0.018734105220833856 0.023995393157584168 0.062390612471757118
-0.01739509584577302 0.022656383782523333 0.062019527815953809
-0.015732235909740683 -0.011271965090537413 0.073026593570275369
-0.019094735909740684 -0.0031539650905374108 0.073125000000000009
-0.013354735909740683 -0.0031539650905374108 0.073164024475095013
-0.019094735909740684 -0.0031539650905374108 0.084375000000000033
-0.013354735909740683 -0.0031539650905374108 0.084414024475095023
-0.011673235909740684 -0.0072129650905374109 0.073047440682021764
-0.016347500000000001 -0.0043934999999999998 0.078768061692229899
-0.018221235909740684 -0.0075474650905374098 0.07310403721713489
-0.018221235909740684 -0.0075474650905374098 0.084354037217134886
-0.014666 -0.0084524999999999999 0.078651477899156649
-0.011673235909740684 -0.0072129650905374109 0.084297440682021774
-0.015732235909740683 -0.011271965090537413 0.097925618821718421
-0.018221235909740684 -0.0075474650905374098 0.097467022619323482
-0.014666 -0.0084524999999999999 0.10617231015080079
-0.011673235909740684 -0.0072129650905374109 0.098705287531477282
-0.016347500000000001 -0.0043934999999999998 0.1056111226543707
-0.013354735909740683 -0.0031539650905374108 0.098144100035047213
-0.011673235909740684 -0.0072129650905374109 0.12879209557153781
-0.019094735909740684 -0.0031539650905374108 0.095460937595321274
-0.018221235909740684 -0.0075474650905374098 0.12770876808794457
-0.019094735909740684 -0.0031539650905374112 0.12952871681466152
-0.013354735909740683 -0.0031539650905374112 0.1277445465131519
-0.016347500000000001 -0.0043934999999999998 0.12045331460109648
-0.014666 -0.0084524999999999999 0.12150086365948236
-0.015732235909740683 -0.011271965090537413 0.12780147501301958
-0.014666 -0.0084524999999999999 0.11391405561942186
-0.016347500000000001 -0.0043934999999999998 0.11335286812299177
-0.01739201396897843 0.01117851396897843 0.11305776693257158
-0.016097559930449278 0.013115514397464504 0.11616876121133037
-0.01582908583672285 0.013517254759892822 0.11395056199908954
-0.016901980335247042 0.010688480335247044 0.11518554799194268
-0.015607526296717892 0.012625480763733118 0.11829654227070144
-0.014666 0.0084524999999999999 0.11231516299878556
-0.015088986919023524 0.012111186218395398 0.096058414635276035
-0.016948330151902561 0.0092836294512744395 0.093008123985285157
-0.013415625932642221 0.0087287259326422166 0.093050290649990847
-0.016385141349881591 0.010171641349881588 0.099093964110367042
-0.018244484582760633 0.0073440845827606269 0.096043673460376192
-0.016741132251739736 0.010527632251739735 0.12599746697376987
-0.014666 0.0084524999999999999 0.12259095151736921
-0.01714269606704941 0.010929196067049408 0.1230816146067801
-0.017313534390126027 0.011100034390126023 0.11112737723635238
-0.016347500000000001 0.0043934999999999998 0.11622852493337264
-0.012035480335247045 0.006294980335247044 0.11944611608487384
-0.011673235909740684 0.0072129650905374109 0.12898067520839923
-0.01374836816148042 0.0092880973422771462 0.1323871906647999
-0.01151864134988159 0.0057781413498815878 0.093050290649990847
-0.016347500000000001 0.0043934999999999998 0.10418777349542339
-0.019117984582760629 0.0029505845827606288 0.09546093759532126
-0.016901980335247042 0.010688480335247044 0.12031184588069192
-0.019094735909740684 0.0031539650905374112 0.12952871681466152
-0.016347500000000001 0.0043934999999999998 0.10912807845526792
-0.015611268482945076 0.012633467782316957 0.093008123985285185
-0.016935332686505732 0.0094716702150607537 0.13175009788318126
-0.015455229028504779 0.012451837376263077 0.12913728854798118
-0.016347500000000001 0.0043934999999999998 0.12135482282212189
-0.015691179950874629 0.013101221689666112 0.12374612346097308
-0.015458511681314464 0.012996508178173856 0.10064080857792829
-0.012037207721122434 0.0062967077211224321 0.1061397412151763
-0.015771347767377271 0.013407737916211896 0.11030073810592324
-0.015612346949670734 0.012622579433967695 0.10592298197557699
-0.015289616135564956 0.012699657874356439 0.12666197582796285
-0.01536152109837368 0.012997911247208309 0.1081529804699207
-0.016903707721122433 0.010690207721122433 0.10897961960034984
-0.014882369195591253 0.012420365692450639 0.098296576352062529
-0.016961283835604801 0.010747783835604799 0.10143819633623284
-0.015849827346229677 0.013486217495064304 0.11223112780214242
-0.012094783835604802 0.0063542838356048011 0.10353862291090382
-0.016903707721122433 0.010690207721122433 0.10403931464050532
-0.015848242028520258 0.012866196495535482 0.12106631099678963
-0.015400935566832094 0.012938932063691486 0.10324192688220078
-0.018221235909740684 0.0075474650905374098 0.12861027630896996
-0.013354735909740683 0.0031539650905374112 0.1277445465131519
-0.01566137531088074 0.0043740753108807385 0.097566333913578482
-0.013571187655440372 0.0021870376554403693 0.10192726699183643
-0.019311187655440369 0.0021870376554403693 0.099244104552110524
-0.013571187655440372 0.0021870376554403693 0.093783166956789246
-0.015468172238200999 0.0051376222382009994 0.093783166956789246
-0.013608829005321959 0.0079651790053219575 0.096833457606780082
-0.018437687655440366 0.0065805376554403695 0.099826840417165441
-0.01188968765544037 0.0062460376554403698 0.099889436566908796
-0.014184971491045173 0.0085413214910451691 0.099177689832645868
-0.016933615374277174 0.0093056484104008935 0.088202797368160543
-0.016262542993833472 0.013321476029957192 0.086491851718683371
-0.015051364354716702 0.012110297390840422 0.085466607899223362
-0.013392718145960785 0.008705818145960784 0.087263810531062747
-0.014840634629209488 0.012425629999378636 0.083542555077515193
-0.016362233563200157 0.010148733563200157 0.083359884755163843
-0.011977873729584617 0.0062373737295846141 0.07873950141804241
-0.011495733563200154 0.0057552335632001551 0.081677835006157787
-0.011244543372218283 0.0055040433722182841 0.076062909149652649
-0.013649707299791676 0.0035349827967045798 0.073164024475095013
-0.018516207299791681 0.0079284827967045796 0.071167572772049797
-0.016347500000000001 0.0043934999999999998 0.076831597247144834
-0.016111043372218286 0.0098975433722182857 0.074066457446607434
-0.01341325067200996 0.0090390261689228656 0.070398884674557627
-0.015982991629146286 0.012136774725462212 0.069366453784563589
-0.016499281895301591 0.012653064991617516 0.072614581648788243
-0.013377984582760629 0.0029505845827606288 0.084414024475095023
-0.016347500000000001 0.0043934999999999998 0.080510098699196092
-0.018244484582760633 0.0073440845827606269 0.086096074224101038
-0.016042364065686272 0.013627359435855416 0.082803014167611766
-0.01624483753820706 0.013324381352929073 0.08079013198683288
-0.011495733563200154 0.0057552335632001551 0.087263810531062774
-0.015525248268114735 0.012604792082836748 0.078591339308620944
-0.015596553705319692 0.012655486741443407 0.088202797368160571
-0.016024638341976177 0.013363314053232826 0.074244505774106545
-0.01612844123736118 0.01320798505208319 0.076263990229898188
-0.01938970729979168 0.0035349827967045798 0.073125000000000009
-0.017567922496262208 0.0093474810894910408 0.069366453784563575
-0.015043108101730276 0.012122651916452287 0.081529672896736322
-0.014791917910748404 0.011871461725470418 0.075914747040231184
-0.017447566698831057 0.011234066698831056 0.074415700636274451
-0.016051813268326259 0.013636808638495406 0.084567798896975216
-0.01502837453853012 0.0063674183532521338 0.07867988684076857
-0.014749773998622734 0.010375549495535638 0.07074812786422463
-0.011673235909740684 -0.0072129650905374109 0.036423672271962797
-0.015732235909740683 -0.011271965090537413 0.037179483025678958
-0.018221235909740684 -0.0075474650905374098 0.037403602418271731
-0.014666 -0.0084524999999999999 0.028827274690234529
-0.013354735909740683 -0.0031539650905374108 0.036855899873546975
-0.016347500000000001 -0.0043934999999999998 0.029259502291818704
-0.011673235909740684 -0.0072129650905374109 0.0062583075608064163
-0.019094735909740684 -0.0031539650905374112 0.0054571282784167206
-0.019094735909740684 -0.0031539650905374108 0.039459667962877941
-0.013354735909740683 -0.0031539650905374112 0.0072554535852751628
-0.018221235909740684 -0.0075474650905374098 0.007253718967517842
-0.016347500000000001 -0.0043934999999999998 0.014509172552793008
-0.014666 -0.0084524999999999999 0.013512026528324259
-0.015732235909740683 -0.011271965090537413 0.0072497821354858098
-0.014666 -0.0084524999999999999 0.021177391239480647
-0.016347500000000001 -0.0043934999999999998 0.021609618841064816
-0.015732235909740683 -0.011271965090537413 0.061882080126608605
-0.011673235909740684 -0.0072129650905374109 0.061881326689629326
-0.013354735909740683 -0.0031539650905374108 0.050697792196056871
-0.019094735909740684 -0.0031539650905374108 0.050624999990461127
-0.013354735909740683 -0.0031539650905374108 0.061947792196056874
-0.018221235909740684 -0.0075474650905374098 0.050628300713972299
-0.016347500000000001 -0.0043934999999999998 0.056326092910029171
-0.014666 -0.0084524999999999999 0.056259627403601631
-0.018221235909740684 -0.0075474650905374098 0.061878300713972295
-0.011673235909740684 -0.0072129650905374109 0.050631326689629337
-0.016907166276008682 0.01069366627600868 0.025727761194307461
-0.01534565307008472 0.01303028979367192 0.0268122330070827
-0.015754456800767647 0.01343909352435485 0.024663001176391516
-0.017315970006691613 0.011102470006691609 0.023578529363616277
-0.017402059966931789 0.011188559966931789 0.021640805610428908
-0.015858657094225945 0.013498083470102912 0.020978599480667992
-0.016107596704031415 0.013125574198620199 0.018714499400563162
-0.015621003119094716 0.012618260361153752 0.029168144580768149
-0.016935229944504911 0.0094718239565561527 0.0032106738599097795
-0.018221235909740684 0.0075474650905374098 0.0062583943032440041
-0.013748313050855944 0.0092880422316526691 0.002606949702089661
-0.016741077141115258 0.010527577141115256 0.0088653440053336648
-0.015455071175879484 0.012451936007134 0.005817623561999441
-0.01710504884931972 0.01089154884931972 0.034027449356749062
-0.016233397815836836 0.010019897815836835 0.036281188546802137
-0.014938969974981868 0.011956859042540062 0.038394463393321698
-0.015810621008464754 0.012828510076022946 0.036140724203268637
-0.014666 0.0084524999999999999 0.032732380147458551
-0.018514621806656958 0.0079226798066255218 0.038838649926645485
-0.013534019622493792 0.0091555776224623558 0.042442538620156629
-0.011966621806656957 0.0075881798066255229 0.038893730220813043
-0.014666 0.0084524999999999999 0.022415921999454917
-0.016899279914647632 0.010685779914647631 0.01951501361765056
-0.017220193965801989 0.0098596410333287483 0.040951924773165053
-0.015604816651747256 0.012622794146336044 0.016588707407784814
-0.011673235909740684 0.0072129650905374109 0.0060193248604247284
-0.014666 0.0084524999999999999 0.012277719163668733
-0.017142155982929529 0.010928655982929523 0.011772571268041147
-0.016347500000000001 0.0043934999999999998 0.018502560226121383
-0.012032779914647632 0.0062922799146476324 0.015523360562079506
-0.014840636503670197 0.010462194503638762 0.042778332989998655
-0.016245586856158272 0.013263475923716465 0.038730257763163731
-0.013648121806656956 0.0035291798066255228 0.036855899873546968
-0.016187118717045337 0.013350966716856733 0.042778332989998662
-0.016347500000000001 0.0043934999999999998 0.013513847888519169
-0.013354735909740683 0.0031539650905374112 0.0072554535852751628
-0.019388121806656961 0.0035291798066255228 0.039459667962877941
-0.019094735909740684 0.0031539650905374112 0.0054571282784167206
-0.016899279914647632 0.010685779914647631 0.014526301280048348
-0.016347500000000001 0.0043934999999999998 0.025603006514393199
-0.015818885692405752 0.012816142934464793 0.03237628945741048
-0.016347500000000001 0.0043934999999999998 0.03069454980019248
-0.015690126156750656 0.013101450313023226 0.011187209238967669
-0.01204066627600868 0.0063001662760086806 0.028836554427008221
-0.015289047314936386 0.012700371471208956 0.008279981976260186
-0.01584054676100783 0.013525183484595029 0.022725277423204147
-0.015847692720029151 0.012865670214617941 0.013834977395777616
-0.013379836843086032 0.010377094085145071 0.031081220248119958
-0.015061336843086031 0.0063180940851450713 0.029043389900853887
-0.01541299216671891 0.011559309878287549 0.04971168802847796
-0.016645919588262181 0.012792237299830818 0.048666780141982335
-0.016582215951649784 0.01272853366321842 0.050448830335543995
-0.015419609354517009 0.0115636967171001 0.062923594099532631
-0.014968269267445091 0.012239074842571918 0.061228441103261602
-0.016364010247004224 0.010150510247004224 0.060980706886712366
-0.011981566692736482 0.006241066692736481 0.056390516759788963
-0.01149178649102797 0.0057512864910279696 0.053461655940784975
-0.016347500000000001 0.0043934999999999998 0.054427465305925946
-0.016358286491027971 0.010144786491027971 0.05149353685459717
-0.016848066692736481 0.010634566692736481 0.054422397673601158
-0.011497510247004223 0.0057570102470042243 0.059273087319758201
-0.013658908297684926 0.0092804662976534915 0.047763863744728088
-0.014891835719228195 0.010513393719196764 0.046718955858232471
-0.017569327482347897 0.0093372031938851012 0.046947824283749856
-0.0136662175467959 0.0092919930437088023 0.064825295123701318
-0.014927773356427997 0.010553548853340901 0.065846891801573298
-0.016681165164149102 0.012825252526732197 0.063945190777404598
-0.017571806407304456 0.0093416692668004554 0.06559829897583129
-0.018516207299791681 0.0079284827967045796 0.063655411763011038
-0.018514621806656958 0.0079226798066255218 0.048729673109869066
-0.013648121806656956 0.0035291798066255228 0.050697792196056871
-0.013649707299791676 0.0035349827967045798 0.061947792196056874
-0.016347500000000001 0.0043934999999999998 0.058103203959067921
-0.016116020016892826 0.013386825592019654 0.060535741026546096
-0.016192572415619139 0.013272273800514567 0.058544279923936821
-0.016208321695126024 0.013288023080021454 0.054162690928745129
-0.016105241965731244 0.013442269947088897 0.052146957071236621
-0.015528878111903659 0.01260857949679909 0.056354409440683095
-0.016262533422710626 0.013451686404188043 0.065846891801573298
-0.011497510247004223 0.0057570102470042243 0.064825295123701332
-0.019388121806656961 0.0035291798066255228 0.05062499999046112
-0.016238317932603337 0.013402165932414733 0.046718955858232478
-0.016229825077077188 0.013500630652204013 0.062250037781133569
-0.015044821666171404 0.012124523051066831 0.059236980000652334
-0.017527510275958846 0.011314010275958844 0.052230679161663199
-0.016364010247004224 0.010150510247004224 0.057304968233570397
-0.011271965090537413 -0.015732235909740683 0.073026593570275369
-0.0031539650905374121 -0.013354735909740683 0.073164024475095013
-0.0031539650905374121 -0.019094735909740684 0.073125000000000009
-0.0031539650905374121 -0.013354735909740683 0.084414024475095023
-0.0031539650905374121 -0.019094735909740684 0.084375000000000006
-0.0072129650905374126 -0.011673235909740684 0.073047440682021764
-0.0075474650905374115 -0.018221235909740684 0.073101621753068571
-0.0043934999999999998 -0.016347500000000001 0.07876564622816358
-0.0075474650905374115 -0.018221235909740684 0.084351621753068554
-0.0084524999999999999 -0.014666 0.078649062435090331
-0.0072129650905374126 -0.011673235909740684 0.084297440682021746
-0.0075474650905374115 -0.018221235909740684 0.097626653051595444
-0.011271965090537413 -0.015732235909740683 0.097925618821718421
-0.0084524999999999999 -0.014666 0.10633194058307276
-0.0072129650905374126 -0.011673235909740684 0.098705287531477282
-0.0043934999999999998 -0.016347500000000001 0.10580862870929506
-0.0031539650905374121 -0.013354735909740683 0.098181975657699552
-0.0072129650905374109 -0.011673235909740684 0.12879209557153781
-0.0031539650905374121 -0.019094735909740684 0.095559154974339713
-0.0031539650905374121 -0.01909473590974068 0.12952540650150784
-0.0075474650905374115 -0.018221235909740681 0.12776072924571028
-0.0031539650905374121 -0.013354735909740682 0.1277630582192909
-0.0043934999999999998 -0.016347500000000001 0.12052378746500118
-0.0084524999999999999 -0.014666 0.12155282481724808
-0.011271965090537413 -0.015732235909740683 0.12780147501301958
-0.0084524999999999999 -0.014666 0.11396601677718758
-0.0043934999999999998 -0.016347500000000001 0.11344270490340988
-0.013577457904915956 0.016091476035376671 0.084973849357910095
-0.012366279265799186 0.014880297396259901 0.083948605538450086
-0.011570860122007613 0.015411858209495827 0.085575196571640172
-0.01278203876112438 0.016623036848612601 0.086600440391100181
-0.010630873729584614 0.016844373729584614 0.07685732738745403
-0.01260433988421996 0.015525550462330652 0.078618520209019382
-0.010148733563200157 0.016362233563200157 0.08340869248509758
-0.013568008702275968 0.016082026832736681 0.083209064628546631
-0.01345485054572065 0.015963466552527339 0.073914376264616208
-0.013861741423027134 0.015691550484970396 0.072174241409475856
-0.01266266954621964 0.016492863386399811 0.07237181122928471
-0.01398175826678999 0.015821291151310493 0.086779191856701673
-0.0057552335632001551 0.011495733563200154 0.081655027262844432
-0.0062373737295846141 0.011977873729584617 0.078716693674729055
-0.0043934999999999998 0.016347500000000001 0.08053609868581646
-0.013380470263275761 0.016223118467929346 0.088289054350522783
-0.013345451156871828 0.015175260218815089 0.068926113545251216
-0.012146379280064332 0.015976573120244503 0.069123683365060085
-0.011234066698831056 0.017447566698831057 0.07452997830873126
-0.0098975433722182839 0.016111043372218282 0.074180735119064256
-0.0092830637256604825 0.013662588426436082 0.087263810531062774
-0.0079213301624603289 0.018514354863235927 0.086144881954034802
-0.0093434567212677833 0.017563979509531601 0.088311386040577394
-0.005504043372218285 0.011244543372218283 0.07604010140633928
-0.0043934999999999998 0.016347500000000001 0.076923067176288273
-0.010494242364777254 0.014873767065552854 0.088289054350522783
-0.0035278301624603286 0.013647854863235928 0.084391216731781626
-0.0079285438932296601 0.018516166470351238 0.07128185044450662
-0.0090390872654479443 0.013413209842569518 0.070398884674557627
-0.011326146219606866 0.015156340059787035 0.072022568039617721
-0.0093571467406182406 0.017561463157919989 0.069123683365060085
-0.0035350438932296598 0.013649666470351237 0.07314121673178163
-0.013323929154312283 0.016245139732422975 0.080817312887231291
-0.0057552335632001551 0.011495733563200154 0.087263810531062774
-0.0035350438932296598 0.019389666470351237 0.073125000000000009
-0.013207532853466404 0.016128743431577094 0.076291171130296626
-0.012122199717835505 0.015043410295946191 0.081556853797134746
-0.010148733563200157 0.016362233563200157 0.079795660975569394
-0.013487272099371516 0.015849122577771994 0.11391778446069524
-0.0131108927081722 0.016100648501975266 0.11617246292697972
-0.011178513968978432 0.01739201396897843 0.113146722454273
-0.010688480335247044 0.016901980335247042 0.11527450351364409
-0.012620859074440813 0.01561061486824388 0.11830024398635081
-0.013482407179888672 0.015721447969473796 0.1102314081979075
-0.011100034390126023 0.017313534390126024 0.1112163327580538
-0.010690207721122433 0.016903707721122433 0.10906857512205125
-0.013072580510885079 0.015311621300470203 0.10808365056190496
-0.0084524999999999999 0.014666 0.11240411852048696
-0.012651649404954514 0.015592920138612555 0.1057945140752692
-0.013100641902859304 0.015691567409422659 0.12373396374986342
-0.012853285234211387 0.015856870335524062 0.12620565519320845
-0.01092919606704941 0.017142696067049407 0.12301486937897492
-0.012108918663111423 0.015090502275474539 0.097092554881707052
-0.0093059715123419186 0.013685496213117517 0.093050290649990847
-0.0098586074756901593 0.017219715788828881 0.094042264231716188
-0.0079213301624603289 0.018514354863235927 0.096146973220077883
-0.010171641349881593 0.016385141349881588 0.099197263870068733
-0.012685061148834637 0.015666644761197755 0.099436787107572852
-0.010747783835604804 0.016961283835604801 0.10154149609593452
-0.0084524999999999999 0.014666 0.10225324283019745
-0.006294980335247044 0.012035480335247045 0.11941745133170616
-0.0043934999999999998 0.016347500000000001 0.11628881570190636
-0.0092880973422771462 0.01374836816148042 0.1323871906647999
-0.0072129650905374109 0.011673235909740684 0.12898067520839923
-0.0075474650905374098 0.018221235909740684 0.12854353108116481
-0.0084524999999999999 0.014666 0.12252420628956404
-0.0043934999999999998 0.016347500000000001 0.12125941284114902
-0.0031539650905374108 0.013354735909740683 0.12771588175998422
-0.0031539650905374108 0.019094735909740684 0.12944565305389177
-0.010688480335247044 0.016901980335247042 0.12024510065288674
-0.010690207721122433 0.016903707721122433 0.104142614400207
-0.0043934999999999998 0.016347500000000001 0.10919273844803576
-0.012709225519436883 0.015650496253094923 0.10319339577099672
-0.012451721418901714 0.015455306520214387 0.12912150756019822
-0.009471554257699388 0.016935410178215336 0.1317343168953983
-0.0035278301624603286 0.019387854863235927 0.09554171545693757
-0.0043934999999999998 0.016347500000000001 0.10426677772619154
-0.0062967077211224329 0.012037207721122432 0.10611544568624276
-0.010376589167161981 0.013380174268474652 0.12571499210379755
-0.0075868301624603292 0.011966354863235927 0.096106269610119532
-0.01356088675874108 0.015799927548326202 0.1121617978941267
-0.012861574806243175 0.015851330600046246 0.121070012712439
-0.0035278301624603286 0.013647854863235928 0.098119804506113628
-0.012631200227032974 0.015612783839396096 0.094042264231716188
-0.0084524999999999999 -0.014666 0.028986694818163596
-0.0072129650905374126 -0.011673235909740684 0.036423672271962797
-0.0075474650905374115 -0.018221235909740684 0.037563022546200787
-0.011271965090537413 -0.015732235909740683 0.037179483025678951
-0.0043934999999999998 -0.016347500000000001 0.029381046820933628
-0.0031539650905374121 -0.013354735909740683 0.036818024274732832
-0.0072129650905374109 -0.011673235909740684 0.0062583075608064163
-0.0031539650905374121 -0.019094735909740684 0.039523805584464805
-0.0031539650905374108 -0.019094735909740684 0.005486954504795782
-0.0043934999999999998 -0.016347500000000001 0.014543729450943533
-0.0031539650905374108 -0.013354735909740683 0.0072369418908521917
-0.0075474650905374098 -0.018221235909740684 0.0073067875600913391
-0.0084524999999999999 -0.014666 0.013565095120897756
-0.011271965090537413 -0.015732235909740683 0.0072497821354858098
-0.0084524999999999999 -0.014666 0.021230459832054144
-0.0043934999999999998 -0.016347500000000001 0.021624811834824176
-0.011271965090537413 -0.015732235909740683 0.061882080126608605
-0.0031539650905374121 -0.019094735909740684 0.05062499999046112
-0.0072129650905374126 -0.011673235909740684 0.061881326689629326
-0.0031539650905374121 -0.013354735909740683 0.050697792196056871
-0.0031539650905374121 -0.013354735909740683 0.061947792196056874
-0.0043934999999999998 -0.016347500000000001 0.056323638328999441
-0.0075474650905374115 -0.018221235909740684 0.050625846132942562
-0.0084524999999999999 -0.014666 0.056257172822571901
-0.0075474650905374115 -0.018221235909740684 0.061875846132942558
-0.0072129650905374126 -0.011673235909740684 0.05063132668962933
-0.013526229092632456 0.015839848004555915 0.02098053053670848
-0.011188559966931792 0.017402059966931789 0.021820765004103668
-0.013122768240984812 0.016109471862725058 0.018777505064237185
-0.013407607361141908 0.015775498299018961 0.024667310490058152
-0.01299880363045898 0.015366694568336031 0.026816542320749336
-0.010693666276008682 0.016907166276008682 0.025907720587982221
-0.011102470006691612 0.017315970006691609 0.023758488757291037
-0.012615932935430889 0.015622558485620207 0.029200933296929184
-0.010685779914647631 0.016899279914647632 0.01969497301132532
-0.012619988188700654 0.015606691810440904 0.016651713071458837
-0.012828223260672905 0.015810812680744593 0.03614312033231027
-0.01089154884931972 0.01710504884931972 0.034041826130998883
-0.010019897815836835 0.016233397815836836 0.036295565321051951
-0.011956572227190021 0.014939161647261707 0.038396859522363339
-0.0084524999999999999 0.014666 0.022595881393129676
-0.0084524999999999999 0.014666 0.032746756921708364
-0.0091552908071123144 0.013534211294773628 0.042442538620156643
-0.0079223929912754787 0.018514813478936791 0.038853026700895313
-0.0075878929912754798 0.011966813478936793 0.03889373022081305
-0.0098590674026286639 0.017220577310361664 0.040954320902206701
-0.010527577141115258 0.016741077141115258 0.0090634185937030348
-0.0084524999999999999 0.014666 0.012475793752038101
-0.010928655982929528 0.017142155982929525 0.011970645856410516
-0.0043934999999999998 0.016347500000000001 0.01871118430511954
-0.0062922799146476324 0.012032779914647632 0.015552025247402904
-0.013263189108366423 0.016245778528438112 0.038732653892205371
-0.010461907688288721 0.014840828175950033 0.042778332989998662
-0.0072129650905374109 0.011673235909740684 0.0060193248604247284
-0.0092880422316526691 0.013748313050855941 0.002606949702089661
-0.013349245824756479 0.01618826875072436 0.042778332989998662
-0.0035288929912754802 0.01938831347893679 0.03937752666067075
-0.010685779914647631 0.016899279914647632 0.014724375868417716
-0.0043934999999999998 0.016347500000000001 0.025807261491247249
-0.0031539650905374108 0.019094735909740684 0.0055332662527588644
-0.01245201598658574 0.015455017727401732 0.0058674304395152938
-0.0094719039360078913 0.01693517649602716 0.0032604807374256323
-0.012813815508741926 0.015820441058931246 0.032409078173571512
-0.0043934999999999998 0.016347500000000001 0.013740587162211935
-0.0043934999999999998 0.016347500000000001 0.03073322215762158
-0.013101850210281927 0.0156898589143619 0.011238169038177577
-0.0063001662760086815 0.01204066627600868 0.028860850010187511
-0.01270077136846766 0.015288780072547631 0.0083309417754700923
-0.013493697321382088 0.015861588259259138 0.022729586736870783
-0.012862864256982548 0.015849567878722798 0.013897983059451641
-0.010374766659422208 0.013381392209611528 0.031114008964280997
-0.0063157666594222074 0.015062892209611527 0.02910047420019421
-0.0035288929912754802 0.013648313478936792 0.036880195456726265
-0.0075474650905374098 0.018221235909740684 0.0064564688916133725
-0.0031539650905374108 0.013354735909740683 0.0072841182705985618
-0.014039747970028256 0.015869545038396951 0.06441271684338172
-0.013452052983338528 0.016262288446067974 0.065846891801573298
-0.012840674895021447 0.016670858740556148 0.064217971481072972
-0.013519074798324298 0.016027640831903629 0.060949047054784246
-0.013632879858508661 0.016141445892087991 0.062663343809371719
-0.012371324048876564 0.014879890082455893 0.061641747131499752
-0.011579119085389354 0.015409302930924053 0.063196374803201005
-0.012608212577268312 0.015529123316014843 0.056385773228731534
-0.010634566692736481 0.016848066692736481 0.058160874192560073
-0.01236272432640715 0.01487608827052622 0.051062411139125082
-0.011567643396426779 0.015407423063040958 0.049447544092782895
-0.012800570817970048 0.016640350484584225 0.048402636206287278
-0.013595651747950421 0.016109015692069489 0.050017503252629457
-0.010144786491027971 0.016358286491027971 0.051618981717070925
-0.013531948111338024 0.016045312055457093 0.05179955344619111
-0.01285538049460882 0.015363946528188153 0.058759176571530514
-0.014000219086275486 0.015838652393615711 0.048221295956136521
-0.0043934999999999998 0.016347500000000001 0.054547460155582442
-0.0057512864910279696 0.01149178649102797 0.053456205927967702
-0.006241066692736481 0.011981566692736482 0.056385066746971697
-0.013400445040314485 0.01623946796628236 0.046718955858232478
-0.010150510247004224 0.016364010247004224 0.061043444752529305
-0.0093452498966742868 0.017563950050949781 0.046683680348054798
-0.0092801794823034502 0.013659099969964762 0.047763863744728095
-0.0079223929912754787 0.018514813478936791 0.048855117972342814
-0.0043934999999999998 0.016347500000000001 0.058160491812067595
-0.0057570102470042243 0.011497510247004223 0.059267637306940936
-0.010513106903846719 0.014892027391508031 0.046718955858232478
-0.0035288929912754802 0.013648313478936792 0.050692342183239605
-0.0093571527316147901 0.017561459154271063 0.065871079679499678
-0.0092920541402338845 0.013666176717355458 0.064825295123701318
-0.01055360994986598 0.014927732526987552 0.065846891801573298
-0.0035288929912754802 0.01938831347893679 0.05062499999046112
-0.0079285438932296601 0.018516166470351238 0.063718149628827964
-0.0035350438932296598 0.013649666470351237 0.061942342183239602
-0.013287656160490676 0.01620856689923721 0.054194054716793567
-0.0057570102470042243 0.011497510247004223 0.064825295123701332
-0.0121184323755598 0.015039343114306335 0.053456912409727546
-0.010144786491027971 0.016358286491027971 0.055232013373556071
-0.0043934999999999998 -0.027827999999999999 0.073101621753068571
-0.0043934999999999998 -0.027827999999999999 0.078726621753068576
-0.0043934999999999998 -0.027827999999999999 0.084375000000000006
-0.0065900000000000004 -0.027390500000000002 0.10118415497433972
-0.0043934999999999998 -0.027827999999999999 0.12213572924571026
-0.0043934999999999998 -0.027827999999999999 0.10887665305159544
-0.0065900000000000004 -0.027390500000000002 0.11276578489622996
-0.0043934999999999998 -0.027827999999999999 0.1277607292457103
-0.0043934999999999998 0.027827999999999999 0.071281850444506634
-0.0055067795900817316 0.03051578587125128 0.072666357485263844
-0.0055153679272712929 0.03053652065482344 0.081517335642122046
-0.0055153679272712929 0.024796020654823437 0.087142335642122037
-0.0055153679272712929 0.024796020654823437 0.081517335642122046
-0.0055153679272712929 0.03053652065482344 0.087142335642122037
-0.0055067795900817316 0.03051578587125128 0.078291357485263863
-0.0055067795900817316 0.024775285871251277 0.078291357485263863
-0.0065900000000000004 0.027390500000000002 0.11239751259772238
-0.0065900000000000004 0.027390500000000002 0.12944565305389177
-0.0043934999999999998 0.027827999999999999 0.11729353108116485
-0.0065900000000000004 0.027390500000000002 0.12362923372833644
-0.0052702873636664444 0.026526086851461253 0.10158893770852948
-0.007028643681833222 0.023870043425730625 0.095794468854264722
-0.0092251436818332234 0.029173043425730627 0.10161095256958344
-0.0092251436818332234 0.029173043425730627 0.095794468854264722
-0.0026351436818332222 0.024743543425730624 0.10133618431120232
-0.0026351436818332222 0.030484043425730627 0.10141946885426478
-0.007028643681833222 0.023870043425730625 0.10194144207434264
-0.0026351436818332222 0.030484043425730627 0.10704446885426476
-0.0026351436818332222 0.024743543425730624 0.10694417099735204
-0.0026351436818332222 0.030484043425730627 0.095794468854264722
-0.0092251436818332234 0.029173043425730627 0.10704227930889984
-0.0052532493729437087 -0.024163189016490089 0.022605890152148003
-0.0052532493729437087 -0.029903689016490088 0.022449138642108256
-0.0052532493729437087 -0.029903689016490088 0.028074138642108257
-0.0043934999999999998 -0.027827999999999999 0.031938022546200762
-0.0052532493729437087 -0.029903689016490088 0.016824138642108272
-0.0043934999999999998 -0.027827999999999999 0.012931787560091324
-0.0052532493729437087 -0.024163189016490089 0.016686093146904071
-0.0043934999999999998 -0.027827999999999999 0.039374999999999966
-0.0043934999999999998 -0.027827999999999999 0.0073067875600913391
-0.0043934999999999998 -0.027827999999999999 0.056250846132942567
-0.0043934999999999998 -0.027827999999999999 0.061874999999999999
-0.0043934999999999998 -0.027827999999999999 0.050625846132942562
-0.0043934999999999998 0.027827999999999999 0.027603026700895348
-0.0065900000000000004 0.027390500000000002 0.033561043038292923
-0.0065900000000000004 0.027390500000000002 0.03937752666067075
-0.0043934999999999998 0.027827999999999999 0.022677066034521014
-0.0052592191450787805 0.026555620185117961 0.01176586646406416
-0.0092196095725393928 0.029187810092558976 0.0058829332320320801
-0.0070231095725393914 0.023884810092558981 0.0058829332320320801
-0.0092196095725393928 0.029187810092558976 0.011699352465396218
-0.0026296095725393907 0.02475831009255898 0.011416199484790944
-0.0026296095725393907 0.030498810092558976 0.01150793323203211
-0.0070231095725393914 0.023884810092558981 0.012339402123645454
-0.0026296095725393907 0.030498810092558976 0.017132933232032115
-0.0026296095725393907 0.02475831009255898 0.016976404596569687
-0.0026296095725393907 0.030498810092558976 0.0058829332320320801
-0.0070231095725393914 0.023884810092558981 0.01730999926655306
-0.0092196095725393928 0.029187810092558976 0.017135122904474491
-0.0055153679315439168 0.024796020665138804 0.047857664354161861
-0.0055153679315439168 0.024796020665138804 0.053482664344622975
-0.0055153679315439168 0.030536520665138803 0.047857664354161861
-0.0055153679315439168 0.030536520665138803 0.053482664354161866
-0.0055067795928006747 0.030515785877815605 0.05670864251901199
-0.0061496878827336232 0.025217173631416866 0.057771945986313009
-0.009664843941366812 0.028518586815708437 0.062635972993156513
-0.003074843941366812 0.029829586815708437 0.062635972993156513
-0.003074843941366812 0.029829586815708437 0.057010972993156502
-0.0074683439413668114 0.023215586815708435 0.05885412262198448
-0.0085816235341674863 0.025903372693524041 0.05746961551216849
-0.003074843941366812 0.024089086815708437 0.062635972993156513
-0.003074843941366812 0.024089086815708437 0.057010972983617625
-0.0085902118729107284 0.025924107480847239 0.054243637347318366
-0.0074683439413668114 0.023215586815708435 0.055241090965499326
-0.0074683439413668114 0.023215586815708435 0.062635972993156513
-0.0057405000000000008 -8.6736173798840355E-19 0.073164024475095027
-0.0040590000000000001 0.0040589999999999992 0.073170818565616164
-0.0040590000000000001 0.0040590000000000001 0.084420818565616146
-8.6736173798840355E-19 -8.6736173798840355E-19 0.078750000000000001
-0.0057405000000000008 0 0.084414024475095023
-4.3368086899420177E-19 -0.0057404999999999999 0.084414024475095023
-4.3368086899420177E-19 -0.0057405000000000008 0.073164024475095027
0.0040590000000000001 -0.004059000000000001 0.073170818565616164
0.0040590000000000001 -0.0040590000000000001 0.084420818565616146
-4.3368086899420177E-19 0.0057404999999999991 0.07314121673178163
-4.3368086899420177E-19 0.0057404999999999999 0.084391216731781626
0.0057404999999999991 0 0.084391216731781626
0.0057404999999999991 -8.6736173798840355E-19 0.07314121673178163
-0.0040590000000000001 -0.0040590000000000001 0.084297440682021774
-0.0040590000000000001 -0.004059000000000001 0.073047440682021764
0.0040590000000000001 0.0040590000000000001 0.084294300696329511
0.0040590000000000001 0.0040589999999999992 0.073044300696329501
-0.0016814999999999998 -0.0040590000000000001 0.11657573109171672
0 0 0.11266236915712964
-0.0057404999999999999 0.0057404999999999999 0.12046042827313612
0.0081180000000000002 0 0.11002450884523568
-4.3368086899420177E-19 -0.0057404999999999999 0.09818197565769958
0.0040590000000000001 -0.0040590000000000001 0.096106269610119532
-0.0057405000000000008 0 0.098144100035047213
-0.0040590000000000001 0.0040590000000000001 0.096106269610119532
-4.3368086899420177E-19 0.0057404999999999999 0.098119804506113628
0.0057404999999999991 0 0.098119804506112449
-0.0040590000000000001 0.0040590000000000001 0.12898067520839923
0 0.0057404999999999999 0.12771588175998425
0 -0.0057404999999999999 0.1277630582192909
0.0040590000000000001 -0.0040590000000000001 0.12898067520839923
-0.0040590000000000001 -0.0040590000000000001 0.098705287531477282
-0.0040590000000000001 -0.0040590000000000001 0.12879209557153781
0 -0.0081180000000000002 0.11003647211004212
0.0040590000000000001 0.0040590000000000001 0.12878663961459311
0.0057404999999999999 -0.0057404999999999999 0.10630178016381202
0.0081180000000000002 0 0.11761782419315792
0 0 0.12257873518613092
0 -0.0081180000000000002 0.11762328015010264
0.0040590000000000001 -0.0016814999999999998 0.121549697833884
0.0016814999999999998 -0.0040590000000000001 0.10682509203758972
-0.0057404999999999999 0 0.1277445465131519
0.0057404999999999999 -0.0057404999999999999 0.12047893997927275
0.0057404999999999999 0 0.12771588175998189
-0.0081180000000000002 0 0.11003647211004212
-0.0016814999999999998 0.0040590000000000001 0.12153118612774499
0.00079250000000000034 0.0046195000000000003 0.11603425377050992
-0.0036627500000000002 0.0063687500000000003 0.1143483114638198
-0.00534425 0.0023097500000000002 0.11826167339840686
0.00039625000000000017 0.0080502500000000001 0.1182330086452392
0.00445525 -0.0017492500000000004 0.1143483114638198
0.00445525 0.0063687500000000003 0.11930376649984806
0.00445525 0.0063687500000000003 0.11171045115192579
-0.00073255 0.0024218500000000001 0.1067136172995851
-0.0044252750000000002 -0.0028480750000000003 0.10706209618126986
-0.0044252750000000002 0.005269925 0.10968799322835736
-0.0061067750000000001 0.0012109249999999998 0.10650090868483976
-0.00036627500000000038 0.0012109249999999998 0.098356808649792543
-0.000366275 0.0069514249999999998 0.1064766131559062
0.003692725 -0.0028480750000000003 0.10968799322835736
0.0053742249999999998 0.0012109249999999998 0.10647661315590498
0.003692725 0.005269925 0.1070501329164634
0.0040590000000000001 0.0040590000000000001 0.098693324266670851
2.9975000000000173E-05 0.003520675 0.11137393553504751
-0.0044252750000000002 0.005269925 0.10446307825991212
0.00039625000000000017 0.0080502500000000001 0.1111369313913686
0 0.0081180000000000002 0.025106867426231583
0.0016814999999999998 0.0040590000000000001 0.018452933629204936
0.0081180000000000002 0 0.025106867427059421
0 0 0.022337630718045225
0.0057404999999999991 0 0.036880195456725079
0.0040590000000000001 -0.0040590000000000001 0.038893730221263613
-0.0040590000000000001 0.0040590000000000001 0.03889373022081305
-4.3368086899420177E-19 0.0057404999999999999 0.036880195456726265
-0.0040590000000000001 0.0040590000000000001 0.0060193248604247284
0 0.0057404999999999999 0.0072841182705985618
0.0040590000000000001 -0.0040590000000000001 0.006019324859989455
-0.0057404999999999999 0 0.0072554535852751628
0 -0.0081180000000000002 0.025092487631399336
-0.0040590000000000001 -0.0040590000000000001 0.0062583075608064163
0.0040590000000000001 0.0040590000000000001 0.0062647070644602518
-0.0057404999999999999 0.0057404999999999999 0.028736095330273249
-0.0057404999999999999 -0.0057404999999999999 0.028673924148279812
-0.0016814999999999998 -0.0040590000000000001 0.025524715232983511
0 0 0.014539571855871406
-0.0016814999999999998 -0.0040590000000000001 0.018424268944711691
-0.0016814999999999998 0.0040590000000000001 0.013520160649735416
0 0.0081180000000000002 0.017433522423068944
0 0 0.028698219731459106
0.0040590000000000001 0.0016814999999999998 0.025549010816162801
-0.0057404999999999999 0.0057404999999999999 0.014539571855873724
0 -0.0081180000000000002 0.017427122920242948
0.0016814999999999998 -0.0040590000000000001 0.013542425831402661
0.0057404999999999999 -0.0057404999999999999 0.028698219731457923
-4.3368086899420177E-19 -0.0057404999999999999 0.036818024274732838
-0.0057405000000000008 0 0.036855899873546975
0.0057404999999999999 0 0.0072841182705962433
0.0040590000000000001 -0.0016814999999999998 0.028256076342355729
0.0040590000000000001 0.0040590000000000001 0.036438052067622885
0 -0.0057404999999999999 0.0072369418908521917
0.0057404999999999999 -0.0057404999999999999 0.014521060161448437
-0.0040590000000000001 0.0040589999999999992 0.061962071672199102
-0.0057405000000000008 -8.6736173798840355E-19 0.061947792196056881
-0.0057405000000000008 0 0.050697792196056871
-8.6736173798840355E-19 -8.6736173798840355E-19 0.056250000000000001
-0.0040590000000000001 0.0040590000000000001 0.050712071672199099
-4.3368086899420177E-19 -0.0057405000000000008 0.061947792196056881
0.0040590000000000001 -0.004059000000000001 0.061962071672199102
0.0040590000000000001 -0.0040590000000000001 0.050712071672199099
-4.3368086899420177E-19 -0.0057404999999999999 0.050697792196056871
0.0057404999999999991 -8.6736173798840355E-19 0.061942342184146813
0.0057404999999999991 0 0.050692342184146817
-4.3368086899420177E-19 0.0057404999999999991 0.061942342183239615
-4.3368086899420177E-19 0.0057404999999999999 0.050692342183239605
-0.0040590000000000001 -0.004059000000000001 0.061881326689629347
-0.0040590000000000001 -0.0040590000000000001 0.050631326689629337
0.0040590000000000001 0.0040589999999999992 0.061881326688522059
0.0040590000000000001 0.0040590000000000001 0.050631326688522056
0.0043934999999999998 0.027827999999999999 0.073104037201278033
0.0043934999999999998 0.027827999999999999 0.078729037201278038
0.0043934999999999998 0.027827999999999999 0.084375000000000006
0.0043934999999999998 -0.027827999999999999 0.11223397842022068
0.0065900000000000004 -0.027390500000000002 0.095559154974339741
0.0065900000000000004 -0.027390500000000002 0.10122345376646533
0.0065900000000000004 -0.027390500000000002 0.10679623047040317
0.0052549323773549541 -0.026554501028072153 0.12337026321268872
0.0092174661886774752 -0.029187250514036079 0.12918513160634437
0.0070209661886774764 -0.023884250514036077 0.12918513160634437
0.002627466188677477 -0.024757750514036076 0.12371053810785219
0.0092174661886774787 -0.029187250514036079 0.1235208328142188
0.002627466188677477 -0.030498250514036075 0.12356013160634433
0.0070209661886774764 -0.023884250514036077 0.12279540791531432
0.002627466188677477 -0.024757750514036076 0.11820091650257436
0.002627466188677477 -0.030498250514036075 0.11793513160634432
0.002627466188677477 -0.030498250514036075 0.12918513160634437
0.0092174661886774752 -0.029187250514036079 0.11792220710240776
0.0070209661886774764 -0.023884250514036077 0.11766911002656508
0.0054658596081167948 -0.030416992944158144 0.07865028088592288
0.0054658596081167948 -0.030416992944158144 0.084275280885922871
0.0043934999999999998 -0.027827999999999999 0.086096074224101052
0.0043934999999999998 -0.027827999999999999 0.080471074224101061
0.0043934999999999998 -0.027827999999999999 0.076792572772049802
0.0043934999999999998 -0.027827999999999999 0.071167572772049811
0.0043934999999999998 -0.027827999999999999 0.017508394303243975
0.0065900000000000004 -0.027390500000000002 0.005486954504795782
0.0065900000000000004 -0.027390500000000002 0.011176389595301027
0.0065900000000000004 -0.027390500000000002 0.022605349310889776
0.0052667168767236202 -0.026532312765967115 0.033493152000669227
0.0092233584383618079 -0.02917615638298356 0.039246576000334606
0.0070268584383618099 -0.023873156382983561 0.039246576000334606
0.0026333584383618101 -0.02474665638298356 0.033770381584799419
0.0092233584383618113 -0.02917615638298356 0.033557140909829405
0.0026333584383618101 -0.030487156382983559 0.03362157600033458
0.0070268584383618099 -0.023873156382983561 0.033085225926980114
0.0026333584383618101 -0.02474665638298356 0.028153327510374328
0.0026333584383618101 -0.030487156382983559 0.027996576000334585
0.0026333584383618101 -0.030487156382983559 0.039246576000334606
0.0092233584383618079 -0.02917615638298356 0.027945173801184681
0.0043934999999999998 0.027827999999999999 0.061878300715498061
0.0043934999999999998 0.027827999999999999 0.056253300715498063
0.0043934999999999998 0.027827999999999999 0.050625000000000003
0.0043934999999999998 -0.027827999999999999 0.048729673109869073
0.0054657219040047424 -0.030416660485744207 0.05620151644157749
0.0054657219040047424 -0.030416660485744207 0.061826516441577495
0.0043934999999999998 -0.027827999999999999 0.063655411763011038
0.0043934999999999998 -0.027827999999999999 0.058030411763011047
0.0043934999999999998 -0.027827999999999999 0.054354673109869071
0.013252902864698216 -0.016308368835304163 0.086641696061749193
0.012041724252696426 -0.015097190223302377 0.085616452313945782
0.013243453697541605 -0.016298919668147553 0.08487691132633407
0.0092370752872714731 -0.016979441257877426 0.088352641825915804
0.0087058181309462093 -0.013392718130946208 0.087263810488029933
0.0062373737099457203 -0.01197787370994572 0.078739501424342356
0.0043934999999999998 -0.016347500000000001 0.080510098699196092
0.010630873709945719 -0.01684437370994572 0.080421551173348399
0.01014873354818558 -0.016362233548185577 0.083359884712130988
0.0057552335481855796 -0.011495733548185578 0.081677834963124959
0.0055040433573626544 -0.011244543357362653 0.076062909185359642
0.0098975433573626568 -0.016111043357362652 0.074066457482314427
0.0043934999999999998 -0.016347500000000001 0.076831597247144834
0.0090390261540672315 -0.013413250657154327 0.07039888471026462
0.0035349827967045789 -0.013649707299791676 0.073164024475095013
0.0079284827967045796 -0.018516207299791681 0.071167572772049797
0.0073440845827606269 -0.018244484582760633 0.086096074224101052
0.0029505845827606288 -0.013377984582760629 0.084414024475095023
0.013611444752130155 -0.016052999481579983 0.08283298284667992
0.013313381084016914 -0.016252188760660091 0.08079013186363504
0.0057552335481855796 -0.011495733548185578 0.087263810488029933
0.012593791800931876 -0.015532599477575054 0.078591339312464134
0.012586913618313988 -0.015642379588919939 0.088352641825915804
0.012287869632776578 -0.015882018283917273 0.069409077155213703
0.013320412297144202 -0.016053308534325093 0.074285304930758703
0.013196984735177957 -0.016135792411821132 0.076263990399676421
0.0035349827967045789 -0.01938970729979168 0.073125000000000009
0.0094985759968054043 -0.017466949151033195 0.069409077155213689
0.011860461448348812 -0.014799269124991988 0.07591474707348142
0.011983889010315061 -0.01471678524749595 0.073936061604563702
0.012804122085628157 -0.015537018322809048 0.071037176894299073
0.011350462993030755 -0.017563962993030757 0.082620343724519291
0.010014828449656982 -0.017121949189924972 0.071037176894299059
0.0098975433573626568 -0.016111043357362652 0.077744958934365685
0.009471712544628013 -0.016935304398603218 0.13173561119316307
0.0092880973430008607 -0.013748368162204132 0.1323871905904177
0.01245187970655405 -0.01545520074132598 0.12912280178358077
0.010527632252463448 -0.016741132252463448 0.12599746689938765
0.0075474650905374115 -0.018221235909740684 0.12861027630896996
0.0092836757373207929 -0.016948299219973612 0.093008124044337601
0.010171641349921622 -0.016385141349921618 0.099093964166072038
0.0087287259326822488 -0.013415625932682248 0.093050290705695843
0.012111232504481786 -0.015088955987134604 0.096058414750033461
0.010929196074141764 -0.017142696074141761 0.12308161446765088
0.0084524999999999999 -0.014666 0.12259095151736921
0.0072129650905374126 -0.011673235909740684 0.12898067520839923
0.0043934999999999998 -0.016347500000000001 0.12137333452826084
0.010688480370708808 -0.016901980370708808 0.12031184569608132
0.012626539108843648 -0.015606819087525132 0.11793437628465488
0.011100034434125321 -0.017313534434125321 0.11112737729763864
0.0084524999999999999 -0.014666 0.11231516299878556
0.011178514175637344 -0.017392014175637342 0.1130577667388088
0.01360754903448181 -0.015637818541982137 0.11107678832682552
0.013686028775993833 -0.015716298283494159 0.11300717776799564
0.0062967077221232123 -0.01203720772212321 0.10617761698425734
0.0057781413499216209 -0.011518641349921621 0.093050290705695843
0.0031539650905374121 -0.013354735909740683 0.1277630582192909
0.0043934999999999998 -0.016347500000000001 0.11624703663951162
0.0031539650905374121 -0.019094735909740684 0.12952540650150784
0.0043934999999999998 -0.016347500000000001 0.1042256491180758
0.0029505845827606288 -0.019117984582760629 0.095559154974339741
0.013033563298129417 -0.016021400364449878 0.10807073981929444
0.012633514068363308 -0.015611237551016129 0.093008124044337601
0.013116572913772185 -0.016096852892453668 0.1158065952161316
0.0043934999999999998 -0.016347500000000001 0.1091659540779203
0.012623736586127305 -0.01561157365244777 0.10592298226843427
0.010690207722123212 -0.016903707722123212 0.10403931478693396
0.013101433344594772 -0.015691038518454412 0.12367369004522824
0.012996739608605775 -0.015458357021869871 0.10064080881697315
0.012699869522916456 -0.015289474696776096 0.12658954247696502
0.010390558738134841 -0.013370838716816325 0.11506399147610837
0.0057781413499216209 -0.011518641349921621 0.10123226636339544
0.01242059712272244 -0.014882214535986534 0.0982965765356585
0.01074778383580496 -0.016961283835804957 0.10143819644738672
0.0063542838358049596 -0.012094783835804958 0.10357649864471008
0.012939163494924032 -0.015400780908188125 0.10324192715652042
0.010690207722123212 -0.016903707722123212 0.10897961974677849
0.0084524999999999999 -0.014666 0.11744146088753479
0.01286071764116182 -0.015450322815021461 0.12090392127365868
0.0069148748745156046 -0.017794771978804809 0.097768590497880475
0.0034574374372578027 -0.020377885989402409 0.099443450223279981
0.0034574374372578027 -0.014637885989402404 0.10206627090663982
0.0034574374372578027 -0.014637885989402404 0.093884295248940236
0.0064080220200184324 -0.016534870572163032 0.093884295248940236
0.0092355787871794236 -0.014675527339324024 0.096934585954636082
0.0078509374372578017 -0.019504385989402406 0.093884295248940236
0.0078509374372578017 -0.019504385989402406 0.099927968709316445
0.0097905285918179659 -0.018208200626615389 0.09689241929327784
0.0043934999999999998 0.027827999999999999 0.12950201420631208
0.0043934999999999998 0.027827999999999999 0.12387701420631209
0.0065900000000000004 0.027390500000000002 0.1011667154569376
0.0065900000000000004 0.027390500000000002 0.09554171545693757
0.0065900000000000004 0.027390500000000002 0.10679171545693759
0.0052726744899818639 0.026507562937157021 0.11251359308456783
0.0026363372449909319 0.030474781468578509 0.11250679654228396
0.0026363372449909319 0.024734281468578513 0.11240649868537124
0.0026363372449909319 0.024734281468578513 0.11820244959617568
0.0070298372449909318 0.02386078146857851 0.11262975721593728
0.0070298372449909318 0.02386078146857851 0.11825881074859598
0.0026363372449909319 0.030474781468578509 0.10688179654228395
0.0026363372449909319 0.024734281468578513 0.1067985119992215
0.0070298372449909318 0.02386078146857851 0.10694327687911062
0.0092263372449909314 0.029163781468578509 0.11250679654228396
0.0092263372449909314 0.029163781468578509 0.11813179654228396
0.0026363372449909319 0.030474781468578509 0.11813179654228396
0.011271965090537413 0.015732235909740683 0.073026593539930032
0.0031539650905374112 0.019094735909740684 0.073125000000000009
0.0031539650905374112 0.013354735909740683 0.07314121673178163
0.0031539650905374108 0.019094735909740684 0.084375000000000033
0.0031539650905374108 0.013354735909740683 0.084391216731781654
0.0072129650905374109 0.011673235909740684 0.073044300696329501
0.0043934999999999998 0.016347500000000001 0.078745253933059658
0.0075474650905374098 0.018221235909740684 0.073104037201278033
0.0075474650905374098 0.018221235909740684 0.084354037201278043
0.0084524999999999999 0.014666 0.078648337897607543
0.0072129650905374109 0.011673235909740684 0.084294300696329511
0.0043934999999999998 0.016347500000000001 0.10380628484294031
0.0084524999999999999 0.014666 0.10437980460349752
0.0072129650905374109 0.011673235909740684 0.098693324266670851
0.0075474650905374098 0.018221235909740684 0.095686480336826682
0.0031539650905374108 0.013354735909740683 0.098119804506113628
0.0072129650905374109 0.011673235909740684 0.12878663961459308
0.0031539650905374108 0.019094735909740684 0.09554171545693757
0.0031539650905374112 0.019094735909740684 0.12944565305389177
0.0031539650905374112 0.013354735909740683 0.12771588175998422
0.0075474650905374098 0.018221235909740684 0.12950201420631205
0.0043934999999999998 0.016347500000000001 0.12221789596629629
0.0084524999999999999 0.014666 0.12328865382090516
0.0043934999999999998 0.016347500000000001 0.1165888424336376
0.0084524999999999999 0.014666 0.11006628494032419
0.0084524999999999999 0.014666 0.11765960028824646
0.0043934999999999998 0.016347500000000001 0.109492765179767
0.011271965090537413 0.015732235909740683 0.097925618847565593
0.0043934999999999998 0.027827999999999999 0.0054688566497975988
0.0043934999999999998 0.027827999999999999 0.011093856649797628
0.0043934999999999998 0.027827999999999999 0.016692097867248422
0.0043934999999999998 0.027827999999999999 0.028034824142265536
0.0065900000000000004 0.027390500000000002 0.033752526660670731
0.0065900000000000004 0.027390500000000002 0.03937752666067075
0.0043934999999999998 0.027827999999999999 0.022317097867248427
0.013369505475198473 -0.01580096098863748 0.024738451926665787
0.0129607017143431 -0.015392157227782113 0.026887683663751532
0.01069366627695734 -0.01690716627695734 0.02572776104861
0.011102470037812713 -0.017315970037812711 0.023578529311524248
0.012480160919332722 -0.015713291887140636 0.029221062201119367
0.013498938184806209 -0.015858086123549442 0.020978599777706719
0.013129762872854972 -0.01610479772281018 0.018714499766623021
0.011188560096425932 -0.017402060096425934 0.021640805814616283
0.010019897815868459 -0.01623339781586846 0.036281188508909032
0.010891548849477833 -0.01710504884947783 0.03402744925044901
0.01276076814209399 -0.015855891427187158 0.036140723982800486
0.011889117108484618 -0.014984240393577788 0.038394463241260501
0.0091555776224939833 -0.013534019622525414 0.042442538582263531
0.0079226798066255218 -0.018514621806656958 0.038838649926645499
0.0097918990992416806 -0.017265464384366283 0.040951924658996976
0.0075881798066255212 -0.011966621806656957 0.038893730221263613
0.0084524999999999999 -0.014666 0.032732380147909114
0.0084524999999999999 -0.014666 0.022415922000282751
0.010685779927580913 -0.016899279927580911 0.019515013779588468
0.012626982704009948 -0.015602017553965159 0.016588707731595202
0.010928655985516183 -0.017142155985516182 0.011772571401271113
0.012853182390565336 -0.015856038057695712 0.0087248510216367554
0.01310228801076194 -0.015689566346413837 0.0111872095193586
0.0062922799275809118 -0.012032779927580912 0.015504849029594441
0.0043934999999999998 -0.016347500000000001 0.018484048531698407
0.0092880422319166142 -0.013748313051119886 0.0026069497750840706
0.0072129650905374109 -0.011673235909740684 0.006019324859989455
0.010462194503676707 -0.014840636503708144 0.042778332927713617
0.013195733989667346 -0.016290857274760515 0.038730257586710601
0.013350966716894678 -0.016187118717083285 0.04277833292771363
0.0075474650905374098 -0.018221235909740684 0.006258394303244005
0.0094719914955865656 -0.016935117981920218 0.0032106739236096478
0.0031539650905374112 -0.013354735909740683 0.0072369418908521917
0.0043934999999999998 -0.016347500000000001 0.013495336194096198
0.0084524999999999999 -0.014666 0.012277719163233459
0.010685779927580913 -0.016899279927580911 0.014526301441986252
0.0035291798066255211 -0.019388121806656961 0.039523805584464805
0.0031539650905374112 -0.019094735909740684 0.005486954504795782
0.0043934999999999998 -0.016347500000000001 0.025565130915579052
0.012452103546428357 -0.015454959213558734 0.0058176236986937184
0.012678043491853213 -0.015911174459661125 0.032429207117159096
0.0043934999999999998 -0.016347500000000001 0.030656674201378336
0.0063001662769573401 -0.012040666276957339 0.028798678682496616
0.010377026405049151 -0.013379882072179532 0.0092299987835991019
0.013455595533811692 -0.015887051047250703 0.022800728429757822
0.012869858761945222 -0.015844893611900432 0.013834977690880062
0.01023899464237538 -0.013472125610183296 0.031134138014619204
0.0061799946423753806 -0.015153625610183297 0.029058432068088422
0.0035291798066255211 -0.013648121806656956 0.036818024274732838
0.012613278230344679 -0.016659238301794232 0.050412825669298417
0.012676981838223772 -0.016722941909673324 0.048630775237372477
0.011444054507333889 -0.015490014578783439 0.049675682816060426
0.010150510132956585 -0.016364010132956582 0.060980706611980656
0.011629970869749394 -0.015375319631177199 0.062981517130152251
0.012326481692726838 -0.014909857035287587 0.06134094696775251
0.0062410665767284714 -0.01198156657672847 0.056390516755921501
0.0057512863872910564 -0.011491786387291055 0.053461656202798621
0.010144786387291056 -0.016358286387291057 0.051493537116610817
0.0043934999999999998 -0.016347500000000001 0.054427465305925946
0.01063456657672847 -0.016848066576728472 0.054422397669733696
0.0057570101329565831 -0.011497510132956582 0.059273087045026485
0.0092919929296611629 -0.01366621743274826 0.064825294848969608
0.010553548709606736 -0.014927773212693831 0.065846891305062161
0.0094079435334973906 -0.017527516798012295 0.065656222281182619
0.012891526649694968 -0.016636875411122774 0.064003113586244803
0.010513393524806462 -0.014891835524837896 0.046718956428053807
0.0092804661939165783 -0.013658908193948016 0.047763864006741749
0.0092219479266683543 -0.01764634999814934 0.046911818809318682
0.0079284827967045796 -0.018516207299791681 0.063655411763011038
0.0079226798066255218 -0.018514621806656958 0.048729673109869073
0.0035291798066255211 -0.013648121806656956 0.050697792196056871
0.0035349827967045789 -0.013649707299791676 0.061947792196056874
0.0043934999999999998 -0.016347500000000001 0.058103203959067921
0.0035291798066255211 -0.019388121806656961 0.050624999990461127
0.013474232311758053 -0.016057607654318802 0.060648246276347711
0.013271906777911222 -0.016192817280777327 0.058544279050353455
0.013439200819253736 -0.016107292718818087 0.052122185263514725
0.013287656136225267 -0.016208566639091374 0.054162691752768381
0.012608212602651894 -0.015529123105517999 0.05635440945265327
0.013451686260453882 -0.016262533278976463 0.065846891305062161
0.0057570101329565831 -0.011497510132956582 0.064825294848969622
0.01340216573802443 -0.016238317738213038 0.046718956428053807
0.013588037472672412 -0.016171412815233162 0.062362543423845056
0.012124156158880009 -0.015045066661746112 0.059236979741758254
0.011314010110301849 -0.017527510110301847 0.052230679969848814
0.010150510132956585 -0.016364010132956582 0.057304967958838687
0.0075474650905374098 0.018221235909740684 0.039284824142265501
0.0031539650905374108 0.013354735909740683 0.036880195456726272
0.0043934999999999998 0.016347500000000001 0.031165019598991768
0.0084524999999999999 0.014666 0.030722876209888395
0.0072129650905374109 0.011673235909740684 0.036438052067622885
0.0072129650905374109 0.011673235909740684 0.0062647070644602518
0.0031539650905374108 0.019094735909740684 0.03937752666067075
0.0031539650905374108 0.019094735909740684 0.0055332662527588644
0.0031539650905374108 0.013354735909740683 0.0072841182705985618
0.0075474650905374098 0.018221235909740684 0.0054688566497975988
0.0043934999999999998 0.016347500000000001 0.012752974920396161
0.0084524999999999999 0.014666 0.01173356371425785
0.0043934999999999998 0.016347500000000001 0.01835121613784696
0.0084524999999999999 0.014666 0.017331804931708647
0.0084524999999999999 0.014666 0.025005149934871285
0.0043934999999999998 0.016347500000000001 0.025447293323974662
0.011271965090537413 0.015732235909740683 0.037179483034355455
0.011271965090537413 0.015732235909740683 0.061882080089012359
0.0031539650905374108 0.019094735909740684 0.05062499999046112
0.0072129650905374109 0.011673235909740684 0.061881326688522045
0.0031539650905374108 0.013354735909740683 0.050692342183239605
0.0031539650905374112 0.013354735909740683 0.061942342183239602
0.0075474650905374098 0.018221235909740684 0.050628300715498072
0.0043934999999999998 0.016347500000000001 0.056320642898737672
0.0084524999999999999 0.014666 0.056259627404020122
0.0075474650905374098 0.018221235909740684 0.061878300715498061
0.0072129650905374109 0.011673235909740684 0.050631326688522063
0.014880247012607916 -0.012366354621612254 0.083953647858015443
0.016091425624609707 -0.013577533233614044 0.084978891605818868
0.016623026732755564 -0.012782053793160351 0.086601448733773456
0.015411848120753774 -0.011570875181158563 0.085576204985970003
0.016362233548185581 -0.01014873354818558 0.083408692444386437
0.016081976457453094 -0.013568084066457433 0.083214106870403731
0.015691538341858158 -0.013861759457386512 0.07217557358648749
0.015963416129250677 -0.013454925861909037 0.073919926320346524
0.016492853258033069 -0.012662684565745907 0.072372921392992381
0.01582127902070796 -0.013981776313659069 0.086780401874761826
0.016223118425799789 -0.013380470221146202 0.088289054235833372
0.015175248130342113 -0.013345469245870463 0.06892744555002786
0.015976563046517022 -0.012146394354229862 0.069124793356532752
0.018514354863235927 -0.0079213301624603289 0.086144881956356487
0.013662588411421508 -0.0092830637106459096 0.087263810488029919
0.017563969435804121 -0.009343471795433312 0.088312394497940053
0.014873767023423298 -0.010494242322647698 0.088289054235833372
0.01197787370994572 -0.0062373737099457203 0.078716693681028974
0.01149573354818558 -0.0057552335481855788 0.081655027219811563
0.013647854863235928 -0.0035278301624603291 0.084391216731781613
0.016347500000000001 -0.0043934999999999998 0.080536098688138144
0.011244543357362654 -0.0055040433573626535 0.07604010144204626
0.015156329971203926 -0.011326161278916766 0.072023678066797381
0.016111043357362655 -0.0098975433573626533 0.074180735154181665
0.017561453084192505 -0.0093571618147837727 0.069124793356532738
0.018516166470351238 -0.0079285438932296601 0.071281850443917036
0.013413209827713888 -0.0090390872505923172 0.07039888471026462
0.016347500000000001 -0.0043934999999999998 0.076923067175698703
0.013649666470351237 -0.0035350438932296607 0.07314121673178163
0.015525248230867338 -0.012604792089546938 0.07861852021315123
0.016244837513952375 -0.013324381372631975 0.080817312764322122
0.01149573354818558 -0.0057552335481855788 0.087263810488029933
0.019389666470351237 -0.0035350438932296607 0.073124999999999982
0.016128441165113416 -0.013207985023793016 0.076291171300363531
0.0150431080691072 -0.012122651927786795 0.081556853751933819
0.014791917878284272 -0.011871461736963872 0.075941927974168516
0.017447566644191798 -0.011234066644191798 0.074529978480376666
0.015028374520921621 -0.0063674183796012173 0.07868425999568554
0.016097445382502459 -0.013115686321089687 0.11617246257162003
0.017392014175637346 -0.011178514175637344 0.11314672226051016
0.015848337260403154 -0.013488447751687862 0.11391778418092484
0.015607411577573924 -0.012625652516161151 0.11830024364014333
0.016901980370708808 -0.010688480370708808 0.11527450332903348
0.017313534434125321 -0.011100034434125321 0.11121633281934004
0.016903707722123212 -0.01069020772212321 0.10906857526847988
0.015310812789999757 -0.013073790355587979 0.10808365079424756
0.015720639502001865 -0.013483617067590091 0.11023140834510772
0.015592694914553453 -0.012651986429151564 0.10579451434756272
0.014666 -0.0084524999999999999 0.11240411852048694
0.017219172949940818 -0.0098594197711656933 0.094042264346174423
0.013685496213157547 -0.0093059715123819491 0.093050290705695843
0.015089959436626508 -0.012109730958626982 0.097092555051870269
0.016385141349921622 -0.010171641349921618 0.099197263925773743
0.018514354863235927 -0.0079213301624603289 0.096146973220077869
0.015666101922509848 -0.012685873444510319 0.099436787333184964
0.016961283835804961 -0.010747783835804957 0.1015414962070884
0.014666 -0.0084524999999999999 0.12252420628956402
0.017142696074141761 -0.010929196074141761 0.1230148692398457
0.016741132252463448 -0.010527632252463448 0.12593072167158248
0.014666 -0.0084524999999999999 0.10225324283019745
0.012035480370708809 -0.0062949803707088095 0.11941745114709323
0.016347500000000001 -0.0043934999999999998 0.11628881570190398
0.011673235909740686 -0.0072129650905374126 0.12898067520839923
0.013748368162204132 -0.0092880973430008607 0.1323871905904177
0.016901980370708808 -0.010688480370708808 0.12024510046827616
0.016903707722123212 -0.01069020772212321 0.10414261454663563
0.015650271028235199 -0.012709562542833314 0.10319339600801548
0.016347500000000001 -0.0043934999999999998 0.10919273844803457
0.019094735909740684 -0.0031539650905374121 0.12946673377518125
0.016935282047055415 -0.0094717459911285266 0.13173431683096659
0.015455178389778178 -0.012451913153054564 0.12912150742138431
0.019387854863235927 -0.0035278301624603291 0.09562247324695218
0.016347500000000001 -0.0043934999999999998 0.12125941284114664
0.016347500000000001 -0.0043934999999999998 0.10426677772619034
0.012037207722123211 -0.0062967077221232105 0.1061154458326702
0.015690926760715415 -0.01310160057709734 0.12373396346205118
0.015289362939037101 -0.012700036755419027 0.12664981589378796
0.011966354863235927 -0.0075868301624603292 0.096106269610119519
0.01579911924351389 -0.013562096809102114 0.11216179778627788
0.015848127281006878 -0.012866368219594106 0.12107001241171286
0.013647854863235928 -0.0035278301624603291 0.098119804506112421
0.015612241000508034 -0.012632012522508508 0.094042264346174437
0.018221235909740684 -0.0075474650905374115 0.12854353108116481
0.013354735909740683 -0.0031539650905374121 0.12771588175998186
0.015732235909740683 0.011271965090537413 0.073026593539930032
0.019094735909740684 0.0031539650905374112 0.073124999999999982
0.013354735909740683 0.0031539650905374112 0.07314121673178163
0.019094735909740684 0.0031539650905374112 0.084374999999999978
0.013354735909740683 0.0031539650905374112 0.084391216731781626
0.011673235909740684 0.0072129650905374109 0.073044300696329501
0.018221235909740684 0.0075474650905374098 0.073101621736373051
0.016347500000000001 0.0043934999999999998 0.078742838468154705
0.018221235909740684 0.0075474650905374098 0.084351621736373061
0.014666 0.0084524999999999999 0.078645922432702575
0.011673235909740684 0.0072129650905374109 0.084294300696329511
0.013354735909740683 0.0031539650905374112 0.098119804506112449
0.011673235909740684 0.0072129650905374109 0.098693324266670851
0.014666 0.0084524999999999999 0.1044387427495598
0.018221235909740684 0.0075474650905374098 0.095745418482888964
0.016347500000000001 0.0043934999999999998 0.1038652229890014
0.011673235909740684 0.0072129650905374109 0.12878663961459308
0.019094735909740684 0.0031539650905374112 0.095622473246952194
0.019094735909740684 0.0031539650905374112 0.12946673377518125
0.013354735909740683 0.0031539650905374112 0.12771588175998186
0.016347500000000001 0.0043934999999999998 0.12225763612191425
0.018221235909740684 0.0075474650905374098 0.12954175436193238
0.014666 0.0084524999999999999 0.12332839397652548
0.016347500000000001 0.0043934999999999998 0.1166706201605338
0.014666 0.0084524999999999999 0.11014806266722278
0.014666 0.0084524999999999999 0.11774137801514505
0.016347500000000001 0.0043934999999999998 0.10957454290666438
0.015732235909740683 0.011271965090537413 0.097925618847565593
0.017402060096425934 -0.011188560096425932 0.021820765207794569
0.015839087935445344 -0.013527366771223924 0.020980530849338576
0.016107852721658562 -0.013125191421183296 0.018777505430167048
0.01690716627695734 -0.01069366627695734 0.025907720441788282
0.015364512846821774 -0.013002068326189931 0.026816542147644711
0.015773316607677147 -0.013410872087045302 0.02466731041055896
0.017315970037812711 -0.011102470037812713 0.023758488704702534
0.016899279927580911 -0.010685779927580913 0.019694973172766753
0.015605072552813541 -0.012622411252338275 0.016651713395139232
0.01562136546858095 -0.012617718149515749 0.029200933022485949
0.01623339781586846 -0.010019897815868459 0.036295565283435353
0.014939161652805445 -0.011956572218973404 0.03839685937034823
0.015810812686414814 -0.012828223252582774 0.036143120111888208
0.017105048849477833 -0.010891548849477828 0.034041826024975325
0.014666 -0.0084524999999999999 0.022595881393461036
0.013534211294805252 -0.0091552908071439384 0.042442538582263517
0.018514813478936791 -0.0079223929912754822 0.038853026701171807
0.014666 -0.0084524999999999999 0.032746756922435435
0.011966813478936793 -0.0075878929912754816 0.038893730221263606
0.017220577315873779 -0.0098590673943804268 0.04095432078808469
0.014666 -0.0084524999999999999 0.012475793751319356
0.017142155985516182 -0.01092865598551618 0.01197064598935701
0.016741077141379204 -0.010527577141379202 0.0090634186664139728
0.016347500000000001 -0.0043934999999999998 0.018711184304620744
0.012032779927580912 -0.006292279927580911 0.015552025409338492
0.016245778533988172 -0.013263189100156132 0.038732653715798322
0.01484082817598798 -0.010461907688326668 0.042778332927713617
0.011673235909740684 -0.0072129650905374109 0.006019324859989455
0.013748313051119888 -0.0092880422319166107 0.0026069497750840706
0.016188268750762305 -0.01334924582479443 0.042778332927713617
0.016899279927580911 -0.010685779927580913 0.01472437603007215
0.01938831347893679 -0.003528892991275481 0.039458284505540606
0.016347500000000001 -0.0043934999999999998 0.025807261490749585
0.019094735909740684 -0.0031539650905374108 0.005554346961711875
0.016935111727056272 -0.00947200085526545 0.0032604808010776158
0.015454952958694791 -0.012452112906107244 0.0058674305761616859
0.016347500000000001 -0.0043934999999999998 0.013740587161926145
0.015819248041101443 -0.012815600722036236 0.032409077938525682
0.016347500000000001 -0.0043934999999999998 0.030733222157896901
0.015689535072094127 -0.013102334809156379 0.011238169318612544
0.012040666276957339 -0.0063001662769573401 0.028860849864488863
0.015288456227957143 -0.012701255965019405 0.0083309419956695049
0.015859406666290366 -0.013496962145658525 0.022729586913651002
0.015847948610748813 -0.012865287310273546 0.013897983354424092
0.01338019919162361 -0.010376551872558403 0.031114008835985783
0.015061699191623612 -0.006317551872558406 0.029100474071447249
0.013648313478936792 -0.003528892991275481 0.036880195456725079
0.018221235909740684 -0.0075474650905374098 0.0064564688913299022
0.013354735909740683 -0.0031539650905374108 0.0072841182705962433
0.018221235909740684 0.0075474650905374098 0.039343502417329687
0.011673235909740684 0.0072129650905374109 0.036438052067622885
0.014666 0.0084524999999999999 0.030781554484952581
0.016347500000000001 0.0043934999999999998 0.031223697874054768
0.013354735909740683 0.0031539650905374112 0.036880195456725079
0.011673235909740684 0.0072129650905374109 0.0062647070644602518
0.019094735909740684 0.0031539650905374112 0.039458284505540626
0.013354735909740683 0.0031539650905374108 0.0072841182705962433
0.019094735909740684 0.0031539650905374108 0.005554346961711875
0.016347500000000001 0.0043934999999999998 0.012793176250285546
0.018221235909740684 0.0075474650905374098 0.0055090579796893031
0.014666 0.0084524999999999999 0.011773765044149554
0.014666 0.0084524999999999999 0.017414524568343043
0.016347500000000001 0.0043934999999999998 0.018433935774479035
0.014666 0.0084524999999999999 0.025087869571505678
0.016347500000000001 0.0043934999999999998 0.025530012960607879
0.015732235909740683 0.011271965090537413 0.037179483034355455
0.016262288302333811 -0.013452052839604371 0.065846891305062161
0.015869535082764182 -0.014039762508663064 0.064413999416243845
0.016670850420239813 -0.012840686986594765 0.06421904027580802
0.016848066576728472 -0.01063456657672847 0.058160874188692611
0.01552887790254164 -0.012608579520484541 0.056385773240701702
0.016640342113611754 -0.012800582858887225 0.048403700683644947
0.016108974614768321 -0.013595712730097492 0.050022822945740571
0.014876047283878438 -0.012362785399207607 0.051067730524428513
0.015407414782721871 -0.01156765552799734 0.049448608262332883
0.016358286387291057 -0.010144786387291056 0.051618981979084565
0.016045271006889229 -0.0135320091222184 0.051804873377666497
0.0175117607519878 -0.011298260751987796 0.060350743786392803
0.016364010132956582 -0.010150510132956585 0.061043444477797602
0.015838642387326803 -0.014000233574254155 0.048222573297879823
0.011491786387291055 -0.0057512863872910564 0.053456206190888575
0.016347500000000001 -0.0043934999999999998 0.054547460156489647
0.01198156657672847 -0.0062410665767284714 0.056385066744011447
0.016239467771892058 -0.013400444845924182 0.046718956428053807
0.017563941874367606 -0.0093452621319817641 0.046684744255591125
0.018514813478936791 -0.0079223929912754822 0.048855117972342814
0.013659099866227853 -0.009280179378566537 0.047763864006741742
0.016347500000000001 -0.0043934999999999998 0.058160491812974793
0.011497510132956582 -0.0057570101329565831 0.059267637033116438
0.014892027197117732 -0.010513106709456422 0.0467189564280538
0.013648313478936792 -0.003528892991275481 0.05069234218414681
0.01540929464029424 -0.01157913120664919 0.063197443819715482
0.013666176603307816 -0.0092920540261862434 0.064825294848969608
0.017561450977688891 -0.0093571649669222691 0.06587214897074585
0.01492773238325339 -0.010553609806131818 0.065846891305062161
0.01938831347893679 -0.003528892991275481 0.050624999990461113
0.018516166470351238 -0.0079285438932296601 0.063718149628827964
0.013649666470351237 -0.0035350438932296607 0.061942342184146813
0.016208321436115017 -0.013288023054057914 0.054194055540816827
0.016192572077800969 -0.013272273695743866 0.058575642838401901
0.016027599704528602 -0.013519135730397511 0.060954393022204928
0.011497510132956582 -0.0057570101329565831 0.064825294848969622
0.015039097713104226 -0.012118799331047128 0.053456912687578843
0.016557045259325456 -0.012726881825680403 0.062504743128310683
0.015755729921849822 -0.013925957347748704 0.062699702268746493
0.016358286387291057 -0.010144786387291056 0.055232013635569725
0.015732235909740683 0.011271965090537413 0.061882080089012359
0.019094735909740684 0.0031539650905374112 0.05062499999046112
0.011673235909740684 0.0072129650905374109 0.061881326688522045
0.013354735909740683 0.0031539650905374112 0.050692342184146817
0.013354735909740683 0.0031539650905374112 0.061942342184146813
0.018221235909740684 0.0075474650905374098 0.050625846133586352
0.016347500000000001 0.0043934999999999998 0.056318188317733178
0.018221235909740684 0.0075474650905374098 0.061875846133586342
0.014666 0.0084524999999999999 0.056257172822108417
0.011673235909740684 0.0072129650905374109 0.050631326688522056
0.016570500000000002 0.022783999999999999 0.084375000000000006
0.015013304304402959 0.022470486680467423 0.078678387080309442
0.01409665215220148 0.027145243340233712 0.073089193540154723
0.01409665215220148 0.027145243340233712 0.0787141935401547
0.01968365215220148 0.023412243340233712 0.073089193540154723
0.011900152152201479 0.021842243340233717 0.078693230741432751
0.01562465215220148 0.019353243340233712 0.078615787080084737
0.011900152152201479 0.021842243340233717 0.084339193540154719
0.01968365215220148 0.023412243340233712 0.0787141935401547
0.01562465215220148 0.019353243340233712 0.084339193540154719
0.011900152152201479 0.021842243340233717 0.073089193540154723
0.016570500000000002 0.022783999999999999 0.095624999999999988
0.016570500000000002 0.022783999999999999 0.10131148033682667
0.014708000000000002 0.024028000000000001 0.10917561884756562
0.014992506839966693 0.022664204790799582 0.1229204228604614
0.011889753419983346 0.021939102395399791 0.12346222563654276
0.015614253419983348 0.019450102395399797 0.1289602114302307
0.019673253419983348 0.023509102395399797 0.1289602114302307
0.019673253419983348 0.023509102395399797 0.12333521143023068
0.015614253419983348 0.019450102395399797 0.1217616866346527
0.014086253419983348 0.027242102395399797 0.12333521143023074
0.014086253419983348 0.027242102395399797 0.11771021143023074
0.011889753419983346 0.021939102395399791 0.11783317210388408
0.014086253419983348 0.027242102395399797 0.1289602114302307
0.011889753419983346 0.021939102395399791 0.1289602114302307
0.019673253419983348 0.023509102395399797 0.11771021143023068
0.016570500000000002 0.022783999999999999 0.11262296067365334
0.016495222545299976 -0.019228118782480871 0.076606691547671107
0.015874139627705057 -0.018607035864885949 0.074283635157959257
0.018873644677253769 -0.023373750539557255 0.076371458263660208
0.015959196355453523 -0.023192198454937904 0.076662176894299092
0.019494727594848688 -0.023994833457152177 0.07869451465337203
0.016734277339224567 -0.021338539192552977 0.070746458263660217
0.018074710482644162 -0.022678972335972564 0.070388194583406449
0.02021407782067336 -0.024714183682976849 0.076013194583406427
0.01681933406697303 -0.025923701782604929 0.073125000000000009
0.013790692957500159 -0.02464135093782923 0.083168116778545215
0.015683683662011005 -0.023376307612946023 0.085424684380359966
0.016051674716599559 -0.023130387426378456 0.08338075590070583
0.016051040050010693 -0.018492594779460522 0.082884553679584624
0.018793751248411449 -0.023430909228740523 0.083647882887767103
0.016133832461600519 -0.023075493053353831 0.080683713346261662
0.018875908993412408 -0.023376014855715894 0.080950840333322963
0.01535788717485348 -0.018952035825994171 0.072655535418873901
0.015873557923861813 -0.019467706575002509 0.069409077155213703
0.01330357656457274 -0.021501987069041838 0.069409077155213716
0.011945705261069198 -0.022408734834291441 0.076562457780221929
0.011429452808217619 -0.022753734795399667 0.074934358041136573
0.018981747448124031 -0.022088447448124032 0.087054070997339014
0.017638688496647424 -0.020745388496647421 0.086575840333322954
0.017639323163236291 -0.025383181143565359 0.087072042554444146
0.020136810199888062 -0.024773968180217133 0.084126113551783149
0.016371794983333732 -0.019310602659976913 0.078585377016588812
0.020108058869219087 -0.024785021117338542 0.070388194583406449
0.012805842972588709 -0.025140238161958473 0.073025280885922902
0.011733483364471914 -0.022551245217800324 0.071167572772049825
0.014863052565616954 -0.027230343881987376 0.08134732344036702
0.012120341367216196 -0.022292029432707368 0.080583994232184569
0.014945210310617912 -0.027175449508962751 0.07865028088592288
0.01483919135916364 -0.027246286943324448 0.073025280885922902
0.015683048995422139 -0.018738514966028089 0.084928482159238802
0.014528620910246976 -0.020690786880852928 0.088352641825915817
0.01636013020573613 -0.019466830205736127 0.087454506326716669
0.011822277699102952 -0.02249121871178748 0.078541143249139661
0.020218967944889015 -0.024719073807192508 0.081429070997339023
0.015835768793487276 -0.023274682332433936 0.078640862363216782
0.016669858651446975 -0.019111413380896801 0.080628227999633734
0.015442943902601943 -0.023537198416046127 0.075034077155213708
0.013790692957500159 -0.02464135093782923 0.087072042554444146
0.013155737270453011 -0.025065342444312647 0.12353805309442178
0.016531831937845236 -0.025851831937845238 0.12103889637412164
0.016507569208298243 -0.019097174382157883 0.12090554705279448
0.016266203658022053 -0.018855808831881697 0.12367603326881919
0.016290466387569046 -0.025610466387569048 0.12380938259014634
0.012907747454090604 -0.025231068488862533 0.12607131240103753
0.016018213841659648 -0.01902153487643158 0.12620929257543495
0.012923091154560164 -0.025220814637212985 0.0986724228364632
0.01323245577280082 -0.025014073186064915 0.10091058462208824
0.017048206240672638 -0.02636820624067264 0.099030942876369571
0.017100662013473454 -0.019562279426737553 0.098612929914206587
0.016791297395232802 -0.01976902087788562 0.096374768128581562
0.016035585708437404 -0.025355585708437409 0.11113786997561707
0.012917028864004093 -0.02522486593032456 0.10916441643793992
0.015772614572441498 -0.018760451638761964 0.10782813542143022
0.016213909038686625 -0.019201746105007089 0.10498794019228606
0.016476880174682532 -0.025796880174682534 0.10829767474647296
0.016531831937845236 -0.025851831937845238 0.11544027066231058
0.012921558738134838 -0.025221838716816325 0.11496988239360692
0.016273390675980073 -0.019253670654661555 0.11793600206379068
0.015773303606584015 -0.0187535835852655 0.1158065952161316
0.016031744868449174 -0.025351744868449176 0.11331086381465148
0.013491014600356488 -0.024841284107856812 0.112170464945471
0.016342759468805663 -0.018373028976305997 0.11300717776799564
0.016346600308793893 -0.018376869816294224 0.11083418392896129
0.016691884325262148 -0.026011884325262153 0.12672416052915031
0.01641963177935275 -0.019422952814124681 0.12912407051443892
0.01483213020573613 -0.027258830205736127 0.095664298792125596
0.014575221360296294 -0.020659644842949115 0.093008124044337601
0.018700336446408769 -0.021807036446408769 0.093366644084243972
0.016529335947483351 -0.018990953360747447 0.1023068850803722
0.016476880174682532 -0.025796880174682534 0.10272489804253514
0.012921558738134839 -0.025221838716816325 0.12056850810541798
0.012917028864004093 -0.02522486593032456 0.10359163973400212
0.014495384325262149 -0.020708884325262147 0.13238845932127585
0.016265242183240804 -0.019242965665893626 0.093008124044337601
0.01325053543738576 -0.025001990950824768 0.02360562705683782
0.013293878088380274 -0.024973026027123507 0.02178349840478672
0.016212861211818926 -0.01857200915056216 0.023000881930984856
0.016098983123438652 -0.025418983123438647 0.023614579127898268
0.016169518560824409 -0.018600974074263421 0.024823010583035959
0.012924702776429041 -0.025219737626384249 0.019519398393703015
0.01607813117057566 -0.025398131170575655 0.02164016486791057
0.016192009258955933 -0.018551157197699168 0.021026467670997161
0.015822833947004698 -0.018797868796959907 0.018762367659913456
0.013157132025245755 -0.025064410360897651 0.011362467511836741
0.012908026405049152 -0.025230882072179533 0.0089001090141148948
0.016019582863394648 -0.019022438530525029 0.0087306366002296645
0.016291556458345499 -0.025611556458345498 0.011209397767125262
0.016268688483591254 -0.018855966819243158 0.01119299509795151
0.016537282291727486 -0.025857282291727485 0.013972786225744336
0.016514414316973244 -0.019101692652625141 0.013956383556570584
0.012924702776429041 -0.025219737626384249 0.014010235683358199
0.016281985068156524 -0.019257019918111733 0.016604151728092043
0.016537282291727486 -0.025857282291727485 0.019481948936089157
0.016691995556974031 -0.026011995556974032 0.008298351138554684
0.016420021962023183 -0.019422877629153561 0.0058195899716590857
0.016991172198968379 -0.026311172198968377 0.036315393832166358
0.012852719292616161 -0.025267842577709327 0.035262489568491762
0.016663891491584537 -0.019759014776677707 0.037956753581668543
0.016013627209571481 -0.019108750494664647 0.035470343169034496
0.016340907916955322 -0.025660907916955321 0.033828983419532312
0.012769994642375382 -0.025323125610183291 0.031550972702850365
0.015930902559330704 -0.019164033527138614 0.031758826303393106
0.016120362028183607 -0.019353492995991525 0.029256919707998694
0.01653036738580823 -0.025850367385808228 0.031327076824137885
0.012769994642375382 -0.025323125610183291 0.025939005594205648
0.014164180034804814 -0.020933233719935704 0.040951924658996976
0.014491460742188655 -0.027485391142226371 0.039310564909494791
0.018302632941157037 -0.021976563341194758 0.042004828922671565
0.01653036738580823 -0.025850367385808228 0.025715109715493168
0.01449549555697403 -0.02070899555697403 0.0026089160480494374
0.016019460742188657 -0.019693391142226371 0.041260326732501074
0.01568897776581403 -0.018922108733621948 0.027156389120403791
0.016584422054233459 -0.019167797396794209 0.058441455775734445
0.015965438891533137 -0.018548814234093887 0.060751996291451602
0.016048822337596403 -0.023132303416806568 0.058390652118782894
0.018875318109589031 -0.023375423846238447 0.058611344172668715
0.01949430127228936 -0.023994407008938769 0.056300803656951552
0.018074959874469328 -0.022679221727797735 0.064607429565924065
0.016735950696234795 -0.021340212549563205 0.064236344172668713
0.020214327287823561 -0.02471443302447298 0.058982429565924047
0.016819334142298061 -0.02592370173227589 0.061875000000000006
0.015084938437835968 -0.01913089850928552 0.050364772678201206
0.015910861026745025 -0.018578952926309376 0.052074132272417521
0.015268928068555692 -0.019014276829983506 0.062392566453851335
0.0157829254605538 -0.019528274221981605 0.065656222281182633
0.011338682640797551 -0.022813969983964823 0.059982738722760123
0.012035193463774995 -0.022348507388075207 0.058342168560360383
0.017293631059981791 -0.020967561460019511 0.048452953868882528
0.018639455242859884 -0.022313385642897601 0.047950751505166818
0.020135187468932107 -0.024772345431310596 0.050878708951253113
0.017298653710449533 -0.025609742072865743 0.047927957446086307
0.018789363286054014 -0.023426521248432502 0.051380911314968816
0.013212944101264725 -0.021562554716020945 0.065656222281182647
0.013594228862231487 -0.02131411933371876 0.046911818809318682
0.016019460742188657 -0.019693391142226371 0.04752947357585216
0.016382096520386628 -0.019303007023252737 0.056337488549740182
0.012805705268476656 -0.025139905703544525 0.061826516441577495
0.011733483364471914 -0.022551245217800324 0.063655411763011052
0.020108308261044261 -0.02478527050916372 0.064607429565924052
0.011832867929928166 -0.022483717014533736 0.056238201334366127
0.011984412612956631 -0.022382443094260449 0.054197694845112485
0.020217345278497376 -0.024717451015146791 0.053575751505166816
0.01486291487226562 -0.027230011416383568 0.053504473887663787
0.014945072681830892 -0.027175117000219767 0.05620151644157749
0.015352311514618961 -0.023597766012696184 0.060031222281182635
0.015089961088303712 -0.023773079122131752 0.049839776255404977
0.015915883677212767 -0.023221133539155607 0.051549135849621286
0.013790692968260878 -0.024641350930639367 0.051657630555955368
0.018871521095619289 -0.023371626832268701 0.05407795386888252
0.015846496803749572 -0.023267513043265096 0.056286684892788638
0.014839053655051587 -0.027245954484910507 0.061826516441577495
0.015998041486778039 -0.023166239122991809 0.054246178403534982
0.012282768120042833 -0.025648728191492387 0.046911818809318682
0.016533641203415095 -0.019201733102979446 0.054296982060486547
0.016570500000000002 0.022783999999999999 0.033659824142265538
0.016570500000000002 0.022783999999999999 0.039375000000000042
0.014708000000000002 0.024028000000000001 0.025929483034355424
0.014994015115809244 0.022680117679180857 0.012088616135922978
0.011890507557904623 0.02194705883959043 0.011513164717759088
0.019674007557904626 0.023517058839590429 0.0060443080679614888
0.015615007557904622 0.019458058839590429 0.0060443080679614888
0.019674007557904626 0.023517058839590429 0.011669308067961508
0.015615007557904622 0.019458058839590429 0.013294090027450294
0.014087007557904624 0.027250058839590429 0.011669308067961464
0.011890507557904623 0.02194705883959043 0.017111405935209885
0.014087007557904624 0.027250058839590429 0.017294308067961457
0.014087007557904624 0.027250058839590429 0.0060443080679614888
0.011890507557904623 0.02194705883959043 0.0060443080679614888
0.019674007557904626 0.023517058839590429 0.017294308067961527
0.016570500000000002 0.022783999999999999 0.02231709786724843
0.016570500000000002 0.022783999999999999 0.050625000000000003
0.016570500000000002 0.022783999999999999 0.056253300715498063
0.016570500000000002 0.022783999999999999 0.061878300715498061
0.022783999999999999 0.016570500000000002 0.084375000000000006
0.022470467033826623 0.015013298004797662 0.078676937470864849
0.023412233516913312 0.019683649002398832 0.078713468735432432
0.019353233516913312 0.015624649002398832 0.084338468735432409
0.021842233516913317 0.01190014900239883 0.084338468735432409
0.021842233516913317 0.01190014900239883 0.078690090471805488
0.019353233516913312 0.015624649002398832 0.078615062275362427
0.027145233516913312 0.01409664900239883 0.078713468735432432
0.023412233516913312 0.019683649002398832 0.073088468735432413
0.027145233516913312 0.01409664900239883 0.073088468735432413
0.021842233516913317 0.01190014900239883 0.073088468735432413
0.022783999999999999 0.016570500000000002 0.095624999999999988
0.024028000000000001 0.014708000000000002 0.10917561884756562
0.022669727691913361 0.014996941183701464 0.12294496921064985
0.01945286384595668 0.015616470591850732 0.12897248460532493
0.021941863845956679 0.011891970591850732 0.1235142389672573
0.023511863845956681 0.019675470591850729 0.12897248460532493
0.023511863845956681 0.019675470591850729 0.12334748460532488
0.01945286384595668 0.015616470591850732 0.12177395980974692
0.027244863845956681 0.014088470591850734 0.12334748460532496
0.021941863845956679 0.011891970591850732 0.11792722300587688
0.027244863845956681 0.014088470591850734 0.11772248460532496
0.022809662951323327 0.014930189788196914 0.10260156138422136
0.022011831475661665 0.011858594894098457 0.10204619917499964
0.019522831475661664 0.015583094894098455 0.096300780692110691
0.022011831475661665 0.011858594894098457 0.096300780692110691
0.023581831475661664 0.019642094894098457 0.10192578069211068
0.019522831475661664 0.015583094894098455 0.10422639953967627
0.027314831475661664 0.014055094894098456 0.1019257806921107
0.027314831475661664 0.014055094894098461 0.10755078069211071
0.023581831475661664 0.019642094894098457 0.10755078069211065
0.027244863845956681 0.014088470591850732 0.12897248460532493
0.021941863845956679 0.011891970591850732 0.12897248460532493
0.023511863845956681 0.019675470591850729 0.11772248460532488
0.022783999999999999 0.016570500000000002 0.11270473840055192
0.021067045710593667 -0.013954415893435004 0.070671798283886908
0.020795167923201151 -0.014361249488912478 0.06892744555002786
0.021596482839376065 -0.013162174597271876 0.069124793356532765
0.021338490200287445 -0.016734350650470419 0.070746458263660217
0.018245265672419013 -0.016415486787947367 0.072173903813688059
0.018517143459811529 -0.016008653192469892 0.073918256547547107
0.021515836261489264 -0.01350631960654069 0.088312394497940067
0.020984235153343408 -0.014301799046994379 0.086689837369985492
0.020714088549441657 -0.014706042127039404 0.08849134763892845
0.02523898209688475 -0.012846836265840373 0.072666357485648189
0.022417635356408842 -0.012121138807839844 0.075838155769535093
0.022689079846102609 -0.014901073564875258 0.075912815749308402
0.022582660392271577 -0.011874197969723823 0.078209400749552085
0.018682168495674271 -0.01576171235435387 0.076289501527564113
0.021255779979832364 -0.017087236264479 0.086575840333322954
0.018521571755333633 -0.016007679364337966 0.083265677703308463
0.018251425151431883 -0.016411922444382991 0.085067187972251393
0.025174742343899572 -0.01320604590090323 0.087142335642562782
0.022972135227546701 -0.011331009560308507 0.085454730140502852
0.022440534119400845 -0.0121264890007622 0.083832173012548278
0.019303251413269194 -0.016382795271948792 0.078612557917275949
0.018760936421427347 -0.016931157536955701 0.06892744555002786
0.018684432811832911 -0.015763976670512513 0.080868883597226854
0.02260339517590013 -0.011882786306936744 0.081435378906466682
0.02399923850365538 -0.01948813477545052 0.07869451465337203
0.023378155586060465 -0.018867051857855598 0.076371458263660208
0.024718588729480049 -0.020207485001275189 0.076013194583406427
0.0258942019191079 -0.01708692909972527 0.087072087385216462
0.024774597472574728 -0.020135868368545463 0.084126158382555452
0.022598838931308967 -0.018430295215955607 0.087054070997339014
0.023431538521098125 -0.018792809417068856 0.083647927718539419
0.022678923343707032 -0.018074783793890006 0.070388194583406449
0.018787017889201233 -0.016947515182152338 0.088491347638928436
0.024785021132653549 -0.020108058846297863 0.070388194583406449
0.027278647482657764 -0.014979537473225554 0.078291357485648194
0.022551196225534788 -0.011733556675717766 0.07128185044391705
0.024723478853695705 -0.020212375125490848 0.081429070997339023
0.027350500885165337 -0.014911619053493093 0.084214423027779248
0.023271736132229423 -0.015840176262704165 0.078668043263903892
0.023380419902219098 -0.018869316174014241 0.080950840333322963
0.023322854751108447 -0.015763669505758783 0.081365130649120349
0.027329766101536791 -0.014903030716280172 0.080988444870864651
0.023159993694609173 -0.016007372199584244 0.08376192475520193
0.026520833511279849 -0.01599825752367829 0.07193363457316676
0.029170416755639927 -0.014589128761839144 0.069716817286583382
0.029170416755639927 -0.014589128761839144 0.075341817286583374
0.027310710770121236 -0.017372460489964769 0.069716817286583382
0.026555202626989884 -0.013505908351961752 0.074883174772231553
0.027244278366947733 -0.017471886644942092 0.075341817286583374
0.025204612981174719 -0.015339185437556907 0.069716817286583382
0.023995143873812168 -0.018733855880011387 0.072605011869989827
0.022654710730392581 -0.0173934227365918 0.072963275550243581
0.022783999999999999 0.016570500000000002 0.039375000000000042
0.022783999999999999 0.016570500000000002 0.033718502417329724
0.024028000000000001 0.014708000000000002 0.025929483034355483
0.024057818181818184 0.015585 0.010483392262374724
0.022635909090909088 0.012186000000000001 0.010750754110876668
0.020146909090909087 0.015910500000000001 0.0052416961311873627
0.024205909090909087 0.019969500000000001 0.0052416961311873627
0.024205909090909087 0.019969500000000001 0.010866696131187381
0.020146909090909087 0.015910500000000001 0.012491478090676168
0.027938909090909087 0.014382499999999999 0.010866696131187376
0.022635909090909088 0.012186000000000001 0.016391513635070153
0.027938909090909087 0.014382499999999999 0.016491696131187387
0.024205909090909087 0.019969500000000001 0.016491696131187398
0.027938909090909087 0.014382499999999999 0.0052416961311873627
0.022635909090909088 0.012186000000000001 0.0052416961311873627
0.022783999999999999 0.016570500000000002 0.022399817503882827
0.022783999999999999 0.016570500000000002 0.050625000000000003
0.022783999999999999 0.016570500000000002 0.056250846133586357
0.022783999999999999 0.016570500000000002 0.061875846133586362
0.024974346569864435 -0.013291902049232591 0.023588077702058664
0.024954027839019413 -0.013322306674797993 0.021839021637746245
0.025418983123438647 -0.016098983123438652 0.023668171289225937
0.018553010962458063 -0.016241289798236642 0.02300281300261672
0.018573329693303085 -0.016210885172671243 0.024751869066929132
0.02522279262523263 -0.012920131324757365 0.01963599621857472
0.025398131170575655 -0.01607813117057566 0.021693757029238241
0.018800923795808284 -0.015818262495333024 0.018825373323457489
0.018532159009595071 -0.01622043784537365 0.021028398742629018
0.025064379086577944 -0.0131571788236402 0.011540411300772321
0.025230875817315594 -0.01290803576472804 0.0090768998812645
0.025611556458345498 -0.016291556458345499 0.0113363817568069
0.019022432275661087 -0.016019592223073538 0.0087804434776976303
0.01885593554492344 -0.016268735281985698 0.011243954897205453
0.025857282291727485 -0.016537282291727486 0.014099770215425972
0.019101661378305428 -0.016514461115367685 0.014007343355824525
0.02522279262523263 -0.012920131324757365 0.014200225336583869
0.019260074916960118 -0.01627741361648485 0.016667157391636073
0.025857282291727485 -0.016537282291727486 0.019535541097416821
0.019422871374289621 -0.016420031321702069 0.0058693968491270532
0.026011995556974032 -0.016691995556974031 0.0084253351282363234
0.025231199191623609 -0.012907551872558407 0.025972468576899901
0.019713936035905363 -0.016731346602073323 0.037959149710756271
0.025222763836936987 -0.012920174403104945 0.035137837319514822
0.026311172198968377 -0.016991172198968379 0.036188345454101691
0.025660907916955321 -0.016340907916955322 0.033701935041467644
0.019063671753892307 -0.016081082320060266 0.035472739298122224
0.019072107108578928 -0.016068459789513729 0.031738697124759685
0.025231199191623609 -0.012907551872558407 0.03140379514615229
0.025850367385808228 -0.01653036738580823 0.031200028446073228
0.019261566577431839 -0.016257919258366633 0.029236790529365279
0.027768397213229216 -0.014280868799326156 0.039183516531430131
0.021171161050166198 -0.0140210432024311 0.040954320788084697
0.022259569412197595 -0.018092040998294531 0.042004828922671565
0.025850367385808228 -0.01653036738580823 0.02576870187682084
0.018830182315062265 -0.015826534995997055 0.027136259941770373
0.02070899555697403 -0.01449549555697403 0.0026089160480494374
0.019976397213229212 -0.015808868799326158 0.041260326732501074
0.021596480732872445 -0.013162177749410371 0.06587214897074585
0.020795165395396813 -0.014361253271478672 0.066067108111181688
0.021067035178075597 -0.013954431654127479 0.064321798864640123
0.021340163557297672 -0.016736024007480647 0.064236344172668713
0.018518806284303687 -0.016010342310172596 0.061058143037308818
0.018246936501624907 -0.016417163927523789 0.062803452283850383
0.020983158109816595 -0.014302367811242708 0.048303866517686769
0.021514525608660028 -0.013507237940032441 0.046684744255591125
0.02071282588237508 -0.014706888655399371 0.046503616869826014
0.022417624830356409 -0.01212115457121039 0.059155441383652099
0.025238982103350394 -0.01284683626851844 0.062333642519012002
0.022690753209578488 -0.014902746924563556 0.05906998669168069
0.022582597203628776 -0.011874292536556743 0.056776691199849072
0.018683778657576051 -0.015763480275518951 0.058679392853505791
0.018246598986938999 -0.016408190173866351 0.049956570738708531
0.018516931214380521 -0.016003669329709688 0.051756820386569286
0.021250567531022349 -0.017083039117119291 0.048452953868882528
0.022440281561726182 -0.01212686694346047 0.051161530871848632
0.022971649060569616 -0.0113317370722502 0.049542408609753001
0.025173917878368021 -0.013206236730870072 0.047857664354161882
0.019302761820276376 -0.016382463438219273 0.056368852337788641
0.018760933893623009 -0.016931161319521895 0.066067108111181688
0.022603331990951978 -0.011882880875299987 0.053550713034998962
0.018679981643606305 -0.015759683261549202 0.054146002549719609
0.023998812063869376 -0.019487708440278296 0.056300803656951552
0.024718838079403584 -0.020207734455812504 0.058982429565924047
0.023379828901169051 -0.01886872527757797 0.058611344172668715
0.022596391713900443 -0.018428863299997381 0.047950751505166818
0.024772974724872113 -0.020134245635787668 0.0508786641203616
0.023427150541994016 -0.018788421452909577 0.05138086648407731
0.025893377437430091 -0.017087119934442598 0.047927912615194794
0.018783280360245649 -0.016944871547173009 0.046503616869826014
0.022679172735532199 -0.01807503318571518 0.064607429565924065
0.024785270524478719 -0.02010830823812304 0.064607429565924052
0.027278647447221777 -0.014979537538615766 0.05670864251901199
0.022551196225534788 -0.011733556675717766 0.063718149628827991
0.024721856070077399 -0.020210752446486319 0.053575751505166816
0.027350500889339685 -0.01491161906666036 0.050785576969356656
0.02327167289521934 -0.01584027088957116 0.056318048680837091
0.023376031887199306 -0.018864928263608229 0.05407795386888252
0.023322791550014047 -0.015763764078872512 0.053620961296031874
0.027329766102016484 -0.014903030727917117 0.054011555134206767
0.023159741120788262 -0.016007750147032995 0.051231779132881551
0.026520833491397493 -0.015998257556047502 0.063066365469690772
0.029170416745698747 -0.014589128778023751 0.059658182734845376
0.029170416745698747 -0.014589128778023751 0.065283182734845388
0.027310710760180053 -0.017372460506149372 0.065283182734845388
0.026555202623514351 -0.013505908370824424 0.060116825253857371
0.025204612971233536 -0.015339185453741517 0.065283182734845402
0.027244278315104922 -0.017471886723838842 0.059658182734845376
0.023995393255696159 -0.018734105288021163 0.062390612300769442
0.022656384077461629 -0.017395096109786633 0.06201952690751409
0.025355585708437409 -0.016035585708437407 0.11114860493418877
0.025205987192430241 -0.012945278707028355 0.10904668347564005
0.018741572900867639 -0.015800864415465764 0.10769966750055864
0.018459690776313951 -0.016222668341902176 0.1099888039472435
0.024924105067876547 -0.013367082633464773 0.11133581992232489
0.025222431206865115 -0.012920672145452346 0.11534648470766704
0.025351744868449176 -0.016031744868449178 0.11332159877322316
0.018754176075314287 -0.015772417013901523 0.11617246257162003
0.018505067953214983 -0.016145178444499697 0.11391778418092484
0.024973323084765808 -0.013293433576050518 0.11309180631697184
0.025610466387569045 -0.01629046638756905 0.12365726205671657
0.025065230686573653 -0.013155904502955579 0.12344620597781494
0.018855697074142697 -0.016266370890524628 0.12373630668564214
0.019021512524883776 -0.016018247288160162 0.1262079982132385
0.025231046137314729 -0.012907780900591116 0.1259178975054113
0.025851831937845238 -0.016531831937845236 0.12088677584069184
0.019097062624418883 -0.016507736440800815 0.12096582046961744
0.019254263144710348 -0.016272504083297577 0.11830186941927912
0.025222431206865115 -0.012920672145452346 0.12078225492747664
0.025796880174682534 -0.016476880174682532 0.10830840970504464
0.019182867367112767 -0.016242158881710888 0.10485947227141452
0.025851831937845238 -0.016531831937845236 0.11545100562088226
0.026011884325262153 -0.016691884325262151 0.12657203999572053
0.019422930462576881 -0.016419665225853267 0.12912277615224249
0.021171039775625958 -0.014022267582273068 0.094042264346174437
0.019770024327377525 -0.016789795849377998 0.097408908430418398
0.022317427929593705 -0.018148884214240341 0.093366644084243972
0.027769221688921073 -0.014280677973567706 0.095816483715318715
0.02636820624067264 -0.017048206240672638 0.09918312779956269
0.025221818086704886 -0.012921589608705365 0.099858748061493141
0.019198698261387422 -0.016218469783387895 0.10110286359658401
0.025796880174682534 -0.016476880174682532 0.10287708296572826
0.025205987192430241 -0.012945278707028355 0.10361535673632366
0.018455849936325722 -0.016218827501913946 0.11216179778627788
0.019977221688921069 -0.015808677973567706 0.093750660931349164
0.020708884325262147 -0.014495384325262149 0.13238845932127585
0.027827999999999999 -0.0043934999999999998 0.07128185044391705
0.030515785871349961 -0.005506779590122606 0.072666357485648189
0.024796020654978504 -0.0055153679273355245 0.081517335642562763
0.024796020654978504 -0.0055153679273355245 0.087142335642562782
0.030536520654978503 -0.0055153679273355245 0.087142335642562782
0.030536520654978503 -0.0055153679273355245 0.081517335642562763
0.024775285871349959 -0.005506779590122606 0.078291357485648166
0.030515785871349961 -0.005506779590122606 0.078291357485648194
0.027827999999999999 0.0043934999999999998 0.12954175436193238
0.027827999999999999 0.0043934999999999998 0.11270473840055192
0.027827999999999999 0.0043934999999999998 0.10699541848288892
0.027827999999999999 0.0043934999999999998 0.12391675436193236
0.027827999999999999 0.0043934999999999998 0.11832973840055191
0.027827999999999999 0.0043934999999999998 0.095745418482888964
0.027827999999999999 0.0043934999999999998 0.10137041848288894
0.027827999999999999 0.0043934999999999998 0.073101621736373051
0.027827999999999999 0.0043934999999999998 0.07872662173637307
0.027827999999999999 0.0043934999999999998 0.084375000000000006
0.03053652066513881 -0.0055153679315439177 0.047857664354161861
0.024796020665138807 -0.0055153679315439177 0.053482664344622975
0.024796020665138807 -0.0055153679315439177 0.047857664354161861
0.03053652066513881 -0.0055153679315439177 0.053482664354161866
0.030515785877815605 -0.0055067795928006747 0.05670864251901199
0.025217173631416866 -0.0061496878827336215 0.057771945986313009
0.029829586815708437 -0.0030748439413668107 0.062635972993156513
0.029829586815708437 -0.0030748439413668107 0.057010972993156502
0.024089086815708437 -0.0030748439413668107 0.062635972993156513
0.023215586815708435 -0.0074683439413668097 0.05885412262198448
0.024089086815708437 -0.0030748439413668107 0.057010972983617625
0.028518586815708437 -0.0096648439413668102 0.062635972993156513
0.025903372693524041 -0.0085816235341674846 0.05746961551216849
0.025924107480847239 -0.0085902118729107284 0.054243637347318366
0.023215586815708435 -0.0074683439413668097 0.055241090965499326
0.023215586815708435 -0.0074683439413668097 0.062635972993156513
0.027390500000000002 -0.0065900000000000004 0.022602487731715609
0.027390500000000002 -0.0065900000000000004 0.005554346961711875
0.027827999999999999 -0.0043934999999999998 0.017706468891329871
0.027390500000000002 -0.0065900000000000004 0.01137076604189876
0.026526086857247749 -0.0052702873527595163 0.033411062321876142
0.023870043428623876 -0.007028643676379758 0.03920553116093807
0.029173043428623875 -0.0092251436763797594 0.03920553116093807
0.024743543428623872 -0.0026351436763797581 0.033663815666478691
0.029173043428623875 -0.0092251436763797594 0.033389047692368203
0.023870043428623876 -0.007028643676379758 0.033058557862109886
0.030484043428623875 -0.0026351436763797581 0.033580531160938037
0.024743543428623872 -0.0026351436763797581 0.028055828930475944
0.030484043428623875 -0.0026351436763797581 0.027955531160938039
0.030484043428623875 -0.0026351436763797581 0.03920553116093807
0.029173043428623875 -0.0092251436763797594 0.027957721123115804
0.027827999999999999 0.0043934999999999998 0.0055090579796893031
0.027390500000000002 0.0065900000000000004 0.033833284505540642
0.027390500000000002 0.0065900000000000004 0.039458284505540626
0.027827999999999999 0.0043934999999999998 0.011134057979689287
0.026507000804185533 0.0052728372266602156 0.022500063533604661
0.024734000402092768 0.0026364186133301078 0.016804378728514206
0.024734000402092768 0.0026364186133301078 0.022600329536340204
0.023860500402092769 0.0070299186133301076 0.02239984927068512
0.030474500402092767 0.0026364186133301078 0.022500031766802295
0.023860500402092769 0.0070299186133301076 0.016759089746491634
0.023860500402092769 0.0070299186133301076 0.028093534184132015
0.029163500402092767 0.009226418613330109 0.028125031766802356
0.029163500402092767 0.009226418613330109 0.016875031766802343
0.029163500402092767 0.009226418613330109 0.022500031766802354
0.030474500402092767 0.0026364186133301078 0.0281250317668023
0.024734000402092768 0.0026364186133301078 0.028208316272342947
0.030474500402092767 0.0026364186133301078 0.016875031766802315
0.027827999999999999 0.0043934999999999998 0.056250846133586357
0.027827999999999999 0.0043934999999999998 0.061874999999999999
0.027827999999999999 0.0043934999999999998 0.050625846133586352
0.027827999999999999 -0.0043934999999999998 0.10739697322007784
0.027390500000000002 -0.0065900000000000004 0.1014389569622709
0.027390500000000002 -0.0065900000000000004 0.095622473246952194
0.027827999999999999 -0.0043934999999999998 0.11232293394192208
0.026555620189989047 -0.0052592191502196881 0.1232341334992712
0.024758310094994525 -0.0026296095751098441 0.12358380052481684
0.023884810094994529 -0.0070231095751098439 0.12911706674963561
0.029187810094994528 -0.0092196095751098436 0.12911706674963561
0.029187810094994528 -0.0092196095751098436 0.12330064742408028
0.023884810094994529 -0.0070231095751098439 0.12266059783080038
0.030498810094994527 -0.0026296095751098441 0.12349206674963556
0.024758310094994525 -0.0026296095751098441 0.11802359542011832
0.030498810094994527 -0.0026296095751098441 0.11786706674963555
0.030498810094994527 -0.0026296095751098441 0.12911706674963561
0.029187810094994528 -0.0092196095751098436 0.11786487720427068
0.023884810094994529 -0.0070231095751098439 0.11769000069155772
$EndNodes
$Elements
246 4916 1 4916
2 1 9 8
4873 234 97 96 2929 714 2930
4874 234 96 98 2930 728 2931
4875 234 115 97 2932 808 2929
4876 234 98 117 2931 823 2933
4877 145 115 234 946 2932 2934
4878 143 234 117 2935 2933 943
4879 144 234 143 2936 2935 944
4880 144 145 234 945 2934 2936
2 2 9 5
4895 76 2740 58 2741 2742 621
4896 58 2740 98 2742 2743 727
4897 116 2740 76 2744 2741 821
4898 98 2740 117 2743 2745 823
4899 117 2740 116 2745 2744 822
2 3 9 5
4885 35 2500 29 2501 2502 379
4886 29 2500 96 2502 2503 708
4887 58 2500 35 2504 2501 517
4888 98 2500 58 2505 2504 727
4889 96 2500 98 2503 2505 728
2 4 9 5
4859 29 2485 28 2486 2487 342
4860 28 2485 51 2487 2488 474
4861 96 2485 29 2489 2486 708
4862 51 2485 97 2488 2490 720
4863 97 2485 96 2490 2489 714
2 5 9 5
4849 51 2725 82 2726 2727 642
4850 97 2725 51 2728 2726 720
4851 82 2725 114 2727 2729 807
4852 115 2725 97 2730 2728 808
4853 114 2725 115 2729 2730 814
2 6 9 5
4854 115 3317 114 3318 3319 814
4855 114 3317 164 3319 3320 1039
4856 145 3317 115 3321 3318 946
4857 179 3317 145 3322 3321 1141
4858 164 3317 179 3320 3322 1142
2 7 9 5
4864 144 3669 145 3670 3671 945
4865 192 3669 144 3672 3670 1236
4866 145 3669 179 3671 3673 1141
4867 179 3669 193 3673 3674 1238
4868 193 3669 192 3674 3672 1237
2 8 9 5
4890 143 3755 144 3756 3757 944
4891 182 3755 143 3758 3756 1181
4892 144 3755 192 3757 3759 1236
4893 197 3755 182 3760 3758 1260
4894 192 3755 197 3759 3760 1268
2 9 9 5
4900 116 3501 117 3502 3503 822
4901 177 3501 116 3504 3502 1124
4902 117 3501 143 3503 3505 943
4903 143 3501 182 3505 3506 1181
4904 182 3501 177 3506 3504 1175
2 10 9 2
4913 131 76 75 2855 604 900
4914 131 116 76 891 821 2855
2 11 9 2
4909 76 58 56 621 501 2169
4910 76 56 75 2169 620 604
2 12 9 2
4905 35 33 56 371 494 1890
4906 58 35 56 517 1890 501
2 13 9 2
4881 35 29 31 379 358 1591
4882 35 31 33 1591 368 371
2 14 9 2
4869 28 31 29 1568 358 342
4870 28 30 31 350 359 1568
2 15 9 2
4845 28 53 30 1824 485 350
4846 51 53 28 483 1824 474
2 16 9 2
4841 82 53 51 2237 483 642
4842 82 79 53 643 634 2237
2 17 9 2
4837 128 79 82 885 643 2835
4838 128 82 114 2835 807 887
2 18 9 2
4839 164 128 114 3050 887 1039
4840 161 128 164 1036 3050 1035
2 19 9 2
4843 206 161 164 1331 1035 3989
4844 206 164 179 3989 1142 1330
2 20 9 2
4847 206 179 193 1330 1238 4126
4848 222 206 193 1394 4126 1393
2 21 9 2
4871 232 193 192 4216 1237 1442
4872 232 222 193 1443 1393 4216
2 22 9 2
4883 232 192 197 1442 1268 4238
4884 232 197 219 4238 1388 1451
2 23 9 2
4907 209 197 182 4112 1260 1339
4908 219 197 209 1388 4112 1379
2 24 9 2
4911 209 177 178 4027 1126 1338
4912 209 182 177 1339 1175 4027
2 25 9 2
4915 177 116 131 1124 891 3295
4916 178 177 131 1126 3295 1125
2 26 9 8
4821 75 894 131 2856 898 900
4822 75 607 894 611 2857 2856
4823 77 132 892 901 895 2858
4824 77 892 605 2858 2859 608
4825 605 893 606 2860 2861 609
4826 605 892 893 2859 896 2860
4827 606 893 607 2861 2862 610
4828 607 893 894 2862 897 2857
2 27 9 8
4805 55 77 605 622 608 2170
4806 489 55 605 493 2170 2171
4807 56 607 75 2172 611 620
4808 56 487 607 490 2173 2172
4809 488 606 487 2174 2175 491
4810 487 606 607 2175 610 2173
4811 489 606 488 2176 2174 492
4812 489 605 606 2171 609 2176
2 28 9 8
4789 55 363 32 1832 367 486
4790 56 33 361 494 364 1833
4791 55 489 363 493 1834 1832
4792 56 361 487 1833 1835 490
4793 487 361 362 1835 365 1836
4794 489 362 363 1837 366 1834
4795 487 362 488 1836 1838 491
4796 489 488 362 492 1838 1837
2 29 9 8
4773 32 353 25 1576 357 360
4774 33 31 351 368 354 1577
4775 32 363 353 367 1578 1576
4776 33 351 361 1577 1579 364
4777 361 351 352 1579 355 1580
4778 363 352 353 1581 356 1578
4779 361 352 362 1580 1582 365
4780 363 362 352 366 1582 1581
2 30 9 8
4757 25 345 22 1569 349 318
4758 25 353 345 357 1570 1569
4759 31 30 351 359 1571 354
4760 351 30 343 1571 346 1572
4761 351 343 344 1572 347 1573
4762 353 344 345 1574 348 1570
4763 352 351 344 355 1573 1575
4764 352 344 353 1575 1574 356
2 31 9 8
4741 22 477 54 1825 481 484
4742 22 345 477 349 1826 1825
4743 30 53 475 485 478 1827
4744 30 475 343 1827 1828 346
4745 344 343 475 347 1828 1829
4746 344 476 345 1830 1831 348
4747 344 475 476 1829 479 1830
4748 345 476 477 1831 480 1826
2 32 9 8
4725 79 475 53 2224 478 634
4726 80 54 477 633 481 2225
4727 626 475 79 2226 2224 629
4728 628 80 477 632 2225 2227
4729 626 476 475 2228 479 2226
4730 628 477 476 2227 480 2229
4731 626 627 476 630 2230 2228
4732 628 476 627 2229 2230 631
2 33 9 8
4709 128 626 79 2827 629 885
4710 129 80 628 884 632 2828
4711 877 626 128 2829 2827 880
4712 129 628 879 2828 2830 883
4713 878 627 626 2831 630 2832
4714 877 878 626 881 2832 2829
4715 879 628 627 2830 631 2833
4716 879 627 878 2833 2831 882
2 34 9 8
4717 161 877 128 3035 880 1036
4718 162 129 879 1037 883 3036
4719 1020 877 161 3037 3035 1023
4720 162 879 1022 3036 3038 1026
4721 1020 878 877 3039 881 3037
4722 1022 879 878 3038 882 3040
4723 1020 1021 878 1024 3041 3039
4724 1022 878 1021 3040 3041 1025
2 35 9 8
4733 206 1020 161 3975 1023 1331
4734 207 162 1022 1332 1026 3976
4735 206 1320 1020 1323 3977 3975
4736 207 1022 1322 3976 3978 1326
4737 1320 1021 1020 3979 1024 3977
4738 1322 1022 1021 3978 1025 3980
4739 1320 1321 1021 1324 3981 3979
4740 1322 1021 1321 3980 3981 1325
2 36 9 8
4749 206 222 1395 1394 1398 4141
4750 206 1395 1320 4141 4142 1323
4751 207 1397 223 4143 1401 1403
4752 1322 1397 207 4144 4143 1326
4753 1321 1320 1396 1324 4145 4146
4754 1320 1395 1396 4142 1399 4145
4755 1322 1321 1396 1325 4146 4147
4756 1322 1396 1397 4147 1400 4144
2 37 9 8
4765 222 232 1444 1443 1447 4224
4766 222 1444 1395 4224 4225 1398
4767 223 1446 230 4226 1450 1437
4768 1397 1446 223 4227 4226 1401
4769 1396 1395 1445 1399 4228 4229
4770 1395 1444 1445 4225 1448 4228
4771 1397 1396 1445 1400 4229 4230
4772 1397 1445 1446 4230 1449 4227
2 38 9 8
4781 232 219 1381 1451 1384 4231
4782 1446 220 230 4232 1452 1450
4783 1446 1383 220 4233 1387 4232
4784 1444 232 1381 1447 4231 4234
4785 1445 1381 1382 4235 1385 4236
4786 1445 1444 1381 1448 4234 4235
4787 1445 1382 1383 4236 1386 4237
4788 1446 1445 1383 1449 4237 4233
2 39 9 8
4797 219 209 1381 1379 4105 1384
4798 1381 209 1341 4105 1344 4106
4799 1383 210 220 4107 1380 1387
4800 1383 1343 210 4108 1347 4107
4801 1381 1341 1342 4106 1345 4109
4802 1382 1342 1343 4110 1346 4111
4803 1382 1381 1342 1385 4109 4110
4804 1382 1343 1383 4111 4108 1386
2 40 9 8
4813 166 210 1127 1340 4028 1130
4814 178 1129 209 1133 4029 1338
4815 1129 1341 209 4030 1344 4029
4816 1127 210 1343 4028 1347 4031
4817 1127 1343 1128 4031 4032 1131
4818 1129 1128 1341 1132 4033 4030
4819 1128 1342 1341 4034 1345 4033
4820 1128 1343 1342 4032 1346 4034
2 41 9 8
4829 131 894 178 898 3296 1125
4830 132 166 892 1042 3297 895
4831 892 166 1127 3297 1130 3298
4832 894 1129 178 3299 1133 3296
4833 892 1127 893 3298 3300 896
4834 893 1128 894 3301 3302 897
4835 893 1127 1128 3300 1131 3301
4836 894 1128 1129 3302 1132 3299
2 42 9 2
4705 77 84 132 653 2864 901
4706 84 133 132 902 903 2864
2 43 9 5
4698 60 2256 55 2257 2258 527
4699 55 2256 77 2258 2259 622
4700 650 2256 60 2260 2257 651
4701 77 2256 84 2259 2261 653
4702 84 2256 650 2261 2260 652
2 44 9 5
4691 36 1939 32 1940 1941 381
4692 32 1939 55 1941 1942 486
4693 524 1939 36 1943 1940 525
4694 55 1939 60 1942 1944 527
4695 60 1939 524 1944 1943 526
2 45 9 2
4687 32 25 24 360 317 1599
4688 32 24 36 1599 380 381
2 46 9 2
4683 24 22 23 1537 315 316
4684 25 22 24 318 1537 317
2 47 9 2
4676 22 59 23 1931 519 315
4677 22 54 59 484 518 1931
2 48 9 2
4669 80 59 54 2248 518 633
4670 83 59 80 645 2248 644
2 49 9 2
4665 129 83 80 2843 644 884
4666 130 83 129 889 2843 888
2 50 9 2
4667 162 130 129 3060 888 1037
4668 168 130 162 1050 3060 1049
2 51 9 5
4671 162 3990 168 3991 3992 1049
4672 207 3990 162 3993 3991 1332
4673 168 3990 1334 3992 3994 1336
4674 208 3990 207 3995 3993 1333
4675 1334 3990 208 3994 3995 1335
2 52 9 5
4678 207 4148 208 4149 4150 1333
4679 223 4148 207 4151 4149 1403
4680 208 4148 1405 4150 4152 1407
4681 224 4148 223 4153 4151 1404
4682 1405 4148 224 4152 4153 1406
2 53 9 2
4685 223 230 224 1437 4210 1404
4686 224 230 231 4210 1438 1439
2 54 9 2
4689 230 220 221 1452 1391 4240
4690 231 230 221 1438 4240 1453
2 55 9 2
4696 221 210 211 4121 1350 1390
4697 220 210 221 1380 4121 1391
2 56 9 2
4703 166 165 210 1043 4042 1340
4704 165 211 210 1349 1350 4042
2 57 9 2
4707 132 133 166 903 3052 1042
4708 133 165 166 1040 1043 3052
2 58 9 2
4661 84 62 133 654 2865 902
4662 62 125 133 863 904 2865
2 59 9 4
4655 60 45 650 528 2262 651
4656 45 542 650 543 2263 2262
4657 542 62 84 544 654 2264
4658 650 542 84 2263 2264 652
2 60 9 4
4649 524 36 16 525 382 1945
4650 419 524 16 1946 1945 420
4651 60 419 45 1947 421 528
4652 60 524 419 526 1946 1947
2 61 9 2
4645 36 4 16 1600 286 382
4646 36 24 4 380 320 1600
2 62 9 2
4641 4 23 1 1538 319 238
4642 24 23 4 316 1538 320
2 63 9 2
4635 23 37 1 1932 390 319
4636 23 59 37 519 520 1932
2 64 9 2
4629 83 37 59 2249 520 645
4630 68 37 83 579 2249 646
2 65 9 2
4625 130 68 83 2844 646 889
4626 122 68 130 849 2844 890
2 66 9 2
4627 168 122 130 3061 890 1050
4628 158 122 168 1009 3061 1051
2 67 9 4
4631 1301 158 168 1303 1051 3996
4632 1334 1301 168 3997 3996 1336
4633 208 204 1334 1337 3998 1335
4634 204 1301 1334 1302 3997 3998
2 68 9 4
4637 208 1405 204 1407 4154 1337
4638 204 1405 1373 4154 4155 1374
4639 1373 224 218 4156 1408 1375
4640 1405 224 1373 1406 4156 4155
2 69 9 2
4643 224 231 218 1439 4211 1408
4644 218 231 228 4211 1440 1421
2 70 9 2
4647 231 221 212 1453 1392 4241
4648 228 231 212 1440 4241 1435
2 71 9 2
4653 212 211 198 4122 1351 1352
4654 221 211 212 1390 4122 1392
2 72 9 2
4659 165 149 211 1041 4043 1349
4660 149 198 211 1280 1351 4043
2 73 9 2
4663 133 125 165 904 3051 1040
4664 125 149 165 977 1041 3051
2 74 9 2
4621 62 61 125 541 2805 863
4622 61 124 125 861 862 2805
2 75 9 4
4615 45 44 538 418 539 2005
4616 45 538 542 2005 2006 543
4617 542 61 62 2007 541 544
4618 538 61 542 540 2007 2006
2 76 9 4
4609 419 16 15 420 285 1642
4610 415 419 15 1643 1642 416
4611 45 415 44 1644 417 418
4612 45 419 415 421 1643 1644
2 77 9 2
4605 16 4 3 286 237 1499
4606 16 3 15 1499 284 285
2 78 9 2
4601 3 1 2 1455 235 236
4602 4 1 3 238 1455 237
2 79 9 2
4595 1 38 2 1613 389 235
4596 1 37 38 390 388 1613
2 80 9 2
4589 68 38 37 2133 388 579
4590 69 38 68 578 2133 577
2 81 9 2
4585 122 69 68 2784 577 849
4586 121 69 122 847 2784 848
2 82 9 2
4587 158 121 122 3013 848 1009
4588 159 121 158 1011 3013 1010
2 83 9 4
4591 1301 159 158 3838 1010 1303
4592 1296 159 1301 1298 3838 3839
4593 204 202 1296 1304 1297 3840
4594 204 1296 1301 3840 3839 1302
2 84 9 4
4597 204 1368 202 4075 1370 1304
4598 204 1373 1368 1374 4076 4075
4599 1373 218 216 1375 1376 4077
4600 1368 1373 216 4076 4077 1369
2 85 9 2
4603 218 228 216 1421 4185 1376
4604 216 228 226 4185 1422 1418
2 86 9 2
4607 228 212 213 1435 1354 4207
4608 226 228 213 1422 4207 1436
2 87 9 2
4613 213 198 199 4047 1282 1353
4614 212 198 213 1352 4047 1354
2 88 9 2
4619 149 150 198 979 3811 1280
4620 150 199 198 1281 1282 3811
2 89 9 2
4623 125 124 149 862 2980 977
4624 124 150 149 978 979 2980
2 90 9 2
4581 61 63 124 546 2806 861
4582 63 126 124 864 865 2806
2 91 9 5
4574 46 2008 44 2009 2010 423
4575 44 2008 538 2010 2011 539
4576 63 2008 46 2012 2009 545
4577 61 2008 63 2013 2012 546
4578 538 2008 61 2011 2013 540
2 92 9 5
4567 17 1645 15 1646 1647 288
4568 15 1645 415 1647 1648 416
4569 46 1645 17 1649 1646 422
4570 44 1645 46 1650 1649 423
4571 415 1645 44 1648 1650 417
2 93 9 2
4563 15 3 6 284 241 1500
4564 15 6 17 1500 287 288
2 94 9 2
4559 3 2 6 236 1456 241
4560 6 2 5 1456 239 240
2 95 9 2
4552 2 39 5 1614 392 239
4553 2 38 39 389 391 1614
2 96 9 2
4545 69 39 38 2134 391 578
4546 70 39 69 581 2134 580
2 97 9 2
4541 121 70 69 2783 580 847
4542 120 70 121 846 2783 845
2 98 9 2
4543 159 120 121 3014 845 1011
4544 154 120 159 1005 3014 1012
2 99 9 5
4547 159 3832 154 3833 3834 1012
4548 154 3832 203 3834 3835 1300
4549 1296 3832 159 3836 3833 1298
4550 203 3832 202 3835 3837 1299
4551 202 3832 1296 3837 3836 1297
2 100 9 5
4554 202 4069 203 4070 4071 1299
4555 1368 4069 202 4072 4070 1370
4556 203 4069 217 4071 4073 1372
4557 217 4069 216 4073 4074 1371
4558 216 4069 1368 4074 4072 1369
2 101 9 2
4561 216 226 217 1418 4184 1371
4562 217 226 227 4184 1419 1420
2 102 9 2
4565 226 213 214 1436 1356 4208
4566 227 226 214 1419 4208 1425
2 103 9 2
4572 214 199 200 4048 1284 1355
4573 213 199 214 1353 4048 1356
2 104 9 2
4579 150 151 199 981 3812 1281
4580 151 200 199 1283 1284 3812
2 105 9 2
4583 124 126 150 865 2981 978
4584 126 151 150 980 981 2981
2 106 9 8
4525 63 870 126 2819 874 864
4526 63 560 870 563 2820 2819
4527 66 127 868 876 871 2821
4528 66 868 562 2821 2822 566
4529 561 869 560 2823 2824 564
4530 560 869 870 2824 873 2820
4531 562 869 561 2825 2823 565
4532 562 868 869 2822 872 2825
2 107 9 8
4509 46 560 63 2085 563 545
4510 46 444 560 447 2086 2085
4511 49 66 562 575 566 2087
4512 446 49 562 450 2087 2088
4513 445 561 444 2089 2090 448
4514 444 561 560 2090 564 2086
4515 446 561 445 2091 2089 449
4516 446 562 561 2088 565 2091
2 108 9 8
4493 46 17 299 422 302 1721
4494 49 301 20 1722 305 443
4495 46 299 444 1721 1723 447
4496 49 446 301 450 1724 1722
4497 444 299 300 1723 303 1725
4498 446 300 301 1726 304 1724
4499 444 300 445 1725 1727 448
4500 446 445 300 449 1727 1726
2 109 9 8
4477 17 6 277 287 280 1515
4478 20 279 14 1516 283 298
4479 17 277 299 1515 1517 302
4480 20 301 279 305 1518 1516
4481 299 277 278 1517 281 1519
4482 301 278 279 1520 282 1518
4483 299 278 300 1519 1521 303
4484 301 300 278 304 1521 1520
2 110 9 8
4461 6 5 277 240 1492 280
4462 277 5 267 1492 270 1493
4463 14 269 13 1494 273 275
4464 14 279 269 283 1495 1494
4465 277 267 268 1493 271 1496
4466 279 268 269 1497 272 1495
4467 278 277 268 281 1496 1498
4468 278 268 279 1498 1497 282
2 111 9 8
4445 5 39 406 392 409 1635
4446 5 406 267 1635 1636 270
4447 13 408 43 1637 412 414
4448 13 269 408 273 1638 1637
4449 268 267 406 271 1636 1639
4450 268 407 269 1640 1641 272
4451 268 406 407 1639 410 1640
4452 269 407 408 1641 411 1638
2 112 9 8
4429 70 406 39 2143 409 581
4430 73 43 408 596 412 2144
4431 589 406 70 2145 2143 592
4432 591 73 408 595 2144 2146
4433 589 407 406 2147 410 2145
4434 591 408 407 2146 411 2148
4435 589 590 407 593 2149 2147
4436 591 407 590 2148 2149 594
2 113 9 8
4413 120 589 70 2790 592 846
4414 123 73 591 859 595 2791
4415 852 589 120 2792 2790 855
4416 123 591 854 2791 2793 858
4417 853 590 589 2794 593 2795
4418 852 853 589 856 2795 2792
4419 854 591 590 2793 594 2796
4420 854 590 853 2796 2794 857
2 114 9 8
4421 154 852 120 2997 855 1005
4422 155 123 854 1006 858 2998
4423 989 852 154 2999 2997 992
4424 155 854 991 2998 3000 995
4425 989 853 852 3001 856 2999
4426 991 854 853 3000 857 3002
4427 989 990 853 993 3003 3001
4428 991 853 990 3002 3003 994
2 115 9 8
4437 203 989 154 3923 992 1300
4438 205 155 991 1319 995 3924
4439 203 1311 989 1314 3925 3923
4440 205 991 1313 3924 3926 1317
4441 1311 990 989 3927 993 3925
4442 1313 991 990 3926 994 3928
4443 1311 1312 990 1315 3929 3927
4444 1313 990 1312 3928 3929 1316
2 116 9 8
4453 203 217 1409 1372 1412 4177
4454 203 1409 1311 4177 4178 1314
4455 205 1411 225 4179 1415 1417
4456 1313 1411 205 4180 4179 1317
4457 1312 1311 1410 1315 4181 4182
4458 1311 1409 1410 4178 1413 4181
4459 1313 1312 1410 1316 4182 4183
4460 1313 1410 1411 4183 1414 4180
2 117 9 8
4469 217 227 1427 1420 1430 4243
4470 217 1427 1409 4243 4244 1412
4471 225 1429 229 4245 1433 1454
4472 1411 1429 225 4246 4245 1415
4473 1410 1409 1428 1413 4247 4248
4474 1409 1427 1428 4244 1431 4247
4475 1411 1410 1428 1414 4248 4249
4476 1411 1428 1429 4249 1432 4246
2 118 9 8
4485 227 214 1360 1425 1363 4191
4486 1429 215 229 4192 1426 1433
4487 1429 1362 215 4193 1366 4192
4488 1427 227 1360 1430 4191 4194
4489 1428 1360 1361 4195 1364 4196
4490 1428 1427 1360 1431 4194 4195
4491 1428 1361 1362 4196 1365 4197
4492 1429 1428 1362 1432 4197 4193
2 119 9 8
4501 214 200 1360 1355 4054 1363
4502 1360 200 1288 4054 1291 4055
4503 1362 201 215 4056 1359 1366
4504 1362 1290 201 4057 1294 4056
4505 1360 1288 1289 4055 1292 4058
4506 1361 1289 1290 4059 1293 4060
4507 1361 1360 1289 1364 4058 4059
4508 1361 1290 1362 4060 4057 1365
2 120 9 8
4517 151 1094 200 1097 3818 1283
4518 172 201 1096 1287 3819 1100
4519 1094 1288 200 3820 1291 3818
4520 1096 201 1290 3819 1294 3821
4521 1094 1095 1288 1098 3822 3820
4522 1096 1290 1095 3821 3823 1099
4523 1095 1289 1288 3824 1292 3822
4524 1095 1290 1289 3823 1293 3824
2 121 9 8
4533 126 870 151 874 3238 980
4534 127 172 868 1093 3239 871
4535 870 1094 151 3240 1097 3238
4536 868 172 1096 3239 1100 3241
4537 868 1096 869 3241 3242 872
4538 869 1095 870 3243 3244 873
4539 869 1096 1095 3242 1099 3243
4540 870 1095 1094 3244 1098 3240
2 122 9 8
4369 233 90 89 2900 673 2899
4370 233 89 92 2899 697 2901
4371 233 105 90 2902 756 2900
4372 233 92 111 2901 796 2903
4373 142 105 233 925 2902 2904
4374 140 233 111 2905 2903 922
4375 141 233 140 2906 2905 923
4376 141 142 233 924 2904 2906
2 123 9 5
4391 67 2696 50 2698 2697 576
4392 50 2696 92 2697 2699 696
4393 110 2696 67 2700 2698 782
4394 92 2696 111 2699 2701 796
4395 111 2696 110 2701 2700 795
2 124 9 5
4381 21 2414 12 2416 2415 307
4382 12 2414 89 2415 2417 672
4383 50 2414 21 2418 2416 452
4384 92 2414 50 2419 2418 696
4385 89 2414 92 2417 2419 697
2 125 9 5
4355 12 2335 11 2337 2336 259
4356 11 2335 42 2336 2338 405
4357 89 2335 12 2339 2337 672
4358 42 2335 90 2338 2340 674
4359 90 2335 89 2340 2339 673
2 126 9 5
4345 42 2628 74 2630 2629 597
4346 90 2628 42 2631 2630 674
4347 74 2628 104 2629 2632 755
4348 105 2628 90 2633 2631 756
4349 104 2628 105 2632 2633 757
2 127 9 5
4350 105 3232 104 3234 3233 757
4351 104 3232 156 3233 3235 1007
4352 142 3232 105 3236 3234 925
4353 171 3232 142 3237 3236 1076
4354 156 3232 171 3235 3237 1092
2 128 9 5
4360 141 3626 142 3628 3627 924
4361 187 3626 141 3629 3628 1203
4362 142 3626 171 3627 3630 1076
4363 171 3626 188 3630 3631 1219
4364 188 3626 187 3631 3629 1211
2 129 9 5
4386 140 3650 141 3652 3651 923
4387 176 3650 140 3653 3652 1118
4388 141 3650 187 3651 3654 1203
4389 191 3650 176 3655 3653 1227
4390 187 3650 191 3654 3655 1228
2 130 9 5
4396 110 3278 111 3280 3279 795
4397 173 3278 110 3281 3280 1101
4398 111 3278 140 3279 3282 922
4399 140 3278 176 3282 3283 1118
4400 176 3278 173 3283 3281 1117
2 131 9 2
4409 127 67 66 2826 567 876
4410 127 110 67 875 782 2826
2 132 9 2
4405 49 67 50 2092 576 451
4406 66 67 49 567 2092 575
2 133 9 2
4401 49 21 20 1728 306 443
4402 49 50 21 451 452 1728
2 134 9 2
4377 21 12 14 307 276 1522
4378 21 14 20 1522 298 306
2 135 9 2
4365 11 14 12 1484 276 259
4366 11 13 14 274 275 1484
2 136 9 2
4341 11 43 13 1634 414 274
4342 42 43 11 413 1634 405
2 137 9 2
4337 74 43 42 2150 413 597
4338 74 73 43 598 596 2150
2 138 9 2
4333 74 123 73 2797 859 598
4334 74 104 123 755 860 2797
2 139 9 2
4335 156 123 104 3004 860 1007
4336 156 155 123 996 1006 3004
2 140 9 2
4339 156 205 155 3930 1319 996
4340 171 205 156 1318 3930 1092
2 141 9 2
4343 205 171 188 1318 1219 4176
4344 225 205 188 1417 4176 1416
2 142 9 2
4367 229 188 187 4242 1211 1434
4368 229 225 188 1454 1416 4242
2 143 9 2
4379 191 229 187 4199 1434 1228
4380 215 229 191 1426 4199 1367
2 144 9 2
4403 201 191 176 4061 1227 1295
4404 215 191 201 1367 4061 1359
2 145 9 2
4407 172 201 173 1287 3825 1102
4408 201 176 173 1295 1117 3825
2 146 9 2
4411 173 110 127 1101 875 3245
4412 172 173 127 1102 3245 1093
3 1 11 68
3669 952 730 956 962 5309 5310 2955 5311 2961 5312
3670 2937 957 147 963 5313 960 2945 5314 2958 2959
3671 729 832 119 2937 2762 834 2760 5315 2942 5316
3672 96 98 731 234 728 735 2556 2930 5317 2931
3673 731 117 833 234 2759 836 2761 5317 5318 2933
3674 145 234 115 961 2934 2932 946 964 2964 5319
3675 731 710 96 234 2557 713 2556 5317 2930 5320
3676 117 731 98 234 2759 735 823 2933 2931 5317
3677 144 234 145 961 2936 2934 945 2956 964 5319
3678 809 810 715 962 812 2718 2715 2967 5321 2966
3679 833 832 730 952 835 2763 2764 2950 5309 2949
3680 956 957 952 962 959 2954 2955 2961 5311 2960
3681 146 957 147 2937 2953 960 948 2944 2945 5313
3682 146 119 832 2937 947 834 2948 2944 5316 2942
3683 716 97 96 234 719 714 2477 5322 2930 2929
3684 716 115 97 234 2716 808 719 5322 2929 2932
3685 143 951 117 234 953 2946 943 2935 2933 5323
3686 951 143 144 234 953 944 2951 5323 2936 2935
3687 951 833 117 234 2947 836 2946 5323 2933 5318
3688 716 96 710 234 2477 713 2478 5322 5320 2930
3689 99 729 119 2937 732 2760 838 2940 2942 5315
3690 147 148 2937 963 949 2943 2945 2958 5314 967
3691 99 94 729 2937 739 2554 732 2940 5315 2939
3692 2937 148 113 963 2943 950 2941 5314 2962 967
3693 709 730 729 832 2559 733 2555 5324 2762 2763
3694 962 809 709 715 2967 5325 5326 5321 2476 2715
3695 956 710 962 730 5327 5328 2961 5310 5312 2558
3696 710 951 730 956 5329 5330 2558 5327 5310 2952
3697 952 951 730 833 954 5330 5309 2950 2764 2947
3698 952 730 951 956 5309 5330 954 2955 2952 5310
3699 809 832 962 709 5331 5332 2967 5325 5326 5324
3700 730 962 832 709 5312 5332 2763 2559 5324 5326
3701 730 832 962 952 2763 5332 5312 5309 5311 2949
3702 234 833 710 951 5318 5333 5320 5323 5329 2947
3703 234 710 833 731 5320 5333 5318 5317 2761 2557
3704 730 710 833 951 2558 5333 2764 5330 2947 5329
3705 730 833 710 731 2764 5333 2558 734 2557 2761
3706 715 716 962 810 718 5334 5321 2718 2966 2717
3707 715 962 716 710 5321 5334 718 2479 2478 5328
3708 956 716 962 710 5335 5334 2961 5327 5328 2478
3709 709 710 962 715 712 5328 5326 2476 5321 2479
3710 962 710 709 730 5328 712 5326 5312 2559 2558
3711 962 957 809 963 2960 5336 2967 966 2963 2959
3712 2937 809 957 963 5337 5336 5313 5314 2959 2963
3713 94 709 2937 95 711 5338 2939 706 2938 2475
3714 2937 709 94 729 5338 711 2939 5315 2554 2555
3715 2937 113 809 963 2941 811 5337 5314 2963 2962
3716 2937 809 113 95 5337 811 2941 2938 798 2714
3717 144 956 234 961 958 5339 2936 2956 5319 2957
3718 144 234 956 951 2936 5339 958 2951 2952 5323
3719 956 710 234 716 5327 5320 5339 5335 5322 2478
3720 234 710 956 951 5320 5327 5339 5323 2952 5329
3721 952 962 809 832 5311 2967 5340 2949 5331 5332
3722 952 809 962 957 5340 2967 5311 2954 2960 5336
3723 2937 952 809 832 5341 5340 5337 5316 5331 2949
3724 2937 809 952 957 5337 5340 5341 5313 2954 5336
3725 146 952 2937 832 955 5341 2944 2948 5316 2949
3726 146 2937 952 957 2944 5341 955 2953 2954 5313
3727 95 809 709 2937 2714 5325 2475 2938 5338 5337
3728 709 809 95 715 5325 2714 2475 2476 717 2715
3729 810 115 234 961 813 2932 5342 2965 5319 2964
3730 810 234 115 716 5342 2932 813 2717 2716 5322
3731 956 810 234 961 5343 5342 5339 2957 5319 2965
3732 956 234 810 716 5339 5342 5343 5335 2717 5322
3733 962 810 956 961 2966 5343 2961 965 2957 2965
3734 962 956 810 716 2961 5343 2966 5334 2717 5335
3735 2937 709 832 809 5338 5324 5316 5337 5331 5325
3736 832 709 2937 729 5324 5338 5316 2762 5315 2555
3 2 11 94
3932 2512 2188 614 2185 5080 2221 5081 5082 2219 2207
3933 2507 2511 2187 614 2539 5083 5084 5085 2222 5086
3934 2507 2187 2186 614 5084 2213 5087 5085 2218 2222
3935 614 2506 2512 2185 5088 2533 5081 2219 5082 5089
3936 613 2184 2508 2509 2197 5090 5091 5092 2547 5093
3937 2512 730 2506 614 2550 2549 2533 5081 5088 5094
3938 2509 729 613 2765 2522 5095 5092 5096 5097 5098
3939 613 2184 2509 2765 2197 5093 5092 5097 5096 5099
3940 2514 2510 731 615 2527 2552 2521 5100 5101 5102
3941 2508 729 613 2509 2546 5095 5091 2547 5092 2522
3942 2511 730 2512 614 2551 2550 2536 5086 5081 5094
3943 614 730 2506 833 5094 2549 5088 5103 5104 2764
3944 2184 2513 2509 2765 5105 2553 5093 5099 5096 5106
3945 98 731 2740 2514 735 5107 2743 2519 5108 2521
3946 2513 2184 623 2765 5105 2198 5109 5106 2769 5099
3947 119 2765 118 825 2770 2768 837 2755 828 5110
3948 2510 2506 731 615 2530 2548 2552 5102 5101 5111
3949 832 730 614 833 2763 5094 5112 835 5103 2764
3950 117 2740 827 116 2745 5113 2753 822 831 2744
3951 117 98 731 2740 823 735 2759 2745 5107 2743
3952 2513 57 623 508 2515 624 5109 2516 2191 516
3953 2184 2513 2508 2509 5105 2543 5090 5093 2547 2553
3954 736 2509 2513 2765 2524 2553 2517 2772 5106 5096
3955 2514 2740 58 2190 5108 2742 2518 5114 2193 5115
3956 736 2513 623 2765 2517 5109 2766 2772 2769 5106
3957 2765 78 118 825 2767 824 2768 5110 828 2748
3958 2184 613 78 2765 2197 616 2196 5099 2767 5097
3959 826 832 614 833 2757 5112 2751 2758 5103 835
3960 58 98 2740 2514 727 2743 2742 2518 5108 2519
3961 507 2186 2184 2508 2212 2216 2214 2541 5090 5116
3962 826 614 615 833 2751 618 2752 2758 5117 5103
3963 623 2184 2513 508 2198 5105 5109 2191 2516 2215
3964 2186 507 2507 2508 2212 2537 5087 5116 2542 2541
3965 827 2740 76 116 5113 2741 2746 831 821 2744
3966 613 78 2765 825 616 2767 5097 2749 5110 2748
3967 615 2506 731 833 5111 2548 5101 5117 2761 5104
3968 2506 730 731 833 2549 734 2548 5104 2761 2764
3969 614 613 832 826 617 5118 5112 2751 2757 2750
3970 2511 506 2507 2187 2534 2538 2539 5083 5084 2209
3971 506 2507 2187 2186 2538 5084 2209 2211 2213 5087
3972 2186 613 2184 2508 2217 2197 2216 5116 5090 5091
3973 827 826 615 833 830 2752 2747 2754 5117 2758
3974 2510 502 503 2189 2526 510 2525 5119 2200 2199
3975 623 57 2513 736 624 2515 5109 2766 2517 738
3976 2512 504 2188 2185 2532 2205 5080 5082 2207 2203
3977 58 502 2514 2190 509 2520 2518 2193 5114 2194
3978 826 613 832 825 2750 5118 2757 829 2756 2749
3979 730 729 832 2507 733 2762 2763 2544 5120 2545
3980 503 504 2506 2185 511 2528 2529 2202 5089 2203
3981 2740 76 58 2190 2741 621 2742 5115 2193 2192
3982 78 623 2184 2765 625 2198 2196 2767 5099 2769
3983 505 506 2511 2187 513 2534 2535 2208 5083 2209
3984 504 2512 2506 2185 2532 2533 2528 2203 5089 5082
3985 2507 506 507 2186 2538 514 2537 5087 2212 2211
3986 99 2509 736 2765 2523 2524 737 2771 2772 5096
3987 507 2184 508 2508 2214 2215 515 2541 2540 5090
3988 504 505 2512 2188 512 2531 2532 2205 5080 2206
3989 2184 2513 508 2508 5105 2516 2215 5090 2540 2543
3990 2514 615 2189 2510 5100 2223 5121 2527 5119 5102
3991 2189 615 2514 2190 2223 5100 5121 2201 5114 2195
3992 2189 502 2514 2510 2199 2520 5121 5119 2527 2526
3993 2514 502 2189 2190 2520 2199 5121 5114 2201 2194
3994 2506 614 615 2185 5088 618 5111 5089 2220 2219
3995 2506 615 614 833 5111 618 5088 5104 5103 5117
3996 2765 729 99 2509 5098 732 2771 5096 2523 2522
3997 99 729 2765 119 732 5098 2771 838 2770 2760
3998 2187 614 2512 2188 2222 5081 5122 2210 5080 2221
3999 2512 614 2187 2511 5081 2222 5122 2536 5083 5086
4000 2512 505 2187 2188 2531 2208 5122 5080 2210 2206
4001 2187 505 2512 2511 2208 2531 5122 5083 2536 2535
4002 2507 614 730 2511 5085 5094 2544 2539 2551 5086
4003 730 614 2507 832 5094 5085 2544 2763 5120 5112
4004 503 2510 2185 2506 2525 5123 2202 2529 5089 2530
4005 503 2185 2510 2189 2202 5123 2525 2200 5119 2204
4006 615 2185 2510 2506 2220 5123 5102 5111 2530 5089
4007 615 2510 2185 2189 5102 5123 2220 2223 2204 5119
4008 2186 2508 729 613 5116 2546 5124 2217 5095 5091
4009 729 2508 2186 2507 2546 5116 5124 2545 5087 2542
4010 2186 729 832 613 5124 2762 5125 2217 5118 5095
4011 832 729 2186 2507 2762 5124 5125 5120 5087 2545
4012 2186 832 614 613 5125 5112 2218 2217 617 5118
4013 614 832 2186 2507 5112 5125 2218 5085 5087 5120
4014 613 832 2765 729 5118 5126 5097 5095 5098 2762
4015 613 2765 832 825 5097 5126 5118 2749 2756 5110
4016 119 2765 832 729 2770 5126 834 2760 2762 5098
4017 119 832 2765 825 834 5126 2770 2755 5110 2756
4018 615 76 2740 2190 619 2741 5127 2195 5115 2192
4019 2740 76 615 827 2741 619 5127 5113 2747 2746
4020 2740 2514 615 2190 5108 5100 5127 5115 2195 5114
4021 2740 731 615 2514 5107 5101 5127 5108 5100 2521
4022 833 615 2740 731 5117 5127 5128 2761 5107 5101
4023 2740 615 833 827 5127 5117 5128 5113 2754 2747
4024 2740 117 833 731 2745 836 5128 5107 2761 2759
4025 833 117 2740 827 836 2745 5128 2754 5113 2753
3 3 11 94
3800 2507 373 1895 2511 4857 1915 4858 2539 4859 4860
3801 373 1892 1894 2512 1907 1913 1914 4861 4862 4863
3802 373 1895 1893 2507 1915 1916 1911 4857 4864 4858
3803 2500 1897 372 2514 4865 1903 4866 4867 4868 4869
3804 2509 2508 374 1891 2547 4870 4871 4872 1898 4873
3805 374 729 2509 2560 4874 2522 4871 4875 4876 4877
3806 373 730 2506 2512 4878 2549 4879 4861 2533 2550
3807 2560 2509 374 1891 4876 4871 4875 4880 1898 4872
3808 1892 373 2506 2512 1907 4879 4881 4863 2533 4861
3809 374 729 2508 2509 4874 2546 4870 4871 2547 2522
3810 731 2500 372 2514 4882 4866 4883 2521 4868 4867
3811 2510 731 372 2514 2552 4883 4884 2527 4868 2521
3812 373 730 2512 2511 4878 2550 4861 4860 2536 2551
3813 710 373 730 2506 4885 4878 2558 4886 2549 4879
3814 2513 2509 2560 1891 2553 4876 4887 4888 4880 4872
3815 98 2500 731 2514 2505 4882 735 2519 2521 4867
3816 729 709 94 2560 2555 711 2554 4877 2563 4889
3817 2513 2560 498 1891 4887 2564 4890 4888 1900 4880
3818 1897 372 35 2500 1903 375 1902 4865 2501 4866
3819 372 710 2500 731 4891 4892 4866 4883 4882 2557
3820 337 94 709 2560 2469 711 2471 4893 4889 2563
3821 710 335 372 2500 2472 1595 4891 4892 4866 4894
3822 335 96 29 2500 2470 708 338 4894 2502 2503
3823 2506 731 372 2510 2548 4883 4895 2530 4884 2552
3824 335 710 96 2500 2472 713 2470 4894 2503 4892
3825 710 373 709 730 4885 4896 712 2558 2559 4878
3826 2500 710 96 731 4892 713 2503 4882 2556 2557
3827 2500 96 98 731 2503 728 2505 4882 735 2556
3828 508 2513 57 498 2516 2515 516 1904 500 4890
3829 2513 2508 2509 1891 2543 2547 2553 4888 4872 4873
3830 374 34 2560 1891 378 2562 4875 1898 4880 1899
3831 2513 2509 736 2560 2553 2524 2517 4887 2567 4876
3832 29 35 335 2500 379 1593 338 2502 4894 2501
3833 2560 736 2513 498 2567 2517 4887 2564 4890 2565
3834 2500 58 1897 2514 2504 1901 4865 4867 4869 2518
3835 337 27 94 2560 341 705 2469 4893 2563 2561
3836 373 336 710 709 1598 2473 4885 4896 712 2474
3837 98 58 2500 2514 727 2504 2505 2519 4867 2518
3838 2508 507 1893 1891 2541 1928 4897 4873 1918 1930
3839 373 710 336 372 4885 2473 1598 376 1596 4891
3840 498 508 2513 1891 1904 2516 4890 1900 4888 1919
3841 372 335 35 2500 1595 1593 375 4866 2501 4894
3842 507 1893 2507 2508 1928 4864 2537 2541 2542 4897
3843 34 337 374 2560 1592 1594 378 2562 4875 4893
3844 731 372 710 2506 4883 4891 2557 2548 4886 4895
3845 373 374 336 709 377 1597 1598 4896 2474 4898
3846 710 730 731 2506 2558 734 2557 4886 2548 2549
3847 34 27 337 2560 370 341 1592 2562 4893 2561
3848 2507 1895 506 2511 4858 1926 2538 2539 2534 4859
3849 1895 2507 506 1893 4858 2538 1926 1916 1929 4864
3850 2512 1892 1894 504 4863 1913 4862 2532 1925 1922
3851 1893 374 2508 1891 1912 4870 4897 1918 4873 1898
3852 335 336 710 372 339 2473 2472 1595 4891 1596
3853 502 503 1896 2510 510 1920 1921 2526 4899 2525
3854 57 2513 736 498 2515 2517 738 500 2565 4890
3855 337 336 374 709 340 1597 1594 2471 4898 2474
3856 502 1897 58 2514 1905 1901 509 2520 2518 4869
3857 504 2506 1892 503 2528 4881 1922 511 1923 2529
3858 729 730 709 2507 733 2559 2555 2545 4900 2544
3859 498 2560 34 1891 2564 2562 499 1900 1899 4880
3860 1897 35 58 2500 1902 517 1901 4865 2504 2501
3861 2512 2506 1892 504 2533 4881 4863 2532 1922 2528
3862 2511 1895 506 505 4859 1926 2534 2535 513 1927
3863 736 2509 99 2560 2524 2523 737 2567 2566 4876
3864 505 2512 1894 504 2531 4862 1924 512 1925 2532
3865 1893 2507 506 507 4864 2538 1929 1928 514 2537
3866 2508 508 507 1891 2540 515 2541 4873 1930 1919
3867 2513 508 2508 1891 2516 2540 2543 4888 4873 1919
3868 2514 502 1896 2510 2520 1921 4901 2527 4899 2526
3869 1896 502 2514 1897 1921 2520 4901 1910 4869 1905
3870 1896 372 2514 2510 1908 4868 4901 4899 2527 4884
3871 2514 372 1896 1897 4868 1908 4901 4869 1910 1903
3872 2506 373 372 710 4879 376 4895 4886 4891 4885
3873 2506 372 373 1892 4895 376 4879 4881 1907 1906
3874 729 2560 99 2509 4877 2566 732 2522 2523 4876
3875 99 2560 729 94 2566 4877 732 739 2554 2563
3876 373 1895 2512 1894 1915 4902 4861 1914 4862 1917
3877 373 2512 1895 2511 4861 4902 1915 4860 4859 2536
3878 505 2512 1895 1894 2531 4902 1927 1924 1917 4862
3879 505 1895 2512 2511 1927 4902 2531 2535 2536 4859
3880 2507 373 730 709 4857 4878 2544 4900 2559 4896
3881 2507 730 373 2511 2544 4878 4857 2539 4860 2551
3882 2510 503 1892 2506 2525 1923 4903 2530 4881 2529
3883 1892 503 2510 1896 1923 2525 4903 1909 4899 1920
3884 1892 372 2510 2506 1906 4884 4903 4881 2530 4895
3885 2510 372 1892 1896 4884 1906 4903 4899 1909 1908
3886 2560 709 374 729 4889 4898 4875 4877 4874 2555
3887 2560 374 709 337 4875 4898 4889 4893 2471 1594
3888 2508 1893 729 374 4897 4904 2546 4870 4874 1912
3889 2508 729 1893 2507 2546 4904 4897 2542 4864 2545
3890 729 1893 709 374 4904 4905 2555 4874 4898 1912
3891 729 709 1893 2507 2555 4905 4904 2545 4864 4900
3892 709 1893 373 374 4905 1911 4896 4898 377 1912
3893 709 373 1893 2507 4896 1911 4905 4900 4864 4857
3 4 11 36
3486 2463 715 469 331 4831 2483 4832 4833 1815 4834
3487 2463 715 331 709 4831 4834 4833 4835 4836 2476
3488 2485 51 97 716 2488 720 2490 4837 719 2480
3489 2485 96 29 335 2489 708 2486 4838 338 2470
3490 331 337 2463 709 1550 4839 4833 4836 4835 2471
3491 2463 52 26 331 2466 473 2464 4833 334 1812
3492 715 469 95 2463 2483 2482 717 4831 2468 4832
3493 710 2485 330 335 4840 4841 4842 2472 1552 4838
3494 94 2463 337 709 2467 4839 2469 711 2471 4835
3495 2485 710 96 335 4840 713 2489 4838 2470 2472
3496 469 52 95 2463 472 707 2482 4832 2468 2466
3497 710 2485 716 330 4840 4837 2478 4842 4843 4841
3498 2463 94 95 709 2467 706 2468 4835 2475 711
3499 95 715 2463 709 717 4831 2468 2475 4835 2476
3500 2485 468 51 716 4844 470 2488 4837 2480 2481
3501 51 28 468 2485 474 1813 470 2488 4844 2487
3502 2463 469 52 331 4832 472 2466 4833 1812 1815
3503 716 2485 468 330 4837 4844 2481 4843 1814 4841
3504 2485 28 468 330 2487 1813 4844 4841 1814 332
3505 710 716 715 330 2478 718 2479 4842 4845 4843
3506 97 96 2485 716 714 2489 2490 719 4837 2477
3507 337 2463 26 331 4839 2464 1549 1550 334 4833
3508 2485 96 710 716 2489 713 4840 4837 2478 2477
3509 29 28 2485 335 342 2487 2486 338 4838 1551
3510 27 94 2463 337 705 2467 2465 341 4839 2469
3511 715 716 468 330 718 2481 2484 4845 1814 4843
3512 330 2485 28 335 4841 2487 332 1552 1551 4838
3513 715 468 469 330 2484 471 2483 4845 1816 1814
3514 331 715 469 330 4834 2483 1815 333 1816 4845
3515 2463 26 27 337 2464 329 2465 4839 341 1549
3516 330 336 710 335 1554 2473 4842 1552 2472 339
3517 331 336 337 709 1553 340 1550 4836 2471 2474
3518 709 331 330 715 4836 333 4846 2476 4845 4834
3519 330 331 709 336 333 4836 4846 1554 2474 1553
3520 330 710 709 715 4842 712 4846 4845 2476 2479
3521 709 710 330 336 712 4842 4846 2474 1554 2473
3 5 11 36
3356 715 469 638 2702 2483 2234 5054 5055 5056 5057
3357 638 809 715 2702 5058 2715 5054 5056 5055 5059
3358 97 51 2725 716 720 2726 2728 719 5060 2480
3359 809 638 802 2702 5058 2709 2720 5059 5061 5056
3360 2702 802 809 113 5061 2720 5059 2707 811 2719
3361 95 469 715 2702 2482 2483 717 2705 5055 5057
3362 2725 115 800 114 2730 2721 5062 2729 803 814
3363 810 800 637 2725 2722 2711 5063 5064 5065 5062
3364 112 802 2702 113 806 5061 2706 799 2707 2719
3365 52 81 638 2702 635 641 2233 2704 5056 2703
3366 469 95 52 2702 2482 707 472 5057 2704 2705
3367 637 810 2725 716 5063 5064 5065 5066 5060 2717
3368 800 810 115 2725 2722 813 2721 5062 2730 5064
3369 2702 809 95 113 5059 2714 2705 2707 798 811
3370 715 809 95 2702 2715 2714 717 5055 2705 5059
3371 468 2725 51 716 5067 2726 470 2481 2480 5060
3372 52 638 469 2702 2233 2234 472 2704 5057 5056
3373 468 637 2725 716 2235 5065 5067 2481 5060 5066
3374 2725 51 82 468 2726 642 2727 5067 2232 470
3375 82 637 2725 468 639 5065 2727 2232 5067 2235
3376 2725 115 97 716 2730 808 2728 5060 719 2716
3377 716 637 810 715 5066 5063 2717 718 2718 5068
3378 112 802 81 2702 806 2708 797 2706 2703 5061
3379 81 802 638 2702 2708 2709 641 2703 5056 5061
3380 810 115 2725 716 813 2730 5064 2717 5060 2716
3381 2725 800 82 114 5062 2710 2727 2729 807 803
3382 716 468 637 715 2481 2235 5066 718 5068 2484
3383 800 82 637 2725 2710 639 2711 5062 5065 2727
3384 469 638 637 715 2234 640 2236 2483 5068 5054
3385 469 637 468 715 2236 2235 471 2483 2484 5068
3386 801 800 637 810 804 2711 2713 2723 5063 2722
3387 801 638 802 809 2712 2709 805 2724 2720 5058
3388 810 809 637 801 812 5069 5063 2723 2713 2724
3389 810 637 809 715 5063 5069 812 2718 2715 5068
3390 638 637 809 801 640 5069 5058 2712 2724 2713
3391 638 809 637 715 5058 5069 640 5054 5068 2715
3 6 11 94
3392 3324 3328 3375 1029 3351 5550 5551 5552 3395 5553
3393 3324 3375 3373 1029 5551 3396 5554 5552 3391 3395
3394 3372 3374 3329 1029 3393 5555 5556 3387 5557 3394
3395 3325 3326 1030 3371 3356 5558 5559 5560 3378 5561
3396 3326 3411 1030 3371 5562 5563 5558 5561 3378 5564
3397 3326 3411 963 1030 5562 5565 3336 5558 5566 5563
3398 962 3323 3329 1029 3342 3350 3349 5567 5557 5568
3399 3372 3329 3323 1029 5556 3350 5569 3387 5568 5557
3400 3327 1028 3377 3376 5570 3383 5571 5572 3390 3388
3401 963 3325 3326 1030 3354 3356 3336 5566 5558 5559
3402 962 3329 3328 1029 3349 3353 3352 5567 5553 5557
3403 3323 962 810 1029 3342 2966 5573 5568 5574 5567
3404 3331 961 145 3317 3334 964 3332 5575 3321 5576
3405 3411 3326 3330 3371 5562 3357 5577 5564 5578 5561
3406 3411 3330 1161 3371 5577 5579 3417 5564 3380 5578
3407 3317 1028 164 3377 5580 1031 3320 5581 3382 3383
3408 3317 961 810 1028 5576 2965 5582 5580 5583 5584
3409 3327 3323 961 1028 3344 3343 3345 5570 5584 5585
3410 802 112 3411 113 806 3412 5586 2719 3413 799
3411 3317 810 800 1028 5582 2722 5587 5580 3046 5583
3412 3317 800 115 114 5587 2721 3318 3319 814 803
3413 809 810 962 1029 812 2966 2967 5588 5567 5574
3414 115 810 800 3317 813 2722 2721 3318 5587 5582
3415 810 115 961 3317 813 2964 2965 5582 5576 3318
3416 115 145 961 3317 946 964 2964 3318 5576 3321
3417 163 1030 3411 3371 1034 5563 3414 3379 5564 3378
3418 3330 1152 180 1161 3341 1160 3339 5579 1162 3385
3419 3326 3325 3330 3371 3356 3370 3357 5561 5578 5560
3420 3326 3330 1143 3411 3357 3340 3337 5562 3416 5577
3421 3411 3330 1143 1161 5577 3340 3416 3417 3418 5579
3422 179 3331 3317 3377 3333 5575 3322 3381 5581 5589
3423 114 3317 800 164 3319 5587 803 1039 3044 3320
3424 112 802 3411 163 806 5586 3412 1038 3414 3043
3425 3331 145 179 3317 3332 1141 3333 5575 3322 3321
3426 810 809 801 1029 812 2724 2723 5574 3049 5588
3427 810 801 1028 1029 2723 3047 5583 5574 1032 3049
3428 3373 1151 3325 3371 3407 3368 5590 3398 5560 3410
3429 3330 1152 1161 3371 3341 3385 5579 5578 3380 3409
3430 3325 3324 1151 3373 3355 3367 3368 5590 3407 5554
3431 1028 800 3317 164 3046 5587 5580 1031 3320 3044
3432 1030 3411 802 163 5563 5586 3045 1034 3043 3414
3433 810 961 3323 1028 2965 3343 5573 5583 5585 5584
3434 961 962 810 3323 965 2966 2965 3343 5573 3342
3435 1146 3327 3377 3376 3358 5571 3384 3400 3390 5572
3436 1030 801 809 1029 3048 2724 5591 1033 5588 3049
3437 810 801 800 1028 2723 804 2722 5583 3046 3047
3438 1150 3324 3375 3373 3366 5551 3405 3408 3396 5554
3439 3328 1150 3324 3375 3365 3366 3351 5550 5551 3405
3440 3325 1030 3373 3371 5559 3392 5590 5560 3398 3378
3441 3329 1148 3374 3372 3362 3404 5555 5556 3393 3401
3442 3327 1146 1147 3376 3358 1154 3359 5572 3399 3400
3443 3330 180 1143 1161 3339 1145 3340 5579 3418 1162
3444 3331 179 1146 3377 3333 1153 3338 5589 3384 3381
3445 1147 1148 3323 3372 1155 3361 3360 3402 5569 3401
3446 1146 3327 3331 3377 3358 3346 3338 3384 5589 5571
3447 962 963 809 3324 966 2963 2967 3348 5592 3347
3448 164 179 3317 3377 1142 3322 3320 3382 5581 3381
3449 1161 163 3411 3371 1163 3414 3417 3380 5564 3379
3450 802 801 809 1030 805 2724 2720 3045 5591 3048
3451 3328 1149 1150 3375 3364 1157 3365 5550 3405 3406
3452 1148 3329 3323 3372 3362 3350 3361 3401 5569 5556
3453 3324 1150 1151 3373 3366 1158 3367 5554 3407 3408
3454 1143 3326 3411 148 3337 5562 3416 1144 3415 3335
3455 1151 1152 3325 3371 1159 3369 3368 3410 5560 3409
3456 1149 3329 1148 3374 3363 3362 1156 3403 3404 5555
3457 1152 3330 3325 3371 3341 3370 3369 3409 5560 5578
3458 3317 3377 961 1028 5581 5593 5576 5580 5584 3383
3459 3317 961 3377 3331 5576 5593 5581 5575 5589 3334
3460 3327 961 3377 1028 3345 5593 5571 5570 3383 5584
3461 3327 3377 961 3331 5571 5593 3345 3346 3334 5589
3462 3323 1029 1028 3372 5568 1032 5585 5569 3386 3387
3463 1028 1029 3323 810 1032 5568 5585 5583 5573 5574
3464 3411 963 148 3326 5565 967 3415 5562 3335 3336
3465 148 963 3411 113 967 5565 3415 950 3413 2962
3466 1029 3375 3329 3328 3395 5594 5557 5553 3353 5550
3467 1029 3329 3375 3374 5557 5594 3395 3394 3397 5555
3468 1149 3329 3375 3328 3363 5594 3406 3364 5550 3353
3469 1149 3375 3329 3374 3406 5594 3363 3403 5555 3397
3470 3324 1029 962 3328 5552 5567 3348 3351 3352 5553
3471 962 1029 3324 809 5567 5552 3348 2967 5592 5588
3472 1147 3327 3372 3323 3359 5595 3402 3360 5569 3344
3473 1147 3372 3327 3376 3402 5595 3359 3399 5572 3389
3474 1028 3372 3327 3323 3386 5595 5570 5585 3344 5569
3475 1028 3327 3372 3376 5570 5595 3386 3388 3389 5572
3476 3325 3373 963 3324 5590 5596 3354 3355 3347 5554
3477 963 3373 3325 1030 5596 5590 3354 5566 5559 3392
3478 3373 809 963 3324 5597 2963 5596 5554 3347 5592
3479 963 809 3373 1030 2963 5597 5596 5566 3392 5591
3480 3373 1029 809 3324 3391 5588 5597 5554 5592 5552
3481 809 1029 3373 1030 5588 3391 5597 5591 3392 1033
3482 1030 809 3411 963 5591 5598 5563 5566 5565 2963
3483 1030 3411 809 802 5563 5598 5591 3045 2720 5586
3484 113 3411 809 963 3413 5598 811 2962 2963 5565
3485 113 809 3411 802 811 5598 3413 2719 5586 2720
3 7 11 94
3522 1249 3689 3692 3329 3721 3711 3726 5775 5776 5777
3523 3324 1249 3691 3328 5778 3727 5779 3351 5780 5781
3524 3689 1249 3323 3329 3721 5782 5783 5777 3350 5775
3525 3691 3690 1249 3324 3717 3725 3727 5779 5778 5784
3526 3326 1250 3688 3325 5785 3701 5786 3356 5787 5788
3527 1249 962 3323 3329 5789 3342 5782 5775 3350 3349
3528 3326 3728 1250 963 5790 5791 5785 3336 5792 5793
3529 1250 3688 3728 3326 3701 5794 5791 5785 5790 5786
3530 3327 961 1248 3331 3345 5795 5796 3346 5797 3334
3531 3325 3326 1250 963 3356 5785 5788 3354 5792 3336
3532 1249 962 3329 3328 5789 3349 5775 5781 3353 3352
3533 956 1249 962 3323 5798 5789 2961 5799 3342 5782
3534 3688 3728 3326 3330 5794 5790 5786 5800 3357 5801
3535 3669 961 145 3331 5802 964 3671 5803 3332 3334
3536 3728 3688 1255 3330 5794 3702 3735 5801 5804 5800
3537 3323 961 1248 3327 3343 5795 5805 3344 5796 3345
3538 3728 194 1242 147 3731 1246 5806 3730 3677 1239
3539 957 956 1249 962 959 5798 5807 2960 5789 2961
3540 961 145 144 3669 964 945 2956 5802 3670 3671
3541 192 1240 144 3669 1243 3675 1236 3672 3670 5808
3542 1255 3330 1152 180 5804 3341 3698 1257 1160 3339
3543 3688 3326 3325 3330 5786 3356 5787 5800 3370 3357
3544 3728 3326 3330 1143 5790 3357 5801 3732 3340 3337
3545 3694 3669 179 3331 5809 3673 3696 5810 3333 5803
3546 3330 1255 3728 1143 5804 3735 5801 3340 3732 3733
3547 3688 195 1250 3728 3700 1254 3701 5794 5791 3734
3548 194 1242 195 3728 1246 3683 1247 3731 3734 5806
3549 957 956 1241 1249 959 3680 3679 5807 3687 5798
3550 179 3669 145 3331 3673 3671 1141 3333 3332 5803
3551 1248 1241 956 1249 3685 3680 5811 1252 5798 3687
3552 3690 3688 3325 1151 3720 5787 5812 3716 3368 3718
3553 3330 3688 1255 1152 5800 3702 5804 3341 3698 3719
3554 3324 3690 3325 1151 5784 5812 3355 3367 3368 3716
3555 1240 192 193 3669 1243 1237 3681 5808 3674 3672
3556 1242 1250 195 3728 3684 1254 3683 5806 3734 5791
3557 961 1248 956 3323 5795 5811 2957 3343 5799 5805
3558 956 962 961 3323 2961 965 2957 5799 3343 3342
3559 1150 3324 3691 3328 3366 5779 3713 3365 5780 3351
3560 1250 957 1241 1249 5813 3679 3686 1253 3687 5807
3561 3691 3690 3324 1150 3717 5784 5779 3713 3366 3715
3562 1250 3690 3688 3325 3724 3720 3701 5788 5787 5812
3563 956 1240 1241 1248 3676 1244 3680 5811 3685 3682
3564 1146 1147 3693 3327 1154 3704 3703 3358 5814 3359
3565 1255 3330 180 1143 5804 3339 1257 3733 1145 3340
3566 3329 3689 3692 1148 5777 3711 5776 3362 3709 3707
3567 1146 3694 179 3331 3697 3696 1153 3338 3333 5810
3568 957 963 962 3324 2959 966 2960 5815 3348 3347
3569 1148 3323 3689 1147 3361 5783 3707 1155 3706 3360
3570 1250 1241 957 1242 3686 3679 5813 3684 3678 1245
3571 193 3694 3669 179 3695 5809 3674 1238 3673 3696
3572 1255 195 3688 3728 1256 3700 3702 3735 5794 3734
3573 1149 1150 3691 3328 1157 3713 3712 3364 5780 3365
3574 3323 3689 3329 1148 5783 5777 3350 3361 3362 3707
3575 1143 3728 3326 148 3732 5790 3337 1144 3335 3729
3576 3690 3324 1150 1151 5784 3366 3715 3716 1158 3367
3577 3692 1149 3329 1148 3710 3363 5776 3709 3362 1156
3578 1152 3325 3688 1151 3369 5787 3719 1159 3718 3368
3579 3330 3325 3688 1152 3370 5787 5800 3341 3719 3369
3580 1146 3331 3693 3694 3338 5816 3703 3697 3705 5810
3581 1146 3693 3331 3327 3703 5816 3338 3358 3346 5814
3582 1248 3693 3331 3694 3723 5816 5797 3699 5810 3705
3583 1248 3331 3693 3327 5797 5816 3723 5796 5814 3346
3584 3323 1249 1248 956 5782 1252 5805 5799 5811 5798
3585 3323 1248 1249 3689 5805 1252 5782 5783 3721 3722
3586 963 3728 148 3326 5793 3729 967 3336 3335 5790
3587 963 148 3728 147 967 3729 5793 2958 3730 949
3588 3691 1149 3329 3692 3712 3363 5817 3714 5776 3710
3589 3329 1149 3691 3328 3363 3712 5817 3353 5780 3364
3590 3329 1249 3691 3692 5775 3727 5817 5776 3714 3726
3591 3691 1249 3329 3328 3727 5775 5817 5780 3353 5781
3592 3324 1249 962 957 5778 5789 3348 5815 2960 5807
3593 962 1249 3324 3328 5789 5778 3348 3352 3351 5781
3594 1147 3327 3689 3693 3359 5818 3706 3704 3708 5814
3595 1147 3689 3327 3323 3706 5818 3359 3360 3344 5783
3596 1248 3689 3327 3693 3722 5818 5796 3723 5814 3708
3597 1248 3327 3689 3323 5796 5818 3722 5805 5783 3344
3598 3325 3690 963 1250 5812 5819 3354 5788 5792 3724
3599 3325 963 3690 3324 3354 5819 5812 3355 5784 3347
3600 963 3690 957 1250 5819 5820 2959 5792 5813 3724
3601 963 957 3690 3324 2959 5820 5819 3347 5784 5815
3602 957 3690 1249 1250 5820 3725 5807 5813 1253 3724
3603 957 1249 3690 3324 5807 3725 5820 5815 5784 5778
3604 1250 957 3728 1242 5813 5821 5791 3684 5806 3678
3605 1250 3728 957 963 5791 5821 5813 5792 2959 5793
3606 147 3728 957 1242 3730 5821 960 3677 3678 5806
3607 147 957 3728 963 960 5821 3730 2958 5793 2959
3608 193 1248 3669 3694 1251 5822 3674 3695 5809 3699
3609 193 3669 1248 1240 3674 5822 1251 3681 3682 5808
3610 3331 3669 1248 3694 5803 5822 5797 5810 3699 5809
3611 1248 961 3669 3331 5795 5802 5822 5797 5803 3334
3612 956 1248 3669 1240 5811 5822 5823 3676 5808 3682
3613 3669 1248 956 961 5822 5811 5823 5802 2957 5795
3614 3669 144 956 1240 3670 958 5823 5808 3676 3675
3615 956 144 3669 961 958 3670 5823 2957 5802 2956
3 8 11 38
3894 1263 3736 952 957 5824 5825 5826 5827 2954 5828
3895 182 951 143 3755 3496 953 1181 3758 3756 5829
3896 1263 3736 957 1242 5824 5828 5827 3751 3678 5830
3897 3736 957 1242 147 5828 3678 5830 3737 3677 960
3898 194 3736 1242 147 3740 5830 1246 1239 3677 3737
3899 144 3755 956 1240 3757 5831 958 3675 3676 5832
3900 1240 3755 956 1261 5832 5831 3676 3749 5833 5834
3901 3755 182 951 1261 3758 3496 5829 5834 5835 3744
3902 3736 146 957 147 3738 2953 5828 3737 960 948
3903 3736 146 952 957 3738 955 5825 5828 2954 2953
3904 951 956 3755 1261 2952 5831 5829 5835 5834 5833
3905 1240 144 3755 192 3675 3757 5832 1243 3759 1236
3906 3755 951 143 144 5829 953 3756 3757 944 2951
3907 1242 196 3736 194 3750 3741 5830 1246 3740 1259
3908 3755 956 951 144 5831 2952 5829 3757 2951 958
3909 951 952 956 1262 954 2955 2952 5836 5837 5838
3910 197 3755 192 1261 3760 3759 1268 1264 3748 5834
3911 3755 1240 192 1261 5832 1243 3759 5834 3748 3749
3912 952 951 1176 1262 954 3499 3500 5838 3746 5836
3913 196 1263 3736 181 1267 5824 3741 1258 3739 3742
3914 3736 1263 196 1242 5824 1267 3741 5830 3750 3751
3915 182 1176 951 1261 1178 3499 3496 3744 5835 3745
3916 952 957 956 1262 2954 959 2955 5838 5837 5839
3917 951 956 1261 1262 2952 5833 5835 5836 1265 5837
3918 1262 957 956 1241 5839 959 5837 3753 3680 3679
3919 197 182 3755 1261 1260 3758 3760 1264 5834 3744
3920 956 1240 1261 1262 3676 3749 5833 5837 1265 3752
3921 956 1240 1262 1241 3676 3752 5837 3680 3753 1244
3922 1176 1177 952 1262 1179 3498 3500 3746 5838 3747
3923 1261 1176 951 1262 3745 3499 5835 1265 5836 3746
3924 1262 1263 957 1241 1266 5827 5839 3753 3679 3754
3925 1241 1263 957 1242 3754 5827 3679 1245 3678 3751
3926 957 952 1263 1262 2954 5826 5827 5839 1266 5838
3927 952 1177 1263 1262 3498 3743 5826 5838 1266 3747
3928 3736 181 1177 146 3739 1180 5840 3738 3497 1174
3929 1177 181 3736 1263 1180 3739 5840 3743 5824 3742
3930 1177 952 3736 146 3498 5825 5840 3497 3738 955
3931 3736 952 1177 1263 5825 3498 5840 5824 3743 5826
3 9 11 38
4026 1134 3484 832 952 5636 5637 5638 5639 2949 5640
4027 951 3501 182 143 5641 3506 3496 953 1181 3505
4028 832 3484 1134 825 5637 5636 5638 2756 3306 5642
4029 3484 119 118 825 3485 837 3486 5642 828 2755
4030 3484 832 119 825 5637 834 3485 5642 2755 2756
4031 3501 827 117 833 5643 2753 3503 5644 836 2754
4032 3501 1136 827 833 5645 3304 5643 5644 2754 5646
4033 182 1136 3501 951 3491 5645 3506 3496 5641 5647
4034 146 832 119 3484 2948 834 947 3488 3485 5637
4035 3484 146 832 952 3488 2948 5637 5640 2949 955
4036 116 827 117 3501 831 2753 822 3502 3503 5643
4037 833 3501 1136 951 5644 5645 5646 2947 5647 5641
4038 167 3484 118 825 3487 3486 1048 3305 828 5642
4039 117 3501 951 143 3503 5641 2946 943 953 3505
4040 117 3501 833 951 3503 5644 836 2946 2947 5641
4041 1135 833 951 952 5648 2947 5649 5650 954 2950
4042 827 116 1136 3501 831 3303 3304 5643 5645 3502
4043 116 177 1136 3501 1124 1140 3303 3502 5645 3504
4044 1176 1135 951 952 3495 5649 3499 3500 954 5650
4045 167 181 3484 1134 1173 3489 3487 1137 5636 3490
4046 3484 167 1134 825 3487 1137 5636 5642 3306 3305
4047 1136 182 1176 951 3491 1178 3493 5647 3499 3496
4048 833 1135 832 952 5648 5651 835 2950 2949 5650
4049 1136 1135 833 951 1139 5648 5646 5647 2947 5649
4050 832 826 1135 833 2757 3309 5651 835 5648 2758
4051 182 1136 177 3501 3491 1140 1175 3506 3504 5645
4052 1136 1135 827 833 1139 3308 3304 5646 2754 5648
4053 826 827 1135 833 830 3308 3309 2758 5648 2754
4054 1135 1176 1177 952 3495 1179 3494 5650 3498 3500
4055 1135 1136 1176 951 1139 3493 3495 5649 3499 5647
4056 832 826 1134 1135 2757 3307 5638 5651 1138 3309
4057 1134 826 832 825 3307 2757 5638 3306 2756 829
4058 1135 1134 832 952 1138 5638 5651 5650 2949 5639
4059 1134 1135 1177 952 1138 3494 3492 5639 3498 5650
4060 181 3484 1177 146 3489 5652 1180 1174 3497 3488
4061 181 1177 3484 1134 1180 5652 3489 3490 5636 3492
4062 952 1177 3484 146 3498 5652 5640 955 3488 3497
4063 952 3484 1177 1134 5640 5652 3498 5639 3492 5636
3 10 11 31
4278 825 78 118 132 2748 824 828 2849 899 2863
4279 116 76 827 131 821 2746 831 891 2848 2855
4280 613 826 893 825 2750 2852 5211 2749 2853 829
4281 605 78 613 825 2164 616 2165 5212 2749 2748
4282 77 78 825 132 612 2748 5213 901 2849 2863
4283 77 78 605 825 612 2164 608 5213 5212 2748
4284 892 77 825 132 2858 5213 2851 895 2849 901
4285 825 605 77 892 5212 608 5213 2851 2858 2859
4286 606 613 893 605 2166 5211 2861 609 2860 2165
4287 613 614 893 826 617 5214 5211 2750 2852 2751
4288 613 893 614 606 5211 5214 617 2166 2168 2861
4289 893 825 605 613 2853 5212 2860 5211 2165 2749
4290 605 825 893 892 5212 2853 2860 2859 896 2851
4291 75 607 76 5215 611 2162 604 5216 5217 5218
4292 75 894 607 5215 2856 2857 611 5216 5218 5220
4293 607 615 76 5215 2163 619 2162 5218 5217 5221
4294 827 76 615 5215 2746 619 2747 5219 5221 5217
4295 893 607 894 5215 2862 2857 897 5222 5220 5218
4296 615 826 827 5215 2752 830 2747 5221 5219 5223
4297 894 827 826 5215 2850 830 2854 5220 5223 5219
4298 894 826 893 5215 2854 2852 897 5220 5222 5223
4299 131 894 5215 827 898 5220 5224 2848 5219 2850
4300 131 5215 894 75 5224 5220 898 900 2856 5216
4301 76 131 5215 827 2855 5224 5217 2746 5219 2848
4302 76 5215 131 75 5217 5224 2855 604 900 5216
4303 5215 826 614 615 5223 2751 5225 5221 618 2752
4304 5215 614 826 893 5225 2751 5223 5222 2852 5214
4305 5215 614 606 615 5225 2168 5226 5221 2167 618
4306 5215 606 614 893 5226 2168 5225 5222 5214 2861
4307 5215 606 607 615 5226 610 5218 5221 2163 2167
4308 5215 607 606 893 5218 610 5226 5222 2861 2862
3 11 11 77
4171 606 2188 2187 1852 4614 2210 4615 4616 4617 4618
4172 606 2185 2188 1851 4619 2207 4614 4620 4621 4622
4173 2190 2189 607 1848 2201 4623 4624 4625 4626 4627
4174 1848 2189 607 1846 4627 4623 4626 1864 4628 4629
4175 2189 2185 607 1846 2204 4630 4623 4629 4628 4631
4176 2188 606 1851 1852 4614 4620 4621 4618 1873 4616
4177 606 2185 1851 1846 4619 4622 4620 4632 1870 4631
4178 1853 2190 607 1848 4633 4624 4634 1866 4626 4625
4179 614 2188 2187 606 2221 2210 2222 2168 4615 4614
4180 2187 2186 614 606 2213 2218 2222 4615 2168 4635
4181 605 1849 1850 2184 4636 1876 4637 4638 4639 4640
4182 1847 2186 605 1850 4641 4642 4643 1875 4637 4644
4183 605 1849 2184 2177 4636 4640 4638 4645 4646 4647
4184 1848 503 2189 1846 1879 2200 4627 1864 4629 1880
4185 2188 614 2185 606 2221 2219 2207 4614 4619 2168
4186 2185 2189 503 1846 2204 2200 2202 4631 1880 4629
4187 488 1852 606 1847 1872 4616 2174 1868 4648 1871
4188 615 2189 2185 607 2223 2204 2220 2163 4630 4623
4189 1846 1851 606 488 1870 4620 4632 1862 2174 1869
4190 606 1851 1852 488 4620 1873 4616 2174 1872 1869
4191 2185 606 607 1846 4619 610 4630 4631 4628 4632
4192 78 605 2184 2177 2164 4638 2196 2182 4646 4645
4193 605 606 2186 1847 609 4635 4642 4643 4641 4648
4194 1850 507 2186 2184 1888 2212 4644 4639 2216 2214
4195 2189 615 2190 607 2223 2195 2201 4623 4624 2163
4196 495 508 623 57 1860 2191 2181 497 624 516
4197 489 605 55 1849 2171 2170 493 1855 1854 4636
4198 2189 2190 502 1848 2201 2194 2199 4627 1878 4625
4199 1846 606 487 488 4632 2175 1863 1862 491 2174
4200 2177 1849 2184 508 4647 4640 4646 4649 2215 1877
4201 2185 504 2188 1851 2203 2205 2207 4622 4621 1882
4202 489 488 606 1847 492 2174 2176 1867 4648 1868
4203 505 2187 2188 1852 2208 2210 2206 1884 4618 4617
4204 487 1853 607 1848 1859 4634 2173 1865 4626 1866
4205 2186 613 614 606 2217 617 2218 4635 2168 2166
4206 58 76 56 1853 621 2169 501 1858 1857 4650
4207 2177 2184 623 508 4646 2198 2183 4649 2191 2215
4208 76 58 2190 1853 621 2193 2192 4650 4633 1858
4209 489 605 1849 1850 2171 4636 1855 1874 1876 4637
4210 2185 614 615 606 2219 618 2220 4619 2167 2168
4211 1853 607 56 487 4634 2172 1857 1859 490 2173
4212 615 76 2190 607 619 2192 2195 2163 4624 2162
4213 607 487 1848 1846 2173 1865 4626 4628 1864 1863
4214 1847 507 2186 1850 1887 2212 4641 1875 4644 1888
4215 605 489 1847 1850 2171 1867 4643 4637 1875 1874
4216 1853 502 2190 1848 1861 2194 4633 1866 4625 1878
4217 487 607 606 1846 2173 610 2175 1863 4632 4628
4218 606 605 489 1847 609 2171 2176 4648 1867 4643
4219 1851 2185 504 1846 4622 2203 1882 1870 1881 4631
4220 605 613 78 2184 2165 616 2164 4638 2196 2197
4221 1851 505 2188 1852 1883 2206 4621 1873 4618 1884
4222 1849 1850 2184 508 1876 4639 4640 1877 2215 1889
4223 605 78 77 2177 2164 612 608 4645 2179 2182
4224 606 615 2185 607 2167 2220 4619 610 4630 2163
4225 2186 613 606 605 2217 2166 4635 4642 609 2165
4226 2185 503 504 1846 2202 511 2203 4631 1881 1880
4227 2189 502 503 1848 2199 510 2200 4627 1879 1878
4228 506 507 2186 1847 514 2212 2211 1886 4641 1887
4229 2184 623 78 2177 2198 625 2196 4646 2182 2183
4230 2187 505 506 1852 2208 513 2209 4617 1885 1884
4231 58 502 2190 1853 509 2194 2193 1858 4633 1861
4232 2188 504 505 1851 2205 512 2206 4621 1883 1882
4233 2184 1850 507 508 4639 1888 2214 2215 515 1889
4234 495 1849 55 2177 1856 1854 496 2180 2178 4647
4235 1852 606 2186 2187 4616 4635 4651 4617 2213 4615
4236 2186 606 1852 1847 4635 4616 4651 4641 1871 4648
4237 2186 506 1852 2187 2211 1885 4651 2213 4617 2209
4238 1852 506 2186 1847 1885 2211 4651 1871 4641 1886
4239 55 2177 605 77 2178 4645 2170 622 608 2179
4240 605 2177 55 1849 4645 2178 2170 4636 1854 4647
4241 2184 2186 605 613 2216 4642 4638 2197 2165 2217
4242 2184 605 2186 1850 4638 4642 2216 4639 4644 4637
4243 508 2177 495 623 4649 2180 1860 2191 2181 2183
4244 508 495 2177 1849 1860 2180 4649 1877 4647 1856
4245 607 1853 76 2190 4634 4650 2162 4624 2192 4633
4246 56 607 76 75 2172 2162 2169 620 604 611
4247 56 76 607 1853 2169 2162 2172 1857 4634 4650
3 12 11 77
4064 362 1893 1895 1852 4420 1916 4421 4422 4423 4424
4065 362 1894 1892 1851 4425 1913 4426 4427 4428 4429
4066 361 1896 1897 1848 4430 1910 4431 4432 4433 4434
4067 1848 361 1896 1846 4432 4430 4434 1864 4435 4436
4068 361 1892 1896 1846 4437 1909 4430 4436 4435 4438
4069 1851 1892 362 1846 4428 4426 4427 1870 4439 4438
4070 362 1893 1852 1847 4420 4424 4422 4440 1871 4441
4071 1853 361 1897 1848 4442 4431 4443 1866 4433 4432
4072 362 1894 1895 373 4425 1917 4421 1590 1915 1914
4073 1849 1850 1891 363 1876 4444 4445 4446 4447 4448
4074 1896 503 1848 1846 1920 1879 4434 4435 1864 1880
4075 1893 362 1895 373 4420 4421 1916 1911 1915 1590
4076 1850 1847 1893 363 1875 4441 4449 4448 4450 4451
4077 1892 1894 362 373 1913 4425 4426 1907 1590 1914
4078 503 1896 1892 1846 1920 1909 1923 1880 4438 4435
4079 1891 1839 1849 363 4452 4453 4445 4447 4446 4454
4080 488 362 1852 1847 1838 4422 1872 1868 1871 4440
4081 361 1892 372 1896 4437 1906 1587 4430 1908 1909
4082 362 1851 1846 488 4427 1870 4439 1838 1862 1869
4083 361 362 1892 1846 365 4426 4437 4436 4438 4439
4084 1852 1851 362 488 1873 4427 4422 1872 1838 1869
4085 1847 362 1893 363 4440 4420 4441 4451 4450 366
4086 1891 34 1839 363 1899 1840 4452 4447 4454 1584
4087 1896 372 361 1897 1908 1587 4430 1910 4431 1903
4088 504 1892 1894 1851 1922 1913 1925 1882 4429 4428
4089 502 1897 1896 1848 1905 1910 1921 1878 4434 4433
4090 1850 1893 507 1891 4449 1928 1888 4444 1930 1918
4091 506 1895 1893 1852 1926 1916 1929 1885 4424 4423
4092 508 495 498 57 1860 1845 1904 516 500 497
4093 55 489 1849 363 493 1855 1854 1832 4446 1834
4094 1849 508 1839 1891 1877 4455 4453 4445 4452 1919
4095 1846 487 362 488 1863 1836 4439 1862 1838 491
4096 362 488 489 1847 1838 492 1837 4440 1867 1868
4097 1897 58 35 1853 1901 517 1902 4443 4456 1858
4098 361 1853 487 1848 4442 1859 1835 4432 1865 1866
4099 56 35 58 1853 1890 517 501 1857 1858 4456
4100 362 1892 373 372 4426 1907 1590 1588 376 1906
4101 362 1893 374 373 4420 1912 1589 1590 377 1911
4102 508 498 1839 1891 1904 1843 4455 1919 4452 1900
4103 1850 1849 489 363 1876 1855 1874 4448 1834 4446
4104 1848 487 361 1846 1865 1835 4432 1864 4436 1863
4105 1853 56 361 487 1857 1833 4442 1859 1835 490
4106 1847 1893 507 1850 4441 1928 1887 1875 1888 4449
4107 35 361 372 1897 1585 1587 375 1902 1903 4431
4108 489 1847 1850 363 1867 1875 1874 1834 4448 4451
4109 1897 502 1853 1848 1905 1861 4443 4433 1866 1878
4110 1851 504 1892 1846 1882 1922 4428 1870 4438 1881
4111 362 361 487 1846 365 1835 1836 4439 1863 4436
4112 1847 489 362 363 1867 1837 4440 4451 366 1834
4113 1852 1893 506 1847 4424 1929 1885 1871 1886 4441
4114 374 34 1891 363 378 1899 1898 1586 4447 1584
4115 1849 1850 508 1891 1876 1889 1877 4445 1919 4444
4116 1892 362 361 372 4426 365 4437 1906 1587 1588
4117 374 1893 362 363 1912 4420 1589 1586 366 4450
4118 1839 34 32 363 1840 369 1841 4454 367 1584
4119 503 1892 504 1846 1923 1922 511 1880 1881 4438
4120 1896 503 502 1848 1920 510 1921 4434 1878 1879
4121 507 506 1893 1847 514 1929 1928 1887 4441 1886
4122 1839 498 34 1891 1843 499 1840 4452 1899 1900
4123 58 1897 502 1853 1901 1905 509 1858 1861 4443
4124 504 1894 505 1851 1925 1924 512 1882 1883 4429
4125 1895 506 505 1852 1926 513 1927 4423 1884 1885
4126 508 1850 507 1891 1889 1888 515 1919 1930 4444
4127 55 1849 495 1839 1854 1856 496 1842 1844 4453
4128 1895 362 1851 1894 4421 4427 4457 1917 4429 4425
4129 1851 362 1895 1852 4427 4421 4457 1873 4423 4422
4130 1851 505 1895 1894 1883 1927 4457 4429 1917 1924
4131 1895 505 1851 1852 1927 1883 4457 4423 1873 1884
4132 55 1839 363 1849 1842 4454 1832 1854 4446 4453
4133 363 1839 55 32 4454 1842 1832 367 486 1841
4134 508 1839 495 1849 4455 1844 1860 1877 1856 4453
4135 495 1839 508 498 1844 4455 1860 1845 1904 1843
4136 1893 1891 363 374 1918 4447 4450 1912 1586 1898
4137 363 1891 1893 1850 4447 1918 4450 4448 4449 4444
4138 35 1853 361 1897 4456 4442 1585 1902 4431 4443
4139 361 56 35 33 1833 1890 1585 364 371 494
4140 361 35 56 1853 1585 1890 1833 4442 1857 4456
3 13 11 31
3737 35 31 29 335 1591 358 379 1593 338 1563
3738 34 27 25 337 370 328 1583 1592 1561 341
3739 337 336 352 374 340 1566 1567 1594 4293 1597
3740 34 25 32 337 1583 360 369 1592 4294 1561
3741 337 32 34 363 4294 369 1592 4295 1584 367
3742 374 337 34 363 1594 1592 378 1586 1584 4295
3743 25 32 337 353 360 4294 1561 357 1562 1576
3744 362 352 374 363 1582 4293 1589 366 1586 1581
3745 353 32 337 363 1576 4294 1562 1578 4295 367
3746 374 352 373 336 4293 4296 377 1597 1598 1566
3747 374 373 352 362 377 4296 4293 1589 1582 1590
3748 337 352 363 374 1567 1581 4295 1594 1586 4293
3749 337 363 352 353 4295 1581 1567 1562 356 1578
3750 361 33 35 4297 364 371 1585 4301 4300 4299
3751 351 33 361 4297 1577 364 1579 4302 4301 4299
3752 372 35 335 4297 375 1593 1595 4303 4298 4300
3753 361 35 372 4297 1585 375 1587 4301 4303 4300
3754 336 335 351 4297 339 1564 1565 4304 4302 4298
3755 336 372 335 4297 1596 1595 339 4304 4298 4303
3756 352 336 351 4297 1566 1565 355 4305 4302 4304
3757 351 361 352 4297 1579 1580 355 4302 4305 4301
3758 31 351 4297 33 354 4302 4306 368 4299 1577
3759 31 4297 351 335 4306 4302 354 1563 1564 4298
3760 35 31 4297 33 1591 4306 4300 371 4299 368
3761 35 4297 31 335 4300 4306 1591 1593 1563 4298
3762 362 4297 361 372 4307 4301 365 1588 1587 4303
3763 362 361 4297 352 365 4301 4307 1582 4305 1580
3764 373 4297 362 372 4308 4307 1590 376 1588 4303
3765 373 362 4297 352 1590 4307 4308 4296 4305 1582
3766 336 4297 373 372 4304 4308 1598 1596 376 4303
3767 336 373 4297 352 1598 4308 4304 1566 4305 4296
3 14 11 23
3616 28 29 31 335 342 358 1568 1551 1563 338
3617 25 27 26 337 328 329 1545 1561 1549 341
3618 30 28 31 335 350 1568 359 4286 1563 1551
3619 30 351 335 31 1571 1564 4286 359 1563 354
3620 28 30 343 335 350 346 1557 1551 4287 4286
3621 351 30 335 343 1571 4286 1564 1572 4287 346
3622 330 28 343 335 332 1557 1558 1552 4287 1551
3623 331 337 336 352 1550 340 1553 4288 1566 1567
3624 352 344 331 353 1575 1560 4288 356 4289 1574
3625 344 345 331 353 348 1556 1560 1574 4289 1570
3626 352 331 337 353 4288 1550 1567 356 1562 4289
3627 344 331 336 352 1560 1553 4290 1575 1566 4288
3628 336 331 344 330 1553 1560 4290 1554 1559 333
3629 25 345 26 22 1569 1555 1545 318 324 349
3630 344 336 351 352 4290 1565 1573 1575 355 1566
3631 335 336 344 330 339 4290 4291 1552 1559 1554
3632 344 336 335 351 4290 339 4291 1573 1564 1565
3633 344 343 335 330 347 4287 4291 1559 1552 1558
3634 335 343 344 351 4287 347 4291 1564 1573 1572
3635 25 353 26 345 357 4292 1545 1569 1555 1570
3636 25 26 353 337 1545 4292 357 1561 1562 1549
3637 331 26 353 345 334 4292 4289 1556 1570 1555
3638 331 353 26 337 4289 4292 334 1550 1549 1562
3 15 11 27
3252 22 477 26 54 1825 4406 324 484 1823 481
3253 26 52 54 477 473 482 1823 4406 481 1819
3254 475 330 28 343 4407 332 4408 1828 1557 1558
3255 28 53 51 475 1824 483 474 4408 1817 478
3256 28 30 53 475 350 485 1824 4408 478 1827
3257 28 30 475 343 350 1827 4408 1557 1828 346
3258 475 51 28 468 1817 474 4408 1818 1813 470
3259 22 477 345 26 1825 1826 349 324 1555 4406
3260 330 475 28 468 4407 4408 332 1814 1813 1818
3261 475 344 330 343 1829 1559 4407 1828 1558 347
3262 344 469 476 330 4409 1821 1830 1559 4410 1816
3263 469 468 476 330 471 1822 1821 1816 4410 1814
3264 344 475 330 476 1829 4407 1559 1830 4410 479
3265 468 475 476 330 1818 479 1822 1814 4410 4407
3266 344 331 469 330 1560 1815 4409 1559 1816 333
3267 26 331 52 4411 334 1812 473 4412 4413 4414
3268 26 52 477 4411 473 1819 4406 4412 4415 4413
3269 345 331 26 4411 1556 334 1555 4416 4412 4414
3270 345 26 477 4411 1555 4406 1826 4416 4415 4412
3271 469 52 331 4411 472 1812 1815 4417 4414 4413
3272 469 477 52 4411 1820 1819 472 4417 4413 4415
3273 344 331 345 4411 1560 1556 348 4418 4416 4414
3274 344 469 331 4411 4409 1815 1560 4418 4414 4417
3275 476 344 345 4411 1830 348 1831 4419 4416 4418
3276 344 476 469 4411 1830 1821 4409 4418 4417 4419
3277 476 345 477 4411 1831 1826 480 4419 4415 4416
3278 476 477 469 4411 480 1820 1821 4419 4417 4415
3 16 11 24
3151 81 80 54 477 636 633 2231 4652 481 2225
3152 81 54 52 477 2231 482 635 4652 1819 481
3153 51 53 82 475 483 2237 642 1817 4653 478
3154 628 477 81 638 2227 4652 2240 2241 641 4654
3155 477 52 81 638 1819 635 4652 4654 641 2233
3156 53 79 82 475 634 643 2237 478 4653 2224
3157 475 82 51 468 4653 642 1817 1818 470 2232
3158 81 80 477 628 636 2225 4652 2240 2227 632
3159 475 79 82 626 2224 643 4653 2226 2239 629
3160 637 2238 638 469 2245 2247 640 2236 2234 4655
3161 628 476 2238 627 2229 4656 2246 631 2244 2230
3162 476 626 2238 627 2228 2243 4656 2230 2244 630
3163 638 477 52 469 4654 1819 2233 2234 472 1820
3164 637 469 476 2238 2236 1821 4657 2245 4656 4655
3165 476 469 637 468 1821 2236 4657 1822 2235 471
3166 476 626 637 2238 2228 2242 4657 4656 2245 2243
3167 476 2238 477 628 4656 4658 480 2229 2227 2246
3168 476 477 2238 469 480 4658 4656 1821 4655 1820
3169 638 477 2238 628 4654 4658 2247 2241 2246 2227
3170 638 2238 477 469 2247 4658 4654 2234 1820 4655
3171 637 476 475 626 4657 479 4659 2242 2226 2228
3172 475 476 637 468 479 4657 4659 1818 2235 1822
3173 475 82 637 626 4653 639 4659 2226 2242 2239
3174 637 82 475 468 639 4653 4659 2235 1818 2232
3 17 11 26
3095 112 81 802 129 797 2708 806 886 2836 2834
3096 800 128 82 114 2837 2835 2710 803 807 887
3097 638 2238 637 801 2247 2245 640 2712 2713 5199
3098 627 879 878 2238 2833 882 2831 2244 5200 5201
3099 627 879 2238 628 2833 5201 2244 631 2246 2830
3100 2238 638 628 879 2247 2241 2246 5201 2830 5202
3101 626 878 2238 627 2832 5200 2243 630 2244 2831
3102 878 626 2238 877 2832 2243 5200 881 5203 2829
3103 637 2238 626 877 2245 2243 2242 5204 2829 5203
3104 801 802 638 879 805 2709 2712 2842 5202 2839
3105 81 628 129 80 2240 2828 2834 636 884 632
3106 626 82 128 79 2239 2835 2827 629 885 643
3107 877 2238 800 637 5203 5205 2838 5204 2711 2245
3108 877 800 2238 878 2838 5205 5203 881 5200 2841
3109 801 800 2238 637 804 5205 5199 2713 2245 2711
3110 801 2238 800 878 5199 5205 804 2840 2841 5200
3111 801 2238 879 638 5199 5201 2842 2712 5202 2247
3112 801 879 2238 878 2842 5201 5199 2840 5200 882
3113 129 879 81 802 883 5206 2834 2836 2708 2839
3114 129 81 879 628 2834 5206 883 2828 2830 2240
3115 638 81 879 802 641 5206 5202 2709 2839 2708
3116 638 879 81 628 5202 5206 641 2241 2240 2830
3117 637 877 128 800 5204 880 5207 2711 2837 2838
3118 128 877 637 626 880 5204 5207 2827 2242 2829
3119 128 82 637 800 2835 639 5207 2837 2711 2710
3120 637 82 128 626 639 2835 5207 2242 2827 2239
3 18 11 30
3121 802 112 129 163 806 886 2836 3043 3042 1038
3122 114 800 128 164 803 2837 887 1039 3050 3044
3123 1028 801 800 878 3047 804 3046 5386 2841 2840
3124 164 800 128 161 3044 2837 3050 1035 1036 5387
3125 800 164 1020 161 3044 3028 5388 5387 1023 1035
3126 164 1028 800 1020 1031 3046 3044 3028 5388 3031
3127 1020 1021 1028 878 1024 3032 3031 3039 5386 3041
3128 161 800 128 877 5387 2837 1036 3035 880 2838
3129 161 1020 800 877 1023 5388 5387 3035 2838 3037
3130 1028 801 1021 1029 3047 5389 3032 1032 3034 3049
3131 1028 1021 801 878 3032 5389 3047 5386 2840 3041
3132 1030 1021 801 1029 3033 5389 3048 1033 3049 3034
3133 878 800 1020 877 2841 5388 3039 881 3037 2838
3134 878 1020 800 1028 3039 5388 2841 5386 3046 3031
3135 1022 162 163 5390 1026 1027 3029 5394 5392 5391
3136 1022 879 162 5390 3038 3036 1026 5394 5391 5395
3137 163 802 1030 5390 3043 3045 1034 5392 5396 5393
3138 163 1030 1022 5390 1034 3030 3029 5392 5394 5396
3139 879 801 802 5390 2842 805 2839 5395 5393 5397
3140 1030 802 801 5390 3045 805 3048 5396 5397 5393
3141 878 801 879 5390 2840 2842 882 5398 5395 5397
3142 879 1022 878 5390 3038 3040 882 5395 5398 5394
3143 129 879 5390 162 883 5395 5399 1037 5391 3036
3144 129 5390 879 802 5399 5395 883 2836 2839 5393
3145 163 129 5390 162 3042 5399 5392 1027 5391 1037
3146 163 5390 129 802 5392 5399 3042 3043 2836 5393
3147 1021 5390 1022 1030 5400 5394 1025 3033 3030 5396
3148 1021 1022 5390 878 1025 5394 5400 3041 5398 3040
3149 801 5390 1021 1030 5397 5400 5389 3048 3033 5396
3150 801 1021 5390 878 5389 5400 5397 2840 5398 3041
3 19 11 77
3175 3374 3375 1021 3937 3397 5996 5997 5998 5999 6000
3176 1021 3372 3374 3936 6001 3393 5997 6002 6003 6004
3177 3377 3376 1020 3933 3390 6005 6006 6007 6008 6009
3178 3931 1020 3376 3933 6010 6005 6011 3952 6009 6008
3179 3376 3372 1020 3931 3389 6012 6005 6011 6010 6013
3180 3936 3374 1021 3937 6003 5997 6002 3958 5999 5998
3181 1021 3372 3936 3931 6001 6004 6002 6014 3955 6013
3182 1020 3377 3933 3938 6006 6007 6008 6015 3949 6016
3183 3374 3375 1029 1021 3397 3395 3394 5997 3034 5996
3184 3934 1022 3371 3935 6017 6018 6019 3966 6020 6021
3185 3931 3376 1147 3933 6011 3399 3951 3952 3947 6009
3186 3935 1022 3373 3932 6021 6022 6023 3964 6024 6025
3187 1029 3372 3374 1021 3387 3393 3394 3034 5997 6001
3188 3375 3373 1029 1021 3396 3391 3395 5996 3034 6026
3189 1022 3371 3982 3934 6018 6027 6028 6017 6029 6019
3190 3372 3376 1147 3931 3389 3399 3402 6013 3951 6011
3191 3932 1321 1021 3937 3970 3981 6030 3961 5999 3973
3192 1028 3376 3372 1020 3388 3389 3386 3031 6012 6005
3193 3936 1321 1021 3931 3972 3981 6002 3955 6014 3968
3194 3372 1021 1020 3931 6001 1024 6012 6013 6010 6014
3195 3936 1021 1321 3937 6002 3981 3972 3958 3973 5999
3196 1022 1021 3373 3932 1025 6026 6022 6025 6024 6030
3197 3982 163 3371 1022 3984 3379 6027 6028 6018 3029
3198 1028 3377 3376 1020 3383 3390 3388 3031 6005 6006
3199 3373 1151 3371 3935 3407 3410 3398 6023 6020 3963
3200 3376 3377 1146 3933 3390 3384 3400 6009 3948 6007
3201 1148 3374 3372 3936 3404 3393 3401 3954 6004 6003
3202 1161 1327 1152 180 3987 3942 3385 1162 1160 1329
3203 207 1022 3934 1322 3976 6017 3945 1326 3944 3978
3204 3375 3374 1149 3937 3397 3403 3406 6000 3957 5998
3205 3931 1321 1021 1320 3968 3981 6014 3967 3979 1324
3206 1021 1322 1321 3932 3980 1325 3981 6030 3970 3971
3207 3377 164 179 3938 3382 1142 3381 6016 3939 6031
3208 3938 3933 1020 1320 3949 6008 6015 3943 3977 3969
3209 3938 164 179 206 6031 1142 3939 3940 1330 3989
3210 1028 3372 1029 1021 3386 3387 1032 3032 3034 6001
3211 1029 3373 1030 1021 3391 3392 1033 3034 3033 6026
3212 3935 3934 1022 1322 3966 6017 6021 3974 3978 3944
3213 1152 3982 3371 3934 6032 6027 3409 3965 6019 6029
3214 3935 3373 1151 3932 6023 3407 3963 3964 3959 6024
3215 3933 3931 1020 1320 3952 6010 6008 3969 3977 3967
3216 1327 3982 1152 3934 3988 6032 3942 3946 3965 6029
3217 1020 3938 1320 206 6015 3943 3977 3975 1323 3940
3218 1028 164 3377 1020 1031 3382 3383 3031 6006 3028
3219 1022 3935 1322 3932 6021 3974 3978 6025 3971 3964
3220 1152 3982 1161 3371 6032 3986 3385 3409 3380 6027
3221 1161 1327 3982 1152 3987 3988 3986 3385 6032 3942
3222 3933 3377 1146 3938 6007 3384 3948 3949 3941 6016
3223 3936 3372 1148 3931 6004 3401 3954 3955 3950 6013
3224 3931 1021 1020 1320 6014 1024 6010 3967 3977 3979
3225 1021 1022 1322 3932 1025 3978 3980 6030 3971 6025
3226 3936 1149 3374 3937 3953 3403 6003 3958 5998 3957
3227 3371 163 1030 1022 3379 1034 3378 6018 3030 3029
3228 3934 3371 1152 3935 6019 3409 3965 3966 3962 6020
3229 1021 1028 3372 1020 3032 3386 6001 1024 6012 3031
3230 1021 3373 1030 1022 6026 3392 3033 1025 3030 6022
3231 3982 163 1022 162 3984 3029 6028 3983 1026 1027
3232 3372 1147 1148 3931 3402 1155 3401 6013 3950 3951
3233 1150 1151 3373 3932 1158 3407 3408 3960 6024 3959
3234 3376 1146 1147 3933 3400 1154 3399 6009 3947 3948
3235 3982 163 1161 3371 3984 1163 3986 6027 3380 3379
3236 3375 1149 1150 3937 3406 1157 3405 6000 3956 3957
3237 3377 179 1146 3938 3381 1153 3384 6016 3941 3939
3238 3374 1148 1149 3936 3404 1156 3403 6003 3953 3954
3239 3371 1151 1152 3935 3410 1159 3409 6020 3962 3963
3240 1327 3982 3934 207 3988 6029 3946 1328 3945 3985
3241 3937 1150 3373 3932 3956 3408 6033 3961 6024 3960
3242 3373 1150 3937 3375 3408 3956 6033 3396 6000 3405
3243 3373 1021 3937 3932 6026 5999 6033 6024 3961 6030
3244 3937 1021 3373 3375 5999 6026 6033 6000 3396 5996
3245 207 3982 1022 162 3985 6028 3976 1332 1026 3983
3246 207 1022 3982 3934 3976 6028 3985 3945 6029 6017
3247 3371 3373 1022 1030 3398 6022 6018 3378 3030 3392
3248 1022 3373 3371 3935 6022 3398 6018 6021 6020 6023
3249 3938 164 1020 3377 6031 3028 6015 6016 6006 3382
3250 1020 206 164 3938 3975 3989 3028 6015 6031 3940
3251 164 206 1020 161 3989 3975 3028 1035 1023 1331
3 20 11 77
3279 1396 3691 3692 3937 6201 3714 6202 6203 6204 6205
3280 1396 3692 3689 3936 6202 3711 6206 6207 6208 6209
3281 1395 3693 3694 3933 6210 3705 6211 6212 6213 6214
3282 3693 1395 3931 3933 6210 6215 6216 6214 3952 6212
3283 3689 3693 1395 3931 3708 6210 6217 6218 6215 6216
3284 3936 1396 3692 3937 6207 6202 6209 3958 6204 6203
3285 3936 3689 1396 3931 6208 6206 6207 3955 6219 6218
3286 3694 1395 3933 3938 6211 6212 6213 6220 3949 6221
3287 3692 3691 1396 1249 3714 6201 6202 3726 4132 3727
3288 3690 1396 3691 1249 6222 6201 3717 3725 3727 4132
3289 3934 3688 1397 3935 6223 6224 6225 3966 6226 6227
3290 3935 3690 1397 3932 6228 6229 6226 3964 6230 6231
3291 1397 4134 3688 3934 6232 6233 6224 6225 6223 6234
3292 3931 1147 3693 3933 3951 3704 6216 3952 6214 3947
3293 3689 3692 1396 1249 3711 6202 6206 3721 4132 3726
3294 3693 3689 1147 3931 3708 3706 3704 6216 3951 6218
3295 1396 1321 3932 3937 4146 3970 6235 6203 3961 3973
3296 1248 3693 1395 3689 3723 6210 4128 3722 6217 3708
3297 1396 1321 3936 3931 4146 3972 6207 6219 3955 3968
3298 1321 1396 3936 3937 4146 6207 3972 3973 3958 6203
3299 3691 3690 1150 3937 3717 3715 3713 6205 3956 6236
3300 3689 1395 1396 3931 6217 1399 6206 6218 6219 6215
3301 4134 195 1397 3688 4136 4129 6232 6233 6224 3700
3302 3690 1396 1397 3932 6222 1400 6229 6231 6230 6235
3303 3693 3694 1248 1395 3705 3699 3723 6210 4128 6211
3304 3690 3688 1151 3935 3720 3718 3716 6228 3963 6227
3305 1327 1152 180 1255 3942 1160 1329 4135 1257 3698
3306 3934 1397 207 1322 6225 4143 3945 3944 1326 4144
3307 1146 3694 3693 3933 3697 3705 3703 3948 6214 6213
3308 1396 1321 3931 1320 4146 3968 6219 4145 3967 1324
3309 1148 3689 3692 3936 3707 3711 3709 3954 6209 6208
3310 1321 1322 1396 3932 1325 4147 4146 3970 6235 3971
3311 1149 3692 3691 3937 3710 3714 3712 3957 6205 6204
3312 3690 1250 1396 1249 3724 4133 6222 3725 4132 1253
3313 1395 3933 3938 1320 6212 3949 6221 4142 3943 3969
3314 3938 179 193 206 3939 1238 6237 3940 4126 1330
3315 193 3694 179 3938 3695 3696 1238 6237 3939 6220
3316 1397 3934 3935 1322 6225 3966 6226 4144 3974 3944
3317 1396 1248 3689 1249 4131 3722 6206 4132 3721 1252
3318 1320 3938 1395 206 3943 6221 4142 1323 4141 3940
3319 1248 3694 193 1395 3699 3695 1251 4128 4127 6211
3320 1395 3931 3933 1320 6215 3952 6212 4142 3969 3967
3321 3935 1151 3690 3932 3963 3716 6228 3964 6231 3959
3322 1322 3935 1397 3932 3974 6226 4144 3971 6230 3964
3323 1146 3694 3933 3938 3697 6213 3948 3941 3949 6220
3324 3932 1150 3690 3937 3960 3715 6231 3961 6236 3956
3325 3931 1395 1396 1320 6215 1399 6219 3967 4145 4142
3326 1322 1397 1396 3932 4144 1400 4147 3971 6235 6230
3327 1148 3689 3936 3931 3707 6208 3954 3950 3955 6218
3328 1250 1397 195 3688 4130 4129 1254 3701 3700 6224
3329 3692 1149 3936 3937 3710 3953 6209 6204 3958 3957
3330 1152 3688 3934 3935 3719 6223 3965 3962 3966 6227
3331 195 1397 223 4134 4129 1401 1402 4136 4137 6232
3332 1396 1248 1395 3689 4131 4128 1399 6206 6217 3722
3333 1250 1396 1397 3690 4133 1400 4130 3724 6229 6222
3334 3689 1148 1147 3931 3707 1155 3706 6218 3951 3950
3335 1146 3693 1147 3933 3703 3704 1154 3948 3947 6214
3336 1151 1150 3690 3932 1158 3715 3716 3959 6231 3960
3337 1255 195 4134 3688 1256 4136 4138 3702 6233 3700
3338 1149 3691 1150 3937 3712 3713 1157 3957 3956 6205
3339 3694 1146 179 3938 3697 1153 3696 6220 3939 3941
3340 1148 3692 1149 3936 3709 3710 1156 3954 3953 6209
3341 3688 1152 1151 3935 3719 1159 3718 6227 3963 3962
3342 1327 3934 4134 207 3946 6234 4140 1328 4139 3945
3343 3937 3690 1396 3691 6236 6222 6203 6205 6201 3717
3344 3937 1396 3690 3932 6203 6222 6236 3961 6231 6235
3345 207 4134 1397 3934 4139 6232 4143 3945 6225 6234
3346 207 1397 4134 223 4143 6232 4139 1403 4137 1401
3347 3690 3688 1397 1250 3720 6224 6229 3724 4130 3701
3348 3690 1397 3688 3935 6229 6224 3720 6228 6227 6226
3349 3688 1152 4134 1255 3719 6238 6233 3702 4138 3698
3350 3688 4134 1152 3934 6233 6238 3719 6223 3965 6234
3351 1327 4134 1152 1255 4140 6238 3942 4135 3698 4138
3352 1327 1152 4134 3934 3942 6238 4140 3946 6234 3965
3353 193 3938 1395 3694 6237 6221 4127 3695 6211 6220
3354 1395 206 193 222 4141 4126 4127 1398 1393 1394
3355 193 206 1395 3938 4126 4141 4127 6237 6221 3940
3 21 11 30
3639 1242 195 230 194 3683 4215 4218 1246 1441 1247
3640 1241 1248 1396 1249 3685 4131 6361 3687 4132 1252
3641 1240 192 232 193 1243 1442 4217 3681 4216 1237
3642 232 1240 193 222 4217 3681 4216 1443 1393 6362
3643 1445 1241 1240 1248 4221 1244 4222 6363 3682 3685
3644 222 1240 193 1395 6362 3681 1393 1398 4127 6364
3645 1248 1445 1241 1396 6363 4221 3685 4131 6361 4229
3646 1240 1248 193 1395 3682 1251 3681 6364 4127 4128
3647 1240 232 1444 222 4217 1447 4220 6362 4224 1443
3648 222 1444 1240 1395 4224 4220 6362 1398 6364 4225
3649 1445 1248 1395 1396 6363 4128 4228 4229 1399 4131
3650 1241 1396 1250 1249 6361 4133 3686 3687 1253 4132
3651 1240 1445 1395 1444 4222 4228 6364 4220 4225 1448
3652 1240 1395 1445 1248 6364 4228 4222 3682 6363 4128
3653 195 223 1397 6365 1402 1401 4129 6366 6369 6367
3654 1242 195 1250 6365 3683 1254 3684 6368 6370 6366
3655 1397 1250 195 6365 4130 1254 4129 6369 6366 6370
3656 223 1446 1397 6365 4226 4227 1401 6367 6369 6371
3657 1250 1241 1242 6365 3686 1245 3684 6370 6368 6372
3658 1242 1241 1446 6365 1245 4223 4219 6368 6371 6372
3659 1446 1241 1445 6365 4223 4221 1449 6371 6373 6372
3660 1397 1446 1445 6365 4227 1449 4230 6369 6373 6371
3661 230 1446 6365 1242 1450 6371 6374 4218 6368 4219
3662 230 6365 1446 223 6374 6371 1450 1437 4226 6367
3663 195 230 6365 1242 4215 6374 6366 3683 6368 4218
3664 195 6365 230 223 6366 6374 4215 1402 1437 6367
3665 1396 6365 1397 1445 6375 6369 1400 4229 4230 6373
3666 1396 1397 6365 1250 1400 6369 6375 4133 6370 4130
3667 1241 6365 1396 1445 6372 6375 6361 4221 4229 6373
3668 1241 1396 6365 1250 6361 6375 6372 3686 6370 4133
3 22 11 32
3768 1242 230 196 194 4218 4239 3750 1246 1259 1441
3769 192 197 1261 232 1268 1264 3748 1442 6376 4238
3770 1240 192 1261 232 1243 3748 3749 4217 6376 1442
3771 219 1261 197 232 4116 1264 1388 1451 4238 6376
3772 1263 1383 196 1242 4115 4114 1267 3751 3750 6377
3773 1381 1261 219 232 4117 4116 1384 4231 1451 6376
3774 220 230 196 1242 1452 4239 1389 6378 3750 4218
3775 196 1383 220 1242 4114 1387 1389 3750 6378 6377
3776 1446 220 1242 230 4232 6378 4219 1450 4218 1452
3777 1446 220 1383 1242 4232 1387 4233 4219 6377 6378
3778 232 1444 1261 1240 1447 6379 6376 4217 3749 4220
3779 232 1261 1444 1381 6376 6379 1447 4231 4234 4117
3780 1240 1262 1241 6380 3752 3753 1244 6381 6382 6383
3781 1240 1241 1445 6380 1244 4221 4222 6381 6384 6382
3782 1240 1261 1262 6380 3749 1265 3752 6381 6383 6385
3783 1241 1262 1263 6380 3753 1266 3754 6382 6386 6383
3784 1381 1262 1261 6380 4118 1265 4117 6388 6385 6383
3785 1382 1263 1262 6380 4119 1266 4120 6389 6383 6386
3786 1382 1262 1381 6380 4120 4118 1385 6389 6388 6383
3787 1382 1383 1263 6380 1386 4115 4119 6389 6386 6387
3788 1382 1381 1445 6380 1385 4235 4236 6389 6384 6388
3789 1445 1383 1382 6380 4237 1386 4236 6384 6389 6387
3790 1446 6380 1445 1241 6390 6384 1449 4223 4221 6382
3791 1446 1445 6380 1383 1449 6384 6390 4233 6387 4237
3792 1242 6380 1446 1241 6391 6390 4219 1245 4223 6382
3793 1242 1446 6380 1383 4219 6390 6391 6377 6387 4233
3794 1263 6380 1242 1241 6386 6391 3751 3754 1245 6382
3795 1263 1242 6380 1383 3751 6391 6386 4115 6387 6377
3796 1444 6380 1381 1261 6392 6388 4234 6379 4117 6385
3797 1444 1381 6380 1445 4234 6388 6392 1448 6384 4235
3798 1240 6380 1444 1261 6381 6392 4220 3749 6379 6385
3799 1240 1444 6380 1445 4220 6392 6381 4222 6384 1448
3 23 11 30
4141 196 1263 181 1343 1267 3742 1258 6182 4036 6183
4142 1263 196 1383 1343 1267 4114 4115 6183 4108 6182
4143 1343 181 196 210 4036 1258 6182 1347 4113 1348
4144 1383 210 196 220 4107 4113 4114 1387 1389 1380
4145 210 1383 196 1343 4107 4114 4113 1347 6182 4108
4146 1343 1263 181 1177 6183 3742 4036 4037 1180 3743
4147 1262 1177 1263 1382 3747 3743 1266 4120 4119 6184
4148 1343 1382 1177 1342 4111 6184 4037 1346 4041 4110
4149 1263 1382 1343 1383 4119 4111 6183 4115 4108 1386
4150 1343 1382 1263 1177 4111 4119 6183 4037 3743 6184
4151 209 1341 182 6185 1344 4038 1339 6188 6187 6189
4152 1176 1261 182 6185 3745 3744 1178 6190 6187 6186
4153 1176 182 1341 6185 1178 4038 4039 6190 6189 6187
4154 1381 1341 209 6185 4106 1344 4105 6191 6188 6189
4155 1262 1261 1176 6185 1265 3745 3746 6192 6190 6186
4156 1342 1176 1341 6185 4040 4039 1345 6194 6189 6190
4157 1262 1381 1261 6185 4118 4117 1265 6192 6186 6191
4158 1262 1382 1381 6185 4120 1385 4118 6192 6191 6193
4159 1342 1341 1381 6185 1345 4106 4109 6194 6191 6189
4160 1382 1342 1381 6185 4110 4109 1385 6193 6191 6194
4161 219 1381 6185 1261 1384 6191 6195 4116 6186 4117
4162 219 6185 1381 209 6195 6191 1384 1379 4105 6188
4163 197 219 6185 1261 1388 6195 6196 1264 6186 4116
4164 197 6185 219 209 6196 6195 1388 4112 1379 6188
4165 182 197 6185 1261 1260 6196 6187 3744 6186 1264
4166 182 6185 197 209 6187 6196 1260 1339 4112 6188
4167 1262 6185 1342 1382 6192 6194 6197 4120 4110 6193
4168 1262 1342 6185 1176 6197 6194 6192 3746 6190 4040
4169 1262 1342 1177 1382 6197 4041 3747 4120 6184 4110
4170 1262 1177 1342 1176 3747 4041 6197 3746 4040 1179
3 24 11 30
4248 1134 167 181 1343 1137 1173 3490 6076 4036 6077
4249 167 1134 1127 1343 1137 3311 3310 6077 4031 6076
4250 1343 167 181 210 6077 1173 4036 1347 1348 4035
4251 210 1127 167 166 4028 3310 4035 1340 1044 1130
4252 1127 210 167 1343 4028 4035 3310 4031 6077 1347
4253 181 1134 1343 1177 3490 6076 4036 1180 4037 3492
4254 1135 1128 1134 1177 3316 3314 1138 3494 3492 6078
4255 1343 1128 1342 1177 4032 4034 1346 4037 4041 6078
4256 1128 1134 1343 1127 3314 6076 4032 1131 4031 3311
4257 1128 1343 1134 1177 4032 6076 3314 6078 3492 4037
4258 209 182 1341 6079 1339 4038 1344 6081 6083 6082
4259 1176 182 1136 6079 1178 3491 3493 6084 6080 6082
4260 1341 182 1176 6079 4038 1178 4039 6083 6084 6082
4261 209 1341 1129 6079 1344 4030 4029 6081 6085 6083
4262 1129 1128 1135 6079 1132 3316 3315 6085 6086 6087
4263 1128 1129 1341 6079 1132 4030 4033 6087 6083 6085
4264 1129 1135 1136 6079 3315 1139 3313 6085 6080 6086
4265 1176 1136 1135 6079 3493 1139 3495 6084 6086 6080
4266 178 1129 6079 209 1133 6085 6088 1338 6081 4029
4267 178 6079 1129 1136 6088 6085 1133 3312 3313 6080
4268 177 178 6079 209 1126 6088 6089 4027 6081 1338
4269 177 6079 178 1136 6089 6088 1126 1140 3312 6080
4270 182 177 6079 209 1175 6089 6082 1339 6081 4027
4271 182 6079 177 1136 6082 6089 1175 3491 1140 6080
4272 1342 6079 1341 1176 6090 6083 1345 4040 4039 6084
4273 1342 1341 6079 1128 1345 6083 6090 4034 6087 4033
4274 1135 6079 1342 1176 6086 6090 6091 3495 4040 6084
4275 1135 1342 6079 1128 6091 6090 6086 3316 6087 4034
4276 1135 1342 1177 1176 6091 4041 3494 3495 1179 4040
4277 1135 1177 1342 1128 3494 4041 6091 3316 4034 6078
3 25 11 24
4309 118 167 825 132 1048 3305 828 899 2849 3056
4310 177 131 116 1136 3295 891 1124 1140 3303 5543
4311 827 116 131 1136 831 891 2848 3304 5543 3303
4312 178 131 177 1136 1125 3295 1126 3312 1140 5543
4313 131 894 827 1136 898 2850 2848 5543 3304 5544
4314 826 827 894 1135 830 2850 2854 3309 5545 3308
4315 1134 893 826 825 5546 2852 3307 3306 829 2853
4316 167 1134 825 1127 1137 3306 3305 3310 5547 3311
4317 132 167 825 166 3056 3305 2849 1042 5548 1044
4318 166 167 825 1127 1044 3305 5548 1130 5547 3310
4319 131 178 894 1136 1125 3296 898 5543 5544 3312
4320 825 892 132 166 2851 895 2849 5548 1042 3297
4321 825 892 166 1127 2851 3297 5548 5547 1130 3298
4322 893 1127 1134 1128 3300 3311 5546 3301 3314 1131
4323 178 1129 894 1136 1133 3299 3296 3312 5544 3313
4324 1128 894 1129 1135 3302 3299 1132 3316 3315 5545
4325 1135 894 893 1128 5545 897 5549 3316 3301 3302
4326 893 894 1135 826 897 5545 5549 2852 3309 2854
4327 893 1134 1135 1128 5546 1138 5549 3301 3316 3314
4328 1135 1134 893 826 1138 5546 5549 3309 2852 3307
4329 1136 1135 894 827 1139 5545 5544 3304 2850 3308
4330 1136 894 1135 1129 5544 5545 1139 3313 3315 3299
4331 825 893 1127 1134 2853 3300 5547 3306 3311 5546
4332 1127 893 825 892 3300 2853 5547 3298 2851 896
3 26 11 40
2612 721 740 2869 2937 2605 5344 5345 5346 5347 5348
2613 974 818 2869 2937 2978 5349 5350 5351 5347 5352
2614 974 2869 971 2937 5350 5353 2975 5351 5354 5347
2615 2869 740 842 2937 5344 2782 5355 5347 5356 5348
2616 818 724 2869 2937 2735 5357 5349 5352 5347 5358
2617 2869 724 721 2937 5357 2495 5345 5347 5346 5358
2618 2869 968 971 2937 5359 2972 5353 5347 5354 5360
2619 968 2869 842 2937 5359 5355 2970 5360 5356 5347
2620 148 818 974 2937 2979 2978 976 2943 5351 5352
2621 740 721 99 2937 2605 2606 742 5348 2940 5346
2622 148 974 971 2937 976 2975 2976 2943 5354 5351
2623 99 842 740 2937 2781 2782 742 2940 5348 5356
2624 135 136 2869 974 907 2875 2877 2974 5350 975
2625 107 93 740 2869 772 741 2780 2874 5344 2872
2626 740 93 87 2869 741 701 2604 5344 2870 2872
2627 136 103 2869 974 908 2873 2875 975 5350 2977
2628 148 971 147 2937 2976 973 949 2943 2945 5354
2629 99 119 842 2937 838 843 2781 2940 5356 2942
2630 94 99 721 2937 739 2606 723 2939 5346 2940
2631 148 113 818 2937 950 820 2979 2943 5352 2941
2632 740 842 107 2869 2782 844 2780 5344 2874 5355
2633 971 135 2869 974 972 2877 5353 2975 5350 2974
2634 740 87 721 2869 2604 722 2605 5344 5345 2870
2635 103 818 2869 974 819 5349 2873 2977 5350 2978
2636 968 147 971 2937 2973 973 2972 5360 5354 2945
2637 968 842 119 2937 2970 843 2969 5360 2942 5356
2638 721 724 94 2937 2495 2496 723 5346 2939 5358
2639 724 818 113 2937 2735 820 2736 5358 2941 5352
2640 842 2869 968 134 5355 5359 2970 2968 969 2876
2641 134 2869 968 971 2876 5359 969 2971 2972 5353
2642 88 818 724 2869 2734 2735 725 2871 5357 5349
2643 721 88 724 2869 2494 725 2495 5345 5357 2871
2644 2869 842 107 134 5355 844 2874 2876 905 2968
2645 135 2869 134 971 2877 2876 906 972 2971 5353
2646 87 88 721 2869 667 2494 722 2870 5345 2871
2647 88 103 818 2869 750 819 2734 2871 5349 2873
2648 119 146 968 2937 947 970 2969 2942 5360 2944
2649 147 968 146 2937 2973 970 948 2945 2944 5360
2650 95 94 724 2937 706 2496 726 2938 5358 2939
2651 113 95 724 2937 798 726 2736 2941 5358 2938
3 27 11 75
2776 2283 2281 557 2574 2306 2290 2286 5129 5130 5131
2777 2574 2569 2279 2572 2589 5132 5133 2597 5134 2603
2778 2574 2279 2281 2572 5133 2313 5131 2597 5135 5134
2779 2571 2278 2280 2573 5138 2311 5139 2598 5140 5141
2780 655 2278 2280 2571 2310 2311 2295 5142 5139 5138
2781 2278 2571 2568 2573 5138 2602 5143 5141 2596 2598
2782 2281 2283 2279 2574 2306 2298 2313 5131 5133 5129
2783 2277 656 2279 2570 2308 2312 2301 5136 5144 5137
2784 2278 2282 2280 2573 2305 2307 2311 5141 5140 5145
2785 623 2280 2282 2573 2294 2307 2289 5149 5145 5140
2786 656 2281 2279 2572 2292 2313 2312 5150 5134 5135
2787 2280 655 2571 2765 2295 5142 5139 5151 5152 5153
2788 656 2572 2570 842 5150 2601 5137 5154 5148 5155
2789 2572 2570 842 740 2601 5148 5155 2583 2782 2599
2790 2573 2280 2571 2765 5140 5139 2598 5156 5152 5151
2791 655 2571 2765 842 5142 5152 5153 5146 5157 5147
2792 2570 2571 842 740 2600 5147 5148 2599 2782 2586
2793 2281 2574 2572 2651 5131 2597 5135 5158 5159 5160
2794 118 655 2765 839 2774 5153 2768 841 5161 2776
2795 656 2281 2572 2651 2292 5135 5150 5162 5159 5158
2796 656 2572 842 2651 5150 5155 5154 5162 5163 5159
2797 2568 2570 2277 531 2595 5136 5164 2593 2299 2591
2798 119 118 2765 839 837 2768 2770 2779 5161 841
2799 2568 2277 2278 531 5164 2304 5143 2593 2303 2299
2800 842 2765 655 839 5157 5153 5146 2778 2776 5161
2801 2574 2281 557 2651 5131 2290 5130 5160 2655 5158
2802 2283 557 48 2574 2286 558 2285 5129 2575 5130
2803 736 2573 2571 2765 2580 2598 2584 2772 5152 5156
2804 698 2572 2574 2651 2582 2597 2577 2658 5160 5159
2805 842 2572 107 2651 5155 5165 844 5163 2657 5159
2806 698 2574 557 2651 2577 5130 2652 2658 2655 5160
2807 2572 93 107 2651 2581 772 5165 5159 2657 2656
2808 623 2280 2573 2765 2294 5140 5149 2769 5156 5151
2809 842 119 2765 839 843 2770 5157 2778 5161 2779
2810 107 106 842 2651 771 2777 844 2657 5163 2653
2811 530 2277 2570 531 2300 5136 2590 535 2591 2299
2812 842 2571 99 740 5147 2585 2781 2782 742 2586
2813 2572 107 93 740 5165 772 2581 2583 741 2780
2814 736 623 2573 2765 2766 5149 2580 2772 5156 2769
2815 107 2572 842 740 5165 5155 844 2780 2782 2583
2816 2574 557 48 698 5130 558 2575 2577 700 2652
2817 78 118 655 2765 824 2774 657 2767 5153 2768
2818 529 2279 2283 2574 2297 2298 2284 2576 5129 5133
2819 2278 2282 2573 532 2305 5145 5141 2302 2578 2288
2820 57 623 2282 2573 624 2289 2287 2579 5145 5149
2821 655 656 842 839 658 5154 5146 2776 2778 2775
2822 2279 529 2569 2574 2297 2587 5132 5133 2589 2576
2823 2573 2568 2278 532 2596 5143 5141 2578 2302 2594
2824 529 2283 48 2574 2284 2285 533 2576 2575 5129
2825 736 2571 99 2765 2584 2585 737 2772 2771 5152
2826 93 2572 698 2651 2581 2582 699 2656 2658 5159
2827 57 623 2573 736 624 5149 2579 738 2580 2766
2828 656 106 65 2651 2773 770 659 5162 2654 2653
2829 655 2280 78 2765 2295 2293 657 5153 2767 5151
2830 2573 2282 57 532 5145 2287 2579 2578 537 2288
2831 2569 529 2279 530 2587 2297 5132 2588 2296 534
2832 2278 2568 531 532 5143 2593 2303 2302 536 2594
2833 2281 656 65 2651 2292 659 2291 5158 2654 5162
2834 65 557 2281 2651 559 2290 2291 2654 5158 2655
2835 2280 623 78 2765 2294 625 2293 5151 2767 2769
2836 2570 2279 530 2569 5144 2296 2590 2592 2588 5132
2837 2570 530 2279 2277 2590 2296 5144 5136 2301 2300
2838 2570 2277 2571 2568 5136 5166 2600 2595 2602 5164
2839 2278 2277 2571 655 2304 5166 5138 2310 5142 2309
2840 2278 2571 2277 2568 5138 5166 2304 5143 5164 2602
2841 2279 2570 2572 2569 5144 2601 5134 5132 2603 2592
2842 2572 2570 2279 656 2601 5144 5134 5150 2312 5137
2843 2765 842 99 119 5157 2781 2771 2770 838 843
2844 99 842 2765 2571 2781 5157 2771 2585 5152 5147
2845 656 842 106 2651 5154 2777 2773 5162 2653 5163
2846 656 106 842 839 2773 2777 5154 2775 2778 840
2847 2571 656 2277 2570 5167 2308 5166 2600 5136 5137
2848 2571 2277 656 655 5166 2308 5167 5142 658 2309
2849 2571 842 656 2570 5147 5154 5167 2600 5137 5148
2850 2571 656 842 655 5167 5154 5147 5142 5146 658
3 28 11 71
2681 2571 2568 2573 1979 2602 2596 2598 4906 4907 4908
2682 2572 1980 1978 384 4909 1996 4910 4911 1995 1981
2683 721 2570 2571 383 4912 2600 4913 4914 4915 4916
2684 2570 2572 721 740 2601 4917 4912 2599 2605 2583
2685 2571 2570 721 740 2600 4912 4913 2586 2605 2599
2686 2560 2571 2573 1979 4918 2598 4919 4920 4907 4906
2687 2574 2572 2420 1980 2597 4921 4922 4923 4924 4909
2688 1980 2572 2420 384 4909 4921 4924 1981 4925 4911
2689 2571 2560 383 1979 4918 4926 4915 4906 1985 4920
2690 2560 721 2571 383 4927 4913 4918 4926 4915 4914
2691 2572 721 2420 384 4917 4928 4921 4911 4925 4929
2692 1978 530 2569 1976 2000 2588 4930 1994 4931 2001
2693 531 2568 1976 1977 2593 4932 2002 2003 1992 4933
2694 530 2570 2569 1976 2590 2592 2588 2001 4931 4934
2695 531 2568 2570 1976 2593 2595 2591 2002 4934 4932
2696 1980 2420 2574 440 4924 4922 4923 1983 4935 2424
2697 2571 2573 736 2560 2598 2580 2584 4918 2567 4919
2698 2574 2572 698 2420 2597 2582 2577 4922 2427 4921
2699 2572 721 87 2420 4917 722 4936 4921 2423 4928
2700 721 2560 325 383 4927 4937 2492 4914 1612 4926
2701 2560 2573 498 1979 4919 4938 2564 4920 1986 4907
2702 2420 698 2574 440 2427 2577 4922 2424 4935 2425
2703 325 2560 27 383 4937 2561 327 1612 1611 4926
2704 2572 87 93 2420 4936 701 2581 4921 2426 2423
2705 1980 529 2574 1978 1997 2576 4923 1996 4939 1999
2706 529 2569 2574 1978 2587 2589 2576 1999 4939 4930
2707 2560 94 721 325 2563 723 4927 4937 2492 2493
2708 27 94 2560 325 705 2563 2561 327 4937 2493
2709 721 10 87 2420 2491 663 722 4928 2423 2422
2710 2571 721 99 740 4913 2606 2585 2586 742 2605
2711 2570 530 531 1976 2590 535 2591 4934 2002 2001
2712 2572 93 87 740 2581 701 4936 2583 2604 741
2713 2573 736 2560 498 2580 2567 4919 4938 2564 2565
2714 1980 2574 529 440 4923 2576 1997 1983 1987 4935
2715 87 721 2572 740 722 4917 4936 2604 2583 2605
2716 2574 48 529 440 2575 533 2576 4935 1987 442
2717 698 48 2574 440 700 2575 2577 2425 4935 442
2718 498 2573 532 1979 4938 2578 1988 1986 1998 4907
2719 384 721 325 383 4929 2492 1610 386 1612 4914
2720 736 99 2571 2560 737 2585 2584 2567 4918 2566
2721 530 2569 529 1978 2588 2587 534 2000 1999 4930
2722 57 2573 532 498 2579 2578 537 500 1988 4938
2723 698 2572 93 2420 2582 2581 699 2427 2426 4921
2724 736 2573 57 498 2580 2579 738 2565 500 4938
2725 2568 531 532 1977 2593 536 2594 4933 2004 2003
2726 10 19 2420 384 297 2421 2422 1609 4925 387
2727 2560 34 27 383 2562 370 2561 4926 1611 385
2728 1980 2420 19 384 4924 2421 1982 1981 387 4925
2729 383 2560 34 1979 4926 2562 385 1985 1984 4920
2730 1980 19 2420 440 1982 2421 4924 1983 2424 441
2731 498 34 2560 1979 499 2562 2564 1986 4920 1984
2732 2569 2572 1976 2570 2603 4940 4931 2592 4934 2601
2733 2569 1976 2572 1978 4931 4940 2603 4930 4910 1994
2734 384 2572 1976 1978 4911 4940 1990 1995 1994 4910
2735 1978 2572 2574 1980 4910 2597 4939 1996 4923 4909
2736 1978 2574 2572 2569 4939 2597 4910 4930 2603 2589
2737 1979 2568 383 2571 4908 4941 1985 4906 4915 2602
2738 1979 383 2568 1977 1985 4941 4908 1993 4933 1991
2739 1976 2568 383 1977 4932 4941 1989 1992 1991 4933
2740 1979 2568 532 1977 4908 2594 1998 1993 2004 4933
2741 1979 532 2568 2573 1998 2594 4908 4907 2596 2578
2742 721 2560 99 94 4927 2566 2606 723 739 2563
2743 99 2560 721 2571 2566 4927 2606 2585 4913 4918
2744 384 721 10 325 4929 2491 1609 1610 326 2492
2745 384 10 721 2420 1609 2491 4929 4925 4928 2422
2746 2570 383 2568 2571 4916 4941 2595 2600 2602 4915
2747 2570 2568 383 1976 2595 4941 4916 4934 1989 4932
2748 383 2572 2570 1976 4942 2601 4916 1989 4934 4940
2749 383 2570 2572 721 4916 2601 4942 4914 4917 4912
2750 383 384 2572 1976 386 4911 4942 1989 4940 1990
2751 383 2572 384 721 4942 4911 386 4914 4929 4917
3 29 11 24
2474 41 88 521 2329 671 2497 522 2332 4847 2334
2475 521 8 41 2329 1936 399 522 4847 2332 2331
2476 88 724 521 2329 725 2499 2497 2334 4847 4848
2477 2463 721 94 325 4849 723 2467 4850 2493 2492
2478 2463 94 27 325 2467 705 2465 4850 327 2493
2479 721 87 10 2329 722 663 2491 4851 2330 2333
2480 721 2463 321 325 4849 4852 4853 2492 1547 4850
2481 321 521 724 2329 1937 2499 4854 4855 4848 4847
2482 2463 724 721 321 4856 2495 4849 4852 4853 4854
2483 724 721 321 2329 2495 4853 4854 4848 4855 4851
2484 10 8 321 2329 253 323 1546 2330 4855 2331
2485 8 521 321 2329 1936 1937 323 2331 4855 4847
2486 321 2463 26 325 4852 2464 322 1547 1548 4850
2487 27 26 2463 325 329 2464 2465 327 4850 1548
2488 95 52 724 2463 707 2498 726 2468 4856 2466
2489 2463 26 52 321 2464 473 2466 4852 1938 322
2490 94 724 721 2463 2496 2495 723 2467 4849 4856
2491 721 724 88 2329 2495 725 2494 4851 2334 4848
2492 721 88 87 2329 2494 667 722 4851 2333 2334
2493 724 94 95 2463 2496 706 726 4856 2468 2467
2494 10 721 321 325 2491 4853 1546 326 1547 2492
2495 10 321 721 2329 1546 4853 2491 2330 4851 4855
2496 52 724 321 521 2498 4854 1938 523 1937 2499
2497 52 321 724 2463 1938 4854 2498 2466 4856 4852
3 30 11 24
2379 521 88 41 2622 2497 671 522 5070 2623 2625
2380 113 2702 112 815 2707 2706 799 2739 817 5071
2381 41 72 521 2622 588 2253 522 2623 5070 2624
2382 2702 81 112 815 2703 797 2706 5071 817 2732
2383 521 724 88 2622 2499 725 2497 5070 2625 5072
2384 113 818 2702 815 820 5073 2707 2739 5071 2738
2385 102 103 818 2622 754 819 2737 2626 5074 2627
2386 818 647 2702 815 5075 5076 5073 2738 5071 2733
2387 647 724 521 2622 5077 2499 2255 5078 5070 5072
2388 818 2702 647 724 5073 5076 5075 2735 5077 5079
2389 647 818 724 2622 5075 2735 5077 5078 5072 5074
2390 647 72 102 2622 649 749 2731 5078 2626 2624
2391 521 72 647 2622 2253 649 2255 5070 5078 2624
2392 647 81 2702 815 648 2703 5076 2733 5071 2732
2393 95 52 2702 724 707 2704 2705 726 5079 2498
2394 647 81 52 2702 648 635 2254 5076 2704 2703
2395 724 818 2702 113 2735 5073 5079 2736 2707 820
2396 724 818 88 2622 2735 2734 725 5072 2625 5074
2397 818 103 88 2622 819 750 2734 5074 2625 2627
2398 2702 95 724 113 2705 726 5079 2707 2736 798
2399 102 818 647 2622 2737 5075 2731 2626 5078 5074
2400 102 647 818 815 2731 5075 2737 816 2738 2733
2401 52 724 647 2702 2498 5077 2254 2704 5076 5079
2402 647 724 52 521 5077 2498 2254 2255 523 2499
3 31 11 71
2403 3419 3422 3424 3457 3453 3442 3452 5599 5600 5601
2404 3459 1053 3423 3458 3460 5602 5603 3475 5604 3474
2405 3422 3421 818 1052 3438 5605 5606 5607 5608 5609
2406 3423 3421 818 974 3440 5605 5610 3427 2978 3439
2407 818 3421 3422 974 5605 3438 5606 2978 3429 3439
2408 3074 3423 3425 3459 5611 3441 5612 5613 5614 5603
2409 3411 3424 3422 3457 5615 3442 5616 5617 5601 5600
2410 3423 3074 1053 3459 5611 5618 5602 5603 3460 5613
2411 3411 3422 1052 3457 5616 5607 5619 5617 3464 5601
2412 3411 3422 818 1052 5616 5606 5620 5619 5608 5607
2413 3074 818 3423 1053 5621 5610 5611 5618 5602 5622
2414 112 3411 815 1052 3412 5623 817 3072 3073 5619
2415 3458 3420 1165 3455 5624 3443 3479 3473 3480 5625
2416 1166 3419 3456 3455 3450 5626 3482 3481 3471 5627
2417 113 112 3411 815 799 3412 3413 2739 5623 817
2418 3421 1165 3420 3455 3447 3443 3448 5628 5625 3480
2419 3419 1166 3421 3455 3450 3446 3451 5627 5628 3481
2420 3074 3425 1060 3459 5612 5629 3080 5613 3462 5614
2421 3422 1143 3424 3411 3431 3435 3442 5616 5615 3416
2422 3423 3425 1057 3074 3441 3433 3428 5611 3079 5612
2423 103 818 3423 3074 819 5610 5630 3075 5611 5621
2424 815 3411 818 1052 5623 5620 2738 3073 5608 5619
2425 3074 3425 1057 1060 5612 3433 3079 3080 3081 5629
2426 3423 136 103 3074 3426 908 5630 5611 3075 3078
2427 1161 3424 3411 3457 5631 5615 3417 3465 5617 5600
2428 113 3411 818 815 3413 5620 820 2739 2738 5623
2429 818 103 102 3074 819 754 2737 5621 3076 3075
2430 974 3422 818 148 3429 5606 2978 976 2979 3430
2431 3421 1166 1165 3455 3446 1170 3447 5628 3480 3481
2432 3423 103 136 974 5630 908 3426 3427 975 2977
2433 3411 1143 3424 1161 3416 3435 5615 3417 5631 3418
2434 3459 3425 1164 3458 5614 3434 3476 3475 3478 5632
2435 818 103 3423 974 819 5630 5610 2978 3427 2977
2436 3425 1164 169 1060 3434 1168 3432 5629 1061 3466
2437 3425 1164 1060 3459 3434 3466 5629 5614 3462 3476
2438 3425 3420 1164 3458 3445 3444 3434 5632 3478 5624
2439 3425 169 1057 1060 3432 1059 3433 5629 3081 1061
2440 1167 3424 1161 3457 3437 5631 3467 3477 3465 5600
2441 1052 112 3411 163 3072 3412 5619 1054 3414 1038
2442 1053 815 818 1052 3071 2738 5622 1055 5608 3073
2443 3411 3422 1143 148 5616 3431 3416 3415 1144 3430
2444 1167 3424 180 1161 3437 3436 1172 3467 1162 5631
2445 3423 1057 136 3074 3428 1058 3426 5611 3078 3079
2446 180 3424 1143 1161 3436 3435 1145 1162 3418 5631
2447 1167 1166 3419 3456 1171 3450 3449 3483 5626 3482
2448 3074 160 102 1053 3077 1019 3076 5618 3070 1056
2449 1165 1164 3420 3458 1169 3444 3443 3479 5624 3478
2450 1053 3074 160 3459 5618 3077 1056 3460 3461 5613
2451 163 3411 1052 3457 3414 5619 1054 3463 3464 5617
2452 1060 160 3074 3459 1062 3077 3080 3462 5613 3461
2453 1161 3411 163 3457 3417 3414 1163 3465 3463 5617
2454 1053 3455 3423 3458 3469 5633 5602 3474 5604 3473
2455 3420 3455 3423 3421 5625 5633 3454 3448 3440 5628
2456 3420 3423 3455 3458 3454 5633 5625 5624 3473 5604
2457 3419 3457 1167 3456 5599 3477 3449 5626 3483 3472
2458 1167 3457 3419 3424 3477 5599 3449 3437 3452 5600
2459 3423 3458 3425 3459 5604 5632 3441 5603 5614 3475
2460 3425 3458 3423 3420 5632 5604 3441 3445 3454 5624
2461 3419 3457 1052 3422 5599 3464 5634 3453 5607 5601
2462 1052 3457 3419 3456 3464 5599 5634 3470 5626 3472
2463 3419 3455 1052 3456 5627 3468 5634 5626 3470 3471
2464 818 3411 148 3422 5620 3415 2979 5606 3430 5616
2465 818 148 3411 113 2979 3415 5620 820 3413 950
2466 818 1053 102 815 5622 3070 2737 2738 816 3071
2467 102 1053 818 3074 3070 5622 2737 3076 5621 5618
2468 3421 3419 1052 3422 3451 5634 5609 3438 5607 3453
2469 3421 1052 3419 3455 5609 5634 3451 5628 5627 3468
2470 1052 3423 3421 818 5635 3440 5609 5608 5605 5610
2471 1052 3421 3423 3455 5609 3440 5635 3468 5633 5628
2472 1052 1053 3423 818 1055 5602 5635 5608 5610 5622
2473 1052 3423 1053 3455 5635 5602 1055 3468 3469 5633
3 32 11 76
2498 1187 3772 3774 3425 3781 3797 3777 5841 5842 5843
2499 3769 3771 3424 3422 3802 5846 5847 5848 3442 5849
2500 3769 1272 3771 3422 3801 3786 3802 5848 5849 5850
2501 3422 3424 3769 3419 3442 5847 5848 3453 5851 3452
2502 1273 3421 3420 3423 5844 3448 5852 5853 3454 3440
2503 3769 3771 3773 3424 3802 3798 3796 5847 5854 5846
2504 3771 1255 3773 3424 3785 3780 3798 5846 5854 5858
2505 3728 3771 1272 3422 5859 3786 5860 5861 5850 5849
2506 1273 3421 3423 971 5844 3440 5853 5862 5863 5857
2507 3421 3423 971 974 3440 5863 5857 3439 2975 3427
2508 3424 3771 3728 3422 5846 5859 5864 3442 5861 5849
2509 3422 1272 3728 971 5850 5860 5861 5855 5865 5856
2510 971 3422 3421 974 5855 3438 5857 2975 3439 3429
2511 3423 3425 3772 3513 3441 5843 5866 5867 5868 5869
2512 194 1272 1269 3728 3766 3767 1271 3731 5870 5860
2513 3772 1273 3423 3513 3783 5853 5866 5868 5867 5871
2514 971 3423 1273 3513 5863 5853 5862 5872 5871 5867
2515 1166 3421 3768 3419 3446 5845 3790 3450 5873 3451
2516 1165 3768 3421 3420 3791 5845 3447 3443 3448 5874
2517 3728 1269 194 147 5870 1271 3731 3730 1239 3762
2518 3768 3769 1166 3419 3795 3794 3790 5873 3450 5851
2519 3770 3768 1165 3420 3792 3791 3787 5875 3443 5874
2520 3728 1272 1269 971 5860 3767 5870 5865 3763 5856
2521 1187 3772 3425 3513 3781 5843 5841 3520 5869 5868
2522 169 1187 3774 3425 1189 3777 3776 3432 5842 5841
2523 1143 3424 3728 3422 3435 5864 3732 3431 5861 3442
2524 3423 1057 3425 3513 3428 3433 3441 5867 5869 3517
2525 135 3423 971 3513 5876 5863 972 3514 5872 5867
2526 3425 1057 1187 3513 3433 3518 5841 5869 3520 3517
2527 135 136 3423 3513 907 3426 5876 3514 5867 3515
2528 1255 3771 3728 3424 3785 5859 3735 5858 5864 5846
2529 147 3728 1269 971 3730 5870 3762 973 3763 5865
2530 971 183 135 3513 3761 1185 972 5872 3514 3516
2531 1166 3768 3421 1165 3790 5845 3446 1170 3447 3791
2532 974 971 3422 148 2975 5855 3429 976 3430 2976
2533 136 135 3423 974 907 5876 3426 975 3427 2974
2534 3424 3728 1255 1143 5864 3735 5858 3435 3733 3732
2535 971 3423 135 974 5863 5876 972 2975 2974 3427
2536 1187 169 1057 3425 1189 1059 3518 5841 3433 3432
2537 194 195 1272 3728 1247 1274 3766 3731 5860 3734
2538 3773 3769 3424 1167 3796 5847 5854 3779 3437 3793
2539 3773 1255 180 3424 3780 1257 3778 5854 3436 5858
2540 1272 1273 1269 971 1275 3765 3767 5856 3763 5862
2541 1167 3769 3424 3419 3793 5847 3437 3449 3452 5851
2542 169 3774 1164 3425 3776 3775 1168 3432 3434 5842
2543 3422 3728 1143 148 5861 3732 3431 3430 1144 3729
2544 3423 136 1057 3513 3426 1058 3428 5867 3517 3515
2545 3424 1255 180 1143 5858 1257 3436 3435 1145 3733
2546 184 183 1273 3513 1186 3764 1276 3519 5871 3516
2547 195 3771 1272 3728 3784 3786 1274 3734 5860 5859
2548 3424 180 3773 1167 3436 3778 5854 3437 3779 1172
2549 1164 3770 1165 3420 3788 3787 1169 3444 3443 5875
2550 3769 1167 1166 3419 3793 1171 3794 5851 3450 3449
2551 1273 3772 184 3513 3783 3782 1276 5871 3519 5868
2552 1187 184 3772 3513 1188 3782 3781 3520 5868 3519
2553 195 1255 3771 3728 1256 3785 3784 3734 5859 3735
2554 3420 3768 1273 3770 5874 3799 5852 5875 3803 3792
2555 3420 1273 3768 3421 5852 3799 5874 3448 5845 5844
2556 3769 3422 3768 1272 5848 5877 3795 3801 3800 5850
2557 3769 3768 3422 3419 3795 5877 5848 5851 3453 5873
2558 3421 3422 3768 3419 3438 5877 5845 3451 5873 3453
2559 3425 3772 3420 3423 5843 5878 3445 3441 3454 5866
2560 1273 3772 3420 3770 3783 5878 5852 3803 5875 3804
2561 1273 3420 3772 3423 5852 5878 3783 5853 5866 3454
2562 3772 3774 3420 3770 3797 5879 5878 3804 5875 3789
2563 3772 3420 3774 3425 5878 5879 3797 5843 5842 3445
2564 1164 3420 3774 3770 3444 5879 3775 3788 3789 5875
2565 1164 3774 3420 3425 3775 5879 3444 3434 3445 5842
2566 971 3728 148 147 5865 3729 2976 973 949 3730
2567 971 148 3728 3422 2976 3729 5865 5855 5861 3430
2568 1273 971 183 1269 5862 3761 3764 3765 1270 3763
2569 1273 183 971 3513 3764 3761 5862 5871 5872 3516
2570 1273 971 3422 3421 5862 5855 5880 5844 3438 5857
2571 1273 3422 971 1272 5880 5855 5862 1275 5856 5850
2572 3768 1273 3422 3421 3799 5880 5877 5845 3438 5844
2573 3768 3422 1273 1272 5877 5880 3799 3800 1275 5850
3 33 11 24
2752 134 175 3644 1182 1116 3647 3645 3510 5881 1183
2753 1269 3736 194 147 5882 3740 1271 3762 1239 3737
2754 190 3644 175 1182 3649 3647 1222 3805 1183 5881
2755 1269 3736 196 194 5882 3741 3810 1271 1259 3740
2756 3644 968 134 1182 5883 969 3645 5881 3510 3511
2757 147 1269 3736 971 3762 5882 3737 973 5884 3763
2758 3644 183 135 971 3648 1185 3646 5885 972 3761
2759 1269 1277 3736 971 3809 5886 5882 3763 5884 5887
2760 3644 1277 968 1182 5888 5889 5883 5881 3511 3807
2761 968 3736 1277 971 5890 5886 5889 2972 5887 5884
2762 968 1277 3644 971 5889 5888 5883 2972 5885 5887
2763 3736 146 968 181 3738 970 5890 3739 3512 1174
2764 183 3644 190 1277 3648 3649 1226 3808 1279 5888
2765 3644 190 1277 1182 3649 1279 5888 5881 3807 3805
2766 196 1277 3736 1269 1278 5886 3741 3810 5882 3809
2767 3736 1277 196 181 5886 1278 3741 3739 1258 3806
2768 147 3736 968 971 3737 5890 2973 973 2972 5884
2769 134 968 3644 971 969 5883 3645 2971 5885 2972
2770 3644 135 134 971 3646 906 3645 5885 2971 972
2771 968 146 3736 147 970 3738 5890 2973 3737 948
2772 968 181 1277 3736 3512 3806 5889 5890 5886 3739
2773 968 1277 181 1182 5889 3806 3512 3511 1184 3807
2774 971 183 1277 3644 3761 3808 5887 5885 5888 3648
2775 971 1277 183 1269 5887 3808 3761 3763 1270 3809
3 34 11 24
2851 3272 175 134 1182 3277 1116 3276 5653 3510 1183
2852 3484 118 119 839 3486 837 3485 5654 2779 841
2853 1182 3272 175 153 5653 3277 1183 3507 1112 3275
2854 118 3484 167 839 3486 3487 1048 841 3059 5654
2855 3272 134 968 1182 3276 969 5655 5653 3511 3510
2856 119 842 3484 839 843 5656 3485 2779 5654 2778
2857 842 106 107 3272 2777 771 844 5657 3274 3273
2858 1045 3484 842 839 5658 5656 5659 3058 2778 5654
2859 968 3272 1182 1045 5655 5653 3511 5660 3508 5661
2860 3484 842 968 1045 5656 2970 5662 5658 5660 5659
2861 3272 968 842 1045 5655 2970 5657 5661 5659 5660
2862 3484 968 146 181 5662 970 3488 3489 1174 3512
2863 1045 106 3272 153 3057 3273 5661 1047 3275 988
2864 3272 1182 1045 153 5653 3508 5661 3275 1047 3507
2865 1045 181 3484 167 3509 3489 5658 1046 3487 1173
2866 167 3484 1045 839 3487 5658 1046 3059 3058 5654
2867 119 842 968 3484 843 2970 2969 3485 5662 5656
2868 134 968 842 3272 969 2970 2968 3276 5657 5655
2869 134 842 107 3272 2968 844 905 3276 3274 5657
2870 968 146 119 3484 970 947 2969 5662 3485 3488
2871 181 968 1045 3484 3512 5660 3509 3489 5658 5662
2872 1045 968 181 1182 5660 3512 3509 3508 1184 3511
2873 106 842 1045 3272 2777 5659 3057 3273 5661 5657
2874 106 1045 842 839 3057 5659 2777 840 2778 3058
3 35 11 26
3057 839 118 2266 132 841 5227 5228 2868 5229 899
3058 655 118 2266 839 2774 5227 2274 2776 5228 841
3059 78 2266 118 132 2272 5227 824 2863 899 5229
3060 84 132 2266 77 2864 5229 2273 653 2271 901
3061 132 84 2266 133 2864 2273 5229 903 5230 902
3062 839 2266 133 132 5228 5230 2867 2868 903 5229
3063 62 133 2265 84 2865 5231 2268 654 2269 902
3064 2266 78 118 655 2272 824 5227 2274 2774 657
3065 2266 78 77 132 2272 612 2271 5229 901 2863
3066 2265 2266 84 133 2275 2273 2269 5231 902 5230
3067 62 133 125 5232 2865 904 863 5233 5234 5235
3068 62 2265 133 5232 2268 5231 2865 5233 5235 5237
3069 62 656 2265 5232 2267 2270 2268 5233 5237 5236
3070 125 133 106 5232 904 2866 867 5234 5238 5235
3071 839 106 133 5232 840 2866 2867 5239 5235 5238
3072 839 656 106 5232 2775 2773 840 5239 5238 5236
3073 839 133 2266 5232 2867 5230 5228 5239 5240 5235
3074 133 2265 2266 5232 5231 2275 5230 5235 5240 5237
3075 656 839 655 5232 2775 2776 658 5236 5241 5239
3076 656 655 2265 5232 658 2276 2270 5236 5237 5241
3077 655 839 2266 5232 2776 5228 2274 5241 5240 5239
3078 655 2266 2265 5232 2274 2275 2276 5241 5237 5240
3079 5232 106 65 656 5238 770 5242 5236 659 2773
3080 5232 65 106 125 5242 770 5238 5234 867 2811
3081 5232 65 62 656 5242 551 5233 5236 2267 659
3082 5232 62 65 125 5233 551 5242 5234 2811 863
3 36 11 86
2959 2279 2283 2281 2033 2298 2306 2313 4663 4664 4665
2960 1948 2283 2279 2033 4666 2298 4667 4668 4663 4665
2961 2280 2177 2282 2278 4669 4670 2307 2311 2305 4671
2962 2279 2265 1948 2033 4672 4673 4667 4663 4668 4674
2963 2277 2265 1948 2279 4675 4673 4676 2301 4667 4672
2964 2282 2177 1949 2278 4670 4677 4678 2305 4679 4671
2965 2177 2280 2266 2278 4669 4680 4681 4671 4682 2311
2966 1948 2277 2279 530 4676 2301 4667 1970 2296 2300
2967 2277 1948 1950 530 4676 1973 4683 2300 1972 1970
2968 1948 2283 2033 428 4666 4665 4668 1965 2040 4684
2969 2277 2278 2266 655 2304 4682 4685 2309 2274 2310
2970 2277 1949 2278 531 4686 4679 2304 2299 2303 1974
2971 1950 1949 2277 531 1975 4686 4683 1971 2299 1974
2972 1950 1952 1948 650 1963 1966 1973 4687 4688 4689
2973 1949 1951 2256 2177 1969 4690 4691 4677 4692 4693
2974 2177 1949 495 2282 4677 1967 2180 4670 4694 4678
2975 530 1950 2277 531 1972 4683 2300 535 2299 1971
2976 1952 1948 2033 428 1966 4668 4695 1955 2040 1965
2977 2283 48 557 428 2285 558 2286 4684 2035 430
2978 1952 60 45 650 1954 528 1953 4689 2262 651
2979 45 1952 650 542 1953 4689 2262 543 2263 4696
2980 529 2283 1948 428 2284 4666 1964 1956 1965 4684
2981 48 2283 529 428 2285 2284 533 430 1956 4684
2982 2279 2283 1948 529 2298 4666 4667 2297 1964 2284
2983 1949 2282 2278 532 4678 2305 4679 1968 2302 2288
2984 2282 1949 495 532 4678 1967 4694 2288 1960 1968
2985 1951 1949 495 2177 1969 1967 1959 4693 2180 4677
2986 2033 2283 557 428 4665 2286 2039 2040 2035 4684
2987 2278 2280 2266 655 2311 4680 4682 2310 2274 2295
2988 557 2281 2283 2033 2290 2306 2286 2039 4665 4664
2989 2277 2266 2265 655 4685 2275 4675 2309 2276 2274
2990 62 656 2033 2265 2267 4698 2037 2268 4674 2270
2991 2265 2277 656 2279 4675 2308 2270 4672 2312 2301
2992 2033 542 1952 428 2038 4696 4695 2040 1955 2034
2993 495 57 2282 532 497 2287 4694 1960 2288 537
2994 2256 55 77 2177 2258 622 2259 4692 2179 2178
2995 55 60 1951 2256 527 1957 1958 2258 4690 2257
2996 495 57 623 2282 497 624 2181 4694 2289 2287
2997 623 2280 2177 2282 2294 4669 2183 2289 4670 2307
2998 65 656 2281 2033 659 2292 2291 2036 4664 4698
2999 62 656 65 2033 2267 659 551 2037 2036 4698
3000 2177 495 623 2282 2180 2181 2183 4670 2289 4694
3001 2256 1951 55 2177 4690 1958 2258 4692 2178 4693
3002 1951 495 55 2177 1959 496 1958 4693 2178 2180
3003 2266 2256 77 2177 4699 2259 2271 4681 2179 4692
3004 1952 1950 60 650 1963 1962 1954 4689 651 4687
3005 60 1950 1951 650 1962 1961 1957 651 4700 4687
3006 2280 2266 78 2177 4680 2272 2293 4669 2182 4681
3007 45 1952 542 428 1953 4696 543 429 2034 1955
3008 529 1948 2279 530 1964 4667 2297 534 2296 1970
3009 2266 77 78 2177 2271 612 2272 4681 2182 2179
3010 531 1949 2278 532 1974 4679 2303 536 2302 1968
3011 77 84 2256 2266 653 2261 2259 2271 4699 2273
3012 2256 60 1951 650 2257 1957 4690 2260 4700 651
3013 78 2266 2280 655 2272 4680 2293 657 2295 2274
3014 2265 2277 655 656 4675 2309 2276 2270 658 2308
3015 2281 557 65 2033 2290 559 2291 4664 2036 2039
3016 78 623 2280 2177 625 2294 2293 2182 4669 2183
3017 1948 2277 650 2265 4676 4701 4688 4673 4697 4675
3018 650 2277 1948 1950 4701 4676 4688 4687 1973 4683
3019 2033 2279 656 2281 4663 2312 4698 4664 2292 2313
3020 2033 656 2279 2265 4698 2312 4663 4674 4672 2270
3021 1949 2277 650 1950 4686 4701 4702 1975 4687 4683
3022 650 2277 1949 2256 4701 4686 4702 2260 4691 4703
3023 650 1951 1949 1950 4700 1969 4702 4687 1975 1961
3024 1949 1951 650 2256 1969 4700 4702 4691 2260 4690
3025 84 2256 2265 650 2261 4704 2269 652 4697 2260
3026 84 2265 2256 2266 2269 4704 2261 2273 4699 2275
3027 2277 2265 2256 650 4675 4704 4703 4701 2260 4697
3028 2277 2256 2265 2266 4703 4704 4675 4685 2275 4699
3029 2277 2278 2256 2266 2304 4705 4703 4685 4699 4682
3030 2277 2256 2278 1949 4703 4705 2304 4686 4679 4691
3031 2177 2256 2278 2266 4692 4705 4671 4681 4682 4699
3032 2177 2278 2256 1949 4671 4705 4692 4677 4691 4679
3033 542 84 62 4706 2264 654 544 4707 4708 4709
3034 2265 62 84 4706 2268 654 2269 4710 4709 4708
3035 62 2033 542 4706 2037 2038 544 4708 4707 4711
3036 62 2265 2033 4706 2268 4674 2037 4708 4711 4710
3037 542 650 84 4706 2263 652 2264 4707 4709 4712
3038 2265 84 650 4706 2269 652 4697 4710 4712 4709
3039 542 1952 650 4706 4696 4689 2263 4707 4712 4713
3040 542 2033 1952 4706 2038 4695 4696 4707 4713 4711
3041 650 1952 1948 4706 4689 1966 4688 4712 4714 4713
3042 650 1948 2265 4706 4688 4673 4697 4712 4710 4714
3043 1952 2033 1948 4706 4695 4668 1966 4713 4714 4711
3044 2033 2265 1948 4706 4674 4673 4668 4711 4714 4710
3 37 11 72
2875 1950 1948 524 1978 1973 4470 4471 4472 4473 4474
2876 1948 1952 524 1685 1966 4475 4470 4476 4477 4478
2877 1948 1952 1950 524 1966 1963 1973 4470 4471 4475
2878 1939 1951 1949 1839 4479 1969 4480 4481 4482 4483
2879 1980 1978 384 1601 1996 1995 1981 4484 1605 4485
2880 48 529 440 428 533 1987 442 430 1691 1956
2881 1685 1948 1952 428 4476 1966 4478 1692 1955 1965
2882 531 530 1950 1976 535 1972 1971 2002 4486 2001
2883 524 1952 419 1685 4475 4487 1946 4477 1688 4478
2884 1952 45 60 419 1953 528 1954 4487 1947 421
2885 60 1952 419 524 1954 4487 1947 526 1946 4475
2886 532 498 1979 1839 1988 1986 1998 4489 4490 1843
2887 532 1949 495 1839 1968 1967 1960 4489 1844 4482
2888 495 1949 1951 1839 1967 1969 1959 1844 4483 4482
2889 532 495 57 498 1960 497 537 1988 500 1845
2890 498 532 495 1839 1988 1960 1845 1843 1844 4489
2891 524 419 16 1685 1946 420 1945 4477 1686 1688
2892 1952 419 1685 428 4487 1688 4478 1955 1692 1690
2893 32 55 1939 1839 486 1942 1941 1841 4481 1842
2894 1951 60 55 1939 1957 527 1958 4479 1942 1944
2895 1976 384 1978 1601 1990 1995 1994 4492 4485 1605
2896 530 529 1948 1978 534 1964 1970 2000 4474 1999
2897 55 1951 1939 1839 1958 4479 1942 1842 4481 4483
2898 60 1950 1952 524 1962 1963 1954 526 4475 4471
2899 1951 1950 60 524 1961 1962 1957 4494 526 4471
2900 1951 55 495 1839 1958 496 1959 4483 1844 1842
2901 532 531 1949 1977 536 1974 1968 2004 4495 2003
2902 419 1952 45 428 4487 1953 421 1690 429 1955
2903 1939 36 32 1601 1940 381 1941 4491 1607 1604
2904 60 1951 524 1939 1957 4494 526 1944 1943 4479
2905 440 1980 19 1685 1983 1982 441 1689 1687 4488
2906 1979 498 34 1839 1986 499 1984 4490 1840 1843
2907 1939 524 36 1601 1943 525 1940 4491 1604 4496
2908 1977 1839 532 1979 4497 4489 2004 1993 1998 4490
2909 532 1839 1977 1949 4489 4497 2004 1968 4495 4482
2910 1980 1601 524 1978 4484 4496 4498 1996 4473 4485
2911 1980 524 1948 1978 4498 4470 4499 1996 4474 4473
2912 1948 524 1980 1685 4470 4498 4499 4476 4488 4477
2913 1980 1948 529 1978 4499 1964 1997 1996 1999 4474
2914 1950 1978 530 1948 4472 2000 1972 1973 1970 4474
2915 530 1978 1950 1976 2000 4472 1972 2001 4486 1994
2916 1949 1951 524 1950 1969 4494 4500 1975 4471 1961
2917 524 1951 1949 1939 4494 1969 4500 1943 4480 4479
2918 440 1980 428 529 1983 4501 1691 1987 1956 1997
2919 440 428 1980 1685 1691 4501 1983 1689 4488 1692
2920 1948 428 1980 529 1965 4501 4499 1964 1997 1956
2921 1948 1980 428 1685 4499 4501 1965 4476 1692 4488
2922 1978 1976 524 1950 1994 4502 4473 4472 4471 4486
2923 1978 524 1976 1601 4473 4502 1994 4485 4492 4496
2924 1601 16 524 36 1603 1945 4496 1604 525 382
2925 1977 1976 524 1601 1992 4502 4503 4493 4496 4492
2926 1939 1977 524 1601 4504 4503 1943 4491 4496 4493
2927 1939 524 1977 1949 1943 4503 4504 4480 4495 4500
2928 1839 1939 1977 1949 4481 4504 4497 4482 4495 4480
2929 1977 524 1950 1949 4503 4471 4505 4495 1975 4500
2930 1950 524 1977 1976 4471 4503 4505 4486 1992 4502
2931 1950 531 1977 1949 1971 2003 4505 1975 4495 1974
2932 1977 531 1950 1976 2003 1971 4505 1992 4486 2002
2933 1980 16 1601 384 4506 1603 4484 1981 1605 1602
2934 1980 16 19 1685 4506 291 1982 4488 1687 1686
2935 1980 19 16 384 1982 291 4506 1981 1602 387
2936 1980 16 524 1601 4506 1945 4498 4484 4496 1603
2937 1980 524 16 1685 4498 1945 4506 4488 1686 4477
2938 383 1976 1977 1601 1989 1992 1991 1608 4493 4492
2939 1976 383 384 1601 1989 386 1990 4492 1605 1608
2940 34 1839 32 383 1840 1841 369 385 1606 4507
2941 1601 32 1939 383 1607 1941 4491 1608 4508 1606
2942 1839 1939 32 383 4481 1941 1841 4507 1606 4508
2943 1979 1839 34 383 4490 1840 1984 1985 385 4507
2944 1939 1977 1601 383 4504 4493 4491 4508 1608 1991
2945 1839 1977 1939 383 4497 4504 4481 4507 4508 1991
2946 1977 1839 1979 383 4497 4490 1993 1991 1985 4507
3 38 11 17
2652 24 4 384 1601 320 4309 4310 4311 1605 4312
2653 4 16 384 1601 286 1602 4309 4312 1605 1603
2654 325 24 10 384 1543 1542 326 1610 1609 4310
2655 24 27 383 325 1544 1611 4313 1543 1612 327
2656 19 10 4 384 297 252 1510 387 4309 1609
2657 25 27 34 383 328 370 1583 4314 385 1611
2658 24 4 10 384 320 252 1542 4310 1609 4309
2659 27 24 383 25 1544 4313 1611 328 4314 317
2660 16 19 4 384 291 1510 286 1602 4309 387
2661 32 25 34 383 360 1583 369 1606 385 4314
2662 16 4 36 1601 286 1600 382 1603 1604 4312
2663 4 24 36 1601 320 380 1600 4312 1604 4311
2664 24 32 36 1601 1599 381 380 4311 1604 1607
2665 24 383 384 325 4313 386 4310 1543 1610 1612
2666 24 384 383 1601 4310 386 4313 4311 1608 1605
2667 383 24 32 25 4313 1599 1606 4314 360 317
2668 32 24 383 1601 1599 4313 1606 1607 1608 4311
3 39 11 12
2574 8 4 10 321 1464 252 253 323 1546 4283
2575 24 321 26 325 4284 322 4285 1543 1548 1547
2576 24 27 325 26 1544 327 1543 4285 1548 329
2577 321 24 10 325 4284 1542 1546 1547 326 1543
2578 1 4 8 321 238 1464 246 1539 323 4283
2579 321 24 26 23 4284 4285 322 1540 1541 316
2580 24 27 26 25 1544 329 4285 317 1545 328
2581 24 10 4 321 1542 252 320 4284 4283 1546
2582 22 24 26 25 1537 4285 324 318 1545 317
2583 23 24 26 22 316 4285 1541 315 324 1537
2584 4 23 24 321 1538 316 320 4283 4284 1540
2585 4 23 321 1 1538 1540 4283 238 1539 319
3 40 11 19
2274 41 37 8 521 397 1619 399 522 1936 1933
2275 1 37 23 4458 390 1932 319 4459 4460 4461
2276 321 1 23 4458 1539 319 1540 4462 4460 4459
2277 23 26 321 4458 1541 322 1540 4460 4462 4464
2278 23 37 59 4458 1932 520 519 4460 4465 4461
2279 321 26 52 4458 322 473 1938 4462 4466 4464
2280 521 59 37 4458 1934 520 1933 4463 4461 4465
2281 52 59 521 4458 1935 1934 523 4466 4463 4465
2282 52 521 321 4458 523 1937 1938 4466 4462 4463
2283 8 321 4458 1 323 4462 4467 246 4459 1539
2284 8 4458 321 521 4467 4462 323 1936 1937 4463
2285 37 8 4458 1 1619 4467 4461 390 4459 246
2286 37 4458 8 521 4461 4467 1619 1933 1936 4463
2287 4458 52 54 26 4466 482 4468 4464 1823 473
2288 4458 54 52 59 4468 482 4466 4465 1935 518
2289 4458 54 22 26 4468 484 4469 4464 324 1823
2290 4458 22 54 59 4469 484 4468 4465 518 1931
2291 4458 22 23 26 4469 315 4460 4464 1541 324
2292 4458 23 22 59 4460 315 4469 4465 1931 519
3 41 11 12
2187 41 72 37 521 588 2139 397 522 1933 2253
2188 647 37 72 521 4660 2139 649 2255 2253 1933
2189 80 54 59 81 633 518 2248 636 4661 2231
2190 37 647 72 68 4660 649 2139 579 586 2250
2191 81 54 59 52 2231 518 4661 635 1935 482
2192 37 647 59 521 4660 4662 520 1933 1934 2255
2193 81 59 83 647 4661 645 2252 648 2251 4662
2194 59 81 52 647 4661 635 1935 4662 2254 648
2195 647 52 59 521 2254 1935 4662 2255 1934 523
2196 81 59 80 83 4661 2248 636 2252 644 645
2197 37 83 647 68 2249 2251 4660 579 2250 646
2198 83 37 647 59 2249 4660 2251 645 4662 520
3 42 11 12
2158 129 112 81 815 886 797 2834 2847 2732 817
2159 102 647 815 130 2731 2733 816 2845 2846 5208
2160 129 83 81 80 2843 2252 2834 884 636 644
2161 68 83 647 130 646 2251 2250 2844 5208 889
2162 68 72 130 647 586 5209 2844 2250 5208 649
2163 68 130 72 122 2844 5209 586 849 2789 890
2164 102 130 72 647 2845 5209 749 2731 649 5208
2165 102 72 130 122 749 5209 2845 851 890 2789
2166 815 647 129 130 2733 5210 2847 2846 888 5208
2167 815 129 647 81 2847 5210 2733 2732 648 2834
2168 83 129 647 130 2843 5210 2251 889 5208 888
2169 83 647 129 81 2251 5210 2843 2252 2834 648
3 43 11 17
2170 815 129 112 1052 2847 886 817 3073 3072 5404
2171 1052 129 112 163 5404 886 3072 1054 1038 3042
2172 3062 130 122 1053 5405 890 5406 3066 5407 5408
2173 158 3062 122 1053 3065 5406 1009 3063 5407 3066
2174 130 815 102 1053 2846 816 2845 5408 3070 3071
2175 160 122 102 1053 3023 851 1019 1056 3070 5407
2176 130 102 122 1053 2845 851 890 5408 5407 3070
2177 129 815 130 1052 2847 2846 888 5404 5409 3073
2178 158 122 160 1053 1009 3023 1018 3063 1056 5407
2179 163 1052 129 162 1054 5404 3042 1027 1037 3067
2180 168 122 158 3062 3061 1009 1051 3064 3065 5406
2181 168 122 3062 130 3061 5406 3064 1050 5405 890
2182 130 3062 168 162 5405 3064 1050 3060 1049 3068
2183 130 1052 1053 3062 5409 1055 5408 5405 3066 3069
2184 1053 1052 130 815 1055 5409 5408 3071 2846 3073
2185 1052 130 162 3062 5409 3060 3067 3069 3068 5405
2186 1052 162 130 129 3067 3060 5409 5404 888 1037
3 44 11 75
2199 3458 4001 3999 1334 6034 4020 6035 6036 6037 6038
2200 4003 3875 3999 1334 6039 6040 4025 6041 6037 6042
2201 3457 1167 3456 4000 3477 3483 3472 6043 6044 4022
2202 1164 3459 3458 3999 3476 3475 3478 4015 6035 6045
2203 4003 3999 4001 1334 4025 4020 4014 6041 6038 6037
2204 1060 1164 1308 3459 3466 4004 3880 3462 6046 3476
2205 3062 1053 3459 3458 3066 3460 6047 6048 3475 3474
2206 4002 4000 3982 3990 4026 6049 6050 6051 6052 6053
2207 1060 1308 3875 3459 3880 3882 3879 3462 6054 6046
2208 3457 3982 1167 4000 6055 6056 3477 6043 4022 6049
2209 1164 1308 169 1060 4004 1310 1168 3466 1061 3880
2210 204 4003 208 1334 4007 4006 1337 3998 1335 6041
2211 1308 3875 3999 4003 3882 6040 4017 4008 4025 6039
2212 3455 1166 1165 4001 3481 1170 3480 6057 4018 4019
2213 3875 3062 1053 3459 6058 3066 6059 6054 3460 6047
2214 4003 1301 3875 1334 6060 3878 6039 6041 6042 3997
2215 204 1301 4003 1334 1302 6060 4007 3998 6041 3997
2216 1161 3982 1167 3457 3986 6056 3467 3465 3477 6055
2217 1327 1161 1167 180 3987 3467 4005 1329 1172 1162
2218 1167 3982 1327 4000 6056 3988 4005 4022 4024 6049
2219 4000 3982 1327 4002 6049 3988 4024 4026 4011 6050
2220 207 208 4002 3990 1333 4010 4009 3993 6051 3995
2221 158 3875 3062 1053 3877 6058 3065 3063 3066 6059
2222 3875 1308 1301 4003 3882 3881 3878 6039 6060 4008
2223 3062 1053 3458 3455 3066 3474 6048 6061 3473 3469
2224 3982 162 207 3990 3983 1332 3985 6052 3993 3991
2225 160 3875 1053 3459 3876 6059 1056 3461 3460 6054
2226 160 3875 158 1053 3876 3877 1018 1056 3063 6059
2227 1161 1327 1167 3982 3987 4005 3467 3986 6056 3988
2228 3455 3456 3062 1052 3471 6062 6061 3468 3069 3470
2229 4003 4001 208 1334 4014 4012 4006 6041 1335 6038
2230 4001 4002 208 1334 4013 4010 4012 6038 1335 6063
2231 4002 3982 207 3990 6050 3985 4009 6051 3993 6052
2232 1165 1164 3458 3999 1169 3478 3479 4016 6035 4015
2233 1167 1166 3456 4000 1171 3482 3483 4022 6044 4021
2234 1308 1301 4003 204 3881 6060 4008 1309 4007 1302
2235 207 1327 3982 4002 1328 3988 3985 4009 6050 4011
2236 162 3062 168 3990 3068 3064 1049 3991 3992 6064
2237 3990 208 4002 1334 3995 4010 6051 3994 6063 1335
2238 3875 160 1060 3459 3876 1062 3879 6054 3462 3461
2239 1161 163 3982 3457 1163 3984 3986 3465 6055 3463
2240 3062 168 3990 1334 3064 3992 6064 6065 3994 1336
2241 3062 1053 3455 1052 3066 3469 6061 3069 3468 1055
2242 3459 3999 1334 3458 6045 6037 6066 3475 6036 6035
2243 1334 3999 3459 3875 6037 6045 6066 6042 6054 6040
2244 1334 3062 3459 3458 6065 6047 6066 6036 3475 6048
2245 3459 3062 1334 3875 6047 6065 6066 6054 6042 6058
2246 4001 3458 1165 3455 6034 3479 4018 6057 3480 3473
2247 1165 3458 4001 3999 3479 6034 4018 4016 4020 6035
2248 3990 3457 4000 3982 6067 6043 6053 6052 6049 6055
2249 3990 4000 3457 3456 6053 6043 6067 6068 3472 6044
2250 1052 3456 3990 3457 3470 6068 6069 3464 6067 3472
2251 3990 3456 1052 3062 6068 3470 6069 6064 3069 6062
2252 4002 4000 1334 4001 4026 6070 6063 4013 6038 4023
2253 4002 1334 4000 3990 6063 6070 4026 6051 6053 3994
2254 3999 3459 1308 1164 6045 6046 4017 4015 4004 3476
2255 3999 1308 3459 3875 4017 6046 6045 6040 6054 3882
2256 3455 3458 1334 4001 3473 6036 6071 6057 6038 6034
2257 1334 3458 3455 3062 6036 3473 6071 6065 6061 6048
2258 3062 1334 1301 168 6065 3997 6072 3064 3996 1336
2259 1301 1334 3062 3875 3997 6065 6072 3878 6058 6042
2260 1301 158 3062 168 1303 3065 6072 3996 3064 1051
2261 3062 158 1301 3875 3065 1303 6072 6058 3878 3877
2262 162 3990 1052 3062 3991 6069 3067 3068 3069 6064
2263 3990 3456 1334 4000 6068 6073 3994 6053 6070 6044
2264 3990 1334 3456 3062 3994 6073 6068 6064 6062 6065
2265 3455 3456 1334 3062 3471 6073 6071 6061 6065 6062
2266 3990 3457 162 1052 6067 6074 3991 6069 3067 3464
2267 3990 162 3457 3982 3991 6074 6067 6052 6055 3983
2268 163 162 3457 1052 1027 6074 3463 1054 3464 3067
2269 163 3457 162 3982 3463 6074 1027 3984 3983 6055
2270 3456 1334 4001 3455 6073 6038 6075 3471 6057 6071
2271 4001 1334 3456 4000 6038 6073 6075 4023 6044 6070
2272 4001 1166 3456 3455 4019 3482 6075 6057 3471 3481
2273 3456 1166 4001 4000 3482 4019 6075 6044 4023 4021
3 45 11 86
2293 3774 3772 4097 3770 3797 6239 6240 3789 6241 3804
2294 4097 3774 3770 3999 6240 3789 6241 6242 6243 6244
2295 4134 3769 3771 3773 6245 3802 6246 6247 3798 3796
2296 3770 4157 4097 3999 6248 6249 6241 6243 6242 6250
2297 4157 3770 3768 3999 6248 3792 6251 6250 6252 6243
2298 3773 4134 3769 4000 6247 6245 3796 6253 6254 6255
2299 4158 3769 3771 4134 6256 3802 6257 6258 6246 6245
2300 1165 3768 3770 3999 3791 3792 3787 4016 6243 6252
2301 3768 1165 4001 3999 3791 4018 6259 6252 4020 4016
2302 3774 4097 1308 3999 6240 4104 6260 6244 4017 6242
2303 3768 4158 3769 1272 6261 6256 3795 3800 3801 4162
2304 3769 3768 1166 4000 3795 3790 3794 6254 4021 6262
2305 4000 3768 1166 4001 6262 3790 4021 4023 4019 6259
2306 4001 3999 4003 1405 4020 4025 4014 6263 6264 6265
2307 4002 4134 4000 4148 6266 6255 4026 6267 6268 6269
2308 208 4003 204 1405 4006 4007 1337 1407 4154 6264
2309 4134 3773 1327 4000 6247 6270 4140 6255 4024 6253
2310 1165 1166 3768 4001 1170 3790 3791 4018 6259 4019
2311 3999 4097 1308 4003 6242 4104 4017 4025 4008 6271
2312 1308 169 1187 3774 1310 1189 4098 6260 3777 3776
2313 1373 204 4003 1405 1374 4007 6272 4155 6264 4154
2314 3774 1308 1164 3999 6260 4004 3775 6244 4015 4017
2315 3774 1308 169 1164 6260 1310 3776 3775 1168 4004
2316 1164 3770 3774 3999 3788 3789 3775 4015 6244 6243
2317 1167 3773 3769 4000 3779 3796 3793 4022 6254 6253
2318 1327 3773 1167 4000 6270 3779 4005 4024 4022 6253
2319 4000 1327 4134 4002 4024 4140 6255 4026 6266 4011
2320 1308 1187 4097 3774 4098 4101 4104 6260 6240 3777
2321 4158 3769 1272 3771 6256 3801 4162 6257 3786 3802
2322 3768 4157 4158 1272 6251 4167 6261 3800 4162 4168
2323 3772 4097 1187 3774 6239 4101 3781 3797 3777 6240
2324 1273 218 4097 4157 4159 4099 6274 4165 6249 4164
2325 4002 208 207 4148 4010 1333 4009 6267 4149 4150
2326 3770 1273 4157 3768 3803 4165 6248 3792 6251 3799
2327 4097 1308 4003 1373 4104 4008 6271 4103 6272 4102
2328 1167 180 3773 1327 1172 3778 3779 4005 6270 1329
2329 223 4134 207 4148 4137 4139 1403 4151 4149 6269
2330 180 1255 3773 1327 1257 3780 3778 1329 6270 4135
2331 3771 1255 4134 3773 3785 4138 6246 3798 6247 3780
2332 3772 184 4097 1273 3782 4100 6239 3783 6274 1276
2333 218 1273 4097 184 4159 6274 4099 1378 4100 1276
2334 1255 4134 3773 1327 4138 6247 3780 4135 6270 4140
2335 208 4001 4003 1405 4012 4014 4006 1407 6264 6263
2336 208 4002 4001 1405 4010 4013 4012 1407 6263 6275
2337 4002 207 4134 4148 4009 4139 6266 6267 6269 4149
2338 207 4134 1327 4002 4139 4140 1328 4009 4011 6266
2339 4134 223 4158 4148 4137 4161 6258 6269 6276 4151
2340 195 4158 3771 4134 4160 6257 3784 4136 6246 6258
2341 1164 1165 3770 3999 1169 3787 3788 4015 6243 4016
2342 204 4003 1308 1373 4007 4008 1309 1374 4102 6272
2343 195 223 4158 4134 1402 4161 4160 4136 6258 4137
2344 1166 1167 3769 4000 1171 3793 3794 4021 6254 4022
2345 4002 208 4148 1405 4010 4150 6267 6275 4152 1407
2346 224 4158 223 4148 4166 4161 1404 4153 4151 6276
2347 3771 1272 4158 195 3786 4162 6257 3784 4160 1274
2348 3768 1273 4157 1272 3799 4165 6251 3800 4168 1275
2349 4097 1187 184 3772 4101 1188 4100 6239 3782 3781
2350 3771 1255 195 4134 3785 1256 3784 6246 4136 4138
2351 3999 3768 1405 4001 6252 6277 6265 4020 6263 6259
2352 3999 1405 3768 4157 6265 6277 6252 6250 6251 6273
2353 3770 4097 1273 3772 6241 6274 3803 3804 3783 6239
2354 3770 1273 4097 4157 3803 6274 6241 6248 6249 4165
2355 3768 4000 1405 4001 6262 6278 6277 6259 6263 4023
2356 3768 1405 4000 4148 6277 6278 6262 6279 6268 4152
2357 4002 1405 4000 4001 6275 6278 4026 4013 4023 6263
2358 4002 4000 1405 4148 4026 6278 6275 6267 4152 6268
2359 224 4148 4157 4158 4153 6280 4163 4166 4167 6276
2360 224 4157 4148 1405 4163 6280 4153 1406 4152 6273
2361 3768 4157 4148 4158 6251 6280 6279 6261 6276 4167
2362 3768 4148 4157 1405 6279 6280 6251 6277 6273 4152
2363 3769 3768 4148 4158 3795 6279 6281 6256 6276 6261
2364 4148 3768 3769 4000 6279 3795 6281 6268 6254 6262
2365 4148 4134 3769 4158 6269 6245 6281 6276 6256 6258
2366 3769 4134 4148 4000 6245 6269 6281 6254 6268 6255
2367 224 1373 218 6282 4156 1375 1408 6283 6284 6285
2368 224 218 4157 6282 1408 4164 4163 6283 6286 6284
2369 218 1373 4097 6282 1375 4103 4099 6284 6287 6285
2370 4157 218 4097 6282 4164 4099 6249 6286 6287 6284
2371 1373 224 1405 6282 4156 1406 4155 6285 6288 6283
2372 1405 224 4157 6282 1406 4163 6273 6288 6286 6283
2373 1373 1405 4003 6282 4155 6264 6272 6285 6289 6288
2374 1373 4003 4097 6282 6272 6271 4103 6285 6287 6289
2375 1405 3999 4003 6282 6265 4025 6264 6288 6289 6290
2376 3999 1405 4157 6282 6265 6273 6250 6290 6286 6288
2377 3999 4097 4003 6282 6242 6271 4025 6290 6289 6287
2378 3999 4157 4097 6282 6250 6249 6242 6290 6287 6286
3 46 11 26
2586 1269 230 4158 194 4214 6345 6346 1271 6347 1441
2587 1272 1269 4158 194 3767 6346 4162 3766 6347 1271
2588 195 4158 230 194 4160 6345 4215 1247 1441 6347
2589 224 230 4158 231 4210 6345 4166 1439 6348 1438
2590 230 224 4158 223 4210 4166 6345 1437 4161 1404
2591 4158 231 230 1269 6348 1438 6345 6346 4214 4213
2592 231 218 4157 224 4211 4164 6349 1439 4163 1408
2593 195 1272 4158 194 1274 4162 4160 1247 6347 3766
2594 230 223 4158 195 1437 4161 6345 4215 4160 1402
2595 4158 231 4157 224 6348 6349 4167 4166 4163 1439
2596 228 183 231 6350 1423 4212 1440 6351 6352 6353
2597 1269 231 183 6350 4213 4212 1270 6355 6353 6352
2598 1269 183 1273 6350 1270 3764 3765 6355 6354 6353
2599 228 231 218 6350 1440 4211 1421 6351 6356 6352
2600 231 4157 218 6350 6349 4164 4211 6352 6356 6357
2601 1273 218 4157 6350 4159 4164 4165 6354 6357 6356
2602 4158 231 1269 6350 6348 4213 6346 6358 6355 6352
2603 4158 4157 231 6350 4167 6349 6348 6358 6352 6357
2604 1273 1272 1269 6350 1275 3767 3765 6354 6355 6359
2605 1272 4158 1269 6350 4162 6346 3767 6359 6355 6358
2606 1273 4157 1272 6350 4165 4168 1275 6354 6359 6357
2607 1272 4157 4158 6350 4168 4167 4162 6359 6358 6357
2608 184 218 6350 228 1378 6356 6360 4190 6351 1421
2609 184 6350 218 1273 6360 6356 1378 1276 4159 6354
2610 183 184 6350 228 1186 6360 6353 1423 6351 4190
2611 183 6350 184 1273 6353 6360 1186 3764 1276 6354
3 47 11 12
2669 196 230 1269 194 4239 4214 3810 1259 1271 1441
2670 1277 231 183 1269 6393 4212 3808 3809 1270 4213
2671 221 220 230 196 1391 1452 4240 4124 4239 1389
2672 212 231 1277 221 4241 6393 4123 1392 4125 1453
2673 212 190 231 228 1358 6394 4241 1435 1440 4209
2674 212 231 190 1277 4241 6394 1358 4123 1279 6393
2675 183 231 190 228 4212 6394 1226 1423 4209 1440
2676 183 190 231 1277 1226 6394 4212 3808 6393 1279
2677 1277 1269 230 231 3809 4214 6395 6393 1438 4213
2678 230 1269 1277 196 4214 3809 6395 4239 1278 3810
2679 230 221 1277 231 4240 4125 6395 1438 6393 1453
2680 1277 221 230 196 4125 4240 6395 1278 4239 4124
3 48 11 12
2947 190 175 198 1182 1222 1286 4053 3805 4044 1183
2948 181 1277 196 211 3806 1278 1258 4045 6198 6199
2949 1277 181 1182 211 3806 1184 3807 6199 4046 4045
2950 221 196 1277 211 4124 1278 4125 1390 6199 6198
2951 196 181 211 210 1258 4045 6198 4113 1350 1348
2952 221 210 220 196 4121 1380 1391 4124 1389 4113
2953 221 210 196 211 4121 4113 4124 1390 6198 1350
2954 1277 211 212 221 6199 4122 4123 4125 1392 1390
2955 1277 211 198 212 6199 1351 6200 4123 1352 4122
2956 198 211 1277 1182 1351 6199 6200 4044 3807 4046
2957 198 190 1277 212 4053 1279 6200 1352 4123 1358
2958 1277 190 198 1182 1279 4053 6200 3807 4044 3805
3 49 11 12
3045 1182 175 198 153 1183 1286 4044 3507 3817 1112
3046 167 1045 181 211 1046 3509 1173 6092 4045 6093
3047 1045 1182 181 211 3508 1184 3509 6093 4045 4046
3048 1045 167 165 211 1046 3055 3054 6093 1349 6092
3049 211 181 167 210 4045 1173 6092 1350 4035 1348
3050 167 166 165 210 1044 1043 3055 4035 4042 1340
3051 211 167 165 210 6092 3055 1349 1350 4042 4035
3052 211 1045 149 165 6093 3053 4043 1349 1041 3054
3053 153 1045 198 1182 1047 6094 3817 3507 4044 3508
3054 153 198 1045 149 3817 6094 1047 984 3053 1280
3055 211 198 1045 1182 1351 6094 6093 4046 3508 4044
3056 211 1045 198 149 6093 6094 1351 4043 1280 3053
3 50 11 12
3083 839 167 118 132 3059 1048 841 2868 899 3056
3084 1045 125 106 153 5401 867 3057 1047 988 2986
3085 1045 133 167 839 5402 5403 1046 3058 3059 2867
3086 1045 106 133 839 3057 2866 5402 3058 2867 840
3087 153 1045 125 149 1047 5401 2986 984 977 3053
3088 133 1045 167 165 5402 1046 5403 1040 3055 3054
3089 133 167 839 132 5403 3059 2867 903 2868 3056
3090 106 133 125 1045 2866 904 867 3057 5401 5402
3091 133 166 167 132 3052 1044 5403 903 3056 1042
3092 133 166 165 167 3052 1043 1040 5403 3055 1044
3093 125 165 1045 133 3051 3054 5401 904 5402 1040
3094 125 165 149 1045 3051 1041 977 5401 3053 3054
3 51 11 40
1672 702 664 2869 2878 2461 5243 5244 5245 5246 5247
1673 2869 2878 751 919 5246 5248 5249 5250 2897 5251
1674 777 702 2869 2878 2668 5244 5252 5253 5246 5245
1675 919 2869 2878 916 5250 5246 5251 2894 5254 5255
1676 2878 664 2869 668 5247 5243 5246 5256 5257 2324
1677 2869 2878 668 751 5246 5256 5257 5249 2617 5248
1678 916 2869 2878 913 5255 5246 5254 2891 5258 5259
1679 2869 777 2878 913 5252 5253 5246 5259 5258 2888
1680 139 919 2878 138 920 5251 2884 911 2886 2895
1681 91 702 109 2878 703 2666 781 2881 2883 5245
1682 702 91 85 2878 703 688 2460 5245 2880 2881
1683 919 2878 101 139 5251 2882 2896 920 912 2884
1684 664 2869 93 702 5243 2872 2462 2461 704 5244
1685 136 2869 751 919 2875 5249 2898 921 2897 5250
1686 702 2869 93 777 5244 2872 704 2668 2667 5252
1687 919 136 2869 916 921 2875 5250 2894 5255 2893
1688 103 2869 751 136 2873 5249 753 908 2898 2875
1689 93 87 2869 664 701 2870 2872 2462 5243 666
1690 135 2869 136 916 2877 2875 907 918 2893 5255
1691 2869 107 93 777 2874 772 2872 5252 2667 778
1692 916 2878 919 138 5254 5251 2894 917 2895 2886
1693 702 777 109 2878 2668 779 2666 5245 2883 5253
1694 702 85 664 2878 2460 665 2461 5245 5247 2880
1695 751 2878 101 919 5248 2882 752 2897 2896 5251
1696 668 103 2869 751 2618 2873 5257 2617 5249 753
1697 87 2869 664 668 2870 5243 666 2325 2324 5257
1698 916 135 2869 913 918 2877 5255 2891 5259 2890
1699 777 2869 107 913 5252 2874 778 2888 2887 5259
1700 88 103 2869 668 750 2873 2871 670 5257 2618
1701 2869 87 88 668 2870 667 2871 5257 670 2325
1702 913 135 2869 134 2890 2877 5259 915 2876 906
1703 913 2869 107 134 5259 2874 2887 915 905 2876
1704 913 2878 916 137 5258 5254 2891 914 2892 2885
1705 913 777 2878 137 2888 5253 5258 914 2885 2889
1706 668 2878 86 751 5256 2879 669 2617 2616 5248
1707 2878 86 664 668 2879 2323 5247 5256 2324 669
1708 2878 916 137 138 5254 2892 2885 2886 910 917
1709 777 109 2878 137 779 2883 5253 2889 2885 909
1710 85 86 664 2878 661 2323 665 2880 5247 2879
1711 101 86 2878 751 744 2879 2882 752 5248 2616
3 52 11 73
1832 2043 2433 2432 2044 4970 2454 4971 2076 4972 4973
1833 2432 553 2043 2044 4976 2075 4971 4972 2076 2056
1834 2432 2429 2433 2043 2459 2446 2454 4971 4970 4977
1835 2047 2042 2428 2045 2069 4978 4979 2077 4980 2074
1836 2433 2043 2046 2044 4970 2062 4981 4973 2070 2076
1837 2044 2046 2433 548 2070 4981 4973 2054 4985 2050
1838 2047 698 557 2045 4986 2652 2053 2077 2059 4987
1839 2430 2431 2428 552 2457 2455 2452 4974 4988 4989
1840 553 2432 2669 2044 4976 4990 4991 2056 4992 4972
1841 2431 2430 777 552 2457 4983 4993 4989 4994 4974
1842 2433 2669 2432 2044 4995 4990 2454 4973 4972 4992
1843 2430 702 777 2432 2456 2668 4983 2458 4982 2440
1844 2669 777 2432 553 4996 4982 4990 4991 4976 4984
1845 2430 777 702 2431 4983 2668 2456 2457 2443 4993
1846 552 2651 2431 2045 4997 4998 4989 2057 4999 5000
1847 2431 2651 698 2045 4998 2658 2441 4999 4987 5000
1848 777 2651 2431 552 5001 4998 4993 4994 4989 4997
1849 434 698 48 2047 2437 700 439 2052 2051 4986
1850 432 2429 2430 2041 2445 2449 2447 2064 4975 5002
1851 432 2429 2041 2043 2445 5002 2064 2060 2065 4977
1852 91 2669 109 2432 2675 2674 781 2438 5003 4990
1853 2428 698 434 2047 2453 2437 2451 4979 2052 4986
1854 109 2669 777 2432 2674 4996 779 5003 4982 4990
1855 552 777 2651 774 4994 5001 4997 2661 5004 2664
1856 109 702 91 2432 2666 703 781 5003 2438 2440
1857 433 2430 2428 2041 2448 2452 2450 2063 5005 4975
1858 2042 433 2428 2041 2067 2450 4978 2068 5005 2063
1859 2651 106 552 774 2653 2660 4997 5004 2661 775
1860 2044 2433 2669 548 4973 4995 4992 2054 2673 4985
1861 107 2651 777 774 2657 5001 778 2663 2664 5004
1862 2651 107 106 774 2657 771 2653 5004 775 2663
1863 2669 777 108 109 4996 2665 2672 2674 780 779
1864 2430 433 432 2041 2448 437 2447 4975 2064 2063
1865 777 93 702 2431 2667 704 2668 4993 2443 2442
1866 2651 557 698 2045 2655 2652 2658 5000 4987 2059
1867 698 557 48 2047 2652 558 700 4986 2051 2053
1868 777 702 109 2432 2668 2666 779 4982 5003 2440
1869 2669 685 2433 2432 2676 2436 4995 4990 2454 2439
1870 431 2433 2043 2046 2435 4970 2061 2048 2062 4981
1871 2433 685 2669 548 2436 2676 4995 4985 2673 2670
1872 777 552 553 774 4994 555 4984 2664 2662 2661
1873 431 2433 2429 2043 2435 2446 2444 2061 4977 4970
1874 2042 2428 434 2047 4978 2451 2066 2069 2052 4979
1875 698 93 2651 2431 699 2656 2658 2441 4998 2442
1876 2046 47 2433 548 2049 2434 4981 2050 4985 549
1877 2669 64 108 553 2671 773 2672 4991 2659 556
1878 685 2669 91 2432 2676 2675 686 2439 2438 4990
1879 2651 106 65 552 2653 770 2654 4997 554 2660
1880 553 2669 64 2044 4991 2671 556 2056 2055 4992
1881 2429 432 431 2043 2445 436 2444 4977 2061 2060
1882 552 65 2651 2045 554 2654 4997 2057 5000 2058
1883 2433 431 47 2046 2435 435 2434 4981 2049 2048
1884 2428 434 433 2042 2451 438 2450 4978 2067 2066
1885 47 685 2433 548 687 2436 2434 549 4985 2670
1886 2651 65 557 2045 2654 559 2655 5000 2059 2058
1887 2044 2669 64 548 4992 2671 2055 2054 550 2673
1888 2432 2429 2041 2430 2459 5002 5006 2458 4975 2449
1889 2041 2429 2432 2043 5002 2459 5006 2065 4971 4977
1890 2432 553 2041 2043 4976 2071 5006 4971 2065 2075
1891 2428 2041 552 2042 5005 2072 4988 4978 2073 2068
1892 552 2041 2428 2430 2072 5005 4988 4974 2452 4975
1893 2428 2045 698 2047 4980 4987 2453 4979 4986 2077
1894 698 2045 2428 2431 4987 4980 2453 2441 2455 4999
1895 2428 2045 552 2431 4980 2057 4988 2455 4989 4999
1896 552 2045 2428 2042 2057 4980 4988 2073 4978 2074
1897 553 777 108 2669 4984 2665 2659 4991 2672 4996
1898 108 777 553 774 2665 4984 2659 776 2662 2664
1899 2651 777 93 107 5001 2667 2656 2657 772 778
1900 2651 93 777 2431 2656 2667 5001 4998 4993 2442
1901 552 777 2432 2430 4994 4982 5007 4974 2458 4983
1902 552 2432 777 553 5007 4982 4994 555 4984 4976
1903 2041 552 2432 2430 2072 5007 5006 4975 2458 4974
1904 2041 2432 552 553 5006 5007 2072 2071 555 4976
3 53 11 66
1741 1696 1694 293 2432 1713 1700 1712 4801 4802 4799
1742 664 702 2430 2432 2461 2456 4803 4804 2458 2440
1743 2430 702 664 2431 2456 2461 4803 2457 4805 2443
1744 664 2420 292 2431 4806 4807 4808 4805 4809 4810
1745 434 1697 698 2428 1720 4811 2437 2451 2453 4812
1746 2357 664 293 2432 4813 4814 4815 4800 4802 4804
1747 2357 293 1694 2432 4815 1700 4797 4800 4799 4802
1748 1696 1693 432 2429 1711 1716 1715 4816 2445 4817
1749 2357 91 85 2432 2363 688 2360 4800 4818 2438
1750 698 440 1697 434 2425 1703 4811 2437 1720 1705
1751 2429 1693 432 2430 4817 1716 2445 2449 2447 4819
1752 440 698 48 434 2425 700 442 1705 439 2437
1753 433 1693 1695 2428 1717 1709 1718 2450 4821 4822
1754 85 664 2357 2432 665 4813 2360 4818 4800 4804
1755 664 292 2420 249 4808 4807 4806 2321 4823 1514
1756 702 85 91 2432 2460 688 703 2440 2438 4818
1757 1693 433 2430 2428 1717 2448 4819 4822 2452 2450
1758 292 10 2420 249 1513 2422 4807 1514 4823 251
1759 664 2420 87 249 4806 2423 666 2321 2322 4823
1760 434 1695 1697 2428 1719 1710 1720 2451 4812 4821
1761 10 87 2420 249 663 2423 2422 251 4823 2322
1762 440 2420 698 1697 2424 2427 2425 1703 4811 4824
1763 433 432 1693 2430 437 1716 1717 2448 4819 2447
1764 93 664 702 2431 2462 2461 704 2442 2443 4805
1765 664 9 85 2357 2320 660 665 4813 2360 2359
1766 664 85 702 2432 665 2460 2461 4804 2440 4818
1767 685 1694 47 2433 4820 1699 687 2436 2434 4798
1768 1694 47 18 685 1699 427 1698 4820 2361 687
1769 293 292 664 249 295 4808 4814 1512 2321 1514
1770 93 698 2420 2431 699 2427 2426 2442 4810 2441
1771 685 91 2357 2432 686 2363 2362 2439 4800 2438
1772 293 18 9 2357 296 290 1511 4815 2359 2358
1773 2357 1694 18 685 4797 1698 2358 2362 2361 4820
1774 2420 19 10 292 2421 297 2422 4807 1513 294
1775 293 1694 18 2357 1700 1698 296 4815 2358 4797
1776 431 47 1694 2433 435 1699 1704 2435 4798 2434
1777 433 1695 434 2428 1718 1719 438 2450 2451 4821
1778 432 431 1696 2429 436 1714 1715 2445 4816 2444
1779 2420 19 292 1697 2421 294 4807 4824 1702 1701
1780 440 19 2420 1697 441 2421 2424 1703 4824 1701
1781 1693 293 2432 1696 1707 4802 4825 1711 4801 1712
1782 1693 2429 2432 2430 4817 2459 4825 4819 2458 2449
1783 2432 2429 1693 1696 2459 4817 4825 4801 1711 4816
1784 2428 1693 2431 2430 4822 4826 2455 2452 2457 4819
1785 2428 1693 292 2431 4822 1706 4827 2455 4809 4826
1786 292 1693 2428 1695 1706 4822 4827 1708 4821 1709
1787 2428 1697 292 1695 4812 1702 4827 4821 1708 1710
1788 1696 2432 2433 1694 4801 2454 4828 1713 4798 4799
1789 2433 2432 1696 2429 2454 4801 4828 2446 4816 2459
1790 2433 431 1696 1694 2435 1714 4828 4798 1713 1704
1791 1696 431 2433 2429 1714 2435 4828 4816 2446 2444
1792 293 1693 664 292 1707 4829 4814 295 4808 1706
1793 2431 664 1693 292 4805 4829 4826 4809 1706 4808
1794 2431 1693 664 2430 4826 4829 4805 2457 4803 4819
1795 2428 292 2420 2431 4827 4807 4830 2455 4810 4809
1796 2420 292 2428 1697 4807 4827 4830 4824 4812 1702
1797 2420 698 2428 2431 2427 2453 4830 4810 2455 2441
1798 2428 698 2420 1697 2453 2427 4830 4812 4824 4811
1799 664 2420 93 87 4806 2426 2462 666 701 2423
1800 664 93 2420 2431 2462 2426 4806 4805 4810 2442
1801 9 664 293 2357 2320 4814 1511 2359 4815 4813
1802 9 293 664 249 1511 4814 2320 250 2321 1512
1803 2432 1693 664 293 4825 4829 4804 4802 4814 1707
1804 664 1693 2432 2430 4829 4825 4804 4803 2458 4819
1805 685 1694 2432 2357 4820 4799 2439 2362 4800 4797
1806 685 2432 1694 2433 2439 4799 4820 2436 4798 2454
3 54 11 25
1542 394 88 41 2329 2328 671 396 4715 2332 2334
1543 41 8 394 2329 399 1621 396 2332 4715 2331
1544 87 664 249 2329 666 2321 2322 2333 4716 4717
1545 249 10 87 2329 251 663 2322 4716 2333 2330
1546 249 664 9 2314 2321 2320 250 4718 2316 4719
1547 664 85 9 2314 665 660 2320 4719 2316 2318
1548 2329 394 88 668 4715 2328 2334 4720 670 2327
1549 243 249 664 2329 1466 2321 4721 4722 4717 4716
1550 664 249 243 2314 2321 1466 4721 4719 4723 4718
1551 243 394 2329 668 1622 4715 4722 4724 4720 2327
1552 243 664 2314 668 4721 4719 4723 4724 4725 2324
1553 2329 664 243 668 4717 4721 4722 4720 4724 2324
1554 8 10 243 2329 253 1467 244 2331 4722 2330
1555 243 249 7 2314 1466 1465 245 4723 2315 4718
1556 249 9 7 2314 250 248 1465 4718 2315 2316
1557 10 249 243 2329 251 1466 1467 2330 4722 4716
1558 8 243 394 2329 244 1622 1621 2331 4715 4722
1559 86 40 2314 668 662 2317 2319 669 4725 2326
1560 243 7 40 2314 245 398 1620 4723 2317 2315
1561 2329 87 664 668 2333 666 4717 4720 2324 2325
1562 88 87 2329 668 667 2333 2334 670 4720 2325
1563 2314 664 86 668 4719 2323 2319 4725 669 2324
1564 664 86 85 2314 2323 661 665 4719 2318 2319
1565 40 668 243 2314 2326 4724 1620 2317 4723 4725
1566 243 668 40 394 4724 2326 1620 1622 395 2327
3 55 11 25
1451 41 88 394 2622 671 2328 396 2623 4943 2625
1452 394 72 41 2622 2142 588 396 4943 2623 2624
1453 103 751 2622 746 753 4944 2627 2621 4945 2620
1454 2622 102 103 746 2626 754 2627 4945 2621 748
1455 100 2607 751 746 2611 4946 2619 747 2620 4947
1456 101 100 2607 751 745 2611 2612 752 4946 2619
1457 668 394 88 2622 2327 2328 670 4948 2625 4943
1458 583 2622 751 746 4949 4944 4950 2614 2620 4945
1459 583 751 2607 746 4950 4946 4951 2614 4947 2620
1460 668 394 2622 583 2327 4943 4948 4952 4949 2141
1461 2607 668 751 583 4953 2617 4946 4951 4950 4952
1462 2622 751 668 583 4944 2617 4948 4949 4952 4950
1463 2622 72 102 583 2624 749 2626 4949 2615 584
1464 2607 100 71 746 2611 743 2608 4947 2613 747
1465 583 2607 71 746 4951 2608 585 2614 2613 4947
1466 583 102 2622 746 2615 2626 4949 2614 4945 748
1467 2622 394 72 583 4943 2142 2624 4949 584 2141
1468 40 86 2607 668 662 2610 2609 2326 4953 669
1469 2607 71 40 583 2608 587 2609 4951 2140 585
1470 751 668 103 2622 2617 2618 753 4944 2627 4948
1471 88 103 668 2622 750 2618 670 2625 4948 2627
1472 668 86 2607 751 669 2610 4953 2617 4946 2616
1473 86 101 2607 751 744 2612 2610 2616 4946 752
1474 668 40 583 2607 2326 2140 4952 4953 4951 2609
1475 668 583 40 394 4952 2140 2326 2327 395 2141
3 56 11 66
1476 3086 3087 3115 3083 3104 5410 5411 3113 5412 3107
1477 3084 751 1014 3086 5415 5416 5417 3100 5418 5419
1478 3084 919 751 3086 3099 2897 5415 3100 5419 3092
1479 751 919 3084 3085 2897 3099 5415 5420 3098 3088
1480 3085 1013 751 3074 5421 5422 5420 5423 5424 5425
1481 3142 1014 751 3086 5426 5416 5427 5414 5419 5418
1482 3115 1014 3142 3086 3121 5426 5413 5411 5414 5418
1483 3083 3117 3114 1067 5428 3132 5429 3105 3138 3137
1484 101 139 3142 3086 912 3146 3144 5430 5414 3091
1485 3083 3114 3084 1067 5429 5431 3110 3105 3109 3138
1486 3118 1057 1069 1060 5433 3094 3135 3124 3125 3081
1487 3116 3114 1068 3082 3130 3139 3140 5434 3111 5435
1488 169 1069 1057 1060 1074 3094 1059 1061 3081 3125
1489 751 1013 746 3074 5422 3027 2620 5424 5436 5425
1490 751 101 3142 3086 752 3144 5427 5419 5414 5430
1491 139 101 919 3086 912 2896 920 3091 3092 5430
1492 1068 3114 3084 3082 3139 5431 3108 3111 3112 5435
1493 746 1013 102 3074 3027 3026 748 5436 3076 5425
1494 746 103 751 3074 2621 753 2620 5436 5424 3075
1495 1057 3118 3074 1060 5433 5437 3079 3081 3080 3124
1496 102 103 746 3074 754 2621 748 3076 5436 3075
1497 1067 3114 3084 1068 3138 5431 3109 1072 3108 3139
1498 751 136 919 3085 2898 921 2897 5420 3088 3089
1499 751 101 100 3142 752 745 2619 5427 3143 3144
1500 101 751 919 3086 752 2897 2896 5430 3092 5419
1501 170 157 1063 3115 1075 3148 1065 3120 5432 3119
1502 3087 1063 3115 170 3096 5432 5410 3095 3120 1065
1503 1013 1014 751 746 1016 5416 5422 3027 2620 3025
1504 1057 3085 136 3074 3090 3089 1058 3079 3078 5423
1505 1063 3142 139 3086 3147 3146 1064 3093 3091 5414
1506 100 157 1014 3142 1008 1017 3024 3143 5426 3145
1507 3142 157 3115 1063 3145 3119 5413 3147 5432 3148
1508 102 1013 160 3074 3026 1015 1019 3076 3077 5425
1509 1014 157 3115 3142 1017 3119 3121 5426 5413 3145
1510 3116 1068 1069 3082 3140 1073 3141 5434 3102 3111
1511 1066 3087 3115 170 3097 5410 3126 1070 3120 3095
1512 3083 1066 3117 1067 3106 3136 5428 3105 3137 1071
1513 3118 160 1013 3074 3122 1015 3123 5437 5425 3077
1514 3074 3118 160 1060 5437 3122 3077 3080 1062 3124
1515 3082 3085 3114 3084 3103 5438 5435 3112 5431 3098
1516 3082 3114 3085 3116 5435 5438 3103 5434 5439 3130
1517 1013 3085 3114 3116 5421 5438 3127 3129 3130 5439
1518 1057 3085 3116 3082 3090 5439 5440 3101 5434 3103
1519 1057 1069 3116 3118 3094 3141 5440 5433 3131 3135
1520 3116 1069 1057 3082 3141 3094 5440 5434 3101 3102
1521 3114 3083 1014 3117 5429 5441 3128 3132 3133 5428
1522 3115 1014 3083 3117 3121 5441 5412 3134 5428 3133
1523 3115 3083 1014 3086 5412 5441 3121 5411 5418 3113
1524 1057 3116 3074 3118 5440 5442 3079 5433 5437 3131
1525 1057 3074 3116 3085 3079 5442 5440 3090 5439 5423
1526 1013 3074 3116 3118 5425 5442 3129 3123 3131 5437
1527 1013 3116 3074 3085 3129 5442 5425 5421 5423 5439
1528 3115 3083 1066 3117 5412 3106 3126 3134 3136 5428
1529 1066 3083 3115 3087 3106 5412 3126 3097 5410 3107
1530 751 3074 136 3085 5424 3078 2898 5420 3089 5423
1531 136 3074 751 103 3078 5424 2898 908 753 3075
1532 100 751 1014 746 2619 5416 3024 747 3025 2620
1533 100 1014 751 3142 3024 5416 2619 3143 5427 5426
1534 3084 3083 1014 3114 3110 5441 5417 5431 3128 5429
1535 3084 1014 3083 3086 5417 5441 3110 3100 3113 5418
1536 1014 3085 3084 3114 5443 3098 5417 3128 5431 5438
1537 1014 3084 3085 751 5417 3098 5443 5416 5420 5415
1538 1014 1013 3085 3114 1016 5421 5443 3128 5438 3127
1539 1014 3085 1013 751 5443 5421 1016 5416 5422 5420
1540 1063 3115 3086 3087 5432 5411 3093 3096 3104 5410
1541 1063 3086 3115 3142 3093 5411 5432 3147 5413 5414
3 57 11 73
1567 3530 3086 3087 3531 5663 3104 5664 3561 5665 5666
1568 3086 3530 1195 3531 5663 3560 5667 5666 3545 3561
1569 3083 3086 3087 3530 3113 3104 3107 5668 5664 5663
1570 3529 3534 3082 3532 3556 5669 5670 3563 5671 3557
1571 3533 3530 3087 3531 3549 5664 5672 3564 5665 3561
1572 3087 3533 3531 1200 5672 3564 5665 5673 3546 3540
1573 3532 3534 1057 1187 3557 5674 5675 3542 3518 3537
1574 1195 3565 3086 3531 5676 5677 5667 3545 5666 5678
1575 3086 3565 3087 3531 5677 5679 3104 5666 5665 5678
1576 3084 916 919 3086 5680 2894 3099 3100 3092 5681
1577 916 3565 3086 1195 5682 5677 5681 5683 5667 5676
1578 919 916 3084 3085 2894 5680 3099 3088 3098 5684
1579 3532 3085 1196 3513 5685 5686 3543 5687 5688 5689
1580 3532 1057 3085 3513 5675 3090 5685 5687 5689 3517
1581 1196 3085 916 3513 5686 5684 5690 5688 5691 5689
1582 1057 1069 169 3534 3094 1074 1059 5674 3535 3536
1583 3084 3083 1067 3528 3110 3105 3109 5692 3551 5693
1584 3530 1067 3083 3528 3547 3105 5668 3552 5693 3551
1585 3086 139 3565 138 3091 3566 5677 5694 3567 911
1586 3082 1069 1057 3534 3102 3094 3101 5669 5674 3536
1587 3565 916 3086 138 5682 5681 5677 3567 5694 917
1588 1191 1196 916 3513 3525 5690 3522 5695 5691 5688
1589 919 139 3086 138 920 3091 3092 2895 5694 911
1590 3082 3084 1068 3528 3112 3108 3111 5696 3550 5692
1591 3529 3082 1068 3528 5670 3111 3554 3555 3550 5696
1592 1191 183 1196 3513 1193 3524 3525 5695 5688 3516
1593 3531 3565 3087 1200 5678 5679 5665 3546 5673 3572
1594 916 135 1191 3513 918 3521 3522 5691 5695 3514
1595 135 183 1191 3513 1185 1193 3521 3514 5695 3516
1596 138 3565 916 185 3567 5682 917 1190 3523 3568
1597 1068 3084 1067 3528 3108 3109 1072 3550 3551 5692
1598 916 919 136 3085 2894 921 2893 5684 3089 3088
1599 1057 3532 1187 3513 5675 3542 3518 3517 3520 5687
1600 3534 169 1057 1187 3535 1059 5674 3537 3518 1189
1601 3086 916 919 138 5681 2894 3092 5694 2895 917
1602 3565 3087 1063 3086 5679 3096 3569 5677 3093 3104
1603 3530 3087 1066 3533 5664 3097 3548 3549 3538 5672
1604 3565 1063 3087 1200 3569 3096 5679 3572 5673 3570
1605 916 1195 1196 1191 5683 1198 5690 3522 3525 3527
1606 3083 3087 1066 3530 3107 3097 3106 5668 3548 5664
1607 3534 3082 1069 3529 5669 3102 3536 3556 3553 5670
1608 1057 136 3085 3513 1058 3089 3090 3517 5689 3515
1609 3087 170 3533 1200 3095 3539 5672 5673 3540 1202
1610 1195 3565 186 185 5676 3571 1197 3526 1194 3568
1611 1063 139 3565 3086 1064 3566 3569 3093 5677 3091
1612 183 184 1196 3513 1186 1199 3524 3516 5688 3519
1613 1195 3565 3531 186 5676 5678 3545 1197 3544 3571
1614 1067 3083 1066 3530 3105 3106 1071 3547 3548 5668
1615 184 3532 1196 3513 3541 3543 1199 3519 5688 5687
1616 170 1066 3087 3533 1070 3097 3095 3539 5672 3538
1617 1068 1069 3082 3529 1073 3102 3111 3554 5670 3553
1618 170 3087 1063 1200 3095 3096 1065 1202 3570 5673
1619 184 1187 3532 3513 1188 3542 3541 3519 5687 3520
1620 1200 3531 3565 186 3546 5678 3572 1201 3571 3544
1621 3083 3086 3528 3084 3113 5697 5693 3110 5692 3100
1622 3083 3528 3086 3530 5693 5697 3113 5668 5663 3552
1623 1195 3086 3528 3530 5667 5697 3558 3560 3552 5663
1624 3082 3528 3085 3084 5696 5698 3103 3112 3098 5692
1625 3082 3532 1057 3085 5671 5675 3101 3103 3090 5685
1626 1057 3532 3082 3534 5675 5671 3101 5674 5669 3557
1627 3532 3082 1196 3085 5671 5699 3543 5685 5686 3103
1628 3532 1196 3082 3529 3543 5699 5671 3563 5670 3562
1629 3528 1196 3082 3085 3559 5699 5696 5698 3103 5686
1630 3528 3082 1196 3529 5696 5699 3559 3555 3562 5670
1631 916 1195 3528 1196 5683 3558 5700 5690 3559 1198
1632 916 3085 3528 3084 5684 5698 5700 5680 5692 3098
1633 3528 3085 916 1196 5698 5684 5700 3559 5690 5686
1634 916 1195 185 3565 5683 3526 3523 5682 3568 5676
1635 916 185 1195 1191 3523 3526 5683 3522 3527 1192
1636 3513 916 136 3085 5691 2893 3515 5689 3089 5684
1637 3513 136 916 135 3515 2893 5691 3514 918 907
1638 3086 3528 916 1195 5697 5700 5681 5667 5683 3558
1639 3086 916 3528 3084 5681 5700 5697 3100 5692 5680
3 58 11 25
1807 3644 1113 175 134 5747 1114 3647 3645 1116 3269
1808 3644 175 1113 190 3647 1114 5747 3649 3640 1222
1809 135 916 1191 3644 918 3522 3521 3646 5748 5749
1810 1191 183 135 3644 1193 1185 3521 5748 3646 3648
1811 916 1191 3632 185 3522 5750 5751 3523 3636 1192
1812 3632 138 916 185 3633 917 5751 3636 3523 1190
1813 3644 913 1113 134 5752 3270 5747 3645 3269 915
1814 3644 916 1191 1223 5749 3522 5748 5753 3642 5754
1815 1191 916 3632 1223 3522 5751 5750 3642 5755 5754
1816 1113 913 3644 1223 3270 5752 5747 3639 5753 5756
1817 916 913 3632 1223 2891 5757 5751 5754 5755 5756
1818 3644 913 916 1223 5752 2891 5749 5753 5754 5756
1819 137 913 174 3632 914 3271 1111 3634 3635 5757
1820 190 3644 183 1223 3649 3648 1226 1224 3641 5753
1821 174 3632 1223 189 3635 5755 3638 1220 1225 3637
1822 1223 3632 1191 189 5755 5750 3642 1225 3643 3637
1823 189 3632 1191 185 3637 5750 3643 1221 1192 3636
1824 1191 183 3644 1223 1193 3648 5748 3642 5753 3641
1825 1113 3644 190 1223 5747 3649 3640 3639 1224 5753
1826 916 135 913 3644 918 2890 2891 5749 5752 3646
1827 135 913 3644 134 2890 5752 3646 906 3645 915
1828 916 913 137 3632 2891 914 2892 5751 3634 5757
1829 916 137 138 3632 2892 910 917 5751 3633 3634
1830 913 174 1223 1113 3271 3638 5756 3270 3639 1115
1831 913 1223 174 3632 5756 3638 3271 5757 3635 5755
3 59 11 25
1905 1113 175 134 3272 1114 1116 3269 5515 3276 3277
1906 1113 175 3272 153 1114 3277 5515 3267 3275 1112
1907 774 777 107 3272 2664 778 2663 5516 3274 5517
1908 107 106 774 3272 771 775 2663 3274 5516 3273
1909 108 777 774 3260 2665 2664 776 3262 5518 5519
1910 109 777 108 3260 779 2665 780 3261 3262 5519
1911 134 913 1113 3272 915 3270 3269 3276 5515 5520
1912 777 774 985 3272 2664 2988 5521 5517 5522 5516
1913 985 774 777 3260 2988 2664 5521 5523 5519 5518
1914 913 985 1113 3272 5524 3268 3270 5520 5515 5522
1915 3260 777 985 913 5519 5521 5523 5525 5524 2888
1916 777 985 913 3272 5521 5524 2888 5517 5520 5522
1917 174 3260 913 137 3265 5525 3271 1111 914 3264
1918 3272 106 985 153 3273 2987 5522 3275 986 988
1919 985 152 774 3260 987 2989 2988 5523 5518 3263
1920 152 985 174 3260 987 3266 1110 3263 3265 5523
1921 152 108 774 3260 982 776 2989 3263 5518 3262
1922 985 774 106 3272 2988 775 2987 5522 3273 5516
1923 3272 985 1113 153 5522 3268 5515 3275 3267 986
1924 913 107 777 3272 2887 778 2888 5520 5517 3274
1925 107 913 134 3272 2887 915 905 3274 3276 5520
1926 913 3260 777 137 5525 5519 2888 914 2889 3264
1927 109 777 3260 137 779 5519 3261 909 3264 2889
1928 174 913 985 1113 3271 5524 3266 1115 3268 3270
1929 985 913 174 3260 5524 3271 3266 5523 3265 5525
3 60 11 20
2126 552 125 62 2021 5176 863 2028 2029 2024 5177
2127 124 774 108 2022 2810 776 2809 5178 5179 5180
2128 63 61 124 2022 546 861 2806 2025 5178 2026
2129 126 63 124 2022 864 2806 865 5181 5178 2025
2130 126 124 108 2022 865 2809 866 5181 5179 5178
2131 774 124 2021 2022 2810 5182 5183 5180 2027 5178
2132 774 553 108 2022 2662 2659 776 5180 5179 2031
2133 65 125 552 106 2811 5176 554 770 2660 867
2134 774 124 125 2021 2810 862 2808 5183 5177 5182
2135 2021 553 774 2022 2032 2662 5183 2027 5180 2031
2136 108 64 126 2022 773 2807 866 5179 5181 2030
2137 125 65 552 62 2811 554 5176 863 2028 551
2138 61 125 124 2021 2805 862 861 2023 5182 5177
2139 61 125 2021 62 2805 5177 2023 541 2024 863
2140 126 64 63 2022 2807 547 864 5181 2025 2030
2141 2021 124 61 2022 5182 861 2023 2027 2026 5178
2142 64 108 553 2022 773 2659 556 2030 2031 5179
2143 552 553 774 2021 555 2662 2661 2029 5183 2032
2144 125 552 774 2021 5176 2661 2808 5177 5183 2029
2145 125 774 552 106 2808 2661 5176 867 2660 775
3 61 11 86
2022 2045 2047 2042 2033 2077 2069 2074 4509 4510 4511
2023 2033 2047 2042 1657 4511 2069 4510 4512 4513 4514
2024 2014 2046 2043 2044 4515 2062 4516 4517 2076 2070
2025 2021 2033 2042 1657 4518 4510 4519 4520 4513 4512
2026 2042 2041 2021 1657 2068 4521 4519 4513 4520 4522
2027 2043 2046 2014 1658 2062 4515 4516 4523 4524 4525
2028 2043 2014 2044 2022 4516 4517 2076 4526 4527 4528
2029 2041 2042 433 1657 2068 2067 2063 4522 1683 4513
2030 433 2041 1657 1659 2063 4522 1683 1680 1684 4529
2031 1657 2033 2047 428 4512 4511 4514 1676 4530 2040
2032 2043 2041 432 1658 2065 2064 2060 4523 1679 4531
2033 1659 432 2041 1658 1681 2064 4529 1682 4531 1679
2034 553 2041 2043 2022 2071 2065 2075 2031 4526 4532
2035 1661 1657 538 1659 1678 4533 4534 1668 4535 1684
2036 1660 2008 2014 1658 4536 4537 4538 1675 4524 4539
2037 44 45 538 1661 418 2005 539 1662 4534 1663
2038 2033 1657 1661 428 4512 1678 4540 2040 1669 1676
2039 2041 433 432 1659 2063 437 2064 4529 1681 1680
2040 2046 2014 1658 424 4515 4524 4525 4541 1674 2017
2041 2047 557 48 428 2053 558 2051 4530 430 2035
2042 538 45 542 1661 2005 543 2006 4534 4542 1663
2043 1657 2047 434 428 4514 2052 1677 1676 1672 4530
2044 48 434 2047 428 439 2052 2051 430 4530 1672
2045 434 2042 2047 1657 2066 2069 2052 1677 4514 4513
2046 2046 2043 431 1658 2062 2061 2048 4525 1673 4523
2047 431 2046 1658 424 2048 4525 1673 1671 1674 4541
2048 2014 1660 1658 424 4538 1675 4524 2017 1674 1670
2049 557 2047 2033 428 2053 4511 2039 2035 2040 4530
2050 2044 553 2043 2022 2056 2075 2076 4527 4526 2031
2051 2041 553 2021 2022 2071 2032 4521 4532 2027 2031
2052 557 2047 2045 2033 2053 2077 2059 2039 4509 4511
2053 552 62 2033 2021 2028 2037 4544 2029 4518 2024
2054 46 44 2008 1660 423 2010 2009 1664 4536 1665
2055 2041 552 2042 2021 2072 2073 2068 4521 4519 2029
2056 542 2033 1661 428 2038 4540 4542 2034 1669 2040
2057 2014 46 63 2008 2015 545 2016 4537 2012 2009
2058 2044 2014 2046 548 4517 4515 2070 2054 2050 2020
2059 2045 552 65 2033 2057 554 2058 4509 2036 4544
2060 62 552 2033 65 2028 4544 2037 551 2036 554
2061 2046 431 47 424 2048 435 2049 4541 425 1671
2062 548 2014 2046 424 2020 4515 2050 2018 4541 2017
2063 2046 47 548 424 2049 549 2050 4541 2018 425
2064 1661 538 44 1659 4534 539 1662 1668 1667 4535
2065 1660 44 538 1659 1665 539 4545 1666 4535 1667
2066 2008 2014 46 1660 4537 2015 2009 4536 1664 4538
2067 1660 2014 46 424 4538 2015 1664 1670 426 2017
2068 2022 2014 63 2008 4528 2016 2025 4546 2012 4537
2069 2044 2014 64 2022 4517 2019 2055 4527 2030 4528
2070 2042 434 433 1657 2066 438 2067 4513 1683 1677
2071 1661 45 542 428 1663 543 4542 1669 2034 429
2072 63 64 2014 2022 547 2019 2016 2025 4528 2030
2073 2043 432 431 1658 2060 436 2061 4523 1673 1679
2074 538 2008 44 1660 2011 2010 539 4545 1665 4536
2075 2022 63 61 2008 2025 546 2026 4546 2013 2012
2076 2044 64 553 2022 2055 556 2056 4527 2031 2030
2077 2041 553 552 2021 2071 555 2072 4521 2029 2032
2078 2045 65 557 2033 2058 559 2059 4509 2039 2036
2079 2044 64 2014 548 2055 2019 4517 2054 2020 550
2080 2041 1657 538 2021 4522 4533 4547 4521 4543 4520
2081 2041 538 1657 1659 4547 4533 4522 4529 1684 4535
2082 2042 2033 552 2045 4510 4544 2073 2074 2057 4509
2083 2042 552 2033 2021 2073 4544 4510 4519 4518 2029
2084 2041 1658 538 1659 4531 4548 4547 4529 4535 1682
2085 2041 538 1658 2008 4547 4548 4531 4549 4539 2011
2086 1660 538 1658 1659 4545 4548 1675 1666 1682 4535
2087 1660 1658 538 2008 1675 4548 4545 4536 2011 4539
2088 61 2008 2021 2022 2013 4550 2023 2026 2027 4546
2089 61 2021 2008 538 2023 4550 2013 540 2011 4543
2090 2041 2021 2008 2022 4521 4550 4549 4532 4546 2027
2091 2041 2008 2021 538 4549 4550 4521 4547 4543 2011
2092 2014 2043 2008 2022 4516 4551 4537 4528 4546 4526
2093 2014 2008 2043 1658 4537 4551 4516 4524 4523 4539
2094 2041 2008 2043 2022 4549 4551 2065 4532 4526 4546
2095 2041 2043 2008 1658 2065 4551 4549 4531 4539 4523
2096 542 62 61 4552 544 541 2007 4553 4554 4555
2097 2021 61 62 4552 2023 541 2024 4556 4555 4554
2098 538 542 61 4552 2006 2007 540 4557 4554 4553
2099 2021 538 61 4552 4543 540 2023 4556 4554 4557
2100 62 542 2033 4552 544 2038 2037 4555 4558 4553
2101 2021 62 2033 4552 2024 2037 4518 4556 4558 4555
2102 542 538 1661 4552 2006 4534 4542 4553 4559 4557
2103 1661 538 1657 4552 4534 4533 1678 4559 4560 4557
2104 1657 538 2021 4552 4533 4543 4520 4560 4556 4557
2105 542 1661 2033 4552 4542 4540 2038 4553 4558 4559
2106 2033 1661 1657 4552 4540 1678 4512 4558 4560 4559
2107 2021 2033 1657 4552 4518 4512 4520 4556 4560 4558
3 62 11 74
1930 1657 415 1695 1659 4326 4327 4328 1684 4329 4330
1931 1685 415 1657 1661 4331 4326 4332 4333 1678 4334
1932 1696 293 1694 1645 1712 1700 1713 4335 4336 4337
1933 415 1645 1696 1658 1648 4335 4338 4339 4340 4341
1934 434 1697 1695 1657 1720 1710 1719 1677 4328 4342
1935 415 1657 1661 1659 4326 1678 4334 4330 1668 1684
1936 1651 1645 1660 1658 4343 4344 4345 4346 1675 4341
1937 1502 1695 292 1697 4347 1708 1507 4348 1702 1710
1938 415 45 44 1661 1644 418 417 4334 1662 1663
1939 434 48 440 428 439 442 1705 1672 1691 430
1940 1661 1657 1685 428 1678 4332 4333 1669 1692 1676
1941 1693 432 433 1659 1716 437 1717 4349 1680 1681
1942 415 1685 419 1661 4331 1688 1643 4334 4350 4333
1943 1645 1696 1502 415 4335 4351 4352 1648 4353 4338
1944 419 45 415 1661 421 1644 1643 4350 4334 1663
1945 1502 293 1696 1645 1509 1712 4351 4352 4335 4337
1946 1502 1685 419 415 4354 1688 4356 4353 1643 4331
1947 1694 1651 431 1658 4357 4358 1704 4359 1673 4346
1948 431 1696 1694 1658 1714 1713 1704 1673 4359 4340
1949 44 46 1645 1660 423 1649 1650 1665 4344 1664
1950 1685 419 16 1502 1688 420 1686 4354 1504 4356
1951 1661 1685 419 428 4333 1688 4350 1669 1690 1692
1952 1502 17 293 1645 1505 1508 1509 4352 4337 1646
1953 1651 431 1658 424 4358 1673 4346 1656 1674 1671
1954 293 1693 1502 1696 1707 4360 1509 1712 4351 1711
1955 1694 1651 47 431 4357 1655 1699 1704 435 4358
1956 1651 17 46 1645 1653 422 1654 4343 1649 1646
1957 1693 1502 1695 292 4360 4347 1709 1706 1708 1507
1958 1658 1660 1651 424 1675 4345 4346 1674 1656 1670
1959 1502 419 15 415 4356 1642 1503 4353 416 1643
1960 1661 44 415 1659 1662 417 4334 1668 4330 1667
1961 415 44 1660 1659 417 1665 4361 4330 1666 1667
1962 1695 433 434 1657 1718 438 1719 4328 1677 1683
1963 431 1651 47 424 4358 1655 435 1671 425 1656
1964 47 18 1651 1694 427 1652 1655 1699 4357 1698
1965 419 45 1661 428 421 1663 4350 1690 1669 429
1966 15 17 1502 1645 288 1505 1503 1647 4352 1646
1967 15 16 419 1502 285 420 1642 1503 4356 1504
1968 1645 46 1651 1660 1649 1654 4343 4344 4345 1664
1969 415 44 1645 1660 417 1650 1648 4361 4344 1665
1970 1696 431 432 1658 1714 436 1715 4340 1679 1673
1971 46 1651 1660 424 1654 4345 1664 426 1670 1656
1972 19 440 1685 1697 441 1689 1687 1701 4355 1703
1973 1645 1502 15 415 4352 1503 1647 1648 416 4353
1974 1502 1693 293 292 4360 1707 1509 1507 295 1706
1975 1695 1659 433 1657 4329 1680 1718 4328 1683 1684
1976 433 1659 1695 1693 1680 4329 1718 1717 1709 4349
1977 1694 1658 1645 1651 4359 4341 4336 4357 4343 4346
1978 1645 1658 1694 1696 4341 4359 4336 4335 1713 4340
1979 1695 1693 415 1502 1709 4362 4327 4347 4353 4360
1980 1695 415 1693 1659 4327 4362 1709 4329 4349 4330
1981 1696 415 1693 1502 4338 4362 1711 4351 4360 4353
1982 1660 1658 415 1659 1675 4339 4361 1666 4330 1682
1983 415 1658 1660 1645 4339 1675 4361 1648 4344 4341
1984 432 1696 1659 1693 1715 4363 1681 1716 4349 1711
1985 432 1659 1696 1658 1681 4363 1715 1679 4340 1682
1986 415 1659 1696 1693 4330 4363 4338 4362 1711 4349
1987 415 1696 1659 1658 4338 4363 4330 4339 1682 4340
1988 1657 1697 428 434 4342 4364 1676 1677 1672 1720
1989 1657 428 1697 1685 1676 4364 4342 4332 4355 1692
1990 440 428 1697 434 1691 4364 1703 1705 1720 1672
1991 440 1697 428 1685 1703 4364 1691 1689 1692 4355
1992 1645 17 18 1651 1646 289 4365 4343 1652 1653
1993 18 17 1645 293 289 1646 4365 296 4337 1508
1994 18 1694 1645 1651 1698 4336 4365 1652 4343 4357
1995 1645 1694 18 293 4336 1698 4365 4337 296 1700
1996 1695 415 1697 1502 4327 4366 1710 4347 4348 4353
1997 1695 1697 415 1657 1710 4366 4327 4328 4326 4342
1998 1685 1697 415 1502 4355 4366 4331 4354 4353 4348
1999 1685 415 1697 1657 4331 4366 4355 4332 4342 4326
2000 16 1697 19 1685 4367 1701 291 1686 1687 4355
2001 16 19 1697 292 291 1701 4367 1506 1702 294
2002 1502 1697 16 1685 4348 4367 1504 4354 1686 4355
2003 1502 16 1697 292 1504 4367 4348 1507 1702 1506
3 63 11 17
1712 6 3 1502 293 241 4262 4263 4264 1509 4265
1713 1502 17 6 293 1505 287 4263 1509 4264 1508
1714 293 9 3 249 1511 1462 4265 1512 1463 250
1715 3 10 292 249 1461 1513 4266 1463 1514 251
1716 18 9 6 293 290 247 1501 296 4264 1511
1717 19 4 10 292 1510 252 297 294 1513 4267
1718 3 6 9 293 241 247 1462 4265 1511 4264
1719 3 10 4 292 1461 252 237 4266 4267 1513
1720 18 6 17 293 1501 287 289 296 1508 4264
1721 16 4 19 292 286 1510 291 1506 294 4267
1722 15 6 1502 17 1500 4263 1503 288 1505 287
1723 6 15 1502 3 1500 1503 4263 241 4262 284
1724 16 15 3 1502 285 284 1499 1504 4262 1503
1725 292 3 293 1502 4266 4265 295 1507 1509 4262
1726 293 3 292 249 4265 4266 295 1512 1514 1463
1727 292 3 16 4 4266 1499 1506 4267 286 237
1728 292 16 3 1502 1506 1499 4266 1507 4262 1504
3 64 11 12
1640 243 3 7 249 4250 4251 245 1466 1465 1463
1641 9 7 3 249 248 4251 1462 250 1463 1465
1642 10 3 243 249 1461 4250 1467 251 1466 1463
1643 3 243 7 2 4250 245 4251 236 1459 1458
1644 3 6 7 9 241 1460 4251 1462 248 247
1645 2 6 7 3 1456 1460 1459 236 4251 241
1646 6 2 7 5 1456 1459 1460 240 242 239
1647 2 1 3 243 235 1455 236 1458 4250 1457
1648 10 8 3 4 253 4252 1461 252 237 1464
1649 10 3 8 243 1461 4252 253 1467 244 4250
1650 1 3 8 4 1455 4252 246 238 1464 237
1651 1 8 3 243 246 4252 1455 1457 4250 244
3 65 11 12
1353 8 37 41 394 1619 397 399 1621 396 1616
1354 38 2 7 243 389 1459 4315 4316 245 1458
1355 40 38 7 243 1617 4315 398 1620 245 4316
1356 243 40 38 394 1620 1617 4316 1622 1615 395
1357 2 39 7 5 1614 1618 1459 239 242 392
1358 39 2 7 38 1614 1459 1618 391 4315 389
1359 7 39 38 40 1618 391 4315 398 1617 393
1360 243 1 38 2 1457 1613 4316 1458 389 235
1361 243 8 37 1 244 1619 4317 1457 390 246
1362 37 8 243 394 1619 244 4317 1616 1622 1621
1363 37 38 243 1 388 4316 4317 390 1457 1613
1364 243 38 37 394 4316 388 4317 1622 1616 1615
3 66 11 12
1267 41 37 72 394 397 2139 588 396 2142 1616
1268 71 69 38 583 2137 578 4597 585 4598 2135
1269 71 38 40 583 4597 1617 587 585 2140 4598
1270 394 40 38 583 395 1617 1615 2141 4598 2140
1271 38 39 69 71 391 2134 578 4597 2137 2138
1272 70 69 39 71 580 2134 581 582 2138 2137
1273 39 38 40 71 391 1617 393 2138 587 4597
1274 68 583 38 69 2136 4598 2133 577 578 2135
1275 38 583 37 394 4598 4599 388 1615 1616 2141
1276 38 37 583 68 388 4599 4598 2133 2136 579
1277 72 37 583 394 2139 4599 584 2142 2141 1616
1278 72 583 37 68 584 4599 2139 586 579 2136
3 67 11 12
1238 72 102 583 122 749 2615 584 2789 5168 851
1239 121 583 71 746 5169 585 5170 2787 2613 2614
1240 746 120 100 71 2785 850 747 2613 743 2788
1241 121 102 583 746 2786 2615 5169 2787 2614 748
1242 583 68 72 122 2136 586 584 5168 2789 849
1243 583 121 71 69 5169 5170 585 2135 2137 847
1244 746 120 71 121 2785 2788 2613 2787 5170 845
1245 102 121 583 122 2786 5169 2615 851 5168 848
1246 121 70 120 71 2783 846 845 5170 2788 582
1247 121 70 71 69 2783 582 5170 847 2137 580
1248 69 583 121 122 2135 5169 847 2784 848 5168
1249 583 69 68 122 2135 577 2136 5168 849 2784
3 68 11 17
1250 3015 121 120 1014 5380 845 5381 3019 5382 5383
1251 120 154 3015 1014 1005 3018 5381 5382 3019 3016
1252 746 120 1014 100 2785 5382 3025 747 3024 850
1253 1013 102 121 746 3026 2786 5384 3027 2787 748
1254 157 120 100 1014 3012 850 1008 1017 3024 5382
1255 1013 122 102 160 5385 851 3026 1015 1019 3023
1256 120 746 1014 121 2785 3025 5382 845 5383 2787
1257 102 121 122 1013 2786 848 851 3026 5385 5384
1258 154 120 157 1014 1005 3012 1004 3016 1017 5382
1259 160 1013 122 158 1015 5385 3023 1018 1009 3021
1260 3015 120 121 159 5381 845 5380 3017 1011 3014
1261 154 120 3015 159 1005 5381 3018 1012 3017 3014
1262 121 158 3015 159 3013 3020 5380 1011 3017 1010
1263 121 1013 1014 3015 5384 1016 5383 5380 3019 3022
1264 121 1014 1013 746 5383 1016 5384 2787 3027 3025
1265 1013 121 158 3015 5384 3013 3021 3022 3020 5380
1266 1013 158 121 122 3021 3013 5384 5385 848 1009
3 69 11 74
1279 3841 3843 3116 1296 3865 5918 5919 5920 5921 5922
1280 3845 3841 3875 1296 3868 5923 5924 5925 5926 5920
1281 1014 3117 3115 3832 3133 3134 3121 5927 5928 5929
1282 3117 3842 3832 1296 5930 5931 5929 5932 3836 5933
1283 3118 1069 3841 1308 3135 3864 5934 5935 3866 3846
1284 3843 3841 3845 1296 3865 3868 3854 5922 5925 5920
1285 3841 3875 3118 1308 5923 5936 5934 3866 5935 3882
1286 1308 3118 1069 1060 5935 3135 3846 3880 3125 3124
1287 1013 3116 3015 3118 3129 5937 3022 3123 5938 3131
1288 3116 3118 1069 3841 3131 3135 3141 5919 3864 5934
1289 3842 3844 3869 3832 3867 5939 5940 5931 5941 5942
1290 1308 3875 3118 1060 3882 5936 5935 3880 3124 3879
1291 1068 1067 3114 3843 1072 3138 3139 3861 5943 3860
1292 3845 202 1296 204 3851 1297 5925 3850 3840 1304
1293 1069 169 1308 1060 1074 1310 3846 3125 3880 1061
1294 3875 3841 3845 1308 5923 3868 5924 3882 3856 3866
1295 1296 3875 3845 1301 5926 5924 5925 3839 5944 3878
1296 1013 3015 3875 3118 3022 5945 5946 3123 5936 5938
1297 3832 3015 3117 1296 5947 5948 5929 3836 5932 5949
1298 1301 3845 1296 204 5944 5925 3839 1302 3840 3850
1299 3015 3117 1014 3832 5948 3133 3019 5947 5927 5929
1300 1296 3015 3875 1301 5949 5945 5926 3839 3878 5950
1301 1066 3115 3117 3842 3126 3134 3136 3857 5930 5951
1302 3869 3115 1066 3842 5952 3126 5953 5940 3857 5951
1303 3832 202 3844 203 3837 3848 5942 3835 3849 1299
1304 1301 3015 3875 158 5950 5945 3878 1303 3877 3020
1305 1308 3845 3875 1301 3856 5924 3882 3881 3878 5944
1306 154 3015 1014 3832 3018 3019 3016 3834 5927 5947
1307 1013 3875 3015 158 5946 5945 3022 3021 3020 3877
1308 3015 3117 3114 1014 5948 3132 5954 3019 3128 3133
1309 1066 3869 3842 1305 5953 5940 3857 3847 3859 3874
1310 3115 3869 1066 170 5952 5953 3126 3120 1070 3873
1311 3832 3869 154 203 5941 3870 3834 3835 1300 3872
1312 3875 1013 160 158 5946 1015 3876 3877 1018 3021
1313 3869 3844 3842 1305 5939 3867 5940 3874 3859 3855
1314 3116 3015 3114 1013 5937 5954 3130 3129 3127 3022
1315 160 1013 3875 3118 1015 5946 3876 3122 5936 3123
1316 159 3015 1296 1301 3017 5949 1298 3838 3839 5950
1317 3843 3845 202 1296 3854 3851 3852 5922 1297 5925
1318 1069 1068 3116 3841 1073 3140 3141 3864 5919 3863
1319 202 3844 3843 1296 3848 3853 3852 1297 5922 5955
1320 3869 1066 170 1305 5953 1070 3873 3874 1306 3847
1321 157 170 3869 3115 1075 3873 3871 3119 5952 3120
1322 1301 1308 3845 204 3881 3856 5944 1302 3850 1309
1323 159 3015 154 3832 3017 3018 1012 3833 3834 5947
1324 159 3015 1301 158 3017 5950 3838 1010 1303 3020
1325 3832 3844 3869 203 5942 5939 5941 3835 3872 3849
1326 3844 202 3832 1296 3848 3837 5942 5955 3836 1297
1327 1067 1066 3117 3842 1071 3136 3137 3858 5930 3857
1328 203 3844 3869 1305 3849 5939 3872 1307 3874 3855
1329 3875 160 3118 1060 3876 3122 5936 3879 3124 1062
1330 159 3015 3832 1296 3017 5947 3833 1298 3836 5949
1331 1014 3114 3015 1013 3128 5954 3019 1016 3022 3127
1332 3116 3843 1068 3114 5918 3861 3140 3130 3139 5943
1333 1068 3843 3116 3841 3861 5918 3140 3863 5919 3865
1334 3117 3114 1296 3015 3132 5956 5932 5948 5949 5954
1335 3116 1296 3114 3015 5921 5956 3130 5937 5954 5949
1336 3116 3114 1296 3843 3130 5956 5921 5918 5922 5943
1337 3115 3832 3842 3869 5928 5931 5951 5952 5940 5941
1338 3842 3832 3115 3117 5931 5928 5951 5930 3134 5929
1339 3842 3844 1296 3843 3867 5955 5933 3862 5922 3853
1340 3842 1296 3844 3832 5933 5955 3867 5931 5942 3836
1341 3117 1067 3843 3114 3137 3860 5957 3132 5943 3138
1342 3843 1067 3117 3842 3860 3137 5957 3862 5930 3858
1343 3843 1296 3117 3114 5922 5932 5957 5943 3132 5956
1344 3117 1296 3843 3842 5932 5922 5957 5930 3862 5933
1345 3875 1296 3118 3015 5926 5958 5936 5945 5938 5949
1346 3875 3118 1296 3841 5936 5958 5926 5923 5920 5934
1347 3116 3118 1296 3015 3131 5958 5921 5937 5949 5938
1348 3116 1296 3118 3841 5921 5958 3131 5919 5934 5920
1349 154 3832 157 3869 3834 5959 1004 3870 3871 5941
1350 154 157 3832 1014 1004 5959 3834 3016 5927 1017
1351 3115 157 3832 3869 3119 5959 5928 5952 5941 3871
1352 3115 3832 157 1014 5928 5959 3119 3121 1017 5927
3 70 11 86
1365 3534 3529 4097 3532 3556 6130 6131 3557 6132 3563
1366 4097 3529 3534 3841 6130 3556 6131 6133 6134 6135
1367 3531 3533 3530 4090 3564 3549 3561 6136 6137 6138
1368 3529 4097 4078 3841 6130 6139 6140 6135 6141 6133
1369 4078 3528 3529 3841 6142 3555 6140 6141 6135 6143
1370 4090 3533 3530 3842 6138 3549 6137 6144 6145 6146
1371 4090 3530 3531 4079 6137 3561 6136 6147 6148 6149
1372 3528 1068 3529 3841 3550 3554 3555 6143 6135 3863
1373 1068 3528 3843 3841 3550 6150 3861 3863 3865 6143
1374 3534 4097 3841 1308 6131 6133 6134 6151 3866 4104
1375 3528 3530 1067 3842 3552 3547 3551 6152 3858 6145
1376 3843 3528 1067 3842 6150 3551 3860 3862 3858 6152
1377 3528 1195 3530 4079 3558 3560 3552 6153 6149 4083
1378 1368 3843 3841 3845 6154 3865 6155 6156 3868 3854
1379 4090 4069 3844 3842 6157 6158 6159 6144 3867 6160
1380 202 3845 1368 204 3851 6156 1370 1304 4075 3850
1381 3845 3841 4097 1308 3868 6133 6161 3856 4104 3866
1382 1067 1068 3528 3843 1072 3550 3551 3860 6150 3861
1383 3842 4090 3533 1305 6144 6138 6146 3859 6162 4096
1384 3534 169 1187 1308 3535 1189 3537 6151 4098 1310
1385 204 3845 1368 1373 3850 6156 4075 1374 4076 6163
1386 3841 1069 3534 1308 3864 3536 6134 3866 6151 3846
1387 1069 169 3534 1308 1074 3535 3536 3846 6151 1310
1388 1069 3534 3529 3841 3536 3556 3553 3864 6135 6134
1389 3533 1066 3530 3842 3538 3548 3549 6146 6145 3857
1390 3842 3533 1066 1305 6146 3538 3857 3859 3847 6162
1391 3842 3844 4090 1305 3867 6159 6144 3859 4096 3855
1392 1187 4097 3534 1308 4101 6131 3537 4098 6151 4104
1393 3530 1195 3531 4079 3560 3545 3561 6149 6148 4083
1394 3528 1195 4079 4078 3558 4083 6153 6142 4087 4089
1395 3532 4097 3534 1187 6132 6131 3557 3542 3537 4101
1396 218 1196 4097 4078 4080 6165 4099 4085 6139 4088
1397 4069 3844 202 203 6158 3848 4070 4071 1299 3849
1398 1196 3528 3529 4078 3559 3555 3562 4088 6140 6142
1399 1308 4097 3845 1373 4104 6161 3856 4102 6163 4103
1400 4069 217 4090 203 4073 4093 6157 4071 4095 1372
1401 3533 3531 1200 4090 3564 3546 3540 6138 4094 6136
1402 3532 1196 4097 184 3543 6165 6132 3541 4100 1199
1403 1196 218 4097 184 4080 4099 6165 1199 4100 1378
1404 3533 170 1066 1305 3539 1070 3538 6162 3847 1306
1405 4090 1200 3533 1305 4094 3540 6138 4096 6162 4091
1406 1200 170 3533 1305 1202 3539 3540 4091 6162 1306
1407 3845 1368 3843 202 6156 6154 3854 3851 3852 1370
1408 3844 3843 1368 202 3853 6154 6166 3848 1370 3852
1409 3844 4069 4090 203 6158 6157 6159 3849 4095 4071
1410 203 4090 3844 1305 4095 6159 3849 1307 3855 4096
1411 4079 217 4090 4069 4081 4093 6147 6167 6157 4073
1412 3531 186 4090 4079 3544 4092 6136 6148 6147 4082
1413 1068 1069 3529 3841 1073 3553 3554 3863 6135 3864
1414 204 1308 3845 1373 1309 3856 3850 1374 6163 4102
1415 217 4090 186 4079 4093 4092 1377 4081 4082 6147
1416 1066 1067 3530 3842 1071 3547 3548 3857 6145 3858
1417 1368 4069 3844 202 4072 6158 6166 1370 3848 4070
1418 217 4079 216 4069 4081 4084 1371 4073 4074 6167
1419 186 3531 1195 4079 3544 3545 1197 4082 4083 6148
1420 1195 3528 1196 4078 3558 3559 1198 4089 4088 6142
1421 1187 3532 4097 184 3542 6132 4101 1188 4100 3541
1422 186 1200 3531 4090 1201 3546 3544 4092 6136 4094
1423 3841 3528 1368 4078 6143 6168 6155 6141 6164 6142
1424 3841 1368 3528 3843 6155 6168 6143 3865 6150 6154
1425 4097 3529 1196 3532 6130 3562 6165 6132 3543 3563
1426 4097 1196 3529 4078 6165 3562 6130 6139 6140 4088
1427 3528 3842 1368 4069 6152 6169 6168 6170 4072 6160
1428 3528 1368 3842 3843 6168 6169 6152 6150 3862 6154
1429 3844 1368 3842 4069 6166 6169 3867 6158 6160 4072
1430 3844 3842 1368 3843 3867 6169 6166 3853 6154 3862
1431 4069 3528 4078 1368 6170 6142 6171 4072 6164 6168
1432 4078 3528 4069 4079 6142 6170 6171 4087 6167 6153
1433 4078 216 4069 1368 4086 4074 6171 6164 4072 1369
1434 4069 216 4078 4079 4074 4086 6171 6167 4087 4084
1435 3528 3530 4069 4079 3552 6172 6170 6153 6167 6149
1436 3528 4069 3530 3842 6170 6172 3552 6152 6145 6160
1437 4090 4069 3530 4079 6157 6172 6137 6147 6149 6167
1438 4090 3530 4069 3842 6137 6172 6157 6144 6160 6145
1439 218 1373 216 6173 1375 4077 1376 6174 6175 6176
1440 218 216 4078 6173 1376 4086 4085 6174 6177 6175
1441 1368 216 1373 6173 1369 4077 4076 6178 6176 6175
1442 1368 4078 216 6173 6164 4086 1369 6178 6175 6177
1443 1373 218 4097 6173 1375 4099 4103 6176 6179 6174
1444 218 4078 4097 6173 4085 6139 4099 6174 6179 6177
1445 3845 1368 1373 6173 6156 4076 6163 6180 6176 6178
1446 1368 3845 3841 6173 6156 3868 6155 6178 6181 6180
1447 4078 1368 3841 6173 6164 6155 6141 6177 6181 6178
1448 3845 1373 4097 6173 6163 4103 6161 6180 6179 6176
1449 3845 4097 3841 6173 6161 6133 3868 6180 6181 6179
1450 3841 4097 4078 6173 6133 6139 6141 6181 6177 6179
3 71 11 20
1652 1196 228 4078 218 6327 6328 4088 4080 4085 1421
1653 1191 227 185 4079 4187 1424 1192 6329 6330 6331
1654 4079 226 217 216 6332 4184 4081 4084 1371 1418
1655 4079 217 226 227 4081 4184 6332 6331 1419 1420
1656 1191 227 4079 226 4187 6331 6329 4188 6332 1419
1657 1191 226 4079 4078 4188 6332 6329 6333 4087 6334
1658 1191 1195 4079 185 3527 4083 6329 1192 6330 3526
1659 228 184 1196 183 4190 1199 6327 1423 3524 1186
1660 1191 226 4078 228 4188 6334 6333 4186 6328 1422
1661 4079 1195 1191 4078 4083 3527 6329 4087 6333 4089
1662 186 4079 185 227 4082 6330 1194 4189 1424 6331
1663 184 228 1196 218 4190 6327 1199 1378 4080 1421
1664 228 216 4078 218 4185 4086 6328 1421 4085 1376
1665 228 216 226 4078 4185 1418 1422 6328 6334 4086
1666 4079 186 217 227 4082 1377 4081 6331 1420 4189
1667 226 4079 4078 216 6332 4087 6334 1418 4086 4084
1668 4079 1195 186 185 4083 1197 4082 6330 1194 3526
1669 1195 1196 1191 4078 1198 3525 3527 4089 6333 4088
1670 228 1196 1191 183 6327 3525 4186 1423 1193 3524
1671 228 1191 1196 4078 4186 3525 6327 6328 4088 6333
3 72 11 12
1729 183 190 1223 228 1226 1224 3641 1423 6342 4209
1730 1223 226 189 1191 6343 6344 1225 3642 3643 4188
1731 1191 227 189 185 4187 4198 3643 1192 1221 1424
1732 1191 183 1223 228 1193 3641 3642 4186 6342 1423
1733 212 1223 190 228 4052 1224 1358 1435 4209 6342
1734 226 1223 189 213 6343 1225 6344 1436 4050 4051
1735 227 1191 189 226 4187 3643 4198 1419 6344 4188
1736 1223 226 1191 228 6343 4188 3642 6342 4186 1422
1737 226 189 227 214 6344 4198 1419 4208 1425 1357
1738 226 189 214 213 6344 1357 4208 1436 1356 4050
1739 213 226 1223 228 1436 6343 4051 4207 6342 1422
1740 212 213 1223 228 1354 4051 4052 1435 6342 4207
3 73 11 18
2004 198 1113 175 190 3816 1114 1286 4053 1222 3640
2005 174 199 200 189 3814 1284 1285 1220 4049 6095
2006 214 189 199 213 1357 6095 4048 1356 1353 4050
2007 189 199 200 214 6095 1284 4049 1357 1355 4048
2008 199 189 174 6096 6095 1220 3814 6097 6098 6099
2009 189 1223 174 6096 1225 3638 1220 6099 6098 6100
2010 174 1113 199 6096 1115 3815 3814 6098 6097 6101
2011 174 1223 1113 6096 3638 3639 1115 6098 6101 6100
2012 189 199 213 6096 6095 1353 4050 6099 6102 6097
2013 189 213 1223 6096 4050 4051 1225 6099 6100 6102
2014 198 213 199 6096 4047 1353 1282 6103 6097 6102
2015 198 199 1113 6096 1282 3815 3816 6103 6101 6097
2016 213 198 212 6096 4047 1352 1354 6102 6104 6103
2017 213 212 1223 6096 1354 4052 4051 6102 6100 6104
2018 190 1223 6096 1113 1224 6100 6105 3640 6101 3639
2019 190 6096 1223 212 6105 6100 1224 1358 4052 6104
2020 198 190 6096 1113 4053 6105 6103 3816 6101 3640
2021 198 6096 190 212 6103 6105 4053 1352 1358 6104
3 74 11 18
2108 175 1113 198 153 1114 3816 1286 1112 3817 3267
2109 152 199 200 174 5891 1284 3813 1110 1285 3814
2110 199 151 152 200 3812 983 5891 1284 3813 1283
2111 151 199 152 150 3812 5891 983 981 2985 1281
2112 149 198 150 5892 1280 3811 979 5893 5894 5895
2113 149 150 985 5892 979 2984 2983 5893 5896 5894
2114 152 150 199 5892 2985 1281 5891 5898 5899 5894
2115 152 985 150 5892 987 2984 2985 5898 5894 5896
2116 198 199 150 5892 1282 1281 3811 5895 5894 5899
2117 199 174 152 5892 3814 1110 5891 5899 5898 5900
2118 174 985 152 5892 3266 987 1110 5900 5898 5896
2119 1113 174 199 5892 1115 3814 3815 5897 5899 5900
2120 1113 985 174 5892 3268 3266 1115 5897 5900 5896
2121 198 1113 199 5892 3816 3815 1282 5895 5899 5897
2122 153 985 5892 149 986 5896 5901 984 5893 2983
2123 153 5892 985 1113 5901 5896 986 3267 3268 5897
2124 198 153 5892 149 3817 5901 5895 1280 5893 984
2125 198 5892 153 1113 5895 5901 3817 3816 3267 5897
3 75 11 12
2146 985 106 125 153 2987 867 5361 986 2986 988
2147 124 985 152 774 5362 987 5363 2810 2989 2988
2148 124 108 774 152 2809 776 2810 5363 2989 982
2149 125 774 106 985 2808 775 867 5361 2987 2988
2150 153 125 985 149 2986 5361 986 984 2983 977
2151 985 124 152 150 5362 5363 987 2984 2985 978
2152 108 124 126 152 2809 865 866 982 2982 5363
2153 125 124 774 985 862 2810 2808 5361 2988 5362
2154 150 126 124 152 2981 865 978 2985 5363 2982
2155 126 150 151 152 2981 981 980 2982 983 2985
2156 124 149 985 125 2980 2983 5362 862 5361 977
2157 149 124 985 150 2980 5362 2983 979 2984 978
3 76 11 78
565 675 690 689 791 2413 693 2411 5262 2693 2694
566 101 2878 766 938 2882 5264 769 2923 2924 5265
567 676 85 691 2878 679 2408 2409 5266 5267 2880
568 109 691 2878 790 2690 5267 2883 792 5268 2692
569 938 2878 932 138 5265 5269 2918 2917 935 2886
570 689 111 233 791 2691 2903 5270 2693 5271 794
571 105 765 233 936 767 5272 2902 2925 5273 2926
572 92 89 689 233 697 2410 692 2901 5270 2899
573 142 105 233 936 925 2902 2904 939 5273 2925
574 233 142 936 141 2904 939 5273 2906 2919 924
575 689 111 92 233 2691 796 692 5270 2901 2903
576 2878 938 139 138 5265 942 2884 2886 911 2917
577 91 109 691 2878 781 2690 695 2881 5267 2883
578 691 85 91 2878 2408 688 695 5267 2881 2880
579 938 101 2878 139 2923 2882 5265 942 2884 912
580 2878 676 86 681 5266 2347 2879 5274 684 2348
581 766 2878 86 681 5264 2879 2640 2641 684 5274
582 2878 86 101 766 2879 744 2882 5264 769 2640
583 86 85 676 2878 661 679 2347 2879 5266 2880
584 790 2878 109 137 5268 2883 792 2907 909 2885
585 137 932 2878 138 2912 5269 2885 910 2886 935
586 680 89 90 233 2349 673 682 5275 2900 2899
587 765 766 681 937 768 2641 2644 2928 5276 2927
588 680 90 105 233 682 756 2642 5275 2902 2900
589 926 233 111 791 5277 2903 2908 2909 794 5271
590 141 233 140 926 2906 2905 923 2914 928 5277
591 140 233 111 926 2905 2903 922 928 2908 5277
592 680 105 765 233 2642 767 2643 5275 5272 2902
593 937 931 932 927 2921 934 2922 5263 2913 2916
594 766 937 938 932 2927 941 2924 5278 2918 2922
595 927 926 937 931 929 5279 5263 2916 2921 2915
596 926 680 937 765 5280 5281 5279 5282 2928 2643
597 681 680 937 675 683 5281 5276 2351 5260 2350
598 681 937 680 765 5276 5281 683 2644 2643 2928
599 2878 932 766 938 5269 5278 5264 5265 2924 2918
600 926 765 233 680 5282 5272 5277 5280 5275 2643
601 932 937 681 766 2922 5276 5283 5278 2641 2927
602 681 2878 932 766 5274 5269 5283 2641 5278 5264
603 675 89 233 689 677 2899 5284 2411 5270 2410
604 233 89 675 680 2899 677 5284 5275 2350 2349
605 233 791 675 689 5271 5262 5284 5270 2411 2693
606 937 931 765 936 2921 5285 2928 940 2926 2920
607 765 931 937 926 5285 2921 2928 5282 5279 2915
608 931 233 765 936 5286 5272 5285 2920 2926 5273
609 765 233 931 926 5272 5286 5285 5282 2915 5277
610 931 141 233 936 933 2906 5286 2920 5273 2919
611 233 141 931 926 2906 933 5286 5277 2915 2914
612 690 675 681 937 2413 2351 5287 5261 5276 5260
613 681 675 690 676 2351 2413 5287 2348 2412 678
614 675 937 926 680 5260 5279 5288 2350 5280 5281
615 675 233 926 791 5284 5277 5288 5262 2909 5271
616 926 233 675 680 5277 5284 5288 5280 2350 5275
617 690 791 675 5289 2694 5262 2413 5290 5291 5292
618 690 675 937 5289 2413 5260 5261 5290 5293 5291
619 926 675 791 5289 5288 5262 2909 5294 5292 5291
620 926 937 675 5289 5279 5260 5288 5294 5291 5293
621 927 926 791 5289 929 2909 2911 5295 5292 5294
622 927 937 926 5289 5263 5279 929 5295 5294 5293
623 681 676 690 5296 2348 2412 5287 5297 5298 5299
624 2878 676 681 5296 5266 2348 5274 5300 5297 5299
625 681 690 937 5296 5287 5261 5276 5297 5302 5298
626 932 681 937 5296 5283 5276 2922 5303 5302 5297
627 681 932 2878 5296 5283 5269 5274 5297 5300 5303
628 937 927 932 5296 5263 2913 2922 5302 5303 5304
629 927 2878 5296 790 5305 5300 5304 2910 5301 5268
630 927 5296 2878 932 5304 5300 5305 2913 5269 5303
631 927 137 2878 790 930 2885 5305 2910 5268 2907
632 927 2878 137 932 5305 2885 930 2913 2912 5269
633 690 937 5296 5289 5261 5302 5298 5290 5306 5293
634 927 5296 937 5289 5304 5302 5263 5295 5293 5306
635 5296 2878 691 790 5300 5267 5307 5301 2692 5268
636 5296 691 2878 676 5307 5267 5300 5299 5266 2409
637 5296 691 690 790 5307 694 5298 5301 2695 2692
638 5296 690 691 676 5298 694 5307 5299 2409 2412
639 790 5289 5296 927 5308 5306 5301 2910 5304 5295
640 790 5296 5289 690 5301 5306 5308 2695 5290 5298
641 790 791 5289 927 793 5292 5308 2910 5295 2911
642 790 5289 791 690 5308 5292 793 2695 2694 5290
3 77 11 90
832 2095 569 2094 2370 2130 2129 2116 5008 5009 5010
833 569 2094 2370 2364 2129 5009 5010 5011 2388 5012
834 2369 2096 569 2365 5013 2131 5014 2394 5015 5016
835 2364 2370 569 690 2388 5010 5011 2400 5017 2405
836 2096 2097 569 2365 2122 2126 2131 5016 5015 5018
837 2098 570 2099 2367 2132 2107 2110 5019 5020 5021
838 2093 2368 2669 568 5022 5023 5024 2106 5025 5026
839 2093 2366 2368 568 5027 2399 5022 2106 5026 5028
840 568 2366 2368 691 5028 2399 5026 5029 2378 2407
841 2370 2369 569 690 2391 5014 5010 2405 5017 2406
842 690 569 2364 791 5017 5011 2400 2694 5030 5031
843 2696 92 2371 689 2699 2373 5032 5033 2379 692
844 570 2696 689 791 5034 5033 5035 5036 2693 5037
845 2696 570 783 791 5034 2680 5038 5037 2687 5036
846 570 2367 2364 689 5021 2385 5039 5035 2401 2402
847 2366 568 2365 691 5028 5040 2397 2407 2403 5029
848 791 690 569 790 2694 5017 5031 793 5041 2695
849 2097 2366 568 2365 5042 5028 2127 5018 5040 2397
850 111 2696 783 791 2701 5038 2686 794 2687 5037
851 2696 111 689 791 2701 2691 5033 5037 2693 794
852 92 2696 111 689 2699 2701 796 692 2691 5033
853 783 2696 111 110 5038 2701 2686 786 795 2700
854 2371 2099 50 2696 5043 2101 2374 5032 2697 5044
855 2093 2669 64 568 5024 2671 2104 2106 571 5025
856 109 108 2669 785 780 2672 2674 2684 5045 789
857 791 569 784 790 5031 2681 2688 793 2689 5041
858 50 92 2371 2696 696 2373 2374 2697 5032 2699
859 570 569 784 791 573 2681 2683 5036 2688 5031
860 2097 2093 2366 458 2125 5027 5042 2120 2395 2124
861 459 685 47 548 2372 687 467 2100 549 2670
862 2696 783 67 110 5038 2679 2698 2700 782 786
863 568 2669 64 785 5025 2671 571 2678 2677 5045
864 689 2364 570 791 2401 5039 5035 2693 5036 5030
865 2364 689 690 791 2401 693 2400 5030 2694 2693
866 2669 108 64 785 2672 773 2671 5045 2677 789
867 784 569 568 790 2681 572 2682 2689 5046 5041
868 2367 2099 2098 453 5020 2110 5019 2380 2109 2103
869 458 2366 2097 2365 2395 5042 2120 2393 5018 2397
870 784 783 570 791 787 2680 2683 2688 5036 2687
871 568 2365 691 790 5040 2403 5029 5046 2692 5047
872 453 2098 2367 454 2109 5019 2380 461 2381 2108
873 2095 2094 455 2370 2116 2111 2115 5008 2386 5009
874 2093 2366 568 2097 5027 5028 2106 2125 2127 5042
875 2096 2369 457 2365 5013 2390 2117 5016 2392 2394
876 457 2097 2096 2365 2121 2122 2117 2392 5016 5018
877 50 2099 2371 453 2101 5043 2374 460 2375 2103
878 685 91 2669 2368 686 2675 2676 2376 5023 2377
879 690 691 2365 790 694 2403 2404 2695 5047 2692
880 2094 454 455 2364 2112 462 2111 5012 2384 2383
881 2367 2371 2099 453 2382 5043 5020 2380 2103 2375
882 790 568 784 785 5046 2682 2689 2685 788 2678
883 2099 67 50 2696 2102 576 2101 5044 2697 2698
884 2093 64 2669 548 2104 2671 5024 2105 2673 550
885 459 2366 2368 2093 2396 2399 2398 2123 5022 5027
886 2093 459 2366 458 2123 2396 5027 2124 2395 466
887 2370 2094 455 2364 5009 2111 2386 2388 2384 5012
888 456 2095 455 2370 2114 2115 463 2387 2386 5008
889 2369 456 2096 457 2389 2118 5013 2390 2117 464
890 457 458 2097 2365 465 2120 2121 2392 5018 2393
891 2099 2367 689 2371 5020 2402 5048 5043 2379 2382
892 689 2367 2099 570 2402 5020 5048 5035 2107 5021
893 689 2696 2099 2371 5033 5044 5048 2379 5043 5032
894 2099 2696 689 570 5044 5033 5048 2107 5035 5034
895 2669 691 568 2368 5049 5029 5025 5023 5026 2378
896 569 2364 570 2094 5011 5039 573 2129 2128 5012
897 570 2364 569 791 5039 5011 573 5036 5031 5030
898 691 2669 91 2368 5049 2675 695 2378 2377 5023
899 691 91 2669 109 695 2675 5049 2690 2674 781
900 456 2370 2096 2095 2387 5050 2118 2114 2119 5008
901 456 2096 2370 2369 2118 5050 2387 2389 2391 5013
902 569 2096 2370 2095 2131 5050 5010 2130 5008 2119
903 569 2370 2096 2369 5010 5050 2131 5014 5013 2391
904 569 2365 690 2369 5015 2404 5017 5014 2406 2394
905 569 690 2365 790 5017 2404 5015 5041 5047 2695
906 2365 569 568 2097 5015 572 5040 5018 2127 2126
907 568 569 2365 790 572 5015 5040 5046 5047 5041
908 454 2367 2094 2098 2381 5051 2112 2108 2113 5019
909 454 2094 2367 2364 2112 5051 2381 2383 2385 5012
910 570 2094 2367 2098 2128 5051 5021 2132 5019 2113
911 570 2367 2094 2364 5021 5051 2128 5039 5012 2385
912 570 2696 67 2099 5034 2698 574 2107 2102 5044
913 67 2696 570 783 2698 5034 574 2679 2680 5038
914 790 568 2669 691 5046 5025 5052 2692 5049 5029
915 2669 568 790 785 5025 5046 5052 5045 2685 2678
916 2669 109 790 691 2674 792 5052 5049 2692 2690
917 790 109 2669 785 792 2674 5052 2685 5045 2684
918 685 2669 2093 2368 2676 5024 5053 2376 5022 5023
919 2093 2669 685 548 5024 2676 5053 2105 2670 2673
920 2093 459 685 2368 2123 2372 5053 5022 2376 2398
921 685 459 2093 548 2372 2123 5053 2670 2105 2100
3 78 11 97
697 2370 309 1769 1773 4742 1790 4743 4744 1793 1792
698 309 2364 2370 1769 4745 2388 4742 1790 4743 4746
699 690 2364 2370 309 2400 2388 2405 4747 4742 4745
700 2368 1774 2357 308 4748 4749 4750 4751 4752 1779
701 2371 2367 689 310 2382 2402 2379 4753 4754 4755
702 690 2370 2369 309 2405 2391 2406 4747 4756 4742
703 690 2364 309 675 2400 4745 4747 2413 4757 4758
704 689 92 2371 2414 692 2373 2379 4759 4760 2419
705 2357 85 91 2368 2360 688 2363 4750 2377 4761
706 2367 2364 689 310 2385 2401 2402 4755 4754 4764
707 2414 89 12 260 2417 672 2415 4765 263 2342
708 676 690 309 675 2412 4747 4766 678 4757 2413
709 1774 2357 685 2368 4749 2362 4767 4748 2376 4750
710 2357 1774 18 308 4749 1778 2358 4752 311 1779
711 2368 85 91 691 4761 688 2377 2378 695 2408
712 89 92 689 2414 697 692 2410 2417 4759 2419
713 50 2371 2414 1776 2374 4760 2418 1781 4768 4769
714 2414 12 21 260 2415 307 2416 4765 1531 263
715 261 676 309 675 2346 4766 1536 2345 4757 678
716 261 309 310 675 1536 313 1534 2345 4770 4757
717 92 50 2371 2414 696 2374 2373 2419 4760 2418
718 2357 9 85 262 2359 660 2360 4763 2341 266
719 2368 685 1774 459 2376 4767 4748 2398 1783 2372
720 18 2357 308 262 2358 4752 311 1530 1532 4763
721 310 2364 689 675 4764 2401 4754 4770 2411 4758
722 685 47 1774 459 687 1777 4767 2372 1783 467
723 690 689 2364 675 693 2401 2400 2413 4758 2411
724 2357 18 9 262 2358 290 2359 4763 266 1530
725 676 309 308 261 4766 312 4762 2346 1535 1536
726 261 310 260 675 1534 1533 264 2345 2344 4770
727 2367 453 454 1775 2380 461 2381 4771 1801 1800
728 685 2357 91 2368 2362 2363 686 2376 2377 4750
729 1769 455 2370 1773 1803 2386 4743 1793 4744 1804
730 453 2371 50 1776 2375 2374 460 1784 1781 4769
731 1771 2366 459 458 4772 2396 1811 1810 466 2395
732 2365 691 690 676 2403 694 2404 4773 2412 2409
733 18 1774 2357 685 1778 4749 2358 2361 2362 4767
734 1774 18 47 685 1778 427 1777 4767 687 2361
735 454 455 2364 1769 462 2384 2383 1802 4746 1803
736 2414 21 50 1776 2416 452 2418 4768 1781 1780
737 261 308 676 262 1535 4762 2346 265 2343 1532
738 455 2370 2364 1769 2386 2388 2384 1803 4746 4743
739 457 2369 456 1772 2390 2389 464 1807 1806 4774
740 2365 457 458 1770 2392 465 2393 4775 1809 1808
741 455 456 2370 1773 463 2387 2386 1804 4744 1805
742 2371 310 1775 2367 4753 1798 4776 2382 4771 4755
743 1775 310 2371 1776 1798 4753 4776 1799 4769 1782
744 1775 453 2371 2367 1800 2375 4776 4771 2382 2380
745 2371 453 1775 1776 2375 1800 4776 4769 1799 1784
746 457 1772 2365 2369 1807 4777 2392 2390 2394 4774
747 457 2365 1772 1770 2392 4777 1807 1808 1794 4775
748 309 2365 1772 2369 4778 4777 1795 4756 4774 2394
749 309 1772 2365 1770 1795 4777 4778 1786 4775 1794
750 2364 309 310 1769 4745 313 4764 4746 1791 1790
751 2364 310 309 675 4764 313 4745 4758 4757 4770
752 308 1771 2368 1774 1787 4779 4751 1779 4748 1789
753 308 2368 1771 2366 4751 4779 1787 4780 4772 2399
754 459 2368 1771 1774 2398 4779 1811 1783 1789 4748
755 459 1771 2368 2366 1811 4779 2398 2396 2399 4772
756 456 1772 2370 1773 1806 4781 2387 1805 4744 1796
757 456 2370 1772 2369 2387 4781 1806 2389 4774 2391
758 309 2370 1772 1773 4742 4781 1795 1792 1796 4744
759 309 1772 2370 2369 1795 4781 4742 4756 2391 4774
760 2365 676 2366 691 4773 4782 2397 2403 2407 2409
761 2365 2366 676 308 2397 4782 4773 4783 4762 4780
762 2365 309 308 676 4778 312 4783 4773 4762 4766
763 308 309 2365 1770 312 4778 4783 1785 4775 1786
764 2365 309 690 2369 4778 4747 2404 2394 2406 4756
765 690 309 2365 676 4747 4778 2404 2412 4773 4766
766 2367 310 1769 2364 4755 1791 4784 2385 4746 4764
767 1769 310 2367 1775 1791 4755 4784 1797 4771 1798
768 1769 454 2367 2364 1802 2381 4784 4746 2385 2383
769 2367 454 1769 1775 2381 1802 4784 4771 1797 1801
770 308 1771 2365 2366 1787 4785 4783 4780 2397 4772
771 308 2365 1771 1770 4783 4785 1787 1785 1788 4775
772 458 2365 1771 2366 2393 4785 1810 2395 4772 2397
773 458 1771 2365 1770 1810 4785 2393 1809 4775 1788
774 2371 310 2414 1776 4753 4786 4760 4769 4768 1782
775 21 2414 310 1776 2416 4786 314 1780 1782 4768
776 21 310 2414 260 314 4786 2416 1531 4765 1533
777 2414 689 310 2371 4759 4754 4786 4760 4753 2379
778 675 310 2414 689 4770 4786 4787 2411 4759 4754
779 2414 310 675 260 4786 4770 4787 4765 2344 1533
780 2414 89 675 689 2417 677 4787 4759 2411 2410
781 675 89 2414 260 677 2417 4787 2344 4765 2342
782 676 85 262 4788 679 2341 2343 4789 4790 4791
783 262 85 2357 4788 2341 2360 4763 4790 4792 4791
784 2357 85 2368 4788 2360 4761 4750 4792 4793 4791
785 262 308 676 4788 1532 4762 2343 4790 4789 4794
786 2357 308 262 4788 4752 1532 4763 4792 4790 4794
787 2368 308 2357 4788 4751 4752 4750 4793 4792 4794
788 4788 691 2366 676 4795 2407 4796 4789 4782 2409
789 4788 2366 691 2368 4796 2407 4795 4793 2378 2399
790 4788 2366 308 676 4796 4780 4794 4789 4762 4782
791 4788 308 2366 2368 4794 4780 4796 4793 2399 4751
792 85 691 4788 676 2408 4795 4791 679 4789 2409
793 85 4788 691 2368 4791 4795 2408 4761 2378 4793
3 79 11 36
382 401 2314 254 681 4726 4727 1626 2355 4728 4729
383 676 254 2314 681 4730 4727 4731 2348 4729 4728
384 2335 90 42 680 2340 674 2338 4732 2353 682
385 676 254 262 2314 4730 1469 2343 4731 4733 4727
386 401 86 2314 681 2352 2319 4726 2355 4729 684
387 262 85 676 2314 2341 679 2343 4733 4731 2318
388 2335 255 260 675 4734 1471 4735 4736 2344 4737
389 260 89 12 2335 2342 672 263 4735 2337 2339
390 254 40 7 2314 1623 398 256 4727 2315 2317
391 675 2335 255 680 4736 4734 4737 2350 4738 4732
392 260 89 2335 675 2342 2339 4735 2344 4736 677
393 2314 40 86 401 2317 662 2319 4726 2352 404
394 2314 86 676 681 2319 2347 4731 4729 2348 684
395 85 86 676 2314 661 2347 679 2318 4731 2319
396 2314 254 40 401 4727 1623 2317 4726 404 1626
397 42 400 2335 680 402 4739 2338 2353 4732 2354
398 2335 400 255 680 4739 1625 4734 4732 4738 2354
399 11 42 400 2335 405 402 1624 2336 4739 2338
400 400 255 11 2335 1625 258 1624 4739 2336 4734
401 681 675 255 680 2351 4737 4740 683 4738 2350
402 2335 89 90 680 2339 673 2340 4732 682 2349
403 89 2335 675 680 2339 4736 677 2349 2350 4732
404 262 254 7 2314 1469 256 1468 4733 2315 4727
405 9 85 262 2314 660 2341 266 2316 4733 2318
406 12 11 260 2335 259 1470 263 2337 4735 2336
407 681 255 400 680 4740 1625 2356 683 2354 4738
408 255 260 11 2335 1471 1470 258 4734 2336 4735
409 401 254 255 681 1626 257 1627 2355 4740 4728
410 400 401 255 681 403 1627 1625 2356 4740 2355
411 262 7 9 2314 1468 248 266 4733 2316 2315
412 255 261 260 675 1472 264 1471 4737 2344 2345
413 254 261 676 262 1473 2346 4730 1469 2343 265
414 675 676 255 261 678 4741 4737 2345 1472 2346
415 675 255 676 681 4737 4741 678 2351 2348 4740
416 254 255 676 261 257 4741 4730 1473 2346 1472
417 254 676 255 681 4730 4741 257 4728 4740 2348
3 80 11 36
251 599 2607 401 681 4954 4955 2152 4956 2355 4957
252 2607 599 766 681 4954 4958 4959 4957 2641 4956
253 42 90 2628 680 674 2631 2630 2353 4960 682
254 766 599 2607 760 4958 4954 4959 2646 4961 2635
255 104 105 758 2628 757 2647 761 2632 4962 2633
256 401 2607 86 681 4955 2610 2352 2355 684 4957
257 2628 758 600 765 4962 2637 4963 4964 4965 2648
258 2607 40 71 599 2609 587 2608 4954 601 2151
259 766 2607 101 760 4959 2612 769 2646 2645 4961
260 2628 105 758 765 2633 2647 4962 4964 2648 767
261 2607 86 40 401 2610 662 2609 4955 404 2352
262 600 2628 765 680 4963 4964 4965 4966 2643 4960
263 766 86 2607 681 2640 2610 4959 2641 4957 684
264 101 86 2607 766 744 2610 2612 769 4959 2640
265 400 42 2628 680 402 2630 4967 2354 4960 2353
266 599 2607 40 401 4954 2609 2151 2152 404 4955
267 2628 600 400 680 4963 2154 4967 4960 2354 4966
268 2628 74 42 400 2629 597 2630 4967 402 2153
269 2628 600 74 400 4963 603 2629 4967 2153 2154
270 600 765 681 680 4965 2644 4968 4966 683 2643
271 71 2607 599 760 2608 4954 601 2634 2635 4961
272 2628 90 105 680 2631 756 2633 4960 2642 682
273 765 2628 105 680 4964 2633 767 2643 2642 4960
274 758 74 104 2628 2636 755 761 4962 2632 2629
275 2607 100 101 760 2611 745 2612 4961 2645 764
276 681 400 600 680 2356 2154 4968 683 4966 2354
277 758 600 74 2628 2637 603 2636 4962 2629 4963
278 600 401 400 681 2155 403 2154 4968 2356 2355
279 600 599 401 681 602 2152 2155 4968 2355 4956
280 2607 71 100 760 2608 743 2611 4961 764 2634
281 765 758 600 759 2648 2637 4965 2649 2638 762
282 599 766 759 760 4958 2650 2639 2635 763 2646
283 765 766 600 681 768 4969 4965 2644 4968 2641
284 765 600 766 759 4965 4969 768 2649 2650 2638
285 599 600 766 681 602 4969 4958 4956 2641 4968
286 599 766 600 759 4958 4969 602 2639 2638 2650
3 81 11 95
287 3199 3232 3156 999 5444 5445 5446 3202 5447 5448
288 3152 3156 936 999 3169 3162 3167 5453 5454 5447
289 936 3156 3232 999 3162 5445 5455 5454 5448 5447
290 142 936 3156 3232 939 3162 3161 3236 5445 5455
291 3154 3155 937 998 3176 3173 3174 5459 5460 5461
292 3199 156 3232 999 3200 3235 5444 3202 5448 1003
293 3155 3154 3196 998 3176 5462 5463 5461 3215 5459
294 3142 139 101 3153 3146 912 3144 5451 5465 3158
295 3232 765 936 999 5466 2926 5455 5448 5454 5456
296 3232 758 765 999 5468 2648 5466 5448 5456 3007
297 758 105 104 3232 2647 757 761 5468 3233 3234
298 3149 3152 936 999 3168 3167 3165 5457 5454 5453
299 998 3154 3196 3194 5459 5462 3215 3209 3217 5471
300 105 758 765 3232 2647 2648 767 3234 5466 5468
301 3153 3197 3142 1063 5452 5449 5451 3159 3147 5472
302 3155 3196 3193 998 5463 3216 5473 5461 3213 3215
303 938 101 139 3153 2923 912 942 3157 3158 5465
304 936 105 765 3232 2925 767 2926 5455 5466 3234
305 936 142 105 3232 939 925 2925 5455 3234 3236
306 765 766 937 998 768 2927 2928 5467 5460 5474
307 3232 104 758 156 3233 761 5468 3235 3006 1007
308 3232 3156 171 3199 5445 3160 3237 5444 3201 5446
309 100 101 760 3142 745 2645 764 3143 5470 3144
310 142 3156 171 3232 3161 3160 1076 3236 3237 5445
311 1063 3153 3197 1083 3159 5452 5472 3163 3206 3180
312 758 3232 156 999 5468 3235 3006 3007 1003 5448
313 765 766 998 759 768 5474 5467 2649 3011 2650
314 998 999 765 759 1002 5456 5467 3011 2649 3009
315 170 1063 3197 1083 1065 5472 3203 1091 3206 3163
316 157 100 760 3142 1008 764 3005 3145 5470 3143
317 3196 3154 1081 3194 5462 3187 3227 3217 3228 5471
318 997 998 766 760 1001 5474 5469 3008 2646 3010
319 999 758 765 759 3007 2648 5456 3009 2649 762
320 759 766 998 760 2650 5474 3011 763 3010 2646
321 3149 1079 1078 3193 3183 1086 3184 5458 3223 3224
322 3196 1079 3155 3193 3225 3186 5463 3216 5473 3224
323 3153 3142 139 1063 5451 3146 3158 3159 1064 3147
324 1077 3152 1078 3198 3182 3181 1085 3221 3222 5477
325 1077 171 3156 3199 1084 3160 3164 3207 5446 3201
326 1082 3195 3151 1083 3230 5478 3192 1090 3191 3231
327 938 937 766 3150 941 2927 2924 3171 5464 3170
328 3142 3197 157 1063 5449 3204 3145 3147 3148 5472
329 3155 1080 1079 3196 3185 1087 3186 5463 3225 3226
330 170 157 3197 1063 1075 3204 3203 1065 5472 3148
331 156 3232 171 3199 3235 3237 1092 3200 3201 5444
332 1080 3154 1081 3196 3188 3187 1088 3226 3227 5462
333 3150 1081 3154 3194 3190 3187 3175 5475 5471 3228
334 3149 3155 1079 3193 3172 3186 3183 5458 3224 5473
335 3150 1082 1081 3194 3189 1089 3190 5475 3228 3229
336 1080 3155 3154 3196 3185 3176 3188 3226 5462 5463
337 999 3156 3198 3152 5447 5479 3219 5453 5477 3169
338 999 3198 3156 3199 3219 5479 5447 3202 5446 3220
339 1077 3198 3156 3152 3221 5479 3164 3182 3169 5477
340 1077 3156 3198 3199 3164 5479 3221 3207 3220 5446
341 3193 3155 937 3149 5473 3173 5480 5458 3166 3172
342 937 3155 3193 998 3173 5473 5480 5460 3213 5461
343 101 766 3153 938 769 5481 5465 2923 3157 2924
344 3195 997 3153 3197 3210 5450 5482 3212 5452 3205
345 3153 997 3195 3151 5450 3210 5482 3179 5478 5483
346 3153 1083 3195 3197 3180 3231 5482 5452 3212 3206
347 3195 1083 3153 3151 3231 3180 5482 5478 3179 3191
348 3153 3151 766 997 3179 5484 5481 5450 5469 5483
349 3153 766 3151 938 5481 5484 3179 3157 3178 2924
350 3150 766 3151 997 5464 5484 3177 5476 5483 5469
351 3150 3151 766 938 3177 5484 5464 3171 2924 3178
352 997 3195 3150 3194 3210 5485 5476 3208 5475 3211
353 997 3150 3195 3151 5476 5485 3210 5483 5478 3177
354 1082 3150 3195 3194 3189 5485 3230 3229 3211 5475
355 1082 3195 3150 3151 3230 5485 3189 3192 3177 5478
356 3150 997 998 766 5476 1001 5486 5464 5474 5469
357 3150 998 997 3194 5486 1001 5476 5475 3208 3209
358 3150 3154 998 3194 3175 5459 5486 5475 3209 5471
359 999 937 3149 3193 5487 3166 5457 3214 5458 5480
360 999 937 998 765 5487 5460 1002 5456 5467 2928
361 999 998 937 3193 1002 5460 5487 3214 5480 3213
362 937 3150 998 766 3170 5486 5460 2927 5474 5464
363 937 998 3150 3154 5460 5486 3170 3174 3175 5459
364 3198 3149 1078 3193 5488 3184 3222 3218 3223 5458
365 3198 1078 3149 3152 3222 3184 5488 5477 3168 3181
366 999 3149 3198 3193 5457 5488 3219 3214 3218 5458
367 999 3198 3149 3152 3219 5488 5457 5453 3168 5477
368 760 101 766 5489 2645 769 2646 5490 5491 5492
369 760 3142 101 5489 5470 3144 2645 5490 5492 5493
370 101 3153 766 5489 5465 5481 769 5492 5491 5494
371 3142 3153 101 5489 5451 5465 3144 5493 5492 5494
372 760 997 157 5489 3008 1000 3005 5490 5495 5496
373 760 157 3142 5489 3005 3145 5470 5490 5493 5495
374 157 997 3197 5489 1000 3205 3204 5495 5497 5496
375 157 3197 3142 5489 3204 5449 3145 5495 5493 5497
376 760 766 997 5489 2646 5469 3008 5490 5496 5491
377 997 766 3153 5489 5469 5481 5450 5496 5494 5491
378 997 3153 3197 5489 5450 5452 3205 5496 5497 5494
379 3153 3142 3197 5489 5451 5449 5452 5494 5497 5493
380 999 937 936 3149 5487 940 5454 5457 3165 3166
381 999 936 937 765 5454 940 5487 5456 2928 2926
3 82 11 90
418 1213 3587 3155 3588 3622 5701 5702 3623 5703 3609
419 3155 3149 3587 1213 3172 5704 5701 5702 3622 5705
420 1213 3154 3150 3589 5706 3175 5707 3624 5708 5709
421 3150 3590 1213 3589 5710 3619 5707 5708 3624 3615
422 3149 3155 937 1213 3172 3173 3166 5705 5711 5702
423 3586 3565 3153 1212 5712 5713 5714 3599 5715 5716
424 3586 3153 3151 1212 5714 3179 5717 3599 5718 5715
425 936 3156 3152 1214 3162 3169 3167 5719 5720 5721
426 3153 938 3151 1212 3157 3178 3179 5715 5718 5722
427 937 3155 3154 1213 3173 3176 3174 5711 5706 5702
428 3149 937 931 1213 3166 2921 5723 5705 5724 5711
429 142 936 3626 3156 939 5725 3627 3161 5726 3162
430 936 3152 3149 1214 3167 3168 3165 5719 5727 5720
431 938 3150 3151 1212 3171 3177 3178 5722 5718 5728
432 3590 3151 3150 1212 5729 3177 5710 3620 5728 5718
433 1213 937 931 932 5711 2921 5724 5730 934 2922
434 1204 141 3626 187 3575 3628 5731 1207 3629 1203
435 142 936 141 3626 939 2919 924 3627 3628 5725
436 171 3156 3626 3592 3160 5726 3630 3594 5732 5733
437 1206 3565 138 185 5734 3567 3573 1210 1190 3568
438 186 3565 3586 1212 3571 5712 3597 1215 3599 5716
439 1205 1213 931 932 3585 5724 3577 3578 934 5730
440 3156 3626 142 171 5726 3627 3161 3160 1076 3630
441 3586 3151 1082 3590 5717 3192 3617 3618 3613 5729
442 1214 1213 931 1205 1217 5724 5735 3583 3577 3585
443 1083 170 1063 1200 1091 1065 3163 3593 3570 1202
444 3626 188 1204 187 3631 3581 5731 3629 1207 1211
445 186 3565 1212 1206 3571 5716 1215 3579 3580 5734
446 3149 931 936 1214 5723 2920 3165 5727 5719 5735
447 936 937 931 3149 940 2921 2920 3165 5723 3166
448 186 3565 1206 185 3571 5734 3579 1194 1210 3568
449 1212 1213 1205 932 1216 3585 3584 5736 3578 5730
450 3151 3150 1082 3590 3177 3189 3192 5729 3613 5710
451 1212 938 3150 932 5722 3171 5728 5736 5737 2918
452 1204 1214 931 1205 3582 5735 3576 1208 3577 3583
453 1078 3152 1077 3591 3181 3182 1085 3601 3602 5738
454 3587 1079 3155 3588 3604 3186 5701 3609 5703 3608
455 3590 3586 3151 1212 3618 5717 5729 3620 5718 3599
456 3154 1081 3150 3589 3187 3190 3175 5709 5708 3610
457 3590 3150 1081 3589 5710 3190 3614 3615 3610 5708
458 3156 171 1077 3592 3160 1084 3164 5733 3596 3594
459 139 3153 1063 3565 3158 3159 1064 3566 3569 5713
460 932 1205 1212 1206 3578 3584 5736 3574 3580 1209
461 938 937 3150 932 941 3170 3171 2918 5737 2922
462 1078 1079 3149 3587 1086 3183 3184 3605 5704 3604
463 3626 171 3592 188 3630 3594 5732 3631 3595 1219
464 1200 3565 3586 186 3572 5712 3598 1201 3597 3571
465 1083 3153 3151 3586 3180 3179 3191 3616 5717 5714
466 1083 3151 1082 3586 3191 3192 1090 3616 3617 5717
467 1079 3155 3149 3587 3186 3172 3183 3604 5704 5701
468 1079 1080 3155 3588 1087 3185 3186 3608 5703 3607
469 1081 3154 1080 3589 3187 3188 1088 3610 3611 5709
470 1081 1082 3150 3590 1089 3189 3190 3614 5710 3613
471 1214 3156 3591 3592 5721 5739 3625 3600 3603 5733
472 1214 3591 3156 3152 3625 5739 5721 5720 3169 5738
473 1077 3591 3156 3592 3602 5739 3164 3596 5733 3603
474 1077 3156 3591 3152 3164 5739 3602 3182 5738 3169
475 938 3565 1212 3153 5740 5716 5722 3157 5715 5713
476 3149 1213 1214 3587 5705 1217 5727 5704 3621 3622
477 1214 1213 3149 931 1217 5705 5727 5735 5723 5724
478 3565 938 139 3153 5740 942 3566 5713 3158 3157
479 139 938 3565 138 942 5740 3566 911 3567 2917
480 3155 1213 3589 3154 5702 3624 5741 3176 5709 5706
481 3589 1213 3155 3588 3624 5702 5741 3612 5703 3623
482 3589 1080 3155 3154 3611 3185 5741 5709 3176 3188
483 3155 1080 3589 3588 3185 3611 5741 5703 3612 3607
484 3150 1213 937 3154 5707 5711 3170 3175 3174 5706
485 3150 937 1213 932 3170 5711 5707 5737 5730 2922
486 1213 3150 1212 3590 5707 5728 1216 3619 3620 5710
487 1213 1212 3150 932 1216 5728 5707 5730 5737 5736
488 1214 3152 3587 3591 5720 5742 3621 3625 3606 5738
489 1214 3587 3152 3149 3621 5742 5720 5727 3168 5704
490 1078 3587 3152 3591 3605 5742 3181 3601 5738 3606
491 1078 3152 3587 3149 3181 5742 3605 3184 5704 3168
492 1212 932 3565 938 5736 5743 5716 5722 5740 2918
493 1212 3565 932 1206 5716 5743 5736 3580 3574 5734
494 138 3565 932 938 3567 5743 935 2917 2918 5740
495 138 932 3565 1206 935 5743 3567 3573 5734 3574
496 3565 1063 3586 3153 3569 5744 5712 5713 5714 3159
497 3565 3586 1063 1200 5712 5744 3569 3572 3570 3598
498 1083 3586 1063 3153 3616 5744 3163 3180 3159 5714
499 1083 1063 3586 1200 3163 5744 3616 3593 3598 3570
500 3156 1214 3626 3592 5721 5745 5726 5733 5732 3600
501 188 3626 1214 3592 3631 5745 1218 3595 3600 5732
502 188 1214 3626 1204 1218 5745 3631 3581 5731 3582
503 3626 936 1214 3156 5725 5719 5745 5726 5721 3162
504 931 1214 3626 936 5735 5745 5746 2920 5725 5719
505 3626 1214 931 1204 5745 5735 5746 5731 3576 3582
506 3626 141 931 936 3628 933 5746 5725 2920 2919
507 931 141 3626 1204 933 3628 5746 3576 5731 3575
3 83 11 38
794 927 932 3632 1229 2913 5758 5759 5760 5761 5762
795 926 140 3650 176 928 3652 5763 3292 3653 1118
796 1229 932 3632 1206 5762 5758 5761 3665 5764 3574
797 932 138 3632 1206 935 3633 5758 3574 5764 3573
798 1204 931 141 3650 3576 933 3575 5765 3651 5766
799 931 1204 1231 3650 3576 3664 5767 5766 5768 5765
800 3650 1231 926 176 5768 5769 5763 3653 3292 3658
801 927 932 137 3632 2913 2912 930 5759 3634 5758
802 138 137 932 3632 910 2912 935 3633 5758 3634
803 3650 1231 931 926 5768 5767 5766 5763 2915 5769
804 187 1204 141 3650 1207 3575 1203 3654 3651 5765
805 3650 931 141 926 5766 933 3651 5763 2914 2915
806 140 3650 141 926 3652 3651 923 928 2914 5763
807 138 3632 1206 185 3633 5764 3573 1190 1210 3636
808 927 931 1230 926 2916 5770 5771 929 5772 2915
809 1204 187 1231 3650 1207 3663 3664 5765 5768 3654
810 191 1231 187 3650 1235 3663 1228 3655 3654 5768
811 1230 927 926 1119 5771 929 5772 3661 3293 3294
812 3632 174 1229 189 3635 3656 5761 3637 1232 1220
813 189 1229 3632 1206 1232 5761 3637 3662 5764 3665
814 1206 3632 189 185 5764 3637 3662 1210 1221 3636
815 1119 926 1231 176 3293 5769 3659 1121 3658 3292
816 931 1230 932 927 5770 5773 934 2916 2913 5771
817 1231 1230 931 926 1234 5770 5767 5769 2915 5772
818 1230 1205 931 932 3666 3577 5770 5773 934 3578
819 3650 191 1231 176 3655 1235 5768 3653 3658 1227
820 931 1204 1230 1231 3576 3667 5770 5767 1234 3664
821 931 1204 1205 1230 3576 1208 3577 5770 3666 3667
822 927 1230 1120 1119 5771 3660 3291 3294 1122 3661
823 926 1231 1230 1119 5769 1234 5772 3293 3661 3659
824 932 1230 1205 1229 5773 3666 3578 5762 3668 1233
825 1205 932 1229 1206 3578 5762 3668 1209 3665 3574
826 1230 932 927 1229 5773 2913 5771 1233 5760 5762
827 1120 1230 927 1229 3660 5771 3291 3657 5760 1233
828 3632 927 1120 137 5759 3291 5774 3634 3290 930
829 1120 927 3632 1229 3291 5759 5774 3657 5761 5760
830 1120 174 3632 137 1123 3635 5774 3290 3634 1111
831 3632 174 1120 1229 3635 1123 5774 5761 3657 3656
3 84 11 38
922 927 790 1103 3260 2910 5526 5527 5528 5529 5530
923 140 926 3278 176 928 5531 3282 1118 3283 3292
924 790 785 1103 3260 2685 3249 5526 5530 5529 5532
925 785 790 109 3260 2685 792 2684 5532 3261 5530
926 783 111 791 3278 2686 794 2687 5533 5534 3279
927 3278 791 783 1105 5534 2687 5533 5535 3248 5536
928 176 926 3278 1105 3292 5531 3283 3285 5535 5537
929 927 790 3260 137 2910 5530 5528 930 3264 2907
930 3260 790 109 137 5530 792 3261 3264 909 2907
931 926 791 3278 1105 2909 5534 5531 5537 5535 5536
932 3278 783 111 110 5533 2686 3279 3280 795 786
933 791 111 926 3278 794 2908 2909 5534 5531 3279
934 926 111 140 3278 2908 922 928 5531 3282 3279
935 109 108 785 3260 780 789 2684 3261 5532 3262
936 791 926 927 1104 2909 929 2911 5538 5539 5540
937 3278 173 1105 110 3281 1109 5535 3280 3247 1101
938 1105 783 3278 110 3248 5533 5535 3247 3280 786
939 1119 927 926 1104 3294 929 3293 3289 5540 5539
940 174 1103 152 3260 3284 1106 1110 3265 3263 5529
941 785 152 1103 3260 3246 1106 3249 5532 5529 3263
942 176 1119 926 1105 1121 3293 3292 3285 5537 3287
943 1105 926 791 1104 5537 2909 5536 1108 5538 5540
944 152 785 108 3260 3246 789 982 3263 3262 5532
945 790 791 927 1104 793 2911 2910 5541 5539 5538
946 784 791 790 1104 2688 793 2689 3250 5541 5538
947 173 176 3278 1105 1117 3283 3281 1109 5535 3285
948 1105 791 783 1104 5536 2687 3248 1108 3251 5538
949 791 784 783 1104 2688 787 2687 5538 3251 3250
950 1119 1120 927 1104 1122 3291 3294 3289 5539 3288
951 1105 1119 926 1104 3287 3293 5537 1108 5540 3289
952 1104 790 784 1103 5541 2689 3250 1107 3252 5526
953 785 784 790 1103 788 2689 2685 3249 5526 3252
954 1104 927 790 1103 5539 2910 5541 1107 5526 5527
955 1104 1120 927 1103 3288 3291 5539 1107 5527 3286
956 174 3260 1120 1103 3265 5542 1123 3284 3286 5529
957 174 1120 3260 137 1123 5542 3265 1111 3264 3290
958 927 1120 3260 1103 3291 5542 5528 5527 5529 3286
959 927 3260 1120 137 5528 5542 3291 930 3290 3264
3 85 11 30
1176 569 784 561 570 2681 5184 2084 573 2083 2683
1177 110 783 67 127 786 2679 782 875 2826 2813
1178 126 64 108 785 2807 773 866 2812 789 2677
1179 66 67 783 127 567 2679 5185 876 2813 2826
1180 868 66 783 127 2821 5185 2815 871 2813 876
1181 784 783 869 570 787 2817 2816 2683 5186 2680
1182 66 67 562 783 567 2080 566 5185 5187 2679
1183 784 869 561 570 2816 2823 5184 2683 2083 5186
1184 783 67 562 570 2679 2080 5187 2680 2081 574
1185 783 562 66 868 5187 566 5185 2815 2821 2822
1186 562 561 869 570 565 2823 2825 2081 5186 2083
1187 561 568 784 569 2082 2682 5184 2084 2681 572
1188 869 783 562 570 2817 5187 2825 5186 2081 2680
1189 869 562 783 868 2825 5187 2817 872 2815 2822
1190 64 63 560 5188 547 563 2078 5189 5190 5191
1191 870 560 63 5188 2820 563 2819 5193 5191 5190
1192 64 560 568 5188 2078 2079 571 5189 5194 5190
1193 64 568 785 5188 571 2678 2677 5189 5192 5194
1194 560 870 869 5188 2820 873 2824 5190 5195 5193
1195 784 785 568 5188 788 2678 2682 5196 5194 5192
1196 784 870 785 5188 2818 2814 788 5196 5192 5193
1197 869 870 784 5188 873 2818 2816 5195 5196 5193
1198 126 870 5188 785 874 5193 5197 2812 5192 2814
1199 126 5188 870 63 5197 5193 874 864 2819 5191
1200 64 126 5188 785 2807 5197 5189 2677 5192 2812
1201 64 5188 126 63 5189 5197 2807 547 864 5191
1202 5188 784 561 568 5196 5184 5198 5194 2082 2682
1203 5188 561 784 869 5198 5184 5196 5195 2816 2823
1204 5188 561 560 568 5198 564 5190 5194 2079 2082
1205 5188 560 561 869 5190 564 5198 5195 2823 2824
3 86 11 74
1072 561 1734 2097 2096 4561 4562 4563 4564 2122 4565
1073 1733 561 2094 2095 4566 4567 4568 4569 2116 4570
1074 2098 562 1731 2099 4571 4572 4573 2110 4574 4575
1075 562 1731 1729 2098 4572 1756 4576 4571 4577 4573
1076 2094 562 1729 2098 4578 4576 4579 2113 4577 4571
1077 561 1734 1730 2097 4561 1753 4580 4563 4581 4562
1078 561 1729 1733 2094 4582 1750 4566 4567 4568 4579
1079 562 1735 1731 2099 4583 1757 4572 4575 4574 4584
1080 2096 569 561 2095 2131 2084 4564 2119 4570 2130
1081 2097 569 561 2096 2126 2084 4563 2122 4564 2131
1082 2098 1731 1729 454 4573 1756 4577 2108 1761 1758
1083 569 2094 561 2095 2129 4567 2084 2130 4570 2116
1084 1732 2093 2014 560 4585 4586 4587 4588 4589 4590
1085 1729 2094 2098 454 4579 2113 4577 1761 2108 2112
1086 445 1734 1730 561 1752 1753 1745 2089 4580 4561
1087 2093 1732 1730 560 4585 1747 4591 4590 4592 4588
1088 2098 2094 562 570 2113 4578 4571 2132 2081 2128
1089 445 1729 1733 561 1749 1750 1751 2089 4566 4582
1090 1734 445 1733 561 1752 1751 1754 4561 4566 2089
1091 561 562 1729 2094 565 4576 4582 4567 4579 4578
1092 2093 64 2014 560 2104 2019 4586 4590 4589 2078
1093 562 2098 570 2099 4571 2132 2081 4575 2107 2110
1094 1730 560 561 2097 4592 564 4580 4581 4563 4593
1095 444 1732 46 560 1738 1736 447 2086 2085 4588
1096 446 1729 445 561 1748 1749 449 2091 2089 4582
1097 1731 2098 2099 453 4573 2110 4574 1759 2103 2109
1098 1733 2096 2095 456 4594 2119 4569 1762 2114 2118
1099 2093 2014 459 1732 4586 4595 2123 4585 1744 4587
1100 1732 2014 459 424 4587 4595 1744 1737 1739 2017
1101 2097 1730 2093 458 4581 4591 2125 2120 2124 1766
1102 568 569 561 2097 572 2084 2082 2127 4563 2126
1103 1731 446 1735 562 1755 1742 1757 4572 4583 2088
1104 459 2014 548 424 4595 2020 2100 1739 2018 2017
1105 49 67 50 1735 2092 576 451 1741 1740 4596
1106 459 2014 2093 548 4595 4586 2123 2100 2105 2020
1107 2095 2094 1733 455 2116 4568 4569 2115 1763 2111
1108 1735 67 50 2099 4596 576 1740 4584 2101 2102
1109 569 561 2094 570 2084 4567 2129 573 2128 2083
1110 548 47 459 424 549 467 2100 2018 1739 425
1111 445 1730 444 561 1745 1746 448 2089 2090 4580
1112 1735 446 49 562 1742 450 1741 4583 2087 2088
1113 446 1731 1729 562 1755 1756 1748 2088 4576 4572
1114 570 67 562 2099 574 2080 2081 2107 4575 2102
1115 2099 1735 1731 453 4584 1757 4574 2103 1759 1743
1116 1734 2097 2096 457 4562 2122 4565 1764 2117 2121
1117 1729 446 562 561 1748 2088 4576 4582 565 2091
1118 560 2093 64 568 4590 2104 2078 2079 571 2106
1119 2094 1729 1733 455 4579 1750 4568 2111 1763 1760
1120 2096 1733 1734 456 4594 1754 4565 2118 1765 1762
1121 560 444 1730 561 2086 1746 4592 564 4580 2090
1122 459 2093 1732 1730 2123 4585 1744 1768 1747 4591
1123 444 1730 1732 560 1746 1747 1738 2086 4588 4592
1124 459 2093 1730 458 2123 4591 1768 466 1766 2124
1125 64 63 2014 560 547 2016 2019 2078 4589 563
1126 561 562 2094 570 565 4578 4567 2083 2128 2081
1127 568 561 560 2097 2082 564 2079 2127 4593 4563
1128 1729 2094 454 455 4579 2112 1761 1760 462 2111
1129 2097 1734 1730 457 4562 1753 4581 2121 1767 1764
1130 1731 2098 453 454 4573 2109 1759 1758 461 2108
1131 2093 2014 64 548 4586 2019 2104 2105 550 2020
1132 2099 50 1735 453 2101 1740 4584 2103 1743 460
1133 46 2014 1732 424 2015 4587 1736 426 1737 2017
1134 455 1733 2095 456 1763 4569 2115 463 2114 1762
1135 458 2097 1730 457 2120 4581 1766 465 1767 2121
1136 456 1734 2096 457 1765 4565 2118 464 2117 1764
1137 561 2096 1733 1734 4564 4594 4566 4561 1754 4565
1138 561 1733 2096 2095 4566 4594 4564 4570 2119 4569
1139 2014 46 560 63 2015 2085 4589 2016 563 545
1140 560 46 2014 1732 2085 2015 4589 4588 4587 1736
1141 2097 2093 560 568 2125 4590 4593 2127 2079 2106
1142 2097 560 2093 1730 4593 4590 2125 4581 4591 4592
1143 562 67 1735 2099 2080 4596 4583 4575 4584 2102
1144 562 49 67 66 2087 2092 2080 566 567 575
1145 562 67 49 1735 2080 2092 2087 4583 1741 4596
3 87 11 76
960 1773 1769 1733 300 1793 4372 4373 4374 4375 4376
961 1731 1729 1775 301 1756 4377 4378 4379 4380 4381
962 1775 1776 1731 301 1799 4382 4378 4380 4379 4383
963 1775 1729 1769 301 4377 4384 1797 4380 4385 4381
964 1771 1774 299 1732 1789 4386 4387 4388 4389 4390
965 1770 1734 1730 300 4369 1753 4391 4370 4392 4371
966 1729 1733 1769 300 1750 4372 4384 4393 4376 4375
967 1776 1735 1731 301 4394 1757 4382 4383 4379 4395
968 1651 299 1774 1732 4396 4386 4397 4398 4390 4389
969 299 1771 1732 1730 4387 4388 4389 4399 1747 4400
970 454 1731 1729 1775 1758 1756 1761 1801 4377 4378
971 309 1769 1773 300 1790 1793 1792 1529 4374 4376
972 1775 1729 454 1769 4377 1761 1801 1797 1802 4384
973 1730 1734 445 300 1753 1752 1745 4392 1727 4371
974 1769 310 1775 301 1791 1798 1797 4385 4380 1526
975 1733 1729 445 300 1750 1749 1751 4375 1727 4393
976 300 1769 1729 301 4376 4384 4393 304 4381 4385
977 1733 445 1734 300 1751 1752 1754 4375 4371 1727
978 459 1774 1771 1732 1783 1789 1811 1744 4388 4390
979 1770 1730 299 300 4391 4399 4401 4370 303 4392
980 1771 299 1774 308 4387 4386 1789 1787 1779 1524
981 1776 1775 310 301 1799 1798 1782 4383 1526 4380
982 1776 1731 453 1775 4382 1759 1784 1799 1800 4378
983 445 1729 446 300 1749 1748 449 1727 1726 4393
984 309 1770 308 300 1786 1785 312 1529 1527 4370
985 46 299 1732 444 1721 4389 1736 447 1738 1723
986 49 50 21 1735 451 452 1728 1741 4402 1740
987 1735 50 21 1776 1740 452 4402 4394 1780 1781
988 1735 446 1731 301 1742 1755 1757 4395 4379 1724
989 1769 309 310 300 1790 313 1791 4376 1528 1529
990 1729 1731 446 301 1756 1755 1748 4381 1724 4379
991 1769 1733 455 1773 4372 1763 1803 1793 1804 4373
992 445 444 1730 300 448 1746 1745 1727 4392 1725
993 49 446 1735 301 450 1742 1741 1722 4395 1724
994 21 1776 310 301 1780 1782 314 1525 1526 4383
995 1732 459 1774 424 1744 1783 4390 1737 4403 1739
996 299 18 1774 308 1523 1778 4386 1524 1779 311
997 453 1735 1731 1776 1743 1757 1759 1784 4382 4394
998 1734 457 1772 1770 1764 1807 4368 4369 1794 1808
999 300 1729 446 301 4393 1748 1726 304 1724 4381
1000 1732 1774 1651 424 4390 4397 4398 1737 1656 4403
1001 458 1730 1771 1770 1766 4400 1810 1809 1788 4391
1002 1732 1771 459 1730 4388 1811 1744 1747 1768 4400
1003 459 47 1774 424 467 1777 1783 1739 4403 425
1004 444 299 1730 300 1723 4399 1746 1725 4392 303
1005 1729 1733 455 1769 1750 1763 1760 4384 1803 4372
1006 1730 1732 299 444 1747 4389 4399 1746 1723 1738
1007 1730 1771 459 458 4400 1811 1768 1766 466 1810
1008 308 1770 299 300 1785 4401 1524 1527 303 4370
1009 300 310 1769 301 1528 1791 4376 304 4385 1526
1010 1651 1774 47 424 4397 1777 1655 1656 425 4403
1011 455 454 1729 1769 462 1761 1760 1803 4384 1802
1012 457 1734 1730 1770 1764 1753 1767 1808 4391 4369
1013 454 453 1731 1775 461 1759 1758 1801 4378 1800
1014 50 1735 453 1776 1740 1743 460 1781 1784 4394
1015 1730 458 457 1770 1766 465 1767 4391 1808 1809
1016 456 455 1733 1773 463 1763 1762 1805 4373 1804
1017 457 456 1734 1772 464 1765 1764 1807 4368 1806
1018 47 18 1774 1651 427 1778 1777 1655 4397 1652
1019 1732 1651 46 424 4398 1654 1736 1737 426 1656
1020 1734 300 1773 1733 4371 4374 4404 1754 4373 4375
1021 1734 456 1773 1772 1765 1805 4404 4368 1796 1806
1022 1773 456 1734 1733 1805 1765 4404 4373 1754 1762
1023 1770 1771 299 1730 1788 4387 4401 4391 4399 4400
1024 299 1771 1770 308 4387 1788 4401 1524 1785 1787
1025 46 1651 299 17 1654 4396 1721 422 302 1653
1026 46 299 1651 1732 1721 4396 1654 1736 4398 4389
1027 1651 18 299 17 1652 1523 4396 1653 302 289
1028 1651 299 18 1774 4396 1523 1652 4397 1778 4386
1029 21 301 1735 1776 1525 4395 4402 1780 4394 4383
1030 301 49 21 1735 1722 1728 1525 4395 4402 1741
1031 301 21 49 20 1525 1728 1722 305 443 306
1032 309 1770 1734 1772 1786 4369 4405 1795 4368 1794
1033 309 1734 1770 300 4405 4369 1786 1529 4370 4371
1034 1773 309 1734 1772 1792 4405 4404 1796 4368 1795
1035 1773 1734 309 300 4404 4405 1792 4374 1529 4371
3 88 11 30
643 14 21 12 260 1522 307 276 1487 263 1531
644 309 310 300 261 313 1528 1529 1536 4268 1534
645 6 9 18 262 247 290 1501 1485 1530 266
646 310 260 278 261 1533 1490 4269 1534 1489 264
647 14 20 21 260 298 306 1522 1487 1531 4270
648 260 20 21 301 4270 306 1531 4271 1525 305
649 300 310 278 261 1528 4269 1521 4268 1489 1534
650 300 278 310 301 1521 4269 1528 304 1526 1520
651 310 260 21 301 1533 1531 314 1526 1525 4271
652 14 20 260 279 298 4270 1487 283 1488 1516
653 301 260 20 279 4271 4270 305 1518 1516 1488
654 300 261 308 309 4268 1535 1527 1529 312 1536
655 260 278 301 310 1490 1520 4271 1533 1526 4269
656 301 278 260 279 1520 1490 4271 1518 1488 282
657 17 18 299 4272 289 1523 302 4275 4276 4273
658 277 17 299 4272 1515 302 1517 4277 4276 4275
659 262 308 18 4272 1532 311 1530 4274 4273 4278
660 299 18 308 4272 1523 311 1524 4276 4278 4273
661 277 261 262 4272 1491 265 1486 4277 4274 4279
662 262 261 308 4272 265 1535 1532 4274 4278 4279
663 277 278 261 4272 281 1489 1491 4277 4279 4280
664 299 278 277 4272 1519 281 1517 4276 4277 4280
665 6 277 4272 17 280 4277 4281 287 4275 1515
666 6 4272 277 262 4281 4277 280 1485 1486 4274
667 18 6 4272 17 1501 4281 4273 289 4275 287
668 18 4272 6 262 4273 4281 1501 1530 1485 4274
669 300 4272 299 308 4282 4276 303 1527 1524 4278
670 300 299 4272 278 303 4276 4282 1521 4280 1519
671 261 4272 300 308 4279 4282 4268 1535 1527 4278
672 261 300 4272 278 4268 4282 4279 1489 4280 1521
3 89 11 26
508 12 11 14 260 259 1484 276 263 1487 1470
509 6 7 9 262 1460 248 247 1485 266 1468
510 267 7 5 262 1475 242 270 4253 4254 1468
511 5 277 267 262 1492 1493 270 4254 4253 1486
512 6 5 7 262 240 242 1460 1485 1468 4254
513 5 6 277 262 240 280 1492 4254 1486 1485
514 279 260 14 269 1488 1487 283 1495 1494 4255
515 277 1474 268 267 4256 1483 1496 1493 271 1481
516 254 255 261 1474 257 1472 1473 1480 4257 1479
517 1474 278 277 268 4258 281 4256 1483 1496 1498
518 1474 279 278 268 4259 282 4258 1483 1498 1497
519 268 1474 279 269 1483 4259 1497 272 1495 1482
520 267 254 7 262 1476 256 1475 4253 1468 1469
521 255 11 260 269 258 1470 1471 1478 4255 1477
522 269 11 14 13 1477 1484 1494 273 275 274
523 269 14 11 260 1494 1484 1477 4255 1470 1487
524 1474 279 260 278 4259 1488 4260 4258 1490 282
525 260 261 1474 278 264 4257 4260 1490 4258 1489
526 1474 261 260 255 4257 264 4260 1479 1471 1472
527 1474 261 277 278 4257 1491 4256 4258 281 1489
528 260 269 1474 255 4255 1482 4260 1471 1479 1478
529 1474 269 260 279 1482 4255 4260 4259 1488 1495
530 1474 261 262 277 4257 265 4261 4256 1486 1491
531 1474 262 261 254 4261 265 4257 1480 1473 1469
532 267 1474 262 277 1481 4261 4253 1493 1486 4256
533 267 262 1474 254 4253 4261 1481 1476 1480 1469
3 90 11 24
153 406 254 7 267 4318 256 4319 1636 1475 1476
154 406 7 5 267 4319 242 1635 1636 270 1475
155 43 11 42 408 1634 405 413 412 1630 4320
156 254 7 40 406 256 398 1623 4318 1628 4319
157 13 408 11 43 1637 4320 274 414 1634 412
158 408 11 42 400 4320 405 1630 1631 402 1624
159 39 7 5 406 1618 242 392 409 1635 4319
160 7 39 40 406 1618 393 398 4319 1628 409
161 408 13 11 269 1637 274 4320 1638 1477 273
162 406 268 1474 267 1639 1483 4321 1636 1481 271
163 1474 254 255 401 1480 257 1479 4322 1627 1626
164 406 268 407 1474 1639 1640 410 4321 4323 1483
165 407 269 1474 268 1641 1482 4323 1640 1483 272
166 406 40 254 401 1628 1623 4318 1629 1626 404
167 406 1474 407 401 4321 4323 410 1629 1633 4322
168 406 1474 254 267 4321 1480 4318 1636 1476 1481
169 406 254 1474 401 4318 1480 4321 1629 4322 1626
170 269 255 407 1474 1478 4324 1641 1482 4323 1479
171 401 407 255 1474 1633 4324 1627 4322 1479 4323
172 401 255 407 400 1627 4324 1633 403 1632 1625
173 11 255 408 269 258 4325 4320 1477 1638 1478
174 11 408 255 400 4320 4325 258 1624 1625 1631
175 407 408 255 269 411 4325 4324 1641 1478 1638
176 407 255 408 400 4324 4325 411 1632 1631 1625
3 91 11 27
53 42 74 43 408 597 2150 413 1630 412 4600
54 74 73 43 408 598 596 2150 4600 412 2144
55 42 74 408 400 597 4600 1630 402 1631 2153
56 600 408 74 400 4602 4600 603 2154 2153 1631
57 408 600 74 591 4602 603 4600 2146 2158 2159
58 406 70 71 589 2143 582 4601 2145 2156 592
59 71 39 70 406 2138 581 582 4601 2143 409
60 71 40 39 406 587 393 2138 4601 409 1628
61 74 73 408 591 598 2144 4600 2158 2146 595
62 591 407 600 590 2148 4603 2159 594 2161 2149
63 407 591 600 408 2148 2159 4603 411 4602 2146
64 600 407 408 400 4603 411 4602 2154 1631 1632
65 600 590 407 401 2161 2149 4603 2155 1633 4604
66 407 600 401 400 4603 2155 1633 1632 403 2154
67 599 590 600 401 2160 2161 602 2152 2155 4604
68 71 40 406 4605 587 1628 4601 4606 4607 4608
69 71 599 40 4605 601 2151 587 4606 4608 4609
70 40 401 406 4605 404 1629 1628 4608 4607 4610
71 40 599 401 4605 2151 2152 404 4608 4610 4609
72 589 71 406 4605 2156 4601 2145 4611 4607 4606
73 589 599 71 4605 2157 601 2156 4611 4606 4609
74 406 401 407 4605 1629 1633 410 4607 4612 4610
75 401 590 407 4605 4604 2149 1633 4610 4612 4613
76 599 590 401 4605 2160 4604 2152 4609 4610 4613
77 589 406 407 4605 2145 410 2147 4611 4612 4607
78 407 590 589 4605 2149 593 2147 4612 4611 4613
79 590 599 589 4605 2160 2157 593 4613 4611 4609
3 92 11 21
1 123 74 104 758 2797 755 860 2799 761 2636
2 120 100 71 760 850 743 2788 2798 2634 764
3 589 852 120 760 2792 855 2790 5171 2798 2800
4 590 854 600 591 2796 5172 2161 594 2159 2793
5 600 758 854 759 2637 2801 5172 2638 2802 762
6 759 853 599 760 2803 5173 2639 763 2635 2804
7 589 599 590 853 2157 2160 593 2795 2794 5173
8 599 589 71 760 2157 2156 601 2635 2634 5171
9 599 590 853 759 2160 2794 5173 2639 2803 5174
10 590 599 600 759 2160 602 2161 5174 2638 2639
11 589 71 120 70 2156 2788 2790 592 846 582
12 589 120 71 760 2790 2788 2156 5171 2634 2798
13 74 591 123 73 2158 2791 2797 598 859 595
14 759 854 590 853 2802 2796 5174 2803 2794 857
15 759 590 854 600 5174 2796 2802 2638 5172 2161
16 760 853 589 852 2804 2795 5171 2800 2792 856
17 760 589 853 599 5171 2795 2804 2635 5173 2157
18 600 854 123 591 5172 858 5175 2159 2791 2793
19 123 854 600 758 858 5172 5175 2799 2637 2801
20 123 74 600 591 2797 603 5175 2791 2159 2158
21 600 74 123 758 603 2797 5175 2637 2799 2636
3 93 11 31
22 104 123 758 156 860 2799 761 1007 3006 3004
23 998 853 759 760 5364 2803 3011 3010 763 2804
24 760 120 100 157 2798 850 764 3005 1008 3012
25 157 760 120 154 3005 2798 3012 1004 1005 5365
26 997 760 157 989 3008 3005 1000 2993 2990 5366
27 760 157 989 154 3005 2990 5366 5365 992 1004
28 852 120 760 154 855 2798 2800 2997 5365 1005
29 989 852 760 154 2999 2800 5366 992 5365 2997
30 760 989 853 852 5366 3001 2804 2800 856 2999
31 760 989 990 853 5366 993 5367 2804 3003 3001
32 990 989 760 997 993 5366 5367 2994 3008 2993
33 990 998 760 853 2996 3010 5367 3003 2804 5364
34 760 998 990 997 3010 2996 5367 3008 2994 1001
35 155 156 991 5368 996 2991 995 5369 5372 5370
36 991 854 155 5368 3000 2998 995 5372 5369 5373
37 999 156 758 5368 1003 3006 3007 5374 5371 5370
38 999 991 156 5368 2992 2991 1003 5374 5370 5372
39 758 854 759 5368 2801 2802 762 5371 5375 5373
40 758 759 999 5368 762 3009 3007 5371 5374 5375
41 854 853 759 5368 857 2803 2802 5373 5375 5376
42 991 853 854 5368 3002 857 3000 5372 5373 5376
43 123 854 5368 155 858 5373 5377 1006 5369 2998
44 123 5368 854 758 5377 5373 858 2799 2801 5371
45 156 123 5368 155 3004 5377 5370 996 5369 1006
46 156 5368 123 758 5370 5377 3004 3006 2799 5371
47 990 5368 991 999 5378 5372 994 2995 2992 5374
48 990 991 5368 853 994 5372 5378 3003 5376 3002
49 998 5368 990 999 5379 5378 2996 1002 2995 5374
50 998 990 5368 853 2996 5378 5379 5364 5376 3003
51 759 5368 998 999 5375 5379 3011 3009 1002 5374
52 759 998 5368 853 3011 5379 5375 2803 5376 5364
3 94 11 73
80 3198 991 3883 3885 5960 5961 5962 5963 3903 5964
81 991 3198 3199 3885 5960 3220 5965 5964 5966 5963
82 989 3197 3195 3886 5967 3212 5968 5969 5970 5971
83 3888 990 3194 3884 5972 5973 5974 3912 5975 5976
84 3883 990 3193 3887 5977 5978 5979 3906 5980 5981
85 3887 990 3196 3888 5981 5982 5983 3909 5984 5972
86 3889 991 3199 3885 5985 5965 5986 3900 5966 5964
87 989 3869 3197 3886 5987 5988 5967 5969 5971 5989
88 3195 989 3886 3884 5968 5969 5970 5990 3915 5991
89 3193 1078 3198 3883 3223 3222 3218 5979 5962 3901
90 1078 3198 3883 3885 3222 5962 3901 3899 3903 5963
91 3884 3888 990 1312 3912 5972 5976 3917 3929 3921
92 3887 3883 990 1312 3906 5977 5981 3920 3929 3918
93 991 990 3193 3883 994 5978 5992 5961 5979 5977
94 3888 3887 990 1312 3909 5981 5972 3921 3929 3920
95 3195 3197 1083 3886 3212 3206 3231 5970 3914 5971
96 989 3194 990 3884 5993 5973 993 5991 5976 5975
97 997 3197 3195 989 3205 3212 3210 2993 5968 5967
98 1312 3883 990 1313 3918 5977 3929 1316 3928 3919
99 3199 999 3198 991 3202 3219 3220 5965 5960 2992
100 989 203 3886 1311 3923 3895 5969 3925 3896 1314
101 205 156 171 3889 3930 1092 1318 3891 3892 5994
102 3889 1313 991 3885 3897 3926 5985 3900 5964 3922
103 3199 171 156 3889 3201 1092 3200 5986 5994 3892
104 3198 1077 3199 3885 3221 3207 3220 5963 5966 3898
105 1313 3883 991 3885 3919 5961 3926 3922 5964 3903
106 990 3884 1312 1311 5976 3917 3929 3927 1315 3916
107 991 205 1313 3889 3924 1317 3926 5985 3897 3891
108 999 3199 156 991 3202 3200 1003 2992 2991 5965
109 990 998 3194 997 2996 3209 5973 2994 3208 1001
110 3197 1083 3886 1305 3206 3914 5971 5995 3894 3890
111 1081 3196 3194 3888 3227 3217 3228 3908 5974 5984
112 157 3197 997 989 3204 3205 1000 2990 2993 5967
113 3889 3199 1077 3885 5986 3207 3893 3900 3898 5966
114 991 990 3883 1313 994 5977 5961 3926 3919 3928
115 3193 990 999 998 5978 2995 3214 3213 1002 2996
116 3886 3869 3197 1305 5989 5988 5971 3894 5995 3874
117 3193 3196 1079 3887 3216 3225 3224 5980 3904 5983
118 3195 1082 3194 3884 3230 3229 3211 5990 5975 3911
119 3886 1083 3195 3884 3914 3231 5970 3915 5990 3913
120 1083 3197 170 1305 3206 3203 1091 3890 1306 5995
121 3884 990 989 1311 5976 993 5991 3916 3925 3927
122 990 999 991 3193 2995 2992 994 5978 5992 3214
123 3193 1079 1078 3883 3224 1086 3223 5979 3901 3902
124 3884 989 3886 1311 5991 5969 3915 3916 3896 3925
125 1083 1082 3195 3884 1090 3230 3231 3913 5990 3911
126 997 3194 990 989 3208 5973 2994 2993 993 5993
127 3883 3193 1079 3887 5979 3224 3902 3906 3904 5980
128 3197 3869 170 1305 5988 3873 3203 5995 1306 3874
129 3888 3194 1081 3884 5974 3228 3908 3912 3910 5975
130 3196 1080 1079 3887 3226 1087 3225 5983 3904 3905
131 3198 1078 1077 3885 3222 1085 3221 5963 3898 3899
132 3199 1077 171 3889 3207 1084 3201 5986 3892 3893
133 3196 1081 1080 3888 3227 1088 3226 5984 3907 3908
134 3887 3196 1080 3888 5983 3226 3905 3909 3907 5984
135 1082 1081 3194 3884 1089 3228 3229 3911 5975 3910
136 170 157 3869 3197 1075 3871 3873 3203 5988 3204
137 3886 203 3869 1305 3895 3872 5989 3894 3874 1307
138 3198 3193 991 999 3218 5992 5960 3219 2992 3214
139 991 3193 3198 3883 5992 3218 5960 5961 5962 5979
140 3193 3196 990 998 3216 5982 5978 3213 2996 3215
141 3193 990 3196 3887 5978 5982 3216 5980 5983 5981
142 3196 3194 990 998 3217 5973 5982 3215 2996 3209
143 990 3194 3196 3888 5973 3217 5982 5972 5984 5974
144 3194 3195 989 997 3211 5968 5993 3208 2993 3210
145 989 3195 3194 3884 5968 3211 5993 5991 5975 5990
146 3869 203 989 154 3872 3923 5987 3870 992 1300
147 3869 989 203 3886 5987 3923 3872 5989 3895 5969
148 3869 157 989 3197 3871 2990 5987 5988 5967 3204
149 3869 989 157 154 5987 2990 3871 3870 1004 992
150 3889 991 156 3199 5985 2991 5994 5986 3200 5965
151 991 205 156 155 3924 3930 2991 995 996 1319
152 991 156 205 3889 2991 3930 3924 5985 3891 5994
3 95 11 74
177 3888 1410 3590 3589 6291 6292 6293 6294 3615 6295
178 3587 1410 3887 3588 6296 6297 6298 3609 6299 6300
179 3885 1411 3591 3592 6301 6302 6303 6304 3603 6305
180 3883 3885 1411 3591 3903 6301 6306 6307 6302 6303
181 3587 3883 1411 3591 6308 6306 6309 3606 6302 6307
182 1410 3884 3888 3590 6310 3912 6291 6292 6293 6311
183 1410 3887 3883 3587 6297 3906 6312 6296 6308 6298
184 1411 3885 3889 3592 6301 3900 6313 6305 6314 6304
185 3588 1213 1410 3589 3623 4174 6300 3612 6295 3624
186 1213 3590 1410 3589 3619 6292 4174 3624 6295 3615
187 3885 3883 1078 3591 3903 3901 3899 6303 3601 6307
188 1410 3587 1213 3588 6296 3622 4174 6300 3623 3609
189 4090 3586 3886 1409 6315 6316 6317 6318 6319 6320
190 3587 1078 3883 3591 3605 3901 6308 3606 6307 3601
191 1312 3884 3888 1410 3917 3912 3921 4182 6291 6310
192 3884 3886 3586 1409 3915 6316 6321 6322 6320 6319
193 3591 1411 3587 1214 6302 6309 3606 3625 3621 4172
194 1312 3887 3883 1410 3920 3906 3918 4182 6312 6297
195 1312 3888 3887 1410 3921 3909 3920 4182 6297 6291
196 3883 1411 1410 3587 6306 1414 6312 6308 6296 6309
197 4090 186 3586 1409 4092 3597 6315 6318 6320 4169
198 1411 3591 3592 1214 6302 3603 6305 4172 3600 3625
199 1410 1409 3884 3590 1413 6322 6310 6292 6311 6323
200 203 3886 1311 1409 3895 3896 1314 4177 4178 6319
201 1313 1312 3883 1410 1316 3918 3919 4183 6312 4182
202 3591 1077 3885 3592 3602 3898 6303 3603 6304 3596
203 3887 1080 3588 3589 3905 3607 6299 6324 3612 3611
204 4090 3586 1083 3886 6315 3616 6325 6317 3914 6316
205 1083 4090 3886 1305 6325 6317 3914 3890 3894 4096
206 3884 3586 1082 3590 6321 3617 3911 6311 3613 3618
207 1212 3590 1410 1213 3620 6292 4173 1216 4174 3619
208 3885 3889 1313 1411 3900 3897 3922 6301 4180 6313
209 1083 1200 4090 1305 3593 4094 6325 3890 4096 4091
210 3889 171 205 188 3892 1318 3891 6326 4176 1219
211 1200 3586 1083 4090 3598 3616 3593 4094 6325 6315
212 3592 171 3889 188 3594 3892 6314 3595 6326 1219
213 3587 3887 1079 3588 6298 3904 3604 3609 3608 6299
214 1213 3587 1410 1214 3622 6296 4174 1217 4175 3621
215 1200 1083 170 1305 3593 1091 1202 4091 1306 3890
216 3884 1312 1311 1410 3917 1315 3916 6310 4181 4182
217 205 1313 3889 1411 1317 3897 3891 4179 6313 4180
218 3885 1313 3883 1411 3922 3919 3903 6301 6306 4180
219 188 1411 3592 1214 4171 6305 3595 1218 3600 4172
220 1077 3889 3885 3592 3893 3900 3898 3596 6304 6314
221 3590 1081 3888 3589 3614 3908 6293 3615 6294 3610
222 1411 1313 3883 1410 4180 3919 6306 1414 6312 4183
223 1409 186 3586 1212 4169 3597 6320 4170 3599 1215
224 3887 1079 3883 3587 3904 3902 3906 6298 6308 3604
225 1080 3887 3888 3589 3905 3909 3907 3611 6294 6324
226 1409 3884 1311 1410 6322 3916 4178 1413 4181 6310
227 3886 3586 1083 3884 6316 3616 3914 3915 3913 6321
228 3886 3884 1311 1409 3915 3916 3896 6319 4178 6322
229 3586 1082 1083 3884 3617 1090 3616 6321 3913 3911
230 186 4090 217 1409 4092 4093 1377 4169 1412 6318
231 1411 1410 3587 1214 1414 6296 6309 4172 3621 4175
232 3590 1410 1409 1212 6292 1413 6323 3620 4170 4173
233 3883 1079 1078 3587 3902 1086 3901 6308 3605 3604
234 3884 1081 3888 3590 3910 3908 3912 6311 6293 3614
235 3885 1078 1077 3591 3899 1085 3898 6303 3602 3601
236 3586 1200 186 4090 3598 1201 3597 6315 4092 4094
237 3889 1077 171 3592 3893 1084 3892 6314 3594 3596
238 4090 203 3886 1305 4095 3895 6317 4096 3894 1307
239 3887 1080 1079 3588 3905 1087 3904 6299 3608 3607
240 3884 1082 1081 3590 3911 1089 3910 6311 3614 3613
241 1081 1080 3888 3589 1088 3907 3908 3610 6294 3611
242 3589 1410 3887 3888 6295 6297 6324 6294 3909 6291
243 3589 3887 1410 3588 6324 6297 6295 3612 6300 6299
244 203 4090 1409 217 4095 6318 4177 1372 1412 4093
245 1409 4090 203 3886 6318 4095 4177 6319 3895 6317
246 3590 3586 1409 3884 3618 6320 6323 6311 6322 6321
247 3590 1409 3586 1212 6323 6320 3618 3620 3599 4170
248 188 1411 3889 3592 4171 6313 6326 3595 6314 6305
249 205 1411 188 225 4179 4171 4176 1417 1416 1415
250 188 1411 205 3889 4171 4179 4176 6326 3891 6313
3 96 11 31
534 188 1204 187 229 3581 1207 1211 4242 1434 4201
535 185 1206 186 227 1210 3579 1194 1424 4189 4200
536 1428 1212 1205 1206 6396 3584 4206 4205 1209 3580
537 1212 1409 186 1206 4170 4169 1215 3580 3579 6397
538 217 186 1206 227 1377 3579 6398 1420 4200 4189
539 217 186 1409 1206 1377 4169 1412 6398 6397 3579
540 1206 1427 217 227 4202 4243 6398 4200 1420 1430
541 1409 1427 217 1206 4244 4243 1412 6397 6398 4202
542 1212 1410 1409 1428 4173 1413 4170 6396 4247 4248
543 1212 1428 1213 1410 6396 6399 1216 4173 4174 4248
544 1212 1213 1428 1205 1216 6399 6396 3584 4206 3585
545 1206 1428 1409 1427 4205 4247 6397 4202 4244 1431
546 1206 1409 1428 1212 6397 4247 4205 3580 6396 4170
547 225 1411 188 6400 1415 4171 1416 6403 6402 6404
548 1214 1204 188 6400 3582 3581 1218 6405 6402 6401
549 1214 188 1411 6400 1218 4171 4172 6405 6404 6402
550 225 1429 1411 6400 4245 4246 1415 6403 6404 6406
551 1205 1204 1214 6400 1208 3582 3583 6407 6405 6401
552 1205 1429 1204 6400 4204 4203 1208 6407 6401 6406
553 1428 1429 1205 6400 1432 4204 4206 6408 6407 6406
554 1428 1411 1429 6400 4249 4246 1432 6408 6406 6404
555 229 1429 6400 1204 1433 6406 6409 4201 6401 4203
556 229 6400 1429 225 6409 6406 1433 1454 4245 6403
557 188 229 6400 1204 4242 6409 6402 3581 6401 4201
558 188 6400 229 225 6402 6409 4242 1416 1454 6403
559 1410 6400 1411 1428 6410 6404 1414 4248 4249 6408
560 1410 1411 6400 1214 1414 6404 6410 4175 6405 4172
561 1213 6400 1410 1428 6411 6410 4174 6399 4248 6408
562 1213 1410 6400 1214 4174 6410 6411 1217 6405 4175
563 1205 6400 1213 1428 6407 6411 3585 4206 6399 6408
564 1205 1213 6400 1214 3585 6411 6407 3583 6405 1217
3 97 11 24
673 1231 187 229 191 3663 1434 6335 1235 4199 1228
674 1204 187 229 1231 1207 1434 4201 3664 6335 3663
675 1428 1230 1229 1205 6336 1233 6337 4206 3668 3666
676 189 1206 185 227 3662 1210 1221 4198 1424 4200
677 229 215 1231 191 1426 4064 6335 4199 1235 1367
678 1204 229 1429 1231 4201 1433 4203 3664 6338 6335
679 1429 1205 1204 1230 4204 1208 4203 6339 3667 3666
680 1229 1428 1205 1206 6337 4206 3668 3665 1209 4205
681 1429 215 1231 229 4192 4064 6338 1433 6335 1426
682 1230 1428 1229 1361 6336 6337 1233 4066 4067 4196
683 1429 1428 1205 1230 1432 4206 4204 6339 3666 6336
684 1229 1361 1428 1360 4067 4196 6337 4063 4195 1364
685 215 1429 1231 1362 4192 6338 4064 1366 4065 4193
686 1428 1429 1362 1230 1432 4193 4197 6336 4068 6339
687 1428 1362 1361 1230 4197 1365 4196 6336 4066 4068
688 1231 1230 1429 1204 1234 6339 6338 3664 4203 3667
689 1231 1429 1230 1362 6338 6339 1234 4065 4068 4193
690 1360 227 189 214 4191 4198 4062 1363 1357 1425
691 1229 189 227 1206 1232 4198 6340 3665 4200 3662
692 1229 227 189 1360 6340 4198 1232 4063 4062 4191
693 1427 1229 227 1206 6341 6340 1430 4202 4200 3665
694 1427 227 1229 1360 1430 6340 6341 4194 4063 4191
695 1428 1229 1427 1206 6337 6341 1431 4205 4202 3665
696 1428 1427 1229 1360 1431 6341 6337 4195 4063 4194
3 98 11 36
1036 174 200 1288 189 1285 1291 3826 1220 6106 4049
1037 189 200 1360 214 4049 4054 4062 1357 1363 1355
1038 189 200 1288 1360 4049 1291 6106 4062 4055 4054
1039 1361 1230 1120 1229 4066 3660 6107 4067 3657 1233
1040 201 176 1290 6108 1295 3828 1294 6111 6112 6109
1041 1231 1119 176 6108 3659 1121 3658 6110 6109 6113
1042 1290 176 1119 6108 3828 1121 3829 6112 6113 6109
1043 201 1290 1362 6108 1294 4057 4056 6111 6114 6112
1044 1119 1231 1230 6108 3659 1234 3661 6113 6115 6110
1045 1362 1230 1231 6108 4068 1234 4065 6114 6110 6115
1046 1362 1361 1230 6108 1365 4066 4068 6114 6115 6116
1047 1361 1362 1290 6108 1365 4057 4060 6116 6112 6114
1048 1229 189 174 6117 1232 1220 3656 6118 6119 6120
1049 189 1288 174 6117 6106 3826 1220 6120 6119 6121
1050 174 1120 1229 6117 1123 3657 3656 6119 6118 6122
1051 174 1288 1120 6117 3826 3827 1123 6119 6122 6121
1052 189 1229 1360 6117 1232 4063 4062 6120 6123 6118
1053 189 1360 1288 6117 4062 4055 6106 6120 6121 6123
1054 1361 1229 1120 6117 4067 3657 6107 6124 6122 6118
1055 1289 1120 1288 6117 3830 3827 1292 6125 6121 6122
1056 1289 1361 1120 6117 4059 6107 3830 6125 6122 6124
1057 1360 1229 1361 6117 4063 4067 1364 6123 6124 6118
1058 1289 1288 1360 6117 1292 4055 4058 6125 6123 6121
1059 1289 1360 1361 6117 4058 1364 4059 6125 6124 6123
1060 215 1362 6108 201 1366 6114 6126 1359 6111 4056
1061 215 6108 1362 1231 6126 6114 1366 4064 4065 6110
1062 191 215 6108 201 1367 6126 6127 4061 6111 1359
1063 191 6108 215 1231 6127 6126 1367 1235 4064 6110
1064 176 191 6108 201 1227 6127 6109 1295 6111 4061
1065 176 6108 191 1231 6109 6127 1227 3658 1235 6110
1066 1289 6108 1290 1119 6128 6112 1293 3831 3829 6113
1067 1289 1290 6108 1361 1293 6112 6128 4059 6116 4060
1068 1230 6108 1289 1119 6115 6128 6129 3661 3831 6113
1069 1230 1289 6108 1361 6129 6128 6115 4066 6116 4059
1070 1230 1289 1120 1119 6129 3830 3660 3661 1122 3831
1071 1230 1120 1289 1361 3660 3830 6129 4066 4059 6107
3 99 11 30
1146 1103 152 1288 174 1106 5902 5903 3284 3826 1110
1147 152 1288 1094 1103 5902 3820 3253 1106 3254 5903
1148 152 200 1288 174 3813 1291 5902 1110 3826 1285
1149 1094 151 200 152 1097 1283 3818 3253 3813 983
1150 1094 200 1288 152 3818 1291 3820 3253 5902 3813
1151 1288 1120 1103 174 3827 3286 5903 3826 3284 1123
1152 1120 1104 1095 1103 3288 3258 5904 3286 3257 1107
1153 1288 1095 1120 1289 3822 5904 3827 1292 3830 3824
1154 1103 1095 1288 1094 3257 3822 5903 3254 3820 1098
1155 1103 1288 1095 1120 5903 3822 3257 3286 5904 3827
1156 176 201 1290 5905 1295 1294 3828 5907 5909 5908
1157 1105 176 1119 5905 3285 1121 3287 5906 5910 5907
1158 1290 1119 176 5905 3829 1121 3828 5909 5907 5910
1159 1096 1290 201 5905 3821 1294 3819 5911 5908 5909
1160 1095 1096 1104 5905 1099 3259 3258 5912 5913 5911
1161 1290 1096 1095 5905 3821 1099 3823 5909 5912 5911
1162 1104 1096 1105 5905 3259 3256 1108 5913 5906 5911
1163 1104 1105 1119 5905 1108 3287 3289 5913 5910 5906
1164 172 1096 5905 1105 1100 5911 5914 3255 5906 3256
1165 172 5905 1096 201 5914 5911 1100 1287 3819 5908
1166 173 172 5905 1105 1102 5914 5915 1109 5906 3255
1167 173 5905 172 201 5915 5914 1102 3825 1287 5908
1168 176 173 5905 1105 1117 5915 5907 3285 5906 1109
1169 176 5905 173 201 5907 5915 1117 1295 3825 5908
1170 1289 5905 1290 1095 5916 5909 1293 3824 3823 5912
1171 1289 1290 5905 1119 1293 5909 5916 3831 5910 3829
1172 1104 5905 1289 1095 5913 5916 5917 3258 3824 5912
1173 1104 1289 5905 1119 5917 5916 5913 3289 5910 3831
1174 1104 1289 1120 1095 5917 3830 3288 3258 5904 3824
1175 1104 1120 1289 1119 3288 3830 5917 3289 3831 1122
3 100 11 32
1206 173 1105 110 127 1109 3247 1101 3245 875 5498
1207 110 1105 783 127 3247 3248 786 875 2813 5498
1208 173 1105 127 172 1109 5498 3245 1102 1093 3255
1209 108 126 785 152 866 2812 789 982 3246 2982
1210 868 783 1105 127 2815 3248 5499 871 5498 2813
1211 1094 785 152 1103 5500 3246 3253 3254 1106 3249
1212 172 868 1105 127 3239 5499 3255 1093 5498 871
1213 785 126 151 152 2812 980 5501 3246 983 2982
1214 151 1094 785 152 1097 5500 5501 983 3246 3253
1215 870 126 151 785 874 980 3238 2814 5501 2812
1216 151 1094 870 785 1097 3240 3238 5501 2814 5500
1217 868 172 1105 1096 3239 3255 5499 3241 3256 1100
1218 1095 1103 785 1094 3257 3249 5502 1098 5500 3254
1219 785 870 1095 1094 2814 3244 5502 5500 1098 3240
1220 869 783 784 5503 2817 787 2816 5504 5505 5506
1221 1104 784 783 5503 3250 787 3251 5507 5506 5505
1222 783 1105 1104 5503 3248 1108 3251 5506 5507 5508
1223 784 785 870 5503 788 2814 2818 5505 5509 5510
1224 785 784 1103 5503 788 3252 3249 5510 5511 5505
1225 870 869 784 5503 873 2816 2818 5509 5505 5504
1226 1103 784 1104 5503 3252 3250 1107 5511 5507 5505
1227 785 1095 870 5503 5502 3244 2814 5510 5509 5512
1228 1095 785 1103 5503 5502 3249 3257 5512 5511 5510
1229 1095 869 870 5503 3243 873 3244 5512 5509 5504
1230 1096 869 1095 5503 3242 3243 1099 5513 5512 5504
1231 1096 1095 1104 5503 1099 3258 3259 5513 5507 5512
1232 1095 1103 1104 5503 3257 1107 3258 5512 5507 5511
1233 1096 1104 1105 5503 3259 1108 3256 5513 5508 5507
1234 868 5503 1096 1105 5514 5513 3241 5499 3256 5508
1235 868 1096 5503 869 3241 5513 5514 872 5504 3242
1236 783 5503 868 1105 5506 5514 2815 3248 5499 5508
1237 783 868 5503 869 2815 5514 5506 2817 5504 872
$EndElements
