$MeshFormat
4.1 0 8
$EndMeshFormat
$PhysicalNames
246
2 1 "srfA0AP"
2 2 "srfA1AB"
2 3 "srfA1CD"
2 4 "srfA1EF"
2 5 "srfA1GH"
2 6 "srfA1IJ"
2 7 "srfA1KL"
2 8 "srfA1MN"
2 9 "srfA1OP"
2 10 "srfA2A"
2 11 "srfA2B"
2 12 "srfA2C"
2 13 "srfA2D"
2 14 "srfA2E"
2 15 "srfA2F"
2 16 "srfA2G"
2 17 "srfA2H"
2 18 "srfA2I"
2 19 "srfA2J"
2 20 "srfA2K"
2 21 "srfA2L"
2 22 "srfA2M"
2 23 "srfA2N"
2 24 "srfA2O"
2 25 "srfA2P"
2 26 "srfAB4A"
2 27 "srfAB4B"
2 28 "srfAB4C"
2 29 "srfAB4D"
2 30 "srfAB4E"
2 31 "srfAB4F"
2 32 "srfAB4G"
2 33 "srfAB4H"
2 34 "srfAB4I"
2 35 "srfAB4J"
2 36 "srfAB4K"
2 37 "srfAB4L"
2 38 "srfAB4M"
2 39 "srfAB4N"
2 40 "srfAB4O"
2 41 "srfAB4P"
2 42 "srfBC4A"
2 43 "srfBC4B"
2 44 "srfBC4C"
2 45 "srfBC4D"
2 46 "srfBC4E"
2 47 "srfBC4F"
2 48 "srfBC4G"
2 49 "srfBC4H"
2 50 "srfBC4I"
2 51 "srfBC4J"
2 52 "srfBC4K"
2 53 "srfBC4L"
2 54 "srfBC4M"
2 55 "srfBC4N"
2 56 "srfBC4O"
2 57 "srfBC4P"
2 58 "srfCD4A"
2 59 "srfCD4B"
2 60 "srfCD4C"
2 61 "srfCD4D"
2 62 "srfCD4E"
2 63 "srfCD4F"
2 64 "srfCD4G"
2 65 "srfCD4H"
2 66 "srfCD4I"
2 67 "srfCD4J"
2 68 "srfCD4K"
2 69 "srfCD4L"
2 70 "srfCD4M"
2 71 "srfCD4N"
2 72 "srfCD4O"
2 73 "srfCD4P"
2 74 "srfDE4A"
2 75 "srfDE4B"
2 76 "srfDE4C"
2 77 "srfDE4D"
2 78 "srfDE4E"
2 79 "srfDE4F"
2 80 "srfDE4G"
2 81 "srfDE4H"
2 82 "srfDE4I"
2 83 "srfDE4J"
2 84 "srfDE4K"
2 85 "srfDE4L"
2 86 "srfDE4M"
2 87 "srfDE4N"
2 88 "srfDE4O"
2 89 "srfDE4P"
2 90 "srfEF4A"
2 91 "srfEF4B"
2 92 "srfEF4C"
2 93 "srfEF4D"
2 94 "srfEF4E"
2 95 "srfEF4F"
2 96 "srfEF4G"
2 97 "srfEF4H"
2 98 "srfEF4I"
2 99 "srfEF4J"
2 100 "srfEF4K"
2 101 "srfEF4L"
2 102 "srfEF4M"
2 103 "srfEF4N"
2 104 "srfEF4O"
2 105 "srfEF4P"
2 106 "srfFG4A"
2 107 "srfFG4B"
2 108 "srfFG4C"
2 109 "srfFG4D"
2 110 "srfFG4E"
2 111 "srfFG4F"
2 112 "srfFG4G"
2 113 "srfFG4H"
2 114 "srfFG4I"
2 115 "srfFG4J"
2 116 "srfFG4K"
2 117 "srfFG4L"
2 118 "srfFG4M"
2 119 "srfFG4N"
2 120 "srfFG4O"
2 121 "srfFG4P"
2 122 "srfG0AP"
2 123 "srfG1AB"
2 124 "srfG1CD"
2 125 "srfG1EF"
2 126 "srfG1GH"
2 127 "srfG1IJ"
2 128 "srfG1KL"
2 129 "srfG1MN"
2 130 "srfG1OP"
2 131 "srfG2A"
2 132 "srfG2B"
2 133 "srfG2C"
2 134 "srfG2D"
2 135 "srfG2E"
2 136 "srfG2F"
2 137 "srfG2G"
2 138 "srfG2H"
2 139 "srfG2I"
2 140 "srfG2J"
2 141 "srfG2K"
2 142 "srfG2L"
2 143 "srfG2M"
2 144 "srfG2N"
2 145 "srfG2O"
2 146 "srfG2P"
3 1 "volAB1"
3 2 "volAB2AB"
3 3 "volAB2CD"
3 4 "volAB2EF"
3 5 "volAB2GH"
3 6 "volAB2IJ"
3 7 "volAB2KL"
3 8 "volAB2MN"
3 9 "volAB2OP"
3 10 "volAB3A"
3 11 "volAB3B"
3 12 "volAB3C"
3 13 "volAB3D"
3 14 "volAB3E"
3 15 "volAB3F"
3 16 "volAB3G"
3 17 "volAB3H"
3 18 "volAB3I"
3 19 "volAB3J"
3 20 "volAB3K"
3 21 "volAB3L"
3 22 "volAB3M"
3 23 "volAB3N"
3 24 "volAB3O"
3 25 "volAB3P"
3 26 "volBC1"
3 27 "volBC2AB"
3 28 "volBC2CD"
3 29 "volBC2EF"
3 30 "volBC2GH"
3 31 "volBC2IJ"
3 32 "volBC2KL"
3 33 "volBC2MN"
3 34 "volBC2OP"
3 35 "volBC3A"
3 36 "volBC3B"
3 37 "volBC3C"
3 38 "volBC3D"
3 39 "volBC3E"
3 40 "volBC3F"
3 41 "volBC3G"
3 42 "volBC3H"
3 43 "volBC3I"
3 44 "volBC3J"
3 45 "volBC3K"
3 46 "volBC3L"
3 47 "volBC3M"
3 48 "volBC3N"
3 49 "volBC3O"
3 50 "volBC3P"
3 51 "volCD1"
3 52 "volCD2AB"
3 53 "volCD2CD"
3 54 "volCD2EF"
3 55 "volCD2GH"
3 56 "volCD2IJ"
3 57 "volCD2KL"
3 58 "volCD2MN"
3 59 "volCD2OP"
3 60 "volCD3A"
3 61 "volCD3B"
3 62 "volCD3C"
3 63 "volCD3D"
3 64 "volCD3E"
3 65 "volCD3F"
3 66 "volCD3G"
3 67 "volCD3H"
3 68 "volCD3I"
3 69 "volCD3J"
3 70 "volCD3K"
3 71 "volCD3L"
3 72 "volCD3M"
3 73 "volCD3N"
3 74 "volCD3O"
3 75 "volCD3P"
3 76 "volDE1"
3 77 "volDE2AB"
3 78 "volDE2CD"
3 79 "volDE2EF"
3 80 "volDE2GH"
3 81 "volDE2IJ"
3 82 "volDE2KL"
3 83 "volDE2MN"
3 84 "volDE2OP"
3 85 "volDE3A"
3 86 "volDE3B"
3 87 "volDE3C"
3 88 "volDE3D"
3 89 "volDE3E"
3 90 "volDE3F"
3 91 "volDE3G"
3 92 "volDE3H"
3 93 "volDE3I"
3 94 "volDE3J"
3 95 "volDE3K"
3 96 "volDE3L"
3 97 "volDE3M"
3 98 "volDE3N"
3 99 "volDE3O"
3 100 "volDE3P"
$EndPhysicalNames
$Entities
0 0 146 100
1 -0.005065 -0.005065 0 0.005065 0.005065 0 1 1 0
2 -0.007163 0.003581 0 0 0.01013 0 1 2 0
3 -0.01013 0 0 -0.003581 0.007163 0 1 3 0
4 -0.01013 -0.007163 0 -0.003581 0 0 1 4 0
5 -0.007163 -0.01013 0 0 -0.003581 0 1 5 0
6 0 -0.01013 0 0.007163 -0.003581 0 1 6 0
7 0.003581 -0.007163 0 0.01013 0 0 1 7 0
8 0.003581 0 0 0.01013 0.007163 0 1 8 0
9 0 0.003581 0 0.007163 0.01013 0 1 9 0
10 -0.005815 0.009359 0 0 0.015195 0 1 10 0
11 -0.010744 0.007163 0 -0.003877 0.014038 0 1 11 0
12 -0.014038 0.003877 0 -0.007163 0.010744 0 1 12 0
13 -0.015195 0 0 -0.009359 0.005815 0 1 13 0
14 -0.015195 -0.005815 0 -0.009359 0 0 1 14 0
15 -0.014038 -0.010744 0 -0.007163 -0.003877 0 1 15 0
16 -0.010744 -0.014038 0 -0.003877 -0.007163 0 1 16 0
17 -0.005815 -0.015195 0 0 -0.009359 0 1 17 0
18 0 -0.015195 0 0.005815 -0.009359 0 1 18 0
19 0.003877 -0.014038 0 0.010744 -0.007163 0 1 19 0
20 0.007163 -0.010744 0 0.014038 -0.003877 0 1 20 0
21 0.009359 -0.005815 0 0.015195 0 0 1 21 0
22 0.009359 0 0 0.015195 0.005815 0 1 22 0
23 0.007163 0.003877 0 0.014038 0.010744 0 1 23 0
24 0.003877 0.007163 0 0.010744 0.014038 0 1 24 0
25 0 0.009359 0 0.005815 0.015195 0 1 25 0
26 -0.005815 0.014038 0 0 0.015195 0.02 1 26 0
27 -0.010744 0.010744 0 -0.005815 0.014038 0.02 1 27 0
28 -0.014038 0.005815 0 -0.010744 0.010744 0.02 1 28 0
29 -0.015195 0 0 -0.014038 0.005815 0.02 1 29 0
30 -0.015195 -0.005815 0 -0.014038 0 0.02 1 30 0
31 -0.014038 -0.010744 0 -0.010744 -0.005815 0.02 1 31 0
32 -0.010744 -0.014038 0 -0.005815 -0.010744 0.02 1 32 0
33 -0.005815 -0.015195 0 0 -0.014038 0.02 1 33 0
34 0 -0.015195 0 0.005815 -0.014038 0.02 1 34 0
35 0.005815 -0.014038 0 0.010744 -0.010744 0.02 1 35 0
36 0.010744 -0.010744 0 0.014038 -0.005815 0.02 1 36 0
37 0.014038 -0.005815 0 0.015195 0 0.02 1 37 0
38 0.014038 0 0 0.015195 0.005815 0.02 1 38 0
39 0.010744 0.005815 0 0.014038 0.010744 0.02 1 39 0
40 0.005815 0.010744 0 0.010744 0.014038 0.02 1 40 0
41 0 0.014038 0 0.005815 0.015195 0.02 1 41 0
42 -0.005815 0.014038 0.02 0 0.015195 0.025 1 42 0
43 -0.010744 0.010744 0.02 -0.005815 0.014038 0.025 1 43 0
44 -0.014038 0.005815 0.02 -0.010744 0.010744 0.025 1 44 0
45 -0.015195 0 0.02 -0.014038 0.005815 0.025 1 45 0
46 -0.015195 -0.005815 0.02 -0.014038 0 0.025 1 46 0
47 -0.014038 -0.010744 0.02 -0.010744 -0.005815 0.025 1 47 0
48 -0.010744 -0.014038 0.02 -0.005815 -0.010744 0.025 1 48 0
49 -0.005815 -0.015195 0.02 0 -0.014038 0.025 1 49 0
50 0 -0.015195 0.02 0.005815 -0.014038 0.025 1 50 0
51 0.005815 -0.014038 0.02 0.010744 -0.010744 0.025 1 51 0
52 0.010744 -0.010744 0.02 0.014038 -0.005815 0.025 1 52 0
53 0.014038 -0.005815 0.02 0.015195 0 0.025 1 53 0
54 0.014038 0 0.02 0.015195 0.005815 0.025 1 54 0
55 0.010744 0.005815 0.02 0.014038 0.010744 0.025 1 55 0
56 0.005815 0.010744 0.02 0.010744 0.014038 0.025 1 56 0
57 0 0.014038 0.02 0.005815 0.015195 0.025 1 57 0
58 -0.005815 0.014038 0.025 0 0.015195 0.03 1 58 0
59 -0.010744 0.010744 0.025 -0.005815 0.014038 0.03 1 59 0
60 -0.014038 0.005815 0.025 -0.010744 0.010744 0.03 1 60 0
61 -0.015195 0 0.025 -0.014038 0.005815 0.03 1 61 0
62 -0.015195 -0.005815 0.025 -0.014038 0 0.03 1 62 0
63 -0.014038 -0.010744 0.025 -0.010744 -0.005815 0.03 1 63 0
64 -0.010744 -0.014038 0.025 -0.005815 -0.010744 0.03 1 64 0
65 -0.005815 -0.015195 0.025 0 -0.014038 0.03 1 65 0
66 0 -0.015195 0.025 0.005815 -0.014038 0.03 1 66 0
67 0.005815 -0.014038 0.025 0.010744 -0.010744 0.03 1 67 0
68 0.010744 -0.010744 0.025 0.014038 -0.005815 0.03 1 68 0
69 0.014038 -0.005815 0.025 0.015195 0 0.03 1 69 0
70 0.014038 0 0.025 0.015195 0.005815 0.03 1 70 0
71 0.010744 0.005815 0.025 0.014038 0.010744 0.03 1 71 0
72 0.005815 0.010744 0.025 0.010744 0.014038 0.03 1 72 0
73 0 0.014038 0.025 0.005815 0.015195 0.03 1 73 0
74 -0.005815 0.014038 0.03 0 0.015195 0.035 1 74 0
75 -0.010744 0.010744 0.03 -0.005815 0.014038 0.035 1 75 0
76 -0.014038 0.005815 0.03 -0.010744 0.010744 0.035 1 76 0
77 -0.015195 0 0.03 -0.014038 0.005815 0.035 1 77 0
78 -0.015195 -0.005815 0.03 -0.014038 0 0.035 1 78 0
79 -0.014038 -0.010744 0.03 -0.010744 -0.005815 0.035 1 79 0
80 -0.010744 -0.014038 0.03 -0.005815 -0.010744 0.035 1 80 0
81 -0.005815 -0.015195 0.03 0 -0.014038 0.035 1 81 0
82 0 -0.015195 0.03 0.005815 -0.014038 0.035 1 82 0
83 0.005815 -0.014038 0.03 0.010744 -0.010744 0.035 1 83 0
84 0.010744 -0.010744 0.03 0.014038 -0.005815 0.035 1 84 0
85 0.014038 -0.005815 0.03 0.015195 0 0.035 1 85 0
86 0.014038 0 0.03 0.015195 0.005815 0.035 1 86 0
87 0.010744 0.005815 0.03 0.014038 0.010744 0.035 1 87 0
88 0.005815 0.010744 0.03 0.010744 0.014038 0.035 1 88 0
89 0 0.014038 0.03 0.005815 0.015195 0.035 1 89 0
90 -0.005815 0.014038 0.035 0 0.015195 0.04 1 90 0
91 -0.010744 0.010744 0.035 -0.005815 0.014038 0.04 1 91 0
92 -0.014038 0.005815 0.035 -0.010744 0.010744 0.04 1 92 0
93 -0.015195 0 0.035 -0.014038 0.005815 0.04 1 93 0
94 -0.015195 -0.005815 0.035 -0.014038 0 0.04 1 94 0
95 -0.014038 -0.010744 0.035 -0.010744 -0.005815 0.04 1 95 0
96 -0.010744 -0.014038 0.035 -0.005815 -0.010744 0.04 1 96 0
97 -0.005815 -0.015195 0.035 0 -0.014038 0.04 1 97 0
98 0 -0.015195 0.035 0.005815 -0.014038 0.04 1 98 0
99 0.005815 -0.014038 0.035 0.010744 -0.010744 0.04 1 99 0
100 0.010744 -0.010744 0.035 0.014038 -0.005815 0.04 1 100 0
101 0.014038 -0.005815 0.035 0.015195 0 0.04 1 101 0
102 0.014038 0 0.035 0.015195 0.005815 0.04 1 102 0
103 0.010744 0.005815 0.035 0.014038 0.010744 0.04 1 103 0
104 0.005815 0.010744 0.035 0.010744 0.014038 0.04 1 104 0
105 0 0.014038 0.035 0.005815 0.015195 0.04 1 105 0
106 -0.005815 0.014038 0.04 0 0.015195 0.06 1 106 0
107 -0.010744 0.010744 0.04 -0.005815 0.014038 0.06 1 107 0
108 -0.014038 0.005815 0.04 -0.010744 0.010744 0.06 1 108 0
109 -0.015195 0 0.04 -0.014038 0.005815 0.06 1 109 0
110 -0.015195 -0.005815 0.04 -0.014038 0 0.06 1 110 0
111 -0.014038 -0.010744 0.04 -0.010744 -0.005815 0.06 1 111 0
112 -0.010744 -0.014038 0.04 -0.005815 -0.010744 0.06 1 112 0
113 -0.005815 -0.015195 0.04 0 -0.014038 0.06 1 113 0
114 0 -0.015195 0.04 0.005815 -0.014038 0.06 1 114 0
115 0.005815 -0.014038 0.04 0.010744 -0.010744 0.06 1 115 0
116 0.010744 -0.010744 0.04 0.014038 -0.005815 0.06 1 116 0
117 0.014038 -0.005815 0.04 0.015195 0 0.06 1 117 0
118 0.014038 0 0.04 0.015195 0.005815 0.06 1 118 0
119 0.010744 0.005815 0.04 0.014038 0.010744 0.06 1 119 0
120 0.005815 0.010744 0.04 0.010744 0.014038 0.06 1 120 0
121 0 0.014038 0.04 0.005815 0.015195 0.06 1 121 0
122 -0.005065 -0.005065 0.06 0.005065 0.005065 0.06 1 122 0
123 -0.007163 0.003581 0.06 0 0.01013 0.06 1 123 0
124 -0.01013 0 0.06 -0.003581 0.007163 0.06 1 124 0
125 -0.01013 -0.007163 0.06 -0.003581 0 0.06 1 125 0
126 -0.007163 -0.01013 0.06 0 -0.003581 0.06 1 126 0
127 0 -0.01013 0.06 0.007163 -0.003581 0.06 1 127 0
128 0.003581 -0.007163 0.06 0.01013 0 0.06 1 128 0
129 0.003581 0 0.06 0.01013 0.007163 0.06 1 129 0
130 0 0.003581 0.06 0.007163 0.01013 0.06 1 130 0
131 -0.005815 0.009359 0.06 0 0.015195 0.06 1 131 0
132 -0.010744 0.007163 0.06 -0.003877 0.014038 0.06 1 132 0
133 -0.014038 0.003877 0.06 -0.007163 0.010744 0.06 1 133 0
134 -0.015195 0 0.06 -0.009359 0.005815 0.06 1 134 0
135 -0.015195 -0.005815 0.06 -0.009359 0 0.06 1 135 0
136 -0.014038 -0.010744 0.06 -0.007163 -0.003877 0.06 1 136 0
137 -0.010744 -0.014038 0.06 -0.003877 -0.007163 0.06 1 137 0
138 -0.005815 -0.015195 0.06 0 -0.009359 0.06 1 138 0
139 0 -0.015195 0.06 0.005815 -0.009359 0.06 1 139 0
140 0.003877 -0.014038 0.06 0.010744 -0.007163 0.06 1 140 0
141 0.007163 -0.010744 0.06 0.014038 -0.003877 0.06 1 141 0
142 0.009359 -0.005815 0.06 0.015195 0 0.06 1 142 0
143 0.009359 0 0.06 0.015195 0.005815 0.06 1 143 0
144 0.007163 0.003877 0.06 0.014038 0.010744 0.06 1 144 0
145 0.003877 0.007163 0.06 0.010744 0.014038 0.06 1 145 0
146 0 0.009359 0.06 0.005815 0.015195 0.06 1 146 0
1 -0.005065 -0.005065 0 0.005065 0.005065 0.02 1 1 0
2 -0.007163 0.003581 0 0 0.01013 0.02 1 2 0
3 -0.01013 0 0 -0.003581 0.007163 0.02 1 3 0
4 -0.01013 -0.007163 0 -0.003581 0 0.02 1 4 0
5 -0.007163 -0.01013 0 0 -0.003581 0.02 1 5 0
6 0 -0.01013 0 0.007163 -0.003581 0.02 1 6 0
7 0.003581 -0.007163 0 0.01013 0 0.02 1 7 0
8 0.003581 0 0 0.01013 0.007163 0.02 1 8 0
9 0 0.003581 0 0.007163 0.01013 0.02 1 9 0
10 -0.005815 0.009359 0 0 0.015195 0.02 1 10 0
11 -0.010744 0.007163 0 -0.003877 0.014038 0.02 1 11 0
12 -0.014038 0.003877 0 -0.007163 0.010744 0.02 1 12 0
13 -0.015195 0 0 -0.009359 0.005815 0.02 1 13 0
14 -0.015195 -0.005815 0 -0.009359 0 0.02 1 14 0
15 -0.014038 -0.010744 0 -0.007163 -0.003877 0.02 1 15 0
16 -0.010744 -0.014038 0 -0.003877 -0.007163 0.02 1 16 0
17 -0.005815 -0.015195 0 0 -0.009359 0.02 1 17 0
18 0 -0.015195 0 0.005815 -0.009359 0.02 1 18 0
19 0.003877 -0.014038 0 0.010744 -0.007163 0.02 1 19 0
20 0.007163 -0.010744 0 0.014038 -0.003877 0.02 1 20 0
21 0.009359 -0.005815 0 0.015195 0 0.02 1 21 0
22 0.009359 0 0 0.015195 0.005815 0.02 1 22 0
23 0.007163 0.003877 0 0.014038 0.010744 0.02 1 23 0
24 0.003877 0.007163 0 0.010744 0.014038 0.02 1 24 0
25 0 0.009359 0 0.005815 0.015195 0.02 1 25 0
26 -0.005065 -0.005065 0.02 0.005065 0.005065 0.03 1 26 0
27 -0.007163 0.003581 0.02 0 0.01013 0.03 1 27 0
28 -0.01013 0 0.02 -0.003581 0.007163 0.03 1 28 0
29 -0.01013 -0.007163 0.02 -0.003581 0 0.03 1 29 0
30 -0.007163 -0.01013 0.02 0 -0.003581 0.03 1 30 0
31 0 -0.01013 0.02 0.007163 -0.003581 0.03 1 31 0
32 0.003581 -0.007163 0.02 0.01013 0 0.03 1 32 0
33 0.003581 0 0.02 0.01013 0.007163 0.03 1 33 0
34 0 0.003581 0.02 0.007163 0.01013 0.03 1 34 0
35 -0.005815 0.009359 0.02 0 0.015195 0.03 1 35 0
36 -0.010744 0.007163 0.02 -0.003877 0.014038 0.03 1 36 0
37 -0.014038 0.003877 0.02 -0.007163 0.010744 0.03 1 37 0
38 -0.015195 0 0.02 -0.009359 0.005815 0.03 1 38 0
39 -0.015195 -0.005815 0.02 -0.009359 0 0.03 1 39 0
40 -0.014038 -0.010744 0.02 -0.007163 -0.003877 0.03 1 40 0
41 -0.010744 -0.014038 0.02 -0.003877 -0.007163 0.03 1 41 0
42 -0.005815 -0.015195 0.02 0 -0.009359 0.03 1 42 0
43 0 -0.015195 0.02 0.005815 -0.009359 0.03 1 43 0
44 0.003877 -0.014038 0.02 0.010744 -0.007163 0.03 1 44 0
45 0.007163 -0.010744 0.02 0.014038 -0.003877 0.03 1 45 0
46 0.009359 -0.005815 0.02 0.015195 0 0.03 1 46 0
47 0.009359 0 0.02 0.015195 0.005815 0.03 1 47 0
48 0.007163 0.003877 0.02 0.014038 0.010744 0.03 1 48 0
49 0.003877 0.007163 0.02 0.010744 0.014038 0.03 1 49 0
50 0 0.009359 0.02 0.005815 0.015195 0.03 1 50 0
51 -0.005065 -0.005065 0.03 0.005065 0.005065 0.04 1 51 0
52 -0.007163 0.003581 0.03 0 0.01013 0.04 1 52 0
53 -0.01013 0 0.03 -0.003581 0.007163 0.04 1 53 0
54 -0.01013 -0.007163 0.03 -0.003581 0 0.04 1 54 0
55 -0.007163 -0.01013 0.03 0 -0.003581 0.04 1 55 0
56 0 -0.01013 0.03 0.007163 -0.003581 0.04 1 56 0
57 0.003581 -0.007163 0.03 0.01013 0 0.04 1 57 0
58 0.003581 0 0.03 0.01013 0.007163 0.04 1 58 0
59 0 0.003581 0.03 0.007163 0.01013 0.04 1 59 0
60 -0.005815 0.009359 0.03 0 0.015195 0.04 1 60 0
61 -0.010744 0.007163 0.03 -0.003877 0.014038 0.04 1 61 0
62 -0.014038 0.003877 0.03 -0.007163 0.010744 0.04 1 62 0
63 -0.015195 0 0.03 -0.009359 0.005815 0.04 1 63 0
64 -0.015195 -0.005815 0.03 -0.009359 0 0.04 1 64 0
65 -0.014038 -0.010744 0.03 -0.007163 -0.003877 0.04 1 65 0
66 -0.010744 -0.014038 0.03 -0.003877 -0.007163 0.04 1 66 0
67 -0.005815 -0.015195 0.03 0 -0.009359 0.04 1 67 0
68 0 -0.015195 0.03 0.005815 -0.009359 0.04 1 68 0
69 0.003877 -0.014038 0.03 0.010744 -0.007163 0.04 1 69 0
70 0.007163 -0.010744 0.03 0.014038 -0.003877 0.04 1 70 0
71 0.009359 -0.005815 0.03 0.015195 0 0.04 1 71 0
72 0.009359 0 0.03 0.015195 0.005815 0.04 1 72 0
73 0.007163 0.003877 0.03 0.014038 0.010744 0.04 1 73 0
74 0.003877 0.007163 0.03 0.010744 0.014038 0.04 1 74 0
75 0 0.009359 0.03 0.005815 0.015195 0.04 1 75 0
76 -0.005065 -0.005065 0.04 0.005065 0.005065 0.06 1 76 0
77 -0.007163 0.003581 0.04 0 0.01013 0.06 1 77 0
78 -0.01013 0 0.04 -0.003581 0.007163 0.06 1 78 0
79 -0.01013 -0.007163 0.04 -0.003581 0 0.06 1 79 0
80 -0.007163 -0.01013 0.04 0 -0.003581 0.06 1 80 0
81 0 -0.01013 0.04 0.007163 -0.003581 0.06 1 81 0
82 0.003581 -0.007163 0.04 0.01013 0 0.06 1 82 0
83 0.003581 0 0.04 0.01013 0.007163 0.06 1 83 0
84 0 0.003581 0.04 0.007163 0.01013 0.06 1 84 0
85 -0.005815 0.009359 0.04 0 0.015195 0.06 1 85 0
86 -0.010744 0.007163 0.04 -0.003877 0.014038 0.06 1 86 0
87 -0.014038 0.003877 0.04 -0.007163 0.010744 0.06 1 87 0
88 -0.015195 0 0.04 -0.009359 0.005815 0.06 1 88 0
89 -0.015195 -0.005815 0.04 -0.009359 0 0.06 1 89 0
90 -0.014038 -0.010744 0.04 -0.007163 -0.003877 0.06 1 90 0
91 -0.010744 -0.014038 0.04 -0.003877 -0.007163 0.06 1 91 0
92 -0.005815 -0.015195 0.04 0 -0.009359 0.06 1 92 0
93 0 -0.015195 0.04 0.005815 -0.009359 0.06 1 93 0
94 0.003877 -0.014038 0.04 0.010744 -0.007163 0.06 1 94 0
95 0.007163 -0.010744 0.04 0.014038 -0.003877 0.06 1 95 0
96 0.009359 -0.005815 0.04 0.015195 0 0.06 1 96 0
97 0.009359 0 0.04 0.015195 0.005815 0.06 1 97 0
98 0.007163 0.003877 0.04 0.014038 0.010744 0.06 1 98 0
99 0.003877 0.007163 0.04 0.010744 0.014038 0.06 1 99 0
100 0 0.009359 0.04 0.005815 0.015195 0.06 1 100 0
$EndEntities
$Nodes
1 6396 1 6396
3 1 0 6396
1
2
3
4
5
6
7
8
9
10
11
12
13
14
15
16
17
18
19
20
21
22
23
24
25
26
27
28
29
30
31
32
33
34
35
36
37
38
39
40
41
42
43
44
45
46
47
48
49
50
51
52
53
54
55
56
57
58
59
60
61
62
63
64
65
66
67
68
69
70
71
72
73
74
75
76
77
78
79
80
81
82
83
84
85
86
87
88
89
90
91
92
93
94
95
96
97
98
99
100
101
102
103
104
105
106
107
108
109
110
111
112
113
114
115
116
117
118
119
120
121
122
123
124
125
126
127
128
129
130
131
132
133
134
135
136
137
138
139
140
141
142
143
144
145
146
147
148
149
150
151
152
153
154
155
156
157
158
159
160
161
162
163
164
165
166
167
168
169
170
171
172
173
174
175
176
177
178
179
180
181
182
183
184
185
186
187
188
189
190
191
192
193
194
195
196
197
198
199
200
201
202
203
204
205
206
207
208
209
210
211
212
213
214
215
216
217
218
219
220
221
222
223
224
225
226
227
228
229
230
231
232
233
234
235
236
237
238
239
240
241
242
243
244
245
246
247
248
249
250
251
252
253
254
255
256
257
258
259
260
261
262
263
264
265
266
267
268
269
270
271
272
273
274
275
276
277
278
279
280
281
282
283
284
285
286
287
288
289
290
291
292
293
294
295
296
297
298
299
300
301
302
303
304
305
306
307
308
309
310
311
312
313
314
315
316
317
318
319
320
321
322
323
324
325
326
327
328
329
330
331
332
333
334
335
336
337
338
339
340
341
342
343
344
345
346
347
348
349
350
351
352
353
354
355
356
357
358
359
360
361
362
363
364
365
366
367
368
369
370
371
372
373
374
375
376
377
378
379
380
381
382
383
384
385
386
387
388
389
390
391
392
393
394
395
396
397
398
399
400
401
402
403
404
405
406
407
408
409
410
411
412
413
414
415
416
417
418
419
420
421
422
423
424
425
426
427
428
429
430
431
432
433
434
435
436
437
438
439
440
441
442
443
444
445
446
447
448
449
450
451
452
453
454
455
456
457
458
459
460
461
462
463
464
465
466
467
468
469
470
471
472
473
474
475
476
477
478
479
480
481
482
483
484
485
486
487
488
489
490
491
492
493
494
495
496
497
498
499
500
501
502
503
504
505
506
507
508
509
510
511
512
513
514
515
516
517
518
519
520
521
522
523
524
525
526
527
528
529
530
531
532
533
534
535
536
537
538
539
540
541
542
543
544
545
546
547
548
549
550
551
552
553
554
555
556
557
558
559
560
561
562
563
564
565
566
567
568
569
570
571
572
573
574
575
576
577
578
579
580
581
582
583
584
585
586
587
588
589
590
591
592
593
594
595
596
597
598
599
600
601
602
603
604
605
606
607
608
609
610
611
612
613
614
615
616
617
618
619
620
621
622
623
624
625
626
627
628
629
630
631
632
633
634
635
636
637
638
639
640
641
642
643
644
645
646
647
648
649
650
651
652
653
654
655
656
657
658
659
660
661
662
663
664
665
666
667
668
669
670
671
672
673
674
675
676
677
678
679
680
681
682
683
684
685
686
687
688
689
690
691
692
693
694
695
696
697
698
699
700
701
702
703
704
705
706
707
708
709
710
711
712
713
714
715
716
717
718
719
720
721
722
723
724
725
726
727
728
729
730
731
732
733
734
735
736
737
738
739
740
741
742
743
744
745
746
747
748
749
750
751
752
753
754
755
756
757
758
759
760
761
762
763
764
765
766
767
768
769
770
771
772
773
774
775
776
777
778
779
780
781
782
783
784
785
786
787
788
789
790
791
792
793
794
795
796
797
798
799
800
801
802
803
804
805
806
807
808
809
810
811
812
813
814
815
816
817
818
819
820
821
822
823
824
825
826
827
828
829
830
831
832
833
834
835
836
837
838
839
840
841
842
843
844
845
846
847
848
849
850
851
852
853
854
855
856
857
858
859
860
861
862
863
864
865
866
867
868
869
870
871
872
873
874
875
876
877
878
879
880
881
882
883
884
885
886
887
888
889
890
891
892
893
894
895
896
897
898
899
900
901
902
903
904
905
906
907
908
909
910
911
912
913
914
915
916
917
918
919
920
921
922
923
924
925
926
927
928
929
930
931
932
933
934
935
936
937
938
939
940
941
942
943
944
945
946
947
948
949
950
951
952
953
954
955
956
957
958
959
960
961
962
963
964
965
966
967
968
969
970
971
972
973
974
975
976
977
978
979
980
981
982
983
984
985
986
987
988
989
990
991
992
993
994
995
996
997
998
999
1000
1001
1002
1003
1004
1005
1006
1007
1008
1009
1010
1011
1012
1013
1014
1015
1016
1017
1018
1019
1020
1021
1022
1023
1024
1025
1026
1027
1028
1029
1030
1031
1032
1033
1034
1035
1036
1037
1038
1039
1040
1041
1042
1043
1044
1045
1046
1047
1048
1049
1050
1051
1052
1053
1054
1055
1056
1057
1058
1059
1060
1061
1062
1063
1064
1065
1066
1067
1068
1069
1070
1071
1072
1073
1074
1075
1076
1077
1078
1079
1080
1081
1082
1083
1084
1085
1086
1087
1088
1089
1090
1091
1092
1093
1094
1095
1096
1097
1098
1099
1100
1101
1102
1103
1104
1105
1106
1107
1108
1109
1110
1111
1112
1113
1114
1115
1116
1117
1118
1119
1120
1121
1122
1123
1124
1125
1126
1127
1128
1129
1130
1131
1132
1133
1134
1135
1136
1137
1138
1139
1140
1141
1142
1143
1144
1145
1146
1147
1148
1149
1150
1151
1152
1153
1154
1155
1156
1157
1158
1159
1160
1161
1162
1163
1164
1165
1166
1167
1168
1169
1170
1171
1172
1173
1174
1175
1176
1177
1178
1179
1180
1181
1182
1183
1184
1185
1186
1187
1188
1189
1190
1191
1192
1193
1194
1195
1196
1197
1198
1199
1200
1201
1202
1203
1204
1205
1206
1207
1208
1209
1210
1211
1212
1213
1214
1215
1216
1217
1218
1219
1220
1221
1222
1223
1224
1225
1226
1227
1228
1229
1230
1231
1232
1233
1234
1235
1236
1237
1238
1239
1240
1241
1242
1243
1244
1245
1246
1247
1248
1249
1250
1251
1252
1253
1254
1255
1256
1257
1258
1259
1260
1261
1262
1263
1264
1265
1266
1267
1268
1269
1270
1271
1272
1273
1274
1275
1276
1277
1278
1279
1280
1281
1282
1283
1284
1285
1286
1287
1288
1289
1290
1291
1292
1293
1294
1295
1296
1297
1298
1299
1300
1301
1302
1303
1304
1305
1306
1307
1308
1309
1310
1311
1312
1313
1314
1315
1316
1317
1318
1319
1320
1321
1322
1323
1324
1325
1326
1327
1328
1329
1330
1331
1332
1333
1334
1335
1336
1337
1338
1339
1340
1341
1342
1343
1344
1345
1346
1347
1348
1349
1350
1351
1352
1353
1354
1355
1356
1357
1358
1359
1360
1361
1362
1363
1364
1365
1366
1367
1368
1369
1370
1371
1372
1373
1374
1375
1376
1377
1378
1379
1380
1381
1382
1383
1384
1385
1386
1387
1388
1389
1390
1391
1392
1393
1394
1395
1396
1397
1398
1399
1400
1401
1402
1403
1404
1405
1406
1407
1408
1409
1410
1411
1412
1413
1414
1415
1416
1417
1418
1419
1420
1421
1422
1423
1424
1425
1426
1427
1428
1429
1430
1431
1432
1433
1434
1435
1436
1437
1438
1439
1440
1441
1442
1443
1444
1445
1446
1447
1448
1449
1450
1451
1452
1453
1454
1455
1456
1457
1458
1459
1460
1461
1462
1463
1464
1465
1466
1467
1468
1469
1470
1471
1472
1473
1474
1475
1476
1477
1478
1479
1480
1481
1482
1483
1484
1485
1486
1487
1488
1489
1490
1491
1492
1493
1494
1495
1496
1497
1498
1499
1500
1501
1502
1503
1504
1505
1506
1507
1508
1509
1510
1511
1512
1513
1514
1515
1516
1517
1518
1519
1520
1521
1522
1523
1524
1525
1526
1527
1528
1529
1530
1531
1532
1533
1534
1535
1536
1537
1538
1539
1540
1541
1542
1543
1544
1545
1546
1547
1548
1549
1550
1551
1552
1553
1554
1555
1556
1557
1558
1559
1560
1561
1562
1563
1564
1565
1566
1567
1568
1569
1570
1571
1572
1573
1574
1575
1576
1577
1578
1579
1580
1581
1582
1583
1584
1585
1586
1587
1588
1589
1590
1591
1592
1593
1594
1595
1596
1597
1598
1599
1600
1601
1602
1603
1604
1605
1606
1607
1608
1609
1610
1611
1612
1613
1614
1615
1616
1617
1618
1619
1620
1621
1622
1623
1624
1625
1626
1627
1628
1629
1630
1631
1632
1633
1634
1635
1636
1637
1638
1639
1640
1641
1642
1643
1644
1645
1646
1647
1648
1649
1650
1651
1652
1653
1654
1655
1656
1657
1658
1659
1660
1661
1662
1663
1664
1665
1666
1667
1668
1669
1670
1671
1672
1673
1674
1675
1676
1677
1678
1679
1680
1681
1682
1683
1684
1685
1686
1687
1688
1689
1690
1691
1692
1693
1694
1695
1696
1697
1698
1699
1700
1701
1702
1703
1704
1705
1706
1707
1708
1709
1710
1711
1712
1713
1714
1715
1716
1717
1718
1719
1720
1721
1722
1723
1724
1725
1726
1727
1728
1729
1730
1731
1732
1733
1734
1735
1736
1737
1738
1739
1740
1741
1742
1743
1744
1745
1746
1747
1748
1749
1750
1751
1752
1753
1754
1755
1756
1757
1758
1759
1760
1761
1762
1763
1764
1765
1766
1767
1768
1769
1770
1771
1772
1773
1774
1775
1776
1777
1778
1779
1780
1781
1782
1783
1784
1785
1786
1787
1788
1789
1790
1791
1792
1793
1794
1795
1796
1797
1798
1799
1800
1801
1802
1803
1804
1805
1806
1807
1808
1809
1810
1811
1812
1813
1814
1815
1816
1817
1818
1819
1820
1821
1822
1823
1824
1825
1826
1827
1828
1829
1830
1831
1832
1833
1834
1835
1836
1837
1838
1839
1840
1841
1842
1843
1844
1845
1846
1847
1848
1849
1850
1851
1852
1853
1854
1855
1856
1857
1858
1859
1860
1861
1862
1863
1864
1865
1866
1867
1868
1869
1870
1871
1872
1873
1874
1875
1876
1877
1878
1879
1880
1881
1882
1883
1884
1885
1886
1887
1888
1889
1890
1891
1892
1893
1894
1895
1896
1897
1898
1899
1900
1901
1902
1903
1904
1905
1906
1907
1908
1909
1910
1911
1912
1913
1914
1915
1916
1917
1918
1919
1920
1921
1922
1923
1924
1925
1926
1927
1928
1929
1930
1931
1932
1933
1934
1935
1936
1937
1938
1939
1940
1941
1942
1943
1944
1945
1946
1947
1948
1949
1950
1951
1952
1953
1954
1955
1956
1957
1958
1959
1960
1961
1962
1963
1964
1965
1966
1967
1968
1969
1970
1971
1972
1973
1974
1975
1976
1977
1978
1979
1980
1981
1982
1983
1984
1985
1986
1987
1988
1989
1990
1991
1992
1993
1994
1995
1996
1997
1998
1999
2000
2001
2002
2003
2004
2005
2006
2007
2008
2009
2010
2011
2012
2013
2014
2015
2016
2017
2018
2019
2020
2021
2022
2023
2024
2025
2026
2027
2028
2029
2030
2031
2032
2033
2034
2035
2036
2037
2038
2039
2040
2041
2042
2043
2044
2045
2046
2047
2048
2049
2050
2051
2052
2053
2054
2055
2056
2057
2058
2059
2060
2061
2062
2063
2064
2065
2066
2067
2068
2069
2070
2071
2072
2073
2074
2075
2076
2077
2078
2079
2080
2081
2082
2083
2084
2085
2086
2087
2088
2089
2090
2091
2092
2093
2094
2095
2096
2097
2098
2099
2100
2101
2102
2103
2104
2105
2106
2107
2108
2109
2110
2111
2112
2113
2114
2115
2116
2117
2118
2119
2120
2121
2122
2123
2124
2125
2126
2127
2128
2129
2130
2131
2132
2133
2134
2135
2136
2137
2138
2139
2140
2141
2142
2143
2144
2145
2146
2147
2148
2149
2150
2151
2152
2153
2154
2155
2156
2157
2158
2159
2160
2161
2162
2163
2164
2165
2166
2167
2168
2169
2170
2171
2172
2173
2174
2175
2176
2177
2178
2179
2180
2181
2182
2183
2184
2185
2186
2187
2188
2189
2190
2191
2192
2193
2194
2195
2196
2197
2198
2199
2200
2201
2202
2203
2204
2205
2206
2207
2208
2209
2210
2211
2212
2213
2214
2215
2216
2217
2218
2219
2220
2221
2222
2223
2224
2225
2226
2227
2228
2229
2230
2231
2232
2233
2234
2235
2236
2237
2238
2239
2240
2241
2242
2243
2244
2245
2246
2247
2248
2249
2250
2251
2252
2253
2254
2255
2256
2257
2258
2259
2260
2261
2262
2263
2264
2265
2266
2267
2268
2269
2270
2271
2272
2273
2274
2275
2276
2277
2278
2279
2280
2281
2282
2283
2284
2285
2286
2287
2288
2289
2290
2291
2292
2293
2294
2295
2296
2297
2298
2299
2300
2301
2302
2303
2304
2305
2306
2307
2308
2309
2310
2311
2312
2313
2314
2315
2316
2317
2318
2319
2320
2321
2322
2323
2324
2325
2326
2327
2328
2329
2330
2331
2332
2333
2334
2335
2336
2337
2338
2339
2340
2341
2342
2343
2344
2345
2346
2347
2348
2349
2350
2351
2352
2353
2354
2355
2356
2357
2358
2359
2360
2361
2362
2363
2364
2365
2366
2367
2368
2369
2370
2371
2372
2373
2374
2375
2376
2377
2378
2379
2380
2381
2382
2383
2384
2385
2386
2387
2388
2389
2390
2391
2392
2393
2394
2395
2396
2397
2398
2399
2400
2401
2402
2403
2404
2405
2406
2407
2408
2409
2410
2411
2412
2413
2414
2415
2416
2417
2418
2419
2420
2421
2422
2423
2424
2425
2426
2427
2428
2429
2430
2431
2432
2433
2434
2435
2436
2437
2438
2439
2440
2441
2442
2443
2444
2445
2446
2447
2448
2449
2450
2451
2452
2453
2454
2455
2456
2457
2458
2459
2460
2461
2462
2463
2464
2465
2466
2467
2468
2469
2470
2471
2472
2473
2474
2475
2476
2477
2478
2479
2480
2481
2482
2483
2484
2485
2486
2487
2488
2489
2490
2491
2492
2493
2494
2495
2496
2497
2498
2499
2500
2501
2502
2503
2504
2505
2506
2507
2508
2509
2510
2511
2512
2513
2514
2515
2516
2517
2518
2519
2520
2521
2522
2523
2524
2525
2526
2527
2528
2529
2530
2531
2532
2533
2534
2535
2536
2537
2538
2539
2540
2541
2542
2543
2544
2545
2546
2547
2548
2549
2550
2551
2552
2553
2554
2555
2556
2557
2558
2559
2560
2561
2562
2563
2564
2565
2566
2567
2568
2569
2570
2571
2572
2573
2574
2575
2576
2577
2578
2579
2580
2581
2582
2583
2584
2585
2586
2587
2588
2589
2590
2591
2592
2593
2594
2595
2596
2597
2598
2599
2600
2601
2602
2603
2604
2605
2606
2607
2608
2609
2610
2611
2612
2613
2614
2615
2616
2617
2618
2619
2620
2621
2622
2623
2624
2625
2626
2627
2628
2629
2630
2631
2632
2633
2634
2635
2636
2637
2638
2639
2640
2641
2642
2643
2644
2645
2646
2647
2648
2649
2650
2651
2652
2653
2654
2655
2656
2657
2658
2659
2660
2661
2662
2663
2664
2665
2666
2667
2668
2669
2670
2671
2672
2673
2674
2675
2676
2677
2678
2679
2680
2681
2682
2683
2684
2685
2686
2687
2688
2689
2690
2691
2692
2693
2694
2695
2696
2697
2698
2699
2700
2701
2702
2703
2704
2705
2706
2707
2708
2709
2710
2711
2712
2713
2714
2715
2716
2717
2718
2719
2720
2721
2722
2723
2724
2725
2726
2727
2728
2729
2730
2731
2732
2733
2734
2735
2736
2737
2738
2739
2740
2741
2742
2743
2744
2745
2746
2747
2748
2749
2750
2751
2752
2753
2754
2755
2756
2757
2758
2759
2760
2761
2762
2763
2764
2765
2766
2767
2768
2769
2770
2771
2772
2773
2774
2775
2776
2777
2778
2779
2780
2781
2782
2783
2784
2785
2786
2787
2788
2789
2790
2791
2792
2793
2794
2795
2796
2797
2798
2799
2800
2801
2802
2803
2804
2805
2806
2807
2808
2809
2810
2811
2812
2813
2814
2815
2816
2817
2818
2819
2820
2821
2822
2823
2824
2825
2826
2827
2828
2829
2830
2831
2832
2833
2834
2835
2836
2837
2838
2839
2840
2841
2842
2843
2844
2845
2846
2847
2848
2849
2850
2851
2852
2853
2854
2855
2856
2857
2858
2859
2860
2861
2862
2863
2864
2865
2866
2867
2868
2869
2870
2871
2872
2873
2874
2875
2876
2877
2878
2879
2880
2881
2882
2883
2884
2885
2886
2887
2888
2889
2890
2891
2892
2893
2894
2895
2896
2897
2898
2899
2900
2901
2902
2903
2904
2905
2906
2907
2908
2909
2910
2911
2912
2913
2914
2915
2916
2917
2918
2919
2920
2921
2922
2923
2924
2925
2926
2927
2928
2929
2930
2931
2932
2933
2934
2935
2936
2937
2938
2939
2940
2941
2942
2943
2944
2945
2946
2947
2948
2949
2950
2951
2952
2953
2954
2955
2956
2957
2958
2959
2960
2961
2962
2963
2964
2965
2966
2967
2968
2969
2970
2971
2972
2973
2974
2975
2976
2977
2978
2979
2980
2981
2982
2983
2984
2985
2986
2987
2988
2989
2990
2991
2992
2993
2994
2995
2996
2997
2998
2999
3000
3001
3002
3003
3004
3005
3006
3007
3008
3009
3010
3011
3012
3013
3014
3015
3016
3017
3018
3019
3020
3021
3022
3023
3024
3025
3026
3027
3028
3029
3030
3031
3032
3033
3034
3035
3036
3037
3038
3039
3040
3041
3042
3043
3044
3045
3046
3047
3048
3049
3050
3051
3052
3053
3054
3055
3056
3057
3058
3059
3060
3061
3062
3063
3064
3065
3066
3067
3068
3069
3070
3071
3072
3073
3074
3075
3076
3077
3078
3079
3080
3081
3082
3083
3084
3085
3086
3087
3088
3089
3090
3091
3092
3093
3094
3095
3096
3097
3098
3099
3100
3101
3102
3103
3104
3105
3106
3107
3108
3109
3110
3111
3112
3113
3114
3115
3116
3117
3118
3119
3120
3121
3122
3123
3124
3125
3126
3127
3128
3129
3130
3131
3132
3133
3134
3135
3136
3137
3138
3139
3140
3141
3142
3143
3144
3145
3146
3147
3148
3149
3150
3151
3152
3153
3154
3155
3156
3157
3158
3159
3160
3161
3162
3163
3164
3165
3166
3167
3168
3169
3170
3171
3172
3173
3174
3175
3176
3177
3178
3179
3180
3181
3182
3183
3184
3185
3186
3187
3188
3189
3190
3191
3192
3193
3194
3195
3196
3197
3198
3199
3200
3201
3202
3203
3204
3205
3206
3207
3208
3209
3210
3211
3212
3213
3214
3215
3216
3217
3218
3219
3220
3221
3222
3223
3224
3225
3226
3227
3228
3229
3230
3231
3232
3233
3234
3235
3236
3237
3238
3239
3240
3241
3242
3243
3244
3245
3246
3247
3248
3249
3250
3251
3252
3253
3254
3255
3256
3257
3258
3259
3260
3261
3262
3263
3264
3265
3266
3267
3268
3269
3270
3271
3272
3273
3274
3275
3276
3277
3278
3279
3280
3281
3282
3283
3284
3285
3286
3287
3288
3289
3290
3291
3292
3293
3294
3295
3296
3297
3298
3299
3300
3301
3302
3303
3304
3305
3306
3307
3308
3309
3310
3311
3312
3313
3314
3315
3316
3317
3318
3319
3320
3321
3322
3323
3324
3325
3326
3327
3328
3329
3330
3331
3332
3333
3334
3335
3336
3337
3338
3339
3340
3341
3342
3343
3344
3345
3346
3347
3348
3349
3350
3351
3352
3353
3354
3355
3356
3357
3358
3359
3360
3361
3362
3363
3364
3365
3366
3367
3368
3369
3370
3371
3372
3373
3374
3375
3376
3377
3378
3379
3380
3381
3382
3383
3384
3385
3386
3387
3388
3389
3390
3391
3392
3393
3394
3395
3396
3397
3398
3399
3400
3401
3402
3403
3404
3405
3406
3407
3408
3409
3410
3411
3412
3413
3414
3415
3416
3417
3418
3419
3420
3421
3422
3423
3424
3425
3426
3427
3428
3429
3430
3431
3432
3433
3434
3435
3436
3437
3438
3439
3440
3441
3442
3443
3444
3445
3446
3447
3448
3449
3450
3451
3452
3453
3454
3455
3456
3457
3458
3459
3460
3461
3462
3463
3464
3465
3466
3467
3468
3469
3470
3471
3472
3473
3474
3475
3476
3477
3478
3479
3480
3481
3482
3483
3484
3485
3486
3487
3488
3489
3490
3491
3492
3493
3494
3495
3496
3497
3498
3499
3500
3501
3502
3503
3504
3505
3506
3507
3508
3509
3510
3511
3512
3513
3514
3515
3516
3517
3518
3519
3520
3521
3522
3523
3524
3525
3526
3527
3528
3529
3530
3531
3532
3533
3534
3535
3536
3537
3538
3539
3540
3541
3542
3543
3544
3545
3546
3547
3548
3549
3550
3551
3552
3553
3554
3555
3556
3557
3558
3559
3560
3561
3562
3563
3564
3565
3566
3567
3568
3569
3570
3571
3572
3573
3574
3575
3576
3577
3578
3579
3580
3581
3582
3583
3584
3585
3586
3587
3588
3589
3590
3591
3592
3593
3594
3595
3596
3597
3598
3599
3600
3601
3602
3603
3604
3605
3606
3607
3608
3609
3610
3611
3612
3613
3614
3615
3616
3617
3618
3619
3620
3621
3622
3623
3624
3625
3626
3627
3628
3629
3630
3631
3632
3633
3634
3635
3636
3637
3638
3639
3640
3641
3642
3643
3644
3645
3646
3647
3648
3649
3650
3651
3652
3653
3654
3655
3656
3657
3658
3659
3660
3661
3662
3663
3664
3665
3666
3667
3668
3669
3670
3671
3672
3673
3674
3675
3676
3677
3678
3679
3680
3681
3682
3683
3684
3685
3686
3687
3688
3689
3690
3691
3692
3693
3694
3695
3696
3697
3698
3699
3700
3701
3702
3703
3704
3705
3706
3707
3708
3709
3710
3711
3712
3713
3714
3715
3716
3717
3718
3719
3720
3721
3722
3723
3724
3725
3726
3727
3728
3729
3730
3731
3732
3733
3734
3735
3736
3737
3738
3739
3740
3741
3742
3743
3744
3745
3746
3747
3748
3749
3750
3751
3752
3753
3754
3755
3756
3757
3758
3759
3760
3761
3762
3763
3764
3765
3766
3767
3768
3769
3770
3771
3772
3773
3774
3775
3776
3777
3778
3779
3780
3781
3782
3783
3784
3785
3786
3787
3788
3789
3790
3791
3792
3793
3794
3795
3796
3797
3798
3799
3800
3801
3802
3803
3804
3805
3806
3807
3808
3809
3810
3811
3812
3813
3814
3815
3816
3817
3818
3819
3820
3821
3822
3823
3824
3825
3826
3827
3828
3829
3830
3831
3832
3833
3834
3835
3836
3837
3838
3839
3840
3841
3842
3843
3844
3845
3846
3847
3848
3849
3850
3851
3852
3853
3854
3855
3856
3857
3858
3859
3860
3861
3862
3863
3864
3865
3866
3867
3868
3869
3870
3871
3872
3873
3874
3875
3876
3877
3878
3879
3880
3881
3882
3883
3884
3885
3886
3887
3888
3889
3890
3891
3892
3893
3894
3895
3896
3897
3898
3899
3900
3901
3902
3903
3904
3905
3906
3907
3908
3909
3910
3911
3912
3913
3914
3915
3916
3917
3918
3919
3920
3921
3922
3923
3924
3925
3926
3927
3928
3929
3930
3931
3932
3933
3934
3935
3936
3937
3938
3939
3940
3941
3942
3943
3944
3945
3946
3947
3948
3949
3950
3951
3952
3953
3954
3955
3956
3957
3958
3959
3960
3961
3962
3963
3964
3965
3966
3967
3968
3969
3970
3971
3972
3973
3974
3975
3976
3977
3978
3979
3980
3981
3982
3983
3984
3985
3986
3987
3988
3989
3990
3991
3992
3993
3994
3995
3996
3997
3998
3999
4000
4001
4002
4003
4004
4005
4006
4007
4008
4009
4010
4011
4012
4013
4014
4015
4016
4017
4018
4019
4020
4021
4022
4023
4024
4025
4026
4027
4028
4029
4030
4031
4032
4033
4034
4035
4036
4037
4038
4039
4040
4041
4042
4043
4044
4045
4046
4047
4048
4049
4050
4051
4052
4053
4054
4055
4056
4057
4058
4059
4060
4061
4062
4063
4064
4065
4066
4067
4068
4069
4070
4071
4072
4073
4074
4075
4076
4077
4078
4079
4080
4081
4082
4083
4084
4085
4086
4087
4088
4089
4090
4091
4092
4093
4094
4095
4096
4097
4098
4099
4100
4101
4102
4103
4104
4105
4106
4107
4108
4109
4110
4111
4112
4113
4114
4115
4116
4117
4118
4119
4120
4121
4122
4123
4124
4125
4126
4127
4128
4129
4130
4131
4132
4133
4134
4135
4136
4137
4138
4139
4140
4141
4142
4143
4144
4145
4146
4147
4148
4149
4150
4151
4152
4153
4154
4155
4156
4157
4158
4159
4160
4161
4162
4163
4164
4165
4166
4167
4168
4169
4170
4171
4172
4173
4174
4175
4176
4177
4178
4179
4180
4181
4182
4183
4184
4185
4186
4187
4188
4189
4190
4191
4192
4193
4194
4195
4196
4197
4198
4199
4200
4201
4202
4203
4204
4205
4206
4207
4208
4209
4210
4211
4212
4213
4214
4215
4216
4217
4218
4219
4220
4221
4222
4223
4224
4225
4226
4227
4228
4229
4230
4231
4232
4233
4234
4235
4236
4237
4238
4239
4240
4241
4242
4243
4244
4245
4246
4247
4248
4249
4250
4251
4252
4253
4254
4255
4256
4257
4258
4259
4260
4261
4262
4263
4264
4265
4266
4267
4268
4269
4270
4271
4272
4273
4274
4275
4276
4277
4278
4279
4280
4281
4282
4283
4284
4285
4286
4287
4288
4289
4290
4291
4292
4293
4294
4295
4296
4297
4298
4299
4300
4301
4302
4303
4304
4305
4306
4307
4308
4309
4310
4311
4312
4313
4314
4315
4316
4317
4318
4319
4320
4321
4322
4323
4324
4325
4326
4327
4328
4329
4330
4331
4332
4333
4334
4335
4336
4337
4338
4339
4340
4341
4342
4343
4344
4345
4346
4347
4348
4349
4350
4351
4352
4353
4354
4355
4356
4357
4358
4359
4360
4361
4362
4363
4364
4365
4366
4367
4368
4369
4370
4371
4372
4373
4374
4375
4376
4377
4378
4379
4380
4381
4382
4383
4384
4385
4386
4387
4388
4389
4390
4391
4392
4393
4394
4395
4396
4397
4398
4399
4400
4401
4402
4403
4404
4405
4406
4407
4408
4409
4410
4411
4412
4413
4414
4415
4416
4417
4418
4419
4420
4421
4422
4423
4424
4425
4426
4427
4428
4429
4430
4431
4432
4433
4434
4435
4436
4437
4438
4439
4440
4441
4442
4443
4444
4445
4446
4447
4448
4449
4450
4451
4452
4453
4454
4455
4456
4457
4458
4459
4460
4461
4462
4463
4464
4465
4466
4467
4468
4469
4470
4471
4472
4473
4474
4475
4476
4477
4478
4479
4480
4481
4482
4483
4484
4485
4486
4487
4488
4489
4490
4491
4492
4493
4494
4495
4496
4497
4498
4499
4500
4501
4502
4503
4504
4505
4506
4507
4508
4509
4510
4511
4512
4513
4514
4515
4516
4517
4518
4519
4520
4521
4522
4523
4524
4525
4526
4527
4528
4529
4530
4531
4532
4533
4534
4535
4536
4537
4538
4539
4540
4541
4542
4543
4544
4545
4546
4547
4548
4549
4550
4551
4552
4553
4554
4555
4556
4557
4558
4559
4560
4561
4562
4563
4564
4565
4566
4567
4568
4569
4570
4571
4572
4573
4574
4575
4576
4577
4578
4579
4580
4581
4582
4583
4584
4585
4586
4587
4588
4589
4590
4591
4592
4593
4594
4595
4596
4597
4598
4599
4600
4601
4602
4603
4604
4605
4606
4607
4608
4609
4610
4611
4612
4613
4614
4615
4616
4617
4618
4619
4620
4621
4622
4623
4624
4625
4626
4627
4628
4629
4630
4631
4632
4633
4634
4635
4636
4637
4638
4639
4640
4641
4642
4643
4644
4645
4646
4647
4648
4649
4650
4651
4652
4653
4654
4655
4656
4657
4658
4659
4660
4661
4662
4663
4664
4665
4666
4667
4668
4669
4670
4671
4672
4673
4674
4675
4676
4677
4678
4679
4680
4681
4682
4683
4684
4685
4686
4687
4688
4689
4690
4691
4692
4693
4694
4695
4696
4697
4698
4699
4700
4701
4702
4703
4704
4705
4706
4707
4708
4709
4710
4711
4712
4713
4714
4715
4716
4717
4718
4719
4720
4721
4722
4723
4724
4725
4726
4727
4728
4729
4730
4731
4732
4733
4734
4735
4736
4737
4738
4739
4740
4741
4742
4743
4744
4745
4746
4747
4748
4749
4750
4751
4752
4753
4754
4755
4756
4757
4758
4759
4760
4761
4762
4763
4764
4765
4766
4767
4768
4769
4770
4771
4772
4773
4774
4775
4776
4777
4778
4779
4780
4781
4782
4783
4784
4785
4786
4787
4788
4789
4790
4791
4792
4793
4794
4795
4796
4797
4798
4799
4800
4801
4802
4803
4804
4805
4806
4807
4808
4809
4810
4811
4812
4813
4814
4815
4816
4817
4818
4819
4820
4821
4822
4823
4824
4825
4826
4827
4828
4829
4830
4831
4832
4833
4834
4835
4836
4837
4838
4839
4840
4841
4842
4843
4844
4845
4846
4847
4848
4849
4850
4851
4852
4853
4854
4855
4856
4857
4858
4859
4860
4861
4862
4863
4864
4865
4866
4867
4868
4869
4870
4871
4872
4873
4874
4875
4876
4877
4878
4879
4880
4881
4882
4883
4884
4885
4886
4887
4888
4889
4890
4891
4892
4893
4894
4895
4896
4897
4898
4899
4900
4901
4902
4903
4904
4905
4906
4907
4908
4909
4910
4911
4912
4913
4914
4915
4916
4917
4918
4919
4920
4921
4922
4923
4924
4925
4926
4927
4928
4929
4930
4931
4932
4933
4934
4935
4936
4937
4938
4939
4940
4941
4942
4943
4944
4945
4946
4947
4948
4949
4950
4951
4952
4953
4954
4955
4956
4957
4958
4959
4960
4961
4962
4963
4964
4965
4966
4967
4968
4969
4970
4971
4972
4973
4974
4975
4976
4977
4978
4979
4980
4981
4982
4983
4984
4985
4986
4987
4988
4989
4990
4991
4992
4993
4994
4995
4996
4997
4998
4999
5000
5001
5002
5003
5004
5005
5006
5007
5008
5009
5010
5011
5012
5013
5014
5015
5016
5017
5018
5019
5020
5021
5022
5023
5024
5025
5026
5027
5028
5029
5030
5031
5032
5033
5034
5035
5036
5037
5038
5039
5040
5041
5042
5043
5044
5045
5046
5047
5048
5049
5050
5051
5052
5053
5054
5055
5056
5057
5058
5059
5060
5061
5062
5063
5064
5065
5066
5067
5068
5069
5070
5071
5072
5073
5074
5075
5076
5077
5078
5079
5080
5081
5082
5083
5084
5085
5086
5087
5088
5089
5090
5091
5092
5093
5094
5095
5096
5097
5098
5099
5100
5101
5102
5103
5104
5105
5106
5107
5108
5109
5110
5111
5112
5113
5114
5115
5116
5117
5118
5119
5120
5121
5122
5123
5124
5125
5126
5127
5128
5129
5130
5131
5132
5133
5134
5135
5136
5137
5138
5139
5140
5141
5142
5143
5144
5145
5146
5147
5148
5149
5150
5151
5152
5153
5154
5155
5156
5157
5158
5159
5160
5161
5162
5163
5164
5165
5166
5167
5168
5169
5170
5171
5172
5173
5174
5175
5176
5177
5178
5179
5180
5181
5182
5183
5184
5185
5186
5187
5188
5189
5190
5191
5192
5193
5194
5195
5196
5197
5198
5199
5200
5201
5202
5203
5204
5205
5206
5207
5208
5209
5210
5211
5212
5213
5214
5215
5216
5217
5218
5219
5220
5221
5222
5223
5224
5225
5226
5227
5228
5229
5230
5231
5232
5233
5234
5235
5236
5237
5238
5239
5240
5241
5242
5243
5244
5245
5246
5247
5248
5249
5250
5251
5252
5253
5254
5255
5256
5257
5258
5259
5260
5261
5262
5263
5264
5265
5266
5267
5268
5269
5270
5271
5272
5273
5274
5275
5276
5277
5278
5279
5280
5281
5282
5283
5284
5285
5286
5287
5288
5289
5290
5291
5292
5293
5294
5295
5296
5297
5298
5299
5300
5301
5302
5303
5304
5305
5306
5307
5308
5309
5310
5311
5312
5313
5314
5315
5316
5317
5318
5319
5320
5321
5322
5323
5324
5325
5326
5327
5328
5329
5330
5331
5332
5333
5334
5335
5336
5337
5338
5339
5340
5341
5342
5343
5344
5345
5346
5347
5348
5349
5350
5351
5352
5353
5354
5355
5356
5357
5358
5359
5360
5361
5362
5363
5364
5365
5366
5367
5368
5369
5370
5371
5372
5373
5374
5375
5376
5377
5378
5379
5380
5381
5382
5383
5384
5385
5386
5387
5388
5389
5390
5391
5392
5393
5394
5395
5396
5397
5398
5399
5400
5401
5402
5403
5404
5405
5406
5407
5408
5409
5410
5411
5412
5413
5414
5415
5416
5417
5418
5419
5420
5421
5422
5423
5424
5425
5426
5427
5428
5429
5430
5431
5432
5433
5434
5435
5436
5437
5438
5439
5440
5441
5442
5443
5444
5445
5446
5447
5448
5449
5450
5451
5452
5453
5454
5455
5456
5457
5458
5459
5460
5461
5462
5463
5464
5465
5466
5467
5468
5469
5470
5471
5472
5473
5474
5475
5476
5477
5478
5479
5480
5481
5482
5483
5484
5485
5486
5487
5488
5489
5490
5491
5492
5493
5494
5495
5496
5497
5498
5499
5500
5501
5502
5503
5504
5505
5506
5507
5508
5509
5510
5511
5512
5513
5514
5515
5516
5517
5518
5519
5520
5521
5522
5523
5524
5525
5526
5527
5528
5529
5530
5531
5532
5533
5534
5535
5536
5537
5538
5539
5540
5541
5542
5543
5544
5545
5546
5547
5548
5549
5550
5551
5552
5553
5554
5555
5556
5557
5558
5559
5560
5561
5562
5563
5564
5565
5566
5567
5568
5569
5570
5571
5572
5573
5574
5575
5576
5577
5578
5579
5580
5581
5582
5583
5584
5585
5586
5587
5588
5589
5590
5591
5592
5593
5594
5595
5596
5597
5598
5599
5600
5601
5602
5603
5604
5605
5606
5607
5608
5609
5610
5611
5612
5613
5614
5615
5616
5617
5618
5619
5620
5621
5622
5623
5624
5625
5626
5627
5628
5629
5630
5631
5632
5633
5634
5635
5636
5637
5638
5639
5640
5641
5642
5643
5644
5645
5646
5647
5648
5649
5650
5651
5652
5653
5654
5655
5656
5657
5658
5659
5660
5661
5662
5663
5664
5665
5666
5667
5668
5669
5670
5671
5672
5673
5674
5675
5676
5677
5678
5679
5680
5681
5682
5683
5684
5685
5686
5687
5688
5689
5690
5691
5692
5693
5694
5695
5696
5697
5698
5699
5700
5701
5702
5703
5704
5705
5706
5707
5708
5709
5710
5711
5712
5713
5714
5715
5716
5717
5718
5719
5720
5721
5722
5723
5724
5725
5726
5727
5728
5729
5730
5731
5732
5733
5734
5735
5736
5737
5738
5739
5740
5741
5742
5743
5744
5745
5746
5747
5748
5749
5750
5751
5752
5753
5754
5755
5756
5757
5758
5759
5760
5761
5762
5763
5764
5765
5766
5767
5768
5769
5770
5771
5772
5773
5774
5775
5776
5777
5778
5779
5780
5781
5782
5783
5784
5785
5786
5787
5788
5789
5790
5791
5792
5793
5794
5795
5796
5797
5798
5799
5800
5801
5802
5803
5804
5805
5806
5807
5808
5809
5810
5811
5812
5813
5814
5815
5816
5817
5818
5819
5820
5821
5822
5823
5824
5825
5826
5827
5828
5829
5830
5831
5832
5833
5834
5835
5836
5837
5838
5839
5840
5841
5842
5843
5844
5845
5846
5847
5848
5849
5850
5851
5852
5853
5854
5855
5856
5857
5858
5859
5860
5861
5862
5863
5864
5865
5866
5867
5868
5869
5870
5871
5872
5873
5874
5875
5876
5877
5878
5879
5880
5881
5882
5883
5884
5885
5886
5887
5888
5889
5890
5891
5892
5893
5894
5895
5896
5897
5898
5899
5900
5901
5902
5903
5904
5905
5906
5907
5908
5909
5910
5911
5912
5913
5914
5915
5916
5917
5918
5919
5920
5921
5922
5923
5924
5925
5926
5927
5928
5929
5930
5931
5932
5933
5934
5935
5936
5937
5938
5939
5940
5941
5942
5943
5944
5945
5946
5947
5948
5949
5950
5951
5952
5953
5954
5955
5956
5957
5958
5959
5960
5961
5962
5963
5964
5965
5966
5967
5968
5969
5970
5971
5972
5973
5974
5975
5976
5977
5978
5979
5980
5981
5982
5983
5984
5985
5986
5987
5988
5989
5990
5991
5992
5993
5994
5995
5996
5997
5998
5999
6000
6001
6002
6003
6004
6005
6006
6007
6008
6009
6010
6011
6012
6013
6014
6015
6016
6017
6018
6019
6020
6021
6022
6023
6024
6025
6026
6027
6028
6029
6030
6031
6032
6033
6034
6035
6036
6037
6038
6039
6040
6041
6042
6043
6044
6045
6046
6047
6048
6049
6050
6051
6052
6053
6054
6055
6056
6057
6058
6059
6060
6061
6062
6063
6064
6065
6066
6067
6068
6069
6070
6071
6072
6073
6074
6075
6076
6077
6078
6079
6080
6081
6082
6083
6084
6085
6086
6087
6088
6089
6090
6091
6092
6093
6094
6095
6096
6097
6098
6099
6100
6101
6102
6103
6104
6105
6106
6107
6108
6109
6110
6111
6112
6113
6114
6115
6116
6117
6118
6119
6120
6121
6122
6123
6124
6125
6126
6127
6128
6129
6130
6131
6132
6133
6134
6135
6136
6137
6138
6139
6140
6141
6142
6143
6144
6145
6146
6147
6148
6149
6150
6151
6152
6153
6154
6155
6156
6157
6158
6159
6160
6161
6162
6163
6164
6165
6166
6167
6168
6169
6170
6171
6172
6173
6174
6175
6176
6177
6178
6179
6180
6181
6182
6183
6184
6185
6186
6187
6188
6189
6190
6191
6192
6193
6194
6195
6196
6197
6198
6199
6200
6201
6202
6203
6204
6205
6206
6207
6208
6209
6210
6211
6212
6213
6214
6215
6216
6217
6218
6219
6220
6221
6222
6223
6224
6225
6226
6227
6228
6229
6230
6231
6232
6233
6234
6235
6236
6237
6238
6239
6240
6241
6242
6243
6244
6245
6246
6247
6248
6249
6250
6251
6252
6253
6254
6255
6256
6257
6258
6259
6260
6261
6262
6263
6264
6265
6266
6267
6268
6269
6270
6271
6272
6273
6274
6275
6276
6277
6278
6279
6280
6281
6282
6283
6284
6285
6286
6287
6288
6289
6290
6291
6292
6293
6294
6295
6296
6297
6298
6299
6300
6301
6302
6303
6304
6305
6306
6307
6308
6309
6310
6311
6312
6313
6314
6315
6316
6317
6318
6319
6320
6321
6322
6323
6324
6325
6326
6327
6328
6329
6330
6331
6332
6333
6334
6335
6336
6337
6338
6339
6340
6341
6342
6343
6344
6345
6346
6347
6348
6349
6350
6351
6352
6353
6354
6355
6356
6357
6358
6359
6360
6361
6362
6363
6364
6365
6366
6367
6368
6369
6370
6371
6372
6373
6374
6375
6376
6377
6378
6379
6380
6381
6382
6383
6384
6385
6386
6387
6388
6389
6390
6391
6392
6393
6394
6395
6396
-0.014038 -0.0058149999999999999 0.029999999999999999
-0.014038 -0.0058149999999999999 0.035000000000000003
-0.015195 0 0.035000000000000003
-0.015195 0 0.029999999999999999
-0.014038 -0.0058149999999999999 0.040000000000000001
-0.015195 0 0.040000000000000001
-0.0093589999999999993 -0.0038769999999999998 0.040000000000000001
-0.0093589999999999993 -0.0038769999999999998 0.029999999999999999
-0.01013 0 0.040000000000000001
-0.01013 0 0.029999999999999999
-0.014038 -0.0058149999999999999 0.02
-0.014038 -0.0058149999999999999 0.025000000000000001
-0.015195 0 0.025000000000000001
-0.015195 0 0.02
-0.0093589999999999993 -0.0038769999999999998 0.02
-0.01013 0 0.02
-0.0093589999999999993 -0.0038769999999999998 0.059999999999999998
-0.01013 0 0.059999999999999998
-0.014038 -0.0058149999999999999 0.059999999999999998
-0.015195 0 0.059999999999999998
-0.0093589999999999993 -0.0038769999999999998 0
-0.01013 0 0
-0.014038 -0.0058149999999999999 0
-0.015195 0 0
-0.014038 0.0058149999999999999 0.035000000000000003
-0.014038 0.0058149999999999999 0.029999999999999999
-0.014038 0.0058149999999999999 0.040000000000000001
-0.0093589999999999993 0.0038769999999999998 0.040000000000000001
-0.0093589999999999993 0.0038769999999999998 0.029999999999999999
-0.014038 0.0058149999999999999 0.059999999999999998
-0.0093589999999999993 0.0038769999999999998 0.059999999999999998
-0.014038 0.0058149999999999999 0.02
-0.014038 0.0058149999999999999 0
-0.0093589999999999993 0.0038769999999999998 0.02
-0.0093589999999999993 0.0038769999999999998 0
-0.014038 0.0058149999999999999 0.025000000000000001
-0.010744 0.010744 0.035000000000000003
-0.010744 0.010744 0.029999999999999999
-0.010744 0.010744 0.040000000000000001
-0.0071630000000000001 0.0071630000000000001 0.040000000000000001
-0.0071630000000000001 0.0071630000000000001 0.029999999999999999
-0.010744 0.010744 0.059999999999999998
-0.0071630000000000001 0.0071630000000000001 0.059999999999999998
-0.010744 -0.010744 0.029999999999999999
-0.010744 -0.010744 0.035000000000000003
-0.010744 -0.010744 0.040000000000000001
-0.0071630000000000001 -0.0071630000000000001 0.040000000000000001
-0.0071630000000000001 -0.0071630000000000001 0.029999999999999999
-0.0071630000000000001 -0.0071630000000000001 0.059999999999999998
-0.010744 -0.010744 0.059999999999999998
-0.010744 0.010744 0.02
-0.010744 0.010744 0
-0.0071630000000000001 0.0071630000000000001 0.02
-0.0071630000000000001 0.0071630000000000001 0
-0.0071630000000000001 -0.0071630000000000001 0
-0.0071630000000000001 -0.0071630000000000001 0.02
-0.010744 -0.010744 0
-0.010744 -0.010744 0.02
-0.010744 -0.010744 0.025000000000000001
-0.010744 0.010744 0.025000000000000001
-0.0058149999999999999 0.014038 0.035000000000000003
-0.0058149999999999999 0.014038 0.029999999999999999
-0.0058149999999999999 0.014038 0.040000000000000001
-0.0038769999999999998 0.0093589999999999993 0.040000000000000001
-0.0038769999999999998 0.0093589999999999993 0.029999999999999999
-0.0058149999999999999 0.014038 0.059999999999999998
-0.0038769999999999998 0.0093589999999999993 0.059999999999999998
-0.0058149999999999999 -0.014038 0.040000000000000001
-0.0058149999999999999 -0.014038 0.059999999999999998
-0.0038769999999999998 -0.0093589999999999993 0.059999999999999998
-0.0038769999999999998 -0.0093589999999999993 0.040000000000000001
-0.0058149999999999999 -0.014038 0
-0.0058149999999999999 -0.014038 0.02
-0.0038769999999999998 -0.0093589999999999993 0.02
-0.0038769999999999998 -0.0093589999999999993 0
-0.0058149999999999999 -0.014038 0.029999999999999999
-0.0058149999999999999 -0.014038 0.035000000000000003
-0.0038769999999999998 -0.0093589999999999993 0.029999999999999999
-0.0058149999999999999 -0.014038 0.025000000000000001
-0.0058149999999999999 0.014038 0.025000000000000001
-0.0058149999999999999 0.014038 0.02
-0.0038769999999999998 0.0093589999999999993 0.02
-0.0058149999999999999 0.014038 0
-0.0038769999999999998 0.0093589999999999993 0
-0.0050650000000000001 0 0.02
-0.003581 -0.003581 0.02
-0.0050650000000000001 0 0
-0.003581 -0.003581 0
-0.0050650000000000001 0 0.029999999999999999
-0.003581 -0.003581 0.029999999999999999
-0.0050650000000000001 0 0.040000000000000001
-0.003581 -0.003581 0.040000000000000001
-0.0050650000000000001 0 0.059999999999999998
-0.003581 -0.003581 0.059999999999999998
-0.003581 0.003581 0
-0.003581 0.003581 0.02
-0.003581 0.003581 0.040000000000000001
-0.003581 0.003581 0.059999999999999998
-0.003581 0.003581 0.029999999999999999
0 -0.01013 0.02
0 -0.0050650000000000001 0.02
0 -0.01013 0
0 -0.0050650000000000001 0
0 -0.01013 0.029999999999999999
0 -0.0050650000000000001 0.029999999999999999
0 -0.01013 0.040000000000000001
0 -0.0050650000000000001 0.040000000000000001
0 -0.01013 0.059999999999999998
0 -0.0050650000000000001 0.059999999999999998
0 0.01013 0.02
0 0.0050650000000000001 0.02
0 0.01013 0.029999999999999999
0 0.0050650000000000001 0.029999999999999999
0 0.01013 0.040000000000000001
0 0.0050650000000000001 0.040000000000000001
0 0.01013 0
0 0.0050650000000000001 0
0 0.01013 0.059999999999999998
0 0.0050650000000000001 0.059999999999999998
0 -0.015195 0
0 -0.015195 0.02
0 -0.015195 0.025000000000000001
0 -0.015195 0.029999999999999999
0 -0.015195 0.040000000000000001
0 -0.015195 0.035000000000000003
0 -0.015195 0.059999999999999998
0 0.015195 0.035000000000000003
0 0.015195 0.029999999999999999
0 0.015195 0.040000000000000001
0 0.015195 0.059999999999999998
0 0.015195 0
0 0.015195 0.02
0 0.015195 0.025000000000000001
0.003581 0.003581 0
0.0050650000000000001 0 0
0.003581 -0.003581 0
0.003581 0.003581 0.02
0.0050650000000000001 0 0.02
0.003581 -0.003581 0.02
0.003581 0.003581 0.029999999999999999
0.0050650000000000001 0 0.029999999999999999
0.003581 -0.003581 0.029999999999999999
0.003581 0.003581 0.040000000000000001
0.0050650000000000001 0 0.040000000000000001
0.003581 -0.003581 0.040000000000000001
0.003581 0.003581 0.059999999999999998
0.0050650000000000001 0 0.059999999999999998
0.003581 -0.003581 0.059999999999999998
0.0058149999999999999 -0.014038 0.02
0.0058149999999999999 -0.014038 0.025000000000000001
0.0058149999999999999 -0.014038 0.029999999999999999
0.0038769999999999998 -0.0093589999999999993 0.029999999999999999
0.0038769999999999998 -0.0093589999999999993 0.02
0.0058149999999999999 -0.014038 0.035000000000000003
0.0058149999999999999 -0.014038 0.040000000000000001
0.0038769999999999998 -0.0093589999999999993 0.040000000000000001
0.0058149999999999999 -0.014038 0
0.0038769999999999998 -0.0093589999999999993 0
0.0058149999999999999 -0.014038 0.059999999999999998
0.0038769999999999998 -0.0093589999999999993 0.059999999999999998
0.0058149999999999999 0.014038 0.025000000000000001
0.0058149999999999999 0.014038 0.029999999999999999
0.0058149999999999999 0.014038 0.02
0.0038769999999999998 0.0093589999999999993 0.029999999999999999
0.0038769999999999998 0.0093589999999999993 0.02
0.0058149999999999999 0.014038 0.035000000000000003
0.0058149999999999999 0.014038 0.040000000000000001
0.0038769999999999998 0.0093589999999999993 0.040000000000000001
0.0038769999999999998 0.0093589999999999993 0
0.0058149999999999999 0.014038 0
0.0071630000000000001 -0.0071630000000000001 0
0.0071630000000000001 -0.0071630000000000001 0.02
0.0071630000000000001 -0.0071630000000000001 0.029999999999999999
0.0071630000000000001 -0.0071630000000000001 0.040000000000000001
0.0071630000000000001 -0.0071630000000000001 0.059999999999999998
0.0071630000000000001 0.0071630000000000001 0.02
0.0071630000000000001 0.0071630000000000001 0
0.0071630000000000001 0.0071630000000000001 0.029999999999999999
0.0071630000000000001 0.0071630000000000001 0.040000000000000001
0.0038769999999999998 0.0093589999999999993 0.059999999999999998
0.0071630000000000001 0.0071630000000000001 0.059999999999999998
0.0058149999999999999 0.014038 0.059999999999999998
0.01013 0 0
0.0093589999999999993 -0.0038769999999999998 0
0.01013 0 0.02
0.0093589999999999993 -0.0038769999999999998 0.02
0.0093589999999999993 0.0038769999999999998 0.02
0.0093589999999999993 0.0038769999999999998 0
0.01013 0 0.029999999999999999
0.0093589999999999993 -0.0038769999999999998 0.029999999999999999
0.01013 0 0.040000000000000001
0.0093589999999999993 -0.0038769999999999998 0.040000000000000001
0.01013 0 0.059999999999999998
0.0093589999999999993 -0.0038769999999999998 0.059999999999999998
0.0093589999999999993 0.0038769999999999998 0.029999999999999999
0.0093589999999999993 0.0038769999999999998 0.040000000000000001
0.0093589999999999993 0.0038769999999999998 0.059999999999999998
0.010744 0.010744 0.040000000000000001
0.010744 0.010744 0.059999999999999998
0.010744 -0.010744 0.02
0.010744 -0.010744 0.025000000000000001
0.010744 -0.010744 0.029999999999999999
0.010744 0.010744 0.029999999999999999
0.010744 0.010744 0.035000000000000003
0.010744 -0.010744 0
0.010744 0.010744 0
0.010744 0.010744 0.02
0.010744 0.010744 0.025000000000000001
0.010744 -0.010744 0.035000000000000003
0.010744 -0.010744 0.040000000000000001
0.010744 -0.010744 0.059999999999999998
0.014038 -0.0058149999999999999 0.040000000000000001
0.014038 -0.0058149999999999999 0.059999999999999998
0.014038 0.0058149999999999999 0.02
0.014038 0.0058149999999999999 0.025000000000000001
0.014038 0.0058149999999999999 0.029999999999999999
0.014038 0.0058149999999999999 0.035000000000000003
0.014038 0.0058149999999999999 0.040000000000000001
0.014038 -0.0058149999999999999 0
0.014038 -0.0058149999999999999 0.02
0.014038 -0.0058149999999999999 0.025000000000000001
0.014038 -0.0058149999999999999 0.029999999999999999
0.014038 0.0058149999999999999 0
0.014038 0.0058149999999999999 0.059999999999999998
0.014038 -0.0058149999999999999 0.035000000000000003
0.015195 0 0.02
0.015195 0 0.025000000000000001
0.015195 0 0.029999999999999999
0.015195 0 0.035000000000000003
0.015195 0 0.040000000000000001
0.015195 0 0
0.015195 0 0.059999999999999998
0 0 0
0 0 0.059999999999999998
-0.014038 -0.0058149999999999999 0.032500000000000001
-0.014616499999999999 -0.0029074999999999978 0.035000000000000003
-0.015195 0 0.032500000000000001
-0.014616499999999999 -0.0029074999999999978 0.029999999999999999
-0.014038 -0.0058149999999999999 0.037500000000000006
-0.014616499999999999 -0.0029075000000000021 0.040000000000000001
-0.015195 0 0.037500000000000006
-0.011698500000000002 -0.0048460000000000005 0.040000000000000001
-0.0093589999999999993 -0.0038769999999999998 0.035113038313652589
-0.0093589999999999993 -0.0038769999999999998 0.032556519156826294
-0.0093589999999999993 -0.0038769999999999998 0.037556519156826285
-0.011698499999999995 -0.0048459999999999996 0.029999999999999999
-0.0126625 0 0.040000000000000001
-0.0097444999999999997 -0.0019384999999999984 0.040000000000000001
-0.01013 0 0.034932227631532857
-0.01013 0 0.037466113815766422
-0.01013 0 0.032466113815766431
-0.0126625 0 0.029999999999999999
-0.0097444999999999997 -0.0019384999999999984 0.029999999999999999
-0.014038 -0.0058149999999999999 0.022499999999999999
-0.014616499999999999 -0.0029074999999999978 0.025000000000000001
-0.015195 0 0.022499999999999999
-0.014616499999999999 -0.0029074999999999978 0.02
-0.014038 -0.0058149999999999999 0.0275
-0.015195 0 0.0275
-0.0093589999999999993 -0.0038769999999999998 0.025103659251969578
-0.0093589999999999993 -0.0038769999999999998 0.022551829625984787
-0.0093589999999999993 -0.0038769999999999998 0.027551829625984788
-0.011698499999999995 -0.0048459999999999996 0.02
-0.01013 0 0.024971894744602704
-0.01013 0 0.027485947372301353
-0.01013 0 0.022485947372301352
-0.0126625 0 0.02
-0.0097444999999999997 -0.0019384999999999984 0.02
-0.0093589999999999993 -0.0038769999999999998 0.046851750601258957
-0.0093589999999999993 -0.0038769999999999998 0.053884928576508354
-0.0093589999999999993 -0.0038769999999999998 0.043425875300629482
-0.0093589999999999993 -0.0038769999999999998 0.050368339588883655
-0.0093589999999999993 -0.0038769999999999998 0.056942464288254176
-0.0097444999999999997 -0.0019385000000000016 0.059999999999999998
-0.01013 0 0.053706586091323803
-0.01013 0 0.046756578724165818
-0.01013 0 0.056853293045661897
-0.01013 0 0.050231582407744807
-0.01013 0 0.043378289362082906
-0.014038 -0.0058149999999999999 0.044999999999999984
-0.014038 -0.0058149999999999999 0.049999999999999989
-0.014038 -0.0058149999999999999 0.054999999999999993
-0.014038 -0.0058149999999999999 0.042500000000000003
-0.014038 -0.0058149999999999999 0.047499999999999994
-0.014038 -0.0058149999999999999 0.052499999999999991
-0.014038 -0.0058149999999999999 0.057500000000000002
-0.011698500000000002 -0.0048460000000000005 0.059999999999999998
-0.014616499999999999 -0.0029074999999999978 0.059999999999999998
-0.0126625 0 0.059999999999999998
-0.015195 0 0.044999999999999984
-0.015195 0 0.049999999999999989
-0.015195 0 0.054999999999999993
-0.015195 0 0.042500000000000003
-0.015195 0 0.047499999999999994
-0.015195 0 0.052499999999999991
-0.015195 0 0.057500000000000002
-0.0093589999999999993 -0.0038769999999999998 0.0063797132651146919
-0.0093589999999999993 -0.0038769999999999998 0.013384390986959946
-0.0093589999999999993 -0.0038769999999999998 0.0031898566325573455
-0.0093589999999999993 -0.0038769999999999998 0.0098820521260373183
-0.0093589999999999993 -0.0038769999999999998 0.016692195493479972
-0.01013 0 0.0060716108429642764
-0.01013 0 0.012822158256529824
-0.01013 0 0.0030358054214821377
-0.01013 0 0.0094468845497470508
-0.01013 0 0.016411079128264915
-0.0097444999999999997 -0.0019385000000000016 0
-0.014038 -0.0058149999999999999 0.0049999999999999871
-0.014038 -0.0058149999999999999 0.0099999999999999881
-0.014038 -0.0058149999999999999 0.014999999999999993
-0.014038 -0.0058149999999999999 0.0024999999999999931
-0.014038 -0.0058149999999999999 0.0074999999999999876
-0.014038 -0.0058149999999999999 0.01249999999999999
-0.014038 -0.0058149999999999999 0.017499999999999995
-0.011698500000000002 -0.0048460000000000005 0
-0.015195 0 0.0049999999999999871
-0.015195 0 0.0099999999999999881
-0.015195 0 0.014999999999999993
-0.015195 0 0.0024999999999999931
-0.015195 0 0.0074999999999999876
-0.015195 0 0.01249999999999999
-0.015195 0 0.017499999999999995
-0.0126625 0 0
-0.014616499999999999 -0.0029074999999999978 0
-0.014616499999999999 0.0029075000000000021 0.035000000000000003
-0.014038 0.0058149999999999999 0.032500000000000001
-0.014616499999999999 0.0029075000000000021 0.029999999999999999
-0.014616499999999999 0.0029074999999999978 0.040000000000000001
-0.014038 0.0058149999999999999 0.037500000000000006
-0.011698500000000002 0.0048460000000000005 0.040000000000000001
-0.0097444999999999997 0.0019385000000000016 0.040000000000000001
-0.011698499999999995 0.0048459999999999996 0.029999999999999999
-0.0093589999999999993 0.0038769999999999998 0.033260335990742428
-0.0093589999999999993 0.0038769999999999998 0.036529297042463597
-0.0093589999999999993 0.0038769999999999998 0.03163016799537121
-0.0093589999999999993 0.0038769999999999998 0.034894816516603019
-0.0093589999999999993 0.0038769999999999998 0.038264648521231806
-0.0097444999999999997 0.0019385000000000016 0.029999999999999999
-0.014616499999999999 0.0029075000000000021 0.059999999999999998
-0.014038 0.0058149999999999999 0.045011675178968674
-0.014038 0.0058149999999999999 0.049996166483359007
-0.014038 0.0058149999999999999 0.054988324821031297
-0.014038 0.0058149999999999999 0.042505837589484334
-0.014038 0.0058149999999999999 0.047503920831163837
-0.014038 0.0058149999999999999 0.052492245652195159
-0.014038 0.0058149999999999999 0.057494162410515651
-0.011698500000000002 0.0048460000000000005 0.059999999999999998
-0.0097444999999999997 0.0019384999999999984 0.059999999999999998
-0.0093589999999999993 0.0038769999999999998 0.045388250024931347
-0.0093589999999999993 0.0038769999999999998 0.049788163914206977
-0.0093589999999999993 0.0038769999999999998 0.054358925562739913
-0.0093589999999999993 0.0038769999999999998 0.042694125012465681
-0.0093589999999999993 0.0038769999999999998 0.047588206969569162
-0.0093589999999999993 0.0038769999999999998 0.052073544738473448
-0.0093589999999999993 0.0038769999999999998 0.057179462781369962
-0.014616499999999999 0.0029075000000000021 0.02
-0.014038 0.0058149999999999999 0.0050278584247300468
-0.014038 0.0058149999999999999 0.0099672873841720935
-0.014038 0.0058149999999999999 0.014972141575269932
-0.014038 0.0058149999999999999 0.0025139292123650234
-0.014038 0.0058149999999999999 0.0074975729044510688
-0.014038 0.0058149999999999999 0.012469714479721013
-0.014038 0.0058149999999999999 0.017486070787634967
-0.014616499999999999 0.0029075000000000021 0
-0.011698499999999995 0.0048459999999999996 0.02
-0.0097444999999999997 0.0019385000000000016 0.02
-0.011698500000000002 0.0048460000000000005 0
-0.0093589999999999993 0.0038769999999999998 0.0055366801965236285
-0.0093589999999999993 0.0038769999999999998 0.0099797598083856982
-0.0093589999999999993 0.0038769999999999998 0.014510262265552772
-0.0093589999999999993 0.0038769999999999998 0.0027683400982618143
-0.0093589999999999993 0.0038769999999999998 0.0077582200024546638
-0.0093589999999999993 0.0038769999999999998 0.012245011036969237
-0.0093589999999999993 0.0038769999999999998 0.017255131132776387
-0.0097444999999999997 0.0019384999999999984 0
-0.014616499999999999 0.0029075000000000021 0.025000000000000001
-0.014038 0.0058149999999999999 0.022499999999999999
-0.014038 0.0058149999999999999 0.0275
-0.0093589999999999993 0.0038769999999999998 0.023315842331420276
-0.0093589999999999993 0.0038769999999999998 0.026582467265708759
-0.0093589999999999993 0.0038769999999999998 0.021657921165710137
-0.0093589999999999993 0.0038769999999999998 0.024949154798564514
-0.0093589999999999993 0.0038769999999999998 0.028291233632854376
-0.012333797389728396 0.0083650955270275443 0.035000000000000003
-0.013185898694864195 0.0070900477635137717 0.035000000000000003
-0.011538898694864196 0.0095545477635137731 0.035000000000000003
-0.010744 0.010744 0.032500000000000001
-0.01239696931730374 0.0082705677701912159 0.029999999999999999
-0.013217484658651867 0.0070427838850956083 0.029999999999999999
-0.011570484658651868 0.009507283885095608 0.029999999999999999
-0.012390999999999999 0.0082794999999999987 0.040000000000000001
-0.010743999999999998 0.010743999999999998 0.037500000000000006
-0.0087639883748209454 0.0087639883748209454 0.040000000000000001
-0.0079634941874104723 0.0079634941874104723 0.040000000000000001
-0.0097539941874104728 0.0097539941874104728 0.040000000000000001
-0.008261000000000001 0.005519999999999998 0.040000000000000001
-0.0087443750752554221 0.0087443750752554221 0.029999999999999999
-0.0097441875376277128 0.0097441875376277128 0.029999999999999999
-0.0079536875376277124 0.0079536875376277124 0.029999999999999999
-0.0071630000000000001 0.0071630000000000001 0.037735651576540713
-0.0071630000000000001 0.0071630000000000001 0.03588757055589429
-0.0071630000000000001 0.0071630000000000001 0.033924239632939494
-0.0071630000000000001 0.0071630000000000001 0.032081313684688903
-0.0071630000000000001 0.0071630000000000001 0.038867825788270353
-0.0071630000000000001 0.0071630000000000001 0.036811611066217498
-0.0071630000000000001 0.0071630000000000001 0.034905905094416885
-0.0071630000000000001 0.0071630000000000001 0.033002776658814195
-0.0071630000000000001 0.0071630000000000001 0.031040656842344447
-0.0081566375019527463 0.0056761635558211631 0.029999999999999999
-0.0087578187509763736 0.0047765817779105817 0.029999999999999999
-0.0076598187509763745 0.0064195817779105803 0.029999999999999999
-0.012390999999999998 0.0082795000000000004 0.059999999999999998
-0.010744 0.010744 0.045312215595802258
-0.010743999999999998 0.010743999999999998 0.050043251066127233
-0.010743999999999998 0.010743999999999998 0.054700918902666193
-0.010744 0.010744 0.042656107797901126
-0.010744 0.010744 0.047677733330964742
-0.010743999999999998 0.010743999999999998 0.052372084984396723
-0.010743999999999998 0.010743999999999998 0.057350459451333102
-0.0089534999999999979 0.0089534999999999979 0.059999999999999998
-0.0082609999999999992 0.0055200000000000015 0.059999999999999998
-0.0071630000000000001 0.0071630000000000001 0.056318149911756717
-0.0071630000000000001 0.0071630000000000001 0.053661444075049525
-0.0071630000000000001 0.0071630000000000001 0.051689699630594499
-0.0071630000000000001 0.0071630000000000001 0.049770820525340792
-0.0071630000000000001 0.0071630000000000001 0.047831974108920393
-0.0071630000000000001 0.0071630000000000001 0.045902207971284366
-0.0071630000000000001 0.0071630000000000001 0.04333908527848556
-0.0071630000000000001 0.0071630000000000001 0.058159074955878361
-0.0071630000000000001 0.0071630000000000001 0.054989796993403117
-0.0071630000000000001 0.0071630000000000001 0.052675571852822005
-0.0071630000000000001 0.0071630000000000001 0.050730260077967645
-0.0071630000000000001 0.0071630000000000001 0.048801397317130603
-0.0071630000000000001 0.0071630000000000001 0.046867091040102393
-0.0071630000000000001 0.0071630000000000001 0.04462064662488497
-0.0071630000000000001 0.0071630000000000001 0.041669542639242781
-0.010744 -0.010744 0.032500000000000001
-0.012390999999999999 -0.0082794999999999987 0.035000000000000003
-0.012390999999999999 -0.0082794999999999987 0.029999999999999999
-0.010743999999999998 -0.010743999999999998 0.037500000000000006
-0.012390999999999999 -0.0082795000000000021 0.040000000000000001
-0.0089534999999999979 -0.0089534999999999979 0.040000000000000001
-0.0071630000000000001 -0.0071630000000000001 0.034999999999999989
-0.0071630000000000001 -0.0071630000000000001 0.037499999999999992
-0.0071630000000000001 -0.0071630000000000001 0.032499999999999994
-0.0089534999999999979 -0.0089534999999999979 0.029999999999999999
-0.0082609999999999992 -0.0055200000000000015 0.040000000000000001
-0.0082609999999999992 -0.0055200000000000015 0.029999999999999999
-0.0071630000000000001 -0.0071630000000000001 0.053741640181868201
-0.0071630000000000001 -0.0071630000000000001 0.046913046335266891
-0.0071630000000000001 -0.0071630000000000001 0.056870820090934096
-0.0071630000000000001 -0.0071630000000000001 0.050327343258567546
-0.0071630000000000001 -0.0071630000000000001 0.043456523167633446
-0.008261000000000001 -0.005519999999999998 0.059999999999999998
-0.010744 -0.010744 0.044999999999999984
-0.010744 -0.010744 0.049999999999999989
-0.010743999999999998 -0.010743999999999998 0.054999999999999993
-0.010744 -0.010744 0.042500000000000003
-0.010744 -0.010744 0.047499999999999994
-0.010743999999999998 -0.010743999999999998 0.052499999999999991
-0.010743999999999998 -0.010743999999999998 0.057500000000000002
-0.0089534999999999979 -0.0089534999999999979 0.059999999999999998
-0.012390999999999999 -0.0082794999999999987 0.059999999999999998
-0.012390999999999998 0.0082795000000000004 0.02
-0.010744 0.010744 0.0053202342514483978
-0.010744 0.010744 0.0099967798510885841
-0.010743999999999998 0.010743999999999998 0.014668250772432308
-0.010744 0.010744 0.0026601171257241989
-0.010744 0.010744 0.0076585070512684914
-0.010743999999999998 0.010743999999999998 0.012332515311760446
-0.010743999999999998 0.010743999999999998 0.017334125386216155
-0.012390999999999998 0.0082795000000000004 0
-0.008761086864649572 0.008761086864649572 0.02
-0.009752543432324786 0.009752543432324786 0.02
-0.0079620434323247856 0.0079620434323247856 0.02
-0.0081656027951376598 0.0056627482764925532 0.02
-0.0087623013975688287 0.0047698741382462767 0.02
-0.0076643013975688304 0.0064128741382462754 0.02
-0.0089534999999999979 0.0089534999999999979 0
-0.0071630000000000001 0.0071630000000000001 0.003670633057934468
-0.0071630000000000001 0.0071630000000000001 0.0063181807237486622
-0.0071630000000000001 0.0071630000000000001 0.008282039379406695
-0.0071630000000000001 0.0071630000000000001 0.010199744441717683
-0.0071630000000000001 0.0071630000000000001 0.012144193995016908
-0.0071630000000000001 0.0071630000000000001 0.014087073158130126
-0.0071630000000000001 0.0071630000000000001 0.016670621445515448
-0.0071630000000000001 0.0071630000000000001 0.0018353165289672335
-0.0071630000000000001 0.0071630000000000001 0.0049944068908415644
-0.0071630000000000001 0.0071630000000000001 0.0073001100515776782
-0.0071630000000000001 0.0071630000000000001 0.0092408919105621892
-0.0071630000000000001 0.0071630000000000001 0.011171969218367297
-0.0071630000000000001 0.0071630000000000001 0.013115633576573516
-0.0071630000000000001 0.0071630000000000001 0.015378847301822788
-0.0071630000000000001 0.0071630000000000001 0.018335310722757719
-0.0082609999999999992 0.0055200000000000015 0
-0.0071630000000000001 -0.0071630000000000001 0.0062583597837767213
-0.0071630000000000001 -0.0071630000000000001 0.013086953628483484
-0.0071630000000000001 -0.0071630000000000001 0.0031291798918883606
-0.0071630000000000001 -0.0071630000000000001 0.009672656706130104
-0.0071630000000000001 -0.0071630000000000001 0.016543476814241741
-0.0082609999999999992 -0.0055200000000000015 0.02
-0.008261000000000001 -0.005519999999999998 0
-0.010744 -0.010744 0.0049999999999999871
-0.010744 -0.010744 0.0099999999999999881
-0.010743999999999998 -0.010743999999999998 0.014999999999999993
-0.010744 -0.010744 0.0024999999999999931
-0.010744 -0.010744 0.0074999999999999876
-0.010743999999999998 -0.010743999999999998 0.01249999999999999
-0.010743999999999998 -0.010743999999999998 0.017499999999999995
-0.0089534999999999979 -0.0089534999999999979 0.02
-0.0089534999999999979 -0.0089534999999999979 0
-0.012390999999999999 -0.0082794999999999987 0.02
-0.012390999999999999 -0.0082794999999999987 0
-0.010744 -0.010744 0.022499999999999999
-0.012390999999999999 -0.0082794999999999987 0.025000000000000001
-0.010743999999999998 -0.010743999999999998 0.0275
-0.0071630000000000001 -0.0071630000000000001 0.024999999999999988
-0.0071630000000000001 -0.0071630000000000001 0.027499999999999997
-0.0071630000000000001 -0.0071630000000000001 0.022499999999999992
-0.012333797344804952 0.008365095594249054 0.025000000000000005
-0.013185898672402475 0.0070900477971245273 0.025000000000000001
-0.011538898672402473 0.0095545477971245296 0.025000000000000005
-0.010744 0.010744 0.022499999999999999
-0.010743999999999998 0.010743999999999998 0.0275
-0.0071630000000000001 0.0071630000000000001 0.027902900738594843
-0.0071630000000000001 0.0071630000000000001 0.026056124982648799
-0.0071630000000000001 0.0071630000000000001 0.024092655906567187
-0.0071630000000000001 0.0071630000000000001 0.022250112572181777
-0.0071630000000000001 0.0071630000000000001 0.028951450369297416
-0.0071630000000000001 0.0071630000000000001 0.026979512860621817
-0.0071630000000000001 0.0071630000000000001 0.025074390444607991
-0.0071630000000000001 0.0071630000000000001 0.023171384239374478
-0.0071630000000000001 0.0071630000000000001 0.021125056286090887
-0.0083590652298693238 0.012337827375291224 0.035000000000000003
-0.0095515326149346602 0.01154091368764561 0.035000000000000003
-0.0070870326149346605 0.013187913687645611 0.035000000000000003
-0.0058149999999999999 0.014038 0.032500000000000001
-0.0082705677755617307 0.012396969313714678 0.029999999999999999
-0.0095072838877808645 0.011570484656857338 0.029999999999999999
-0.007042783887780864 0.013217484656857339 0.029999999999999999
-0.0082795000000000021 0.012390999999999999 0.040000000000000001
-0.0058149999999999999 0.014038 0.037500000000000006
-0.0048460000000000005 0.011698500000000002 0.040000000000000001
-0.0056593063411544556 0.008167903005120148 0.040000000000000001
-0.0064111531705772279 0.0076654515025600754 0.040000000000000001
-0.0047681531705772301 0.0087634515025600736 0.040000000000000001
-0.0048459999999999996 0.011698499999999995 0.029999999999999999
-0.0038769999999999998 0.0093589999999999993 0.033361861035366654
-0.0038769999999999998 0.0093589999999999993 0.036572578724387246
-0.0038769999999999998 0.0093589999999999993 0.031680930517683323
-0.0038769999999999998 0.0093589999999999993 0.03496721987987695
-0.0038769999999999998 0.0093589999999999993 0.038286289362193617
-0.0056764713548120137 0.0081564318030532008 0.029999999999999999
-0.0064197356774060074 0.0076597159015266017 0.029999999999999999
-0.0047767356774060087 0.0087577159015265992 0.029999999999999999
-0.0058149999999999999 0.014038 0.045115098443532717
-0.0058149999999999999 0.014038 0.049992608860663403
-0.0058149999999999999 0.014038 0.054884901556467261
-0.0058149999999999999 0.014038 0.042557549221766362
-0.0058149999999999999 0.014038 0.047553853652098056
-0.0058149999999999999 0.014038 0.052438755208565321
-0.0058149999999999999 0.014038 0.057442450778233622
-0.0048460000000000005 0.011698500000000002 0.059999999999999998
-0.0038769999999999998 0.0093589999999999993 0.044495617650984781
-0.0038769999999999998 0.0093589999999999993 0.048143322519153403
-0.0038769999999999998 0.0093589999999999993 0.051583279306088525
-0.0038769999999999998 0.0093589999999999993 0.055279292936537765
-0.0038769999999999998 0.0093589999999999993 0.042247808825492394
-0.0038769999999999998 0.0093589999999999993 0.046319470085069085
-0.0038769999999999998 0.0093589999999999993 0.049863300912620971
-0.0038769999999999998 0.0093589999999999993 0.053431286121313142
-0.0038769999999999998 0.0093589999999999993 0.057639646468268885
-0.0082794999999999987 0.012390999999999999 0.059999999999999998
-0.005519999999999998 0.008261000000000001 0.059999999999999998
-0.0058149999999999999 -0.014038 0.044999999999999984
-0.0058149999999999999 -0.014038 0.049999999999999989
-0.0058149999999999999 -0.014038 0.054999999999999993
-0.0058149999999999999 -0.014038 0.042500000000000003
-0.0058149999999999999 -0.014038 0.047499999999999994
-0.0058149999999999999 -0.014038 0.052499999999999991
-0.0058149999999999999 -0.014038 0.057500000000000002
-0.0082795000000000004 -0.012390999999999998 0.059999999999999998
-0.0082794999999999987 -0.012390999999999999 0.040000000000000001
-0.005519999999999998 -0.008261000000000001 0.059999999999999998
-0.0048460000000000005 -0.011698500000000002 0.059999999999999998
-0.0038769999999999998 -0.0093589999999999993 0.046615609054497083
-0.0038769999999999998 -0.0093589999999999993 0.053620286686104551
-0.0038769999999999998 -0.0093589999999999993 0.043307804527248542
-0.0038769999999999998 -0.0093589999999999993 0.050117947870300814
-0.0038769999999999998 -0.0093589999999999993 0.056810143343052281
-0.005519999999999998 -0.008261000000000001 0.040000000000000001
-0.0048460000000000005 -0.011698500000000002 0.040000000000000001
-0.0058149999999999999 -0.014038 0.0049999999999999871
-0.0058149999999999999 -0.014038 0.0099999999999999881
-0.0058149999999999999 -0.014038 0.014999999999999993
-0.0058149999999999999 -0.014038 0.0024999999999999931
-0.0058149999999999999 -0.014038 0.0074999999999999876
-0.0058149999999999999 -0.014038 0.01249999999999999
-0.0058149999999999999 -0.014038 0.017499999999999995
-0.0082795000000000021 -0.012390999999999999 0.02
-0.0082795000000000004 -0.012390999999999998 0
-0.005519999999999998 -0.008261000000000001 0.02
-0.0048459999999999996 -0.011698499999999995 0.02
-0.0038769999999999998 -0.0093589999999999993 0.0061150713855638843
-0.0038769999999999998 -0.0093589999999999993 0.013148249238878328
-0.0038769999999999998 -0.0093589999999999993 0.0030575356927819417
-0.0038769999999999998 -0.0093589999999999993 0.0096316603122211034
-0.0038769999999999998 -0.0093589999999999993 0.016574124619439162
-0.0055200000000000015 -0.0082609999999999992 0
-0.0048460000000000005 -0.011698500000000002 0
-0.0058149999999999999 -0.014038 0.032500000000000001
-0.0082795000000000021 -0.012390999999999999 0.035000000000000003
-0.0082795000000000021 -0.012390999999999999 0.029999999999999999
-0.0058149999999999999 -0.014038 0.037500000000000006
-0.0038769999999999998 -0.0093589999999999993 0.034893484907238155
-0.0038769999999999998 -0.0093589999999999993 0.03244674245361908
-0.0038769999999999998 -0.0093589999999999993 0.037446742453619078
-0.0048459999999999996 -0.011698499999999995 0.029999999999999999
-0.005519999999999998 -0.008261000000000001 0.029999999999999999
-0.0058149999999999999 -0.014038 0.022499999999999999
-0.0082795000000000021 -0.012390999999999999 0.025000000000000001
-0.0058149999999999999 -0.014038 0.0275
-0.0038769999999999998 -0.0093589999999999993 0.024883568400624653
-0.0038769999999999998 -0.0093589999999999993 0.022441784200312325
-0.0038769999999999998 -0.0093589999999999993 0.02744178420031233
-0.0083590652858594773 0.012337827337873581 0.025000000000000005
-0.009551532642929737 0.01154091366893679 0.025000000000000005
-0.0070870326429297364 0.01318791366893679 0.025000000000000001
-0.0058149999999999999 0.014038 0.022499999999999999
-0.0082794999999999987 0.012390999999999999 0.02
-0.0058149999999999999 0.014038 0.0275
-0.0048459999999999996 0.011698499999999995 0.02
-0.0038769999999999998 0.0093589999999999993 0.023427421207997144
-0.0038769999999999998 0.0093589999999999993 0.026638139030945675
-0.0038769999999999998 0.0093589999999999993 0.021713710603998567
-0.0038769999999999998 0.0093589999999999993 0.025032780119471409
-0.0038769999999999998 0.0093589999999999993 0.02831906951547284
-0.0056612178755091466 0.0081666255463730721 0.02
-0.0064121089377545725 0.0076648127731865348 0.02
-0.0047691089377545756 0.0087628127731865339 0.02
-0.0048459999999999996 0.011698499999999995 0
-0.0058149999999999999 0.014038 0.014884901637635979
-0.0058149999999999999 0.014038 0.010007391239583533
-0.0058149999999999999 0.014038 0.0051150983623640418
-0.0058149999999999999 0.014038 0.017442450818817991
-0.0058149999999999999 0.014038 0.012446146438609756
-0.0058149999999999999 0.014038 0.0075612448009737872
-0.0058149999999999999 0.014038 0.00255754918118202
-0.0038769999999999998 0.0093589999999999993 0.015504382957402052
-0.0038769999999999998 0.0093589999999999993 0.011856678727763423
-0.0038769999999999998 0.0093589999999999993 0.0084167225030375142
-0.0038769999999999998 0.0093589999999999993 0.004720709559605487
-0.0038769999999999998 0.0093589999999999993 0.017752191478701027
-0.0038769999999999998 0.0093589999999999993 0.013680530842582738
-0.0038769999999999998 0.0093589999999999993 0.010136700615400469
-0.0038769999999999998 0.0093589999999999993 0.0065687160313215006
-0.0038769999999999998 0.0093589999999999993 0.0023603547798027417
-0.0082794999999999987 0.012390999999999999 0
-0.005519999999999998 0.008261000000000001 0
-0.0075975000000000001 0 0.02
-0.0043230000000000005 -0.0017904999999999991 0.02
-0.0053720000000000009 -0.0053720000000000009 0.02
-0.0075975000000000001 0 0
-0.0050650000000000001 0 0.0144109599368272
-0.0050650000000000001 0 0.0095154075318055059
-0.0050650000000000001 0 0.0047163199138433032
-0.0050650000000000001 0 0.017205479968413602
-0.0050650000000000001 0 0.011963183734316351
-0.0050650000000000001 0 0.0071158637228244045
-0.0050650000000000001 0 0.002358159956921652
-0.0043230000000000005 -0.0017904999999999991 0
-0.0035809999999999995 -0.0035809999999999995 0.012393963368040608
-0.003581 -0.003581 0.0054816696660970419
-0.0035809999999999995 -0.0035809999999999995 0.016196981684020305
-0.003581 -0.003581 0.0089378165170688247
-0.003581 -0.003581 0.0027408348330485201
-0.0053720000000000009 -0.0053720000000000009 0
-0.0075975000000000001 0 0.029999999999999999
-0.0043229999999999996 -0.0017905000000000004 0.029999999999999999
-0.0053720000000000018 -0.0053720000000000018 0.029999999999999999
-0.0050650000000000001 0 0.025065157583305221
-0.0050650000000000001 0 0.027532578791652607
-0.0050650000000000001 0 0.022532578791652609
-0.0035809999999999995 -0.0035809999999999995 0.025045137105448367
-0.0035809999999999995 -0.0035809999999999995 0.027522568552724187
-0.003581 -0.003581 0.022522568552724186
-0.0075975000000000001 0 0.040000000000000001
-0.0043230000000000005 -0.0017904999999999991 0.040000000000000001
-0.0053720000000000009 -0.0053720000000000009 0.040000000000000001
-0.0050650000000000001 0 0.035034905998738555
-0.0050650000000000001 0 0.037517452999369282
-0.0050650000000000001 0 0.032517452999369277
-0.0035809999999999995 -0.0035809999999999995 0.035009294287339794
-0.0035809999999999995 -0.0035809999999999995 0.037504647143669897
-0.003581 -0.003581 0.0325046471436699
-0.0075975000000000001 0 0.059999999999999998
-0.0043230000000000005 -0.0017904999999999991 0.059999999999999998
-0.0053719999999999983 -0.0053719999999999983 0.059999999999999998
-0.0050650000000000001 0 0.05528368019191239
-0.0050650000000000001 0 0.050484592464861686
-0.0050650000000000001 0 0.045589039951884569
-0.0050650000000000001 0 0.057641840095956194
-0.0050650000000000001 0 0.052884136328387038
-0.0050650000000000001 0 0.048036816208373127
-0.0050650000000000001 0 0.042794519975942281
-0.0035809999999999995 -0.0035809999999999995 0.054518330262205913
-0.003581 -0.003581 0.047606036502995566
-0.0035809999999999995 -0.0035809999999999995 0.057259165131102963
-0.0035809999999999995 -0.0035809999999999995 0.051062183382600733
-0.003581 -0.003581 0.043803018251497773
-0.0053720000000000009 0.0053720000000000009 0
-0.0043229999999999996 0.0017905000000000004 0
-0.0035809999999999995 0.0035809999999999995 0.014554134371811692
-0.003581 0.003581 0.0098991624991602908
-0.003581 0.003581 0.0053080714938066632
-0.0035809999999999995 0.0035809999999999995 0.017277067185905846
-0.0035809999999999995 0.0035809999999999995 0.012226648435485992
-0.003581 0.003581 0.0076036169964834787
-0.003581 0.003581 0.0026540357469033334
-0.0055622927761265397 0.0055622927761265397 0.02
-0.0045716463880632685 0.0045716463880632685 0.02
-0.0063626463880632712 0.0063626463880632712 0.02
-0.0043229999999999996 0.0017905000000000004 0.02
-0.0055585945597903712 0.0055585945597903712 0.040000000000000001
-0.0045697972798951856 0.0045697972798951856 0.040000000000000001
-0.0063607972798951865 0.0063607972798951865 0.040000000000000001
-0.0043229999999999996 0.0017905000000000004 0.040000000000000001
-0.0035809999999999995 0.0035809999999999995 0.054691928538224445
-0.0035809999999999995 0.0035809999999999995 0.050100837424799302
-0.003581 0.003581 0.045445865465232521
-0.0035809999999999995 0.0035809999999999995 0.057345964269112218
-0.0035809999999999995 0.0035809999999999995 0.052396382981511877
-0.003581 0.003581 0.047773351445015919
-0.003581 0.003581 0.042722932732616258
-0.0053720000000000009 0.0053720000000000009 0.059999999999999998
-0.0043229999999999996 0.0017905000000000004 0.059999999999999998
-0.0035809999999999995 0.0035809999999999995 0.025077927257177751
-0.0035809999999999995 0.0035809999999999995 0.027538963628588875
-0.003581 0.003581 0.022538963628588878
-0.0055796834664060364 0.0055796834664060364 0.029999999999999999
-0.0045803417332030165 0.0045803417332030165 0.029999999999999999
-0.0063713417332030174 0.0063713417332030174 0.029999999999999999
-0.0043230000000000005 0.0017904999999999991 0.029999999999999999
-0.0035809999999999995 0.0035809999999999995 0.035040972584875527
-0.0035809999999999995 0.0035809999999999995 0.03752048629243776
-0.003581 0.003581 0.032520486292437763
-0.0019385000000000016 -0.0097444999999999997 0.02
-0.0017905000000000004 -0.0043229999999999996 0.02
0 -0.0075975000000000001 0.02
0 -0.01013 0.006296898526098626
0 -0.01013 0.013239875806418408
0 -0.01013 0.003148449263049313
0 -0.01013 0.0097683871662585155
0 -0.01013 0.016619937903209203
-0.0019384999999999984 -0.0097444999999999997 0
-0.0017905000000000004 -0.0043229999999999996 0
0 -0.0050650000000000001 0.014370417276935433
0 -0.0050650000000000001 0.0094896957552254232
0 -0.0050650000000000001 0.004704236080077643
0 -0.0050650000000000001 0.017185208638467717
0 -0.0050650000000000001 0.011930056516080428
0 -0.0050650000000000001 0.0070969659176515331
0 -0.0050650000000000001 0.0023521180400388232
0 -0.0075975000000000001 0
-0.0019385000000000016 -0.0097444999999999997 0.029999999999999999
-0.0017904999999999991 -0.0043230000000000005 0.029999999999999999
0 -0.0075975000000000001 0.029999999999999999
0 -0.01013 0.024971894742064585
0 -0.01013 0.027485947371032288
0 -0.01013 0.022485947371032287
0 -0.0050650000000000001 0.025065157583305221
0 -0.0050650000000000001 0.027532578791652607
0 -0.0050650000000000001 0.022532578791652609
-0.0019385000000000016 -0.0097444999999999997 0.040000000000000001
-0.0017905000000000004 -0.0043229999999999996 0.040000000000000001
0 -0.0075975000000000001 0.040000000000000001
0 -0.01013 0.034932227625025597
0 -0.01013 0.037466113812512802
0 -0.01013 0.032466113812512798
0 -0.0050650000000000001 0.035034905998738555
0 -0.0050650000000000001 0.037517452999369282
0 -0.0050650000000000001 0.032517452999369277
-0.0019385000000000016 -0.0097444999999999997 0.059999999999999998
-0.0017904999999999991 -0.0043230000000000005 0.059999999999999998
0 -0.0075975000000000001 0.059999999999999998
0 -0.01013 0.05390209671642112
0 -0.01013 0.047139487530124931
0 -0.01013 0.056951048358210563
0 -0.01013 0.050520792123273033
0 -0.01013 0.043569743765062473
0 -0.0050650000000000001 0.055295764032698688
0 -0.0050650000000000001 0.050510304257547878
0 -0.0050650000000000001 0.045629582635331366
0 -0.0050650000000000001 0.057647882016349343
0 -0.0050650000000000001 0.052903034145123283
0 -0.0050650000000000001 0.048069943446439625
0 -0.0050650000000000001 0.042814791317665683
-0.0019384999999999984 0.0097444999999999997 0.02
0 0.0075975000000000001 0.02
-0.0017904999999999991 0.0043230000000000005 0.02
-0.0019384999999999984 0.0097444999999999997 0.029999999999999999
0 0.01013 0.025032085910528308
0 0.01013 0.027516042955264157
0 0.01013 0.022516042955264156
0 0.0050650000000000001 0.02506013644629836
0 0.0050650000000000001 0.02253006822314918
0 0.0050650000000000001 0.027530068223149178
0 0.0075975000000000001 0.029999999999999999
-0.0017905000000000004 0.0043229999999999996 0.029999999999999999
-0.0019384999999999984 0.0097444999999999997 0.040000000000000001
0 0.01013 0.034967914098580445
0 0.01013 0.032483957049290225
0 0.01013 0.037483957049290223
0 0.0050650000000000001 0.035014281941215787
0 0.0050650000000000001 0.032507140970607896
0 0.0050650000000000001 0.037507140970607887
0 0.0075975000000000001 0.040000000000000001
-0.0017904999999999991 0.0043230000000000005 0.040000000000000001
-0.0019385000000000016 0.0097444999999999997 0
0 0.0075975000000000001 0
-0.0017904999999999991 0.0043230000000000005 0
0 0.01013 0.01281325529940102
0 0.01013 0.006230228685377261
0 0.01013 0.016406627649700509
0 0.01013 0.0095217419923891416
0 0.01013 0.0031151143426886296
0 0.0050650000000000001 0.014396095497485554
0 0.0050650000000000001 0.0095455410973691521
0 0.0050650000000000001 0.0047354492919727612
0 0.0050650000000000001 0.017198047748742777
0 0.0050650000000000001 0.011970818297427351
0 0.0050650000000000001 0.0071404951946709566
0 0.0050650000000000001 0.002367724645986381
-0.0019385000000000016 0.0097444999999999997 0.059999999999999998
0 0.01013 0.055231300202234122
0 0.01013 0.050220991385758758
0 0.01013 0.045206415213406209
0 0.01013 0.057615650101117057
0 0.01013 0.05272614579399644
0 0.01013 0.04771370329958248
0 0.01013 0.042603207606703102
0 0.0050650000000000001 0.045603904455466811
0 0.0050650000000000001 0.050454458845483857
0 0.0050650000000000001 0.05526455076889368
0 0.0050650000000000001 0.042801952227733406
0 0.0050650000000000001 0.048029181650475331
0 0.0050650000000000001 0.052859504807188762
0 0.0050650000000000001 0.057632275384446839
0 0.0075975000000000001 0.059999999999999998
-0.0017904999999999991 0.0043230000000000005 0.059999999999999998
0 -0.015195 0.0049999999999999871
0 -0.015195 0.0099999999999999881
0 -0.015195 0.014999999999999993
0 -0.015195 0.0024999999999999931
0 -0.015195 0.0074999999999999876
0 -0.015195 0.01249999999999999
0 -0.015195 0.017499999999999995
-0.0029075000000000021 -0.014616499999999999 0.02
-0.0029075000000000021 -0.014616499999999999 0
0 -0.0126625 0.02
0 -0.0126625 0
0 -0.015195 0.022499999999999999
-0.0029075000000000021 -0.014616499999999999 0.025000000000000001
0 -0.015195 0.0275
-0.0029075000000000021 -0.014616499999999999 0.029999999999999999
0 -0.0126625 0.029999999999999999
0 -0.015195 0.037499999999999999
-0.0029074999999999978 -0.014616499999999999 0.040000000000000001
-0.0029075000000000021 -0.014616499999999999 0.035000000000000003
0 -0.015195 0.032500000000000001
0 -0.0126625 0.040000000000000001
0 -0.015195 0.044999999999999984
0 -0.015195 0.049999999999999989
0 -0.015195 0.054999999999999993
0 -0.015195 0.042500000000000003
0 -0.015195 0.047499999999999994
0 -0.015195 0.052499999999999991
0 -0.015195 0.057500000000000002
-0.0029075000000000021 -0.014616499999999999 0.059999999999999998
0 -0.0126625 0.059999999999999998
-0.0029074999999999978 0.014616499999999999 0.035000000000000003
0 0.015195 0.032500000000000001
-0.0029074999999999978 0.014616499999999999 0.029999999999999999
-0.0029075000000000021 0.014616499999999999 0.040000000000000001
0 0.015195 0.037500000000000006
0 0.0126625 0.040000000000000001
0 0.0126625 0.029999999999999999
0 0.015195 0.055000000000000007
0 0.015195 0.05000000000000001
0 0.015195 0.045000000000000005
0 0.015195 0.057500000000000002
0 0.015195 0.052500000000000005
0 0.015195 0.047500000000000007
0 0.015195 0.042500000000000003
0 0.0126625 0.059999999999999998
-0.0029074999999999978 0.014616499999999999 0.059999999999999998
0 0.0126625 0
0 0.015195 0.015000000000000012
0 0.015195 0.010000000000000012
0 0.015195 0.0050000000000000096
0 0.015195 0.017500000000000009
0 0.015195 0.012500000000000013
0 0.015195 0.0075000000000000093
0 0.015195 0.0025000000000000057
0 0.0126625 0.02
-0.0029074999999999978 0.014616499999999999 0
-0.0029074999999999978 0.014616499999999999 0.02
-0.0029074999999999978 0.014616499999999999 0.025000000000000005
0 0.015195 0.02250000000000001
0 0.015195 0.0275
0.0017905000000000004 0.0043229999999999996 0
0.0043230000000000005 0.0017904999999999991 0
0.0043229999999999996 -0.0017905000000000004 0
0.0017904999999999991 -0.0043230000000000005 0
0.0017905000000000004 0.0043229999999999996 0.02
0.0043230000000000005 0.0017904999999999991 0.02
0.0043229999999999996 -0.0017905000000000004 0.02
0.0017904999999999991 -0.0043230000000000005 0.02
0.0035809999999999995 0.0035809999999999995 0.0054838648749969115
0.003581 0.003581 0.012394269256981286
0.0035809999999999995 0.0035809999999999995 0.0027419324374984557
0.0035809999999999995 0.0035809999999999995 0.0089390670659890981
0.003581 0.003581 0.016197134628490643
0.0050650000000000001 0 0.0047233654576270953
0.0050650000000000001 0 0.0095204567511096884
0.0050650000000000001 0 0.014356445379987783
0.0050650000000000001 0 0.0023616827288135481
0.0050650000000000001 0 0.0071219111043683923
0.0050650000000000001 0 0.011938451065548736
0.0050650000000000001 0 0.017178222689993892
0.0035809999999999995 -0.0035809999999999995 0.0053080714930248477
0.0035809999999999995 -0.0035809999999999995 0.009899162500645757
0.003581 -0.003581 0.014554134372619128
0.0035809999999999995 -0.0035809999999999995 0.0026540357465124238
0.0035809999999999995 -0.0035809999999999995 0.0076036169968353023
0.003581 -0.003581 0.012226648436632442
0.003581 -0.003581 0.017277067186309565
0.0017904999999999991 0.0043230000000000005 0.029999999999999999
0.0043229999999999996 0.0017905000000000004 0.029999999999999999
0.0043230000000000005 -0.0017904999999999991 0.029999999999999999
0.0017905000000000004 -0.0043229999999999996 0.029999999999999999
0.0035809999999999995 0.0035809999999999995 0.025042533609959713
0.0035809999999999995 0.0035809999999999995 0.027521266804979856
0.003581 0.003581 0.022521266804979852
0.0050650000000000001 0 0.02506013644810472
0.0050650000000000001 0 0.027530068224052361
0.0050650000000000001 0 0.02253006822405236
0.0035809999999999995 -0.0035809999999999995 0.025077927257177751
0.0035809999999999995 -0.0035809999999999995 0.027538963628588875
0.003581 -0.003581 0.022538963628588878
0.0017905000000000004 0.0043229999999999996 0.040000000000000001
0.0043230000000000005 0.0017904999999999991 0.040000000000000001
0.0043229999999999996 -0.0017905000000000004 0.040000000000000001
0.0017904999999999991 -0.0043230000000000005 0.040000000000000001
0.0035809999999999995 0.0035809999999999995 0.035000100548849077
0.0035809999999999995 0.0035809999999999995 0.037500050274424539
0.003581 0.003581 0.032500050274424541
0.0050650000000000001 0 0.035014281941215787
0.0050650000000000001 0 0.037507140970607887
0.0050650000000000001 0 0.032507140970607896
0.0035809999999999995 -0.0035809999999999995 0.035040972584875527
0.0035809999999999995 -0.0035809999999999995 0.03752048629243776
0.003581 -0.003581 0.032520486292437763
0.0017904999999999991 0.0043230000000000005 0.059999999999999998
0.0043229999999999996 0.0017905000000000004 0.059999999999999998
0.0043230000000000005 -0.0017904999999999991 0.059999999999999998
0.0017905000000000004 -0.0043229999999999996 0.059999999999999998
0.0035809999999999995 0.0035809999999999995 0.054516135066896253
0.003581 0.003581 0.047605730633318938
0.0035809999999999995 0.0035809999999999995 0.057258067533448129
0.0035809999999999995 0.0035809999999999995 0.051060932850107599
0.003581 0.003581 0.043802865316659473
0.0050650000000000001 0 0.055276634610271526
0.0050650000000000001 0 0.050479543205697357
0.0050650000000000001 0 0.045643554596950235
0.0050650000000000001 0 0.057638317305135765
0.0050650000000000001 0 0.052878088907984448
0.0050650000000000001 0 0.048061548901323782
0.0050650000000000001 0 0.042821777298475111
0.0035809999999999995 -0.0035809999999999995 0.054691928538224445
0.0035809999999999995 -0.0035809999999999995 0.050100837424799302
0.003581 -0.003581 0.045445865465232521
0.0035809999999999995 -0.0035809999999999995 0.057345964269112218
0.0035809999999999995 -0.0035809999999999995 0.052396382981511877
0.003581 -0.003581 0.047773351445015919
0.003581 -0.003581 0.042722932732616258
0.0029074999999999978 -0.014616499999999999 0.02
0.0058149999999999999 -0.014038 0.022499999999999999
0.0029074999999999978 -0.014616499999999999 0.025000000000000001
0.0058149999999999999 -0.014038 0.0275
0.0029075000000000021 -0.014616499999999999 0.029999999999999999
0.0048460000000000005 -0.011698500000000002 0.029999999999999999
0.0038769999999999998 -0.0093589999999999993 0.02331584233142028
0.0038769999999999998 -0.0093589999999999993 0.026582467265708752
0.0038769999999999998 -0.0093589999999999993 0.02165792116571014
0.0038769999999999998 -0.0093589999999999993 0.024949154798564514
0.0038769999999999998 -0.0093589999999999993 0.028291233632854376
0.0048459999999999996 -0.011698499999999995 0.02
0.0019384999999999984 -0.0097444999999999997 0.029999999999999999
0.0019384999999999984 -0.0097444999999999997 0.02
0.0058149999999999999 -0.014038 0.032500000000000001
0.0029074999999999978 -0.014616499999999999 0.035000000000000003
0.0058149999999999999 -0.014038 0.037500000000000006
0.0029075000000000021 -0.014616499999999999 0.040000000000000001
0.0048460000000000005 -0.011698500000000002 0.040000000000000001
0.0038769999999999998 -0.0093589999999999993 0.033260335990742428
0.0038769999999999998 -0.0093589999999999993 0.036529297042463597
0.0038769999999999998 -0.0093589999999999993 0.031630167995371217
0.0038769999999999998 -0.0093589999999999993 0.034894816516603019
0.0038769999999999998 -0.0093589999999999993 0.038264648521231806
0.0019384999999999984 -0.0097444999999999997 0.040000000000000001
0.0058149999999999999 -0.014038 0.0050278584247300468
0.0058149999999999999 -0.014038 0.0099672873841720935
0.0058149999999999999 -0.014038 0.014972141575269932
0.0058149999999999999 -0.014038 0.0025139292123650234
0.0058149999999999999 -0.014038 0.0074975729044510688
0.0058149999999999999 -0.014038 0.012469714479721013
0.0058149999999999999 -0.014038 0.017486070787634967
0.0038769999999999998 -0.0093589999999999993 0.0055366801965236303
0.0038769999999999998 -0.0093589999999999993 0.0099797598083856999
0.0038769999999999998 -0.0093589999999999993 0.014510262265552774
0.0038769999999999998 -0.0093589999999999993 0.0027683400982618151
0.0038769999999999998 -0.0093589999999999993 0.0077582200024546655
0.0038769999999999998 -0.0093589999999999993 0.01224501103696924
0.0038769999999999998 -0.0093589999999999993 0.017255131132776387
0.0048460000000000005 -0.011698500000000002 0
0.0029074999999999978 -0.014616499999999999 0
0.0019385000000000016 -0.0097444999999999997 0
0.0058149999999999999 -0.014038 0.045011675178968674
0.0058149999999999999 -0.014038 0.049996166483359007
0.0058149999999999999 -0.014038 0.054988324821031297
0.0058149999999999999 -0.014038 0.042505837589484334
0.0058149999999999999 -0.014038 0.047503920831163837
0.0058149999999999999 -0.014038 0.052492245652195159
0.0058149999999999999 -0.014038 0.057494162410515651
0.0048460000000000005 -0.011698500000000002 0.059999999999999998
0.0038769999999999998 -0.0093589999999999993 0.045388250024931354
0.0038769999999999998 -0.0093589999999999993 0.049788163914206977
0.0038769999999999998 -0.0093589999999999993 0.05435892556273992
0.0038769999999999998 -0.0093589999999999993 0.042694125012465681
0.0038769999999999998 -0.0093589999999999993 0.047588206969569162
0.0038769999999999998 -0.0093589999999999993 0.052073544738473448
0.0038769999999999998 -0.0093589999999999993 0.057179462781369962
0.0029074999999999978 -0.014616499999999999 0.059999999999999998
0.0019384999999999984 -0.0097444999999999997 0.059999999999999998
0.0029075000000000021 0.014616499999999999 0.025000000000000001
0.0029074999999999978 0.014616499999999999 0.029999999999999999
0.0058149999999999999 0.014038 0.0275
0.0029075000000000021 0.014616499999999999 0.02
0.0058149999999999999 0.014038 0.022499999999999999
0.0019385000000000016 0.0097444999999999997 0.029999999999999999
0.0048460000000000005 0.011698500000000002 0.029999999999999999
0.0048459999999999996 0.011698499999999995 0.02
0.0038769999999999998 0.0093589999999999993 0.024883568381683395
0.0038769999999999998 0.0093589999999999993 0.022441784190841696
0.0038769999999999998 0.0093589999999999993 0.027441784190841697
0.0019385000000000016 0.0097444999999999997 0.02
0.0029075000000000021 0.014616499999999999 0.035000000000000003
0.0058149999999999999 0.014038 0.032500000000000001
0.0029075000000000021 0.014616499999999999 0.040000000000000001
0.0058149999999999999 0.014038 0.037500000000000006
0.0019385000000000016 0.0097444999999999997 0.040000000000000001
0.0048459999999999996 0.011698499999999995 0.040000000000000001
0.0038769999999999998 0.0093589999999999993 0.034893484891387626
0.0038769999999999998 0.0093589999999999993 0.032446742445693809
0.0038769999999999998 0.0093589999999999993 0.037446742445693806
0.0019384999999999984 0.0097444999999999997 0
0.0029075000000000021 0.014616499999999999 0
0.0048459999999999996 0.011698499999999995 0
0.0058149999999999999 0.014038 0.015000000000000012
0.0058149999999999999 0.014038 0.010000000000000012
0.0058149999999999999 0.014038 0.0050000000000000096
0.0058149999999999999 0.014038 0.017500000000000009
0.0058149999999999999 0.014038 0.012500000000000013
0.0058149999999999999 0.014038 0.0075000000000000093
0.0058149999999999999 0.014038 0.0025000000000000057
0.0038769999999999998 0.0093589999999999993 0.013141215951325464
0.0038769999999999998 0.0093589999999999993 0.0061137466814419669
0.0038769999999999998 0.0093589999999999993 0.016570607975662732
0.0038769999999999998 0.0093589999999999993 0.0096274813163837129
0.0038769999999999998 0.0093589999999999993 0.0030568733407209843
0.0053719999999999983 -0.0053719999999999983 0
0.005519999999999998 -0.008261000000000001 0
0.0055622927761265397 -0.0055622927761265397 0.02
0.0045716463880632685 -0.0045716463880632685 0.02
0.0063626463880632712 -0.0063626463880632712 0.02
0.0071630000000000001 -0.0071630000000000001 0.0036706332109646849
0.0071630000000000001 -0.0071630000000000001 0.0063181809445090591
0.0071630000000000001 -0.0071630000000000001 0.0082820396555900837
0.0071630000000000001 -0.0071630000000000001 0.010199744528865802
0.0071630000000000001 -0.0071630000000000001 0.0121441937184262
0.0071630000000000001 -0.0071630000000000001 0.01408707294270474
0.0071630000000000001 -0.0071630000000000001 0.016670621296175237
0.0071630000000000001 -0.0071630000000000001 0.0018353166054823429
0.0071630000000000001 -0.0071630000000000001 0.0049944070777368727
0.0071630000000000001 -0.0071630000000000001 0.0073001103000495714
0.0071630000000000001 -0.0071630000000000001 0.0092408920922279446
0.0071630000000000001 -0.0071630000000000001 0.011171969123646
0.0071630000000000001 -0.0071630000000000001 0.013115633330565467
0.0071630000000000001 -0.0071630000000000001 0.015378847119439988
0.0071630000000000001 -0.0071630000000000001 0.018335310648087615
0.0056627482764925584 -0.0081656027951376563 0.02
0.0064128741382462797 -0.0076643013975688287 0.02
0.0047698741382462811 -0.0087623013975688269 0.02
0.0055796834664060364 -0.0055796834664060364 0.029999999999999999
0.0045803417332030165 -0.0045803417332030165 0.029999999999999999
0.0063713417332030174 -0.0063713417332030174 0.029999999999999999
0.0071630000000000001 -0.0071630000000000001 0.027902900295050072
0.0071630000000000001 -0.0071630000000000001 0.026056124125505085
0.0071630000000000001 -0.0071630000000000001 0.024092656793656724
0.0071630000000000001 -0.0071630000000000001 0.022250113030934715
0.0071630000000000001 -0.0071630000000000001 0.028951450147525041
0.0071630000000000001 -0.0071630000000000001 0.026979512210277581
0.0071630000000000001 -0.0071630000000000001 0.025074390459580903
0.0071630000000000001 -0.0071630000000000001 0.023171384912295721
0.0071630000000000001 -0.0071630000000000001 0.021125056515467359
0.005676163555821164 -0.0081566375019527463 0.029999999999999999
0.006419581777910582 -0.0076598187509763728 0.029999999999999999
0.0047765817779105843 -0.0087578187509763736 0.029999999999999999
0.0055585945597903712 -0.0055585945597903712 0.040000000000000001
0.0045697972798951856 -0.0045697972798951856 0.040000000000000001
0.0063607972798951865 -0.0063607972798951865 0.040000000000000001
0.0071630000000000001 -0.0071630000000000001 0.037735651612662312
0.0071630000000000001 -0.0071630000000000001 0.035887570625281369
0.0071630000000000001 -0.0071630000000000001 0.033924239565260562
0.0071630000000000001 -0.0071630000000000001 0.03208131365025095
0.0071630000000000001 -0.0071630000000000001 0.038867825806331163
0.0071630000000000001 -0.0071630000000000001 0.03681161111897184
0.0071630000000000001 -0.0071630000000000001 0.034905905095270959
0.0071630000000000001 -0.0071630000000000001 0.033002776607755753
0.0071630000000000001 -0.0071630000000000001 0.031040656825125475
0.0055200000000000015 -0.0082609999999999992 0.040000000000000001
0.0053720000000000009 -0.0053720000000000009 0.059999999999999998
0.0071630000000000001 -0.0071630000000000001 0.056318149756900658
0.0071630000000000001 -0.0071630000000000001 0.053661443851536837
0.0071630000000000001 -0.0071630000000000001 0.051689699351858451
0.0071630000000000001 -0.0071630000000000001 0.049770820459363443
0.0071630000000000001 -0.0071630000000000001 0.047831974387656448
0.0071630000000000001 -0.0071630000000000001 0.045902208186944682
0.0071630000000000001 -0.0071630000000000001 0.043339085427949058
0.0071630000000000001 -0.0071630000000000001 0.058159074878450318
0.0071630000000000001 -0.0071630000000000001 0.054989796804218741
0.0071630000000000001 -0.0071630000000000001 0.052675571601697641
0.0071630000000000001 -0.0071630000000000001 0.050730259905610947
0.0071630000000000001 -0.0071630000000000001 0.048801397423509946
0.0071630000000000001 -0.0071630000000000001 0.046867091287300565
0.0071630000000000001 -0.0071630000000000001 0.044620646807446873
0.0071630000000000001 -0.0071630000000000001 0.041669542713974529
0.0055200000000000015 -0.0082609999999999992 0.059999999999999998
0.005519999999999998 0.008261000000000001 0.02
0.0053720000000000009 0.0053720000000000009 0.02
0.0055200000000000015 0.0082609999999999992 0
0.0071630000000000001 0.0071630000000000001 0.0062583596281867437
0.0071630000000000001 0.0071630000000000001 0.013086953530184532
0.0071630000000000001 0.0071630000000000001 0.0031291798140933719
0.0071630000000000001 0.0071630000000000001 0.0096726565791856386
0.0071630000000000001 0.0071630000000000001 0.016543476765092265
0.0053719999999999983 0.0053719999999999983 0
0.005519999999999998 0.008261000000000001 0.029999999999999999
0.0053720000000000018 0.0053720000000000018 0.029999999999999999
0.0071630000000000001 0.0071630000000000001 0.024999999999999988
0.0071630000000000001 0.0071630000000000001 0.027499999999999997
0.0071630000000000001 0.0071630000000000001 0.022499999999999992
0.005519999999999998 0.008261000000000001 0.040000000000000001
0.0053720000000000009 0.0053720000000000009 0.040000000000000001
0.0071630000000000001 0.0071630000000000001 0.03500000000000001
0.0071630000000000001 0.0071630000000000001 0.032500000000000008
0.0071630000000000001 0.0071630000000000001 0.037500000000000006
0.0019385000000000016 0.0097444999999999997 0.059999999999999998
0.005519999999999998 0.008261000000000001 0.059999999999999998
0.0053720000000000009 0.0053720000000000009 0.059999999999999998
0.0038769999999999998 0.0093589999999999993 0.046741412326393769
0.0038769999999999998 0.0093589999999999993 0.053754446171502927
0.0038769999999999998 0.0093589999999999993 0.043370706163196882
0.0038769999999999998 0.0093589999999999993 0.050247929248948345
0.0038769999999999998 0.0093589999999999993 0.056877223085751466
0.0071630000000000001 0.0071630000000000001 0.053741640337458166
0.0071630000000000001 0.0071630000000000001 0.046913046433565829
0.0071630000000000001 0.0071630000000000001 0.056870820168729082
0.0071630000000000001 0.0071630000000000001 0.050327343385512001
0.0071630000000000001 0.0071630000000000001 0.043456523216782901
0.0029075000000000021 0.014616499999999999 0.059999999999999998
0.0058149999999999999 0.014038 0.044999999999999984
0.0058149999999999999 0.014038 0.049999999999999989
0.0058149999999999999 0.014038 0.054999999999999993
0.0058149999999999999 0.014038 0.042500000000000003
0.0058149999999999999 0.014038 0.047499999999999994
0.0058149999999999999 0.014038 0.052499999999999991
0.0058149999999999999 0.014038 0.057500000000000002
0.0048460000000000005 0.011698500000000002 0.059999999999999998
0.0075975000000000001 0 0
0.0097444999999999997 -0.0019384999999999984 0
0.0082609999999999992 -0.0055200000000000015 0
0.0075975000000000001 0 0.02
0.01013 0 0.0047686998723920106
0.01013 0 0.0097790086442258485
0.01013 0 0.014793584837778748
0.01013 0 0.0023843499361960053
0.01013 0 0.0072738542583089295
0.01013 0 0.012286296741002298
0.01013 0 0.017396792418889376
0.0097444999999999997 -0.0019385000000000016 0.02
0.0093589999999999993 -0.0038769999999999998 0.0047207072420263228
0.0093589999999999993 -0.0038769999999999998 0.0084167209793105206
0.0093589999999999993 -0.0038769999999999998 0.011856677734964566
0.0093589999999999993 -0.0038769999999999998 0.015504382393915953
0.0093589999999999993 -0.0038769999999999998 0.0023603536210131614
0.0093589999999999993 -0.0038769999999999998 0.0065687141106684221
0.0093589999999999993 -0.0038769999999999998 0.010136699357137544
0.0093589999999999993 -0.0038769999999999998 0.013680530064440258
0.0093589999999999993 -0.0038769999999999998 0.017752191196957978
0.0081666255463730721 -0.0056612178755091457 0.02
0.0087628127731865339 -0.004769108937754573 0.02
0.0076648127731865374 -0.0064121089377545707 0.02
0.0082609999999999992 0.0055200000000000015 0.02
0.0097444999999999997 0.0019384999999999984 0.02
0.008261000000000001 0.005519999999999998 0
0.0093589999999999993 0.0038769999999999998 0.0062455538374503721
0.0093589999999999993 0.0038769999999999998 0.01325858771235759
0.0093589999999999993 0.0038769999999999998 0.0031227769187251861
0.0093589999999999993 0.0038769999999999998 0.0097520707749039811
0.0093589999999999993 0.0038769999999999998 0.016629293856178794
0.0097444999999999997 0.0019385000000000016 0
0.0075975000000000001 0 0.029999999999999999
0.01013 0 0.025032085910528312
0.01013 0 0.027516042955264157
0.01013 0 0.022516042955264156
0.0097444999999999997 -0.0019385000000000016 0.029999999999999999
0.0093589999999999993 -0.0038769999999999998 0.023427421207997144
0.0093589999999999993 -0.0038769999999999998 0.026638139030945675
0.0093589999999999993 -0.0038769999999999998 0.021713710603998567
0.0093589999999999993 -0.0038769999999999998 0.025032780119471409
0.0093589999999999993 -0.0038769999999999998 0.02831906951547284
0.0081564318030532008 -0.0056764713548120094 0.029999999999999999
0.0087577159015266009 -0.0047767356774060044 0.029999999999999999
0.0076597159015266017 -0.0064197356774060039 0.029999999999999999
0.0075975000000000001 0 0.040000000000000001
0.01013 0 0.034967914094765962
0.01013 0 0.037483957047382985
0.01013 0 0.03248395704738298
0.0097444999999999997 -0.0019385000000000016 0.040000000000000001
0.0093589999999999993 -0.0038769999999999998 0.036572578728104897
0.0093589999999999993 -0.0038769999999999998 0.03336186103424689
0.0093589999999999993 -0.0038769999999999998 0.038286289364052449
0.0093589999999999993 -0.0038769999999999998 0.03496721988117589
0.0093589999999999993 -0.0038769999999999998 0.031680930517123444
0.0081679030051201498 -0.0056593063411544556 0.040000000000000001
0.0087634515025600754 -0.0047681531705772284 0.040000000000000001
0.0076654515025600771 -0.0064111531705772244 0.040000000000000001
0.0075975000000000001 0 0.059999999999999998
0.01013 0 0.053769771382924242
0.01013 0 0.047186744718109706
0.01013 0 0.056884885691462113
0.01013 0 0.050478258050516971
0.01013 0 0.043593372359054847
0.0097444999999999997 -0.0019385000000000016 0.059999999999999998
0.0093589999999999993 -0.0038769999999999998 0.044495617087074051
0.0093589999999999993 -0.0038769999999999998 0.048143321527474608
0.0093589999999999993 -0.0038769999999999998 0.051583277783125922
0.0093589999999999993 -0.0038769999999999998 0.055279290619394725
0.0093589999999999993 -0.0038769999999999998 0.042247808543537033
0.0093589999999999993 -0.0038769999999999998 0.046319469307274326
0.0093589999999999993 -0.0038769999999999998 0.049863299655300265
0.0093589999999999993 -0.0038769999999999998 0.053431284201260323
0.0093589999999999993 -0.0038769999999999998 0.057639645309697361
0.008261000000000001 -0.005519999999999998 0.059999999999999998
0.0082609999999999992 0.0055200000000000015 0.029999999999999999
0.0097444999999999997 0.0019384999999999984 0.029999999999999999
0.0093589999999999993 0.0038769999999999998 0.025103659266993952
0.0093589999999999993 0.0038769999999999998 0.022551829633496976
0.0093589999999999993 0.0038769999999999998 0.027551829633496977
0.0082609999999999992 0.0055200000000000015 0.040000000000000001
0.0097444999999999997 0.0019384999999999984 0.040000000000000001
0.0093589999999999993 0.0038769999999999998 0.035113038331519943
0.0093589999999999993 0.0038769999999999998 0.032556519165759967
0.0093589999999999993 0.0038769999999999998 0.037556519165759965
0.0082609999999999992 0.0055200000000000015 0.059999999999999998
0.0097444999999999997 0.0019384999999999984 0.059999999999999998
0.0093589999999999993 0.0038769999999999998 0.046858783890576593
0.0093589999999999993 0.0038769999999999998 0.05388625328468967
0.0093589999999999993 0.0038769999999999998 0.043429391945288297
0.0093589999999999993 0.0038769999999999998 0.050372518587633128
0.0093589999999999993 0.0038769999999999998 0.056943126642344834
0.0082795000000000021 0.012390999999999999 0.040000000000000001
0.0089534999999999979 0.0089534999999999979 0.040000000000000001
0.0082795000000000004 0.012390999999999998 0.059999999999999998
0.010744 0.010744 0.044999999999999984
0.010744 0.010744 0.049999999999999989
0.010743999999999998 0.010743999999999998 0.054999999999999993
0.010744 0.010744 0.042500000000000003
0.010744 0.010744 0.047499999999999994
0.010743999999999998 0.010743999999999998 0.052499999999999991
0.010743999999999998 0.010743999999999998 0.057500000000000002
0.0089534999999999979 0.0089534999999999979 0.059999999999999998
0.0082794999999999987 -0.012390999999999999 0.02
0.010744 -0.010744 0.022499999999999999
0.0082581530025678668 -0.012405265978807352 0.025000000000000001
0.0095010765012839334 -0.011574632989403677 0.025000000000000005
0.0070365765012839311 -0.013221632989403678 0.025000000000000001
0.010743999999999998 -0.010743999999999998 0.0275
0.008270567819915654 -0.012396969284073408 0.029999999999999999
0.0095072839099578296 -0.011570484642036702 0.029999999999999999
0.0070427839099578265 -0.013217484642036703 0.029999999999999999
0.0087443750752554221 -0.0087443750752554221 0.029999999999999999
0.0097441875376277094 -0.0097441875376277094 0.029999999999999999
0.0079536875376277107 -0.0079536875376277107 0.029999999999999999
0.0087610868646495685 -0.0087610868646495685 0.02
0.0097525434323247843 -0.0097525434323247843 0.02
0.0079620434323247856 -0.0079620434323247856 0.02
0.0082794999999999987 0.012390999999999999 0.029999999999999999
0.0082795000000000021 0.012390999999999999 0.035000000000000003
0.010744 0.010744 0.032500000000000001
0.010743999999999998 0.010743999999999998 0.037500000000000006
0.0089534999999999979 0.0089534999999999979 0.029999999999999999
0.010744 -0.010744 0.0053202342514483978
0.010744 -0.010744 0.0099967798510885841
0.010743999999999998 -0.010743999999999998 0.014668250772432308
0.010744 -0.010744 0.0026601171257241989
0.010744 -0.010744 0.0076585070512684914
0.010743999999999998 -0.010743999999999998 0.012332515311760446
0.010743999999999998 -0.010743999999999998 0.017334125386216155
0.0089534999999999979 -0.0089534999999999979 0
0.0082794999999999987 -0.012390999999999999 0
0.0082795000000000004 0.012390999999999998 0
0.0089534999999999979 0.0089534999999999979 0
0.0082795000000000021 0.012390999999999999 0.02
0.010744 0.010744 0.0049999999999999871
0.010744 0.010744 0.0099999999999999881
0.010743999999999998 0.010743999999999998 0.014999999999999993
0.010744 0.010744 0.0024999999999999931
0.010744 0.010744 0.0074999999999999876
0.010743999999999998 0.010743999999999998 0.01249999999999999
0.010743999999999998 0.010743999999999998 0.017499999999999995
0.0089534999999999979 0.0089534999999999979 0.02
0.0082795000000000021 0.012390999999999999 0.025000000000000001
0.010744 0.010744 0.022499999999999999
0.010743999999999998 0.010743999999999998 0.0275
0.0083650955270275339 -0.012333797389728405 0.035000000000000003
0.0095545477635137661 -0.0115388986948642 0.035000000000000003
0.0070900477635137647 -0.013185898694864202 0.035000000000000003
0.010743999999999998 -0.010743999999999998 0.037499999999999999
0.0082795000000000021 -0.012390999999999999 0.040000000000000001
0.010744 -0.010744 0.032500000000000001
0.0087639883748209454 -0.0087639883748209454 0.040000000000000001
0.0079634941874104723 -0.0079634941874104723 0.040000000000000001
0.0097539941874104728 -0.0097539941874104728 0.040000000000000001
0.010744 -0.010744 0.045312215595802258
0.010743999999999998 -0.010743999999999998 0.050043251066127233
0.010743999999999998 -0.010743999999999998 0.054700918902666193
0.010744 -0.010744 0.042656107797901126
0.010744 -0.010744 0.047677733330964742
0.010743999999999998 -0.010743999999999998 0.052372084984396723
0.010743999999999998 -0.010743999999999998 0.057350459451333102
0.0089534999999999979 -0.0089534999999999979 0.059999999999999998
0.0082794999999999987 -0.012390999999999999 0.059999999999999998
0.011698500000000002 -0.0048460000000000005 0.040000000000000001
0.012390999999999999 -0.0082794999999999987 0.040000000000000001
0.014038 -0.0058149999999999999 0.045115098443532717
0.014038 -0.0058149999999999999 0.049992608860663403
0.014038 -0.0058149999999999999 0.054884901556467261
0.014038 -0.0058149999999999999 0.042557549221766362
0.014038 -0.0058149999999999999 0.047553853652098056
0.014038 -0.0058149999999999999 0.052438755208565321
0.014038 -0.0058149999999999999 0.057442450778233622
0.011698500000000002 -0.0048460000000000005 0.059999999999999998
0.012390999999999998 -0.0082795000000000004 0.059999999999999998
0.012390999999999999 0.0082794999999999987 0.02
0.012390999999999999 0.0082794999999999987 0.025000000000000001
0.014038 0.0058149999999999999 0.022499999999999999
0.012390999999999999 0.0082795000000000021 0.029999999999999999
0.014038 0.0058149999999999999 0.0275
0.011698500000000002 0.0048460000000000005 0.029999999999999999
0.011698499999999995 0.0048459999999999996 0.02
0.012390999999999999 0.0082794999999999987 0.035000000000000003
0.014038 0.0058149999999999999 0.032500000000000001
0.012390999999999999 0.0082794999999999987 0.040000000000000001
0.014038 0.0058149999999999999 0.037500000000000006
0.011698499999999995 0.0048459999999999996 0.040000000000000001
0.011698500000000002 -0.0048460000000000005 0
0.012390999999999998 -0.0082795000000000004 0
0.014038 -0.0058149999999999999 0.0051150980648046948
0.014038 -0.0058149999999999999 0.010007391813502103
0.014038 -0.0058149999999999999 0.014884901935195285
0.014038 -0.0058149999999999999 0.0025575490324023474
0.014038 -0.0058149999999999999 0.0075612449391534
0.014038 -0.0058149999999999999 0.012446146874348694
0.014038 -0.0058149999999999999 0.017442450967597643
0.011698499999999995 -0.0048459999999999996 0.02
0.012390999999999999 -0.0082795000000000021 0.02
0.014038 -0.0058149999999999999 0.022499999999999999
0.012337827337873575 -0.008359065285859486 0.025000000000000001
0.013187913668936789 -0.0070870326429297434 0.025000000000000005
0.011540913668936788 -0.0095515326429297456 0.025000000000000001
0.014038 -0.0058149999999999999 0.0275
0.01239696934694502 -0.0082705677258372787 0.029999999999999999
0.011570484673472508 -0.0095072838629186376 0.029999999999999999
0.013217484673472512 -0.0070427838629186362 0.029999999999999999
0.011698499999999995 -0.0048459999999999996 0.029999999999999999
0.012390999999999999 0.0082794999999999987 0
0.014038 0.0058149999999999999 0.0049999999999999871
0.014038 0.0058149999999999999 0.0099999999999999881
0.014038 0.0058149999999999999 0.014999999999999993
0.014038 0.0058149999999999999 0.0024999999999999931
0.014038 0.0058149999999999999 0.0074999999999999876
0.014038 0.0058149999999999999 0.01249999999999999
0.014038 0.0058149999999999999 0.017499999999999995
0.011698500000000002 0.0048460000000000005 0
0.012390999999999999 0.0082794999999999987 0.059999999999999998
0.014038 0.0058149999999999999 0.044999999999999984
0.014038 0.0058149999999999999 0.049999999999999989
0.014038 0.0058149999999999999 0.054999999999999993
0.014038 0.0058149999999999999 0.042500000000000003
0.014038 0.0058149999999999999 0.047499999999999994
0.014038 0.0058149999999999999 0.052499999999999991
0.014038 0.0058149999999999999 0.057500000000000002
0.011698500000000002 0.0048460000000000005 0.059999999999999998
0.012337827375291221 -0.008359065229869329 0.035000000000000003
0.013187913687645611 -0.0070870326149346649 0.035000000000000003
0.01154091368764561 -0.0095515326149346689 0.035000000000000003
0.014038 -0.0058149999999999999 0.037499999999999999
0.014038 -0.0058149999999999999 0.032500000000000001
0.014616499999999999 0.0029074999999999978 0.02
0.014616499999999999 0.0029074999999999978 0.025000000000000001
0.015195 0 0.022499999999999999
0.014616499999999999 0.0029075000000000021 0.029999999999999999
0.015195 0 0.0275
0.0126625 0 0.029999999999999999
0.0126625 0 0.02
0.014616499999999999 0.0029074999999999978 0.035000000000000003
0.015195 0 0.032500000000000001
0.014616499999999999 0.0029074999999999978 0.040000000000000001
0.015195 0 0.037499999999999999
0.0126625 0 0.040000000000000001
0.0126625 0 0
0.014616499999999999 -0.0029075000000000021 0
0.015195 0 0.0049999999999999871
0.015195 0 0.0099999999999999881
0.015195 0 0.014999999999999993
0.015195 0 0.0024999999999999931
0.015195 0 0.0074999999999999876
0.015195 0 0.01249999999999999
0.015195 0 0.017499999999999995
0.014616499999999999 -0.0029075000000000021 0.02
0.014616499999999999 -0.0029075000000000021 0.025000000000000001
0.014616499999999999 -0.0029074999999999978 0.029999999999999999
0.014616499999999999 -0.0029075000000000021 0.035000000000000003
0.014616499999999999 -0.0029074999999999978 0.040000000000000001
0.014616499999999999 0.0029074999999999978 0
0.014616499999999999 0.0029074999999999978 0.059999999999999998
0.015195 0 0.044999999999999984
0.015195 0 0.049999999999999989
0.015195 0 0.054999999999999993
0.015195 0 0.042500000000000003
0.015195 0 0.047499999999999994
0.015195 0 0.052499999999999991
0.015195 0 0.057500000000000002
0.0126625 0 0.059999999999999998
0.014616499999999999 -0.0029075000000000021 0.059999999999999998
-0.014616499999999999 -0.0029074999999999995 0.032500000000000001
-0.014616500000000004 -0.0029075000000000004 0.037500000000000006
-0.011698500000000001 -0.0048460000000000005 0.032500000000000001
-0.011698500000000001 -0.0048460000000000005 0.035056519156826296
-0.011698500000000001 -0.0048460000000000005 0.037556519156826298
-0.012083999999999999 -0.0029074999999999999 0.040000000000000008
-0.0126625 0 0.034966113815766434
-0.0126625 0 0.032466113815766431
-0.0126625 0 0.037500000000000006
-0.012083999999999999 -0.0029074999999999999 0.029999999999999999
-0.0097444999999999997 -0.0019384999999999999 0.037556519156826298
-0.0097444999999999997 -0.0019384999999999999 0.032466113815766431
-0.0097444999999999997 -0.0019384999999999999 0.035022632972592727
-0.014616500000000004 -0.0029075000000000004 0.022499999999999999
-0.014616500000000004 -0.0029075000000000004 0.0275
-0.011698500000000001 -0.0048460000000000005 0.027551829625984788
-0.011698500000000001 -0.0048460000000000005 0.025051829625984789
-0.011698500000000001 -0.0048460000000000005 0.022499999999999999
-0.0126625 0 0.0275
-0.0126625 0 0.024985947372301351
-0.0126625 0 0.022485947372301352
-0.012083999999999999 -0.0029074999999999999 0.020000000000000004
-0.0097444999999999997 -0.0019384999999999999 0.027551829625984788
-0.0097444999999999997 -0.0019384999999999999 0.025037776998286135
-0.0097444999999999997 -0.0019384999999999999 0.022485947372301352
-0.0097444999999999997 -0.0019384999999999999 0.043378289362082906
-0.0097444999999999997 -0.0019384999999999999 0.046804164662712394
-0.0097444999999999997 -0.0019384999999999999 0.056942464288254176
-0.0097444999999999997 -0.0019384999999999999 0.053795757333916082
-0.0097444999999999997 -0.0019384999999999999 0.050279168346291377
-0.011698500000000001 -0.0048459999999999996 0.042500000000000003
-0.011698500000000001 -0.0048459999999999996 0.045925875300629471
-0.011698500000000001 -0.0048459999999999996 0.057500000000000002
-0.011698500000000001 -0.0048459999999999996 0.054442464288254167
-0.011698500000000001 -0.0048459999999999996 0.048425875300629473
-0.011698500000000001 -0.0048459999999999996 0.051942464288254171
-0.012083999999999999 -0.0029074999999999999 0.059999999999999998
-0.0126625 0 0.042500000000000003
-0.0126625 0 0.045878289362082894
-0.0126625 0 0.057500000000000002
-0.0126625 0 0.054353293045661895
-0.0126625 0 0.048378289362082896
-0.0126625 0 0.051853293045661886
-0.014616500000000004 -0.0029074999999999999 0.042500000000000003
-0.014616500000000004 -0.0029074999999999999 0.044999999999999984
-0.014616500000000004 -0.0029074999999999999 0.057500000000000002
-0.014616500000000004 -0.0029074999999999999 0.054999999999999993
-0.014616500000000004 -0.0029074999999999999 0.047499999999999994
-0.014616500000000004 -0.0029074999999999999 0.052499999999999991
-0.014616500000000004 -0.0029074999999999999 0.049999999999999989
-0.0097444999999999997 -0.0019384999999999999 0.016692195493479972
-0.0097444999999999997 -0.0019384999999999999 0.013103274621744886
-0.0097444999999999997 -0.0019385000000000003 0.0030358054214821373
-0.0097444999999999997 -0.0019385000000000003 0.0062256620540394837
-0.0097444999999999997 -0.0019385000000000003 0.009600935760822259
-0.011389839077135573 -0.0047181554031820346 0.009918158618066707
-0.011698500000000001 -0.0048460000000000005 0.017499999999999995
-0.011698500000000001 -0.0048459999999999996 0.014192195493479968
-0.011698500000000001 -0.0048459999999999996 0.0024999999999999931
-0.011698500000000001 -0.0048459999999999996 0.0056898566325573399
-0.010374419538567783 -0.0042975777015910174 0.011651274802513326
-0.010374419538567783 -0.0042975777015910174 0.008148935941590699
-0.012713919538567786 -0.0052665777015910168 0.0074590793090333471
-0.012713919538567785 -0.0052665777015910176 0.012459079309033347
-0.012713919538567786 -0.0052665777015910168 0.0099590793090333449
-0.0126625 0 0.017499999999999995
-0.0126625 0 0.013911079128264907
-0.0126625 0 0.0024999999999999931
-0.0126625 0 0.0055358054214821317
-0.0126625 0 0.0080358054214821305
-0.0126625 0 0.011411079128264908
-0.012083999999999999 -0.0029074999999999999 0
-0.014616500000000004 -0.0029074999999999999 0.017499999999999995
-0.014616500000000004 -0.0029074999999999999 0.014999999999999993
-0.014616500000000004 -0.0029074999999999999 0.0024999999999999927
-0.014616500000000004 -0.0029074999999999999 0.0049999999999999871
-0.014616500000000004 -0.0029074999999999999 0.0074999999999999876
-0.014616500000000004 -0.0029074999999999999 0.01249999999999999
-0.014616500000000004 -0.0029074999999999999 0.0099999999999999881
-0.014616499999999999 0.0029074999999999995 0.032500000000000001
-0.014616500000000004 0.0029075000000000004 0.037500000000000006
-0.012083999999999999 0.0029074999999999999 0.040000000000000001
-0.011640798979899333 0.0048221007529482603 0.034911244590852861
-0.012839399489949666 0.0053185503764741297 0.034955622295426432
-0.012839399489949666 0.0053185503764741305 0.03245562229542643
-0.012839399489949666 0.0053185503764741297 0.037455622295426427
-0.011698500000000001 0.0048460000000000005 0.031630167995371217
-0.010499899489949666 0.0043495503764741294 0.034085790290797641
-0.011698500000000001 0.0048459999999999996 0.038264648521231806
-0.010499899489949666 0.0043495503764741294 0.035720270816658239
-0.012083999999999999 0.0029074999999999999 0.029999999999999995
-0.0097444999999999997 0.0019384999999999999 0.038264648521231806
-0.0097444999999999997 0.0019384999999999999 0.035730762336998234
-0.0097444999999999997 0.0019384999999999999 0.031630167995371217
-0.0097444999999999997 0.0019384999999999999 0.034096281811137642
-0.014616500000000004 0.0029075000000000004 0.042500000000000003
-0.014616500000000004 0.0029075000000000004 0.057500000000000002
-0.014616500000000004 0.0029075000000000004 0.045005837589484329
-0.014616500000000004 0.0029075000000000004 0.054994162410515648
-0.014616500000000004 0.0029075000000000004 0.047505837589484325
-0.014616500000000004 0.0029075000000000004 0.052494162410515646
-0.014616500000000004 0.0029075000000000004 0.049998083241679502
-0.012083999999999999 0.0029074999999999999 0.059999999999999991
-0.011698500000000001 0.0048459999999999996 0.042505837589484334
-0.011698500000000001 0.0048459999999999996 0.045199962601950007
-0.011698500000000001 0.0048459999999999996 0.057494162410515651
-0.011698500000000001 0.0048459999999999996 0.054673625191885608
-0.011698500000000001 0.0048459999999999996 0.047692208254145177
-0.011698500000000001 0.0048459999999999996 0.052177546023049456
-0.011698500000000001 0.0048459999999999996 0.049892165198782992
-0.0097444999999999997 0.0019384999999999999 0.042694125012465674
-0.0097444999999999997 0.0019384999999999999 0.046072414374548579
-0.0097444999999999997 0.0019384999999999999 0.057179462781369962
-0.0097444999999999997 0.0019384999999999999 0.054032755827031854
-0.0097444999999999997 0.0019384999999999999 0.051747375002765376
-0.0097444999999999997 0.0019384999999999999 0.048272371319186401
-0.014616500000000004 0.0029075000000000004 0.017499999999999995
-0.014616500000000004 0.0029075000000000004 0.0024999999999999931
-0.014616500000000004 0.0029075000000000004 0.01498607078763496
-0.014616500000000004 0.0029075000000000004 0.0050139292123650165
-0.014616500000000004 0.0029075000000000004 0.0074836436920860403
-0.014616500000000004 0.0029075000000000004 0.0099836436920860399
-0.014616500000000004 0.0029075000000000004 0.012486070787634956
-0.012083999999999999 0.0029074999999999999 0.02
-0.011698500000000001 0.0048460000000000005 0.017486070787634967
-0.011698500000000001 0.0048459999999999996 0.0025139292123650234
-0.011698500000000001 0.0048459999999999996 0.014741201920411352
-0.011698500000000001 0.0048459999999999996 0.0052822693106268376
-0.011698500000000001 0.0048459999999999996 0.0077519837903478588
-0.011698500000000001 0.0048459999999999996 0.012238774824862433
-0.011698500000000001 0.0048459999999999996 0.0099735235962788975
-0.012083999999999999 0.0029074999999999999 0
-0.0097444999999999997 0.0019384999999999999 0.017255131132776387
-0.0097444999999999997 0.0019384999999999999 0.013666210261041298
-0.0097444999999999997 0.0019384999999999999 0.0027683400982618143
-0.0097444999999999997 0.0019384999999999999 0.005804145519743952
-0.0097444999999999997 0.0019384999999999999 0.011400959032457759
-0.0097444999999999997 0.0019384999999999999 0.0080256853256749864
-0.014616500000000004 0.0029075000000000004 0.022499999999999999
-0.014616500000000004 0.0029075000000000004 0.0275
-0.011640484482044734 0.0048219704907464618 0.024957096052433032
-0.011698500000000001 0.0048459999999999996 0.028291233632854376
-0.012839242241022366 0.0053184852453732308 0.027478548026216517
-0.012839242241022366 0.0053184852453732308 0.024978548026216522
-0.010499742241022366 0.0043494852453732323 0.025769781659070894
-0.011698500000000001 0.0048460000000000005 0.021657921165710137
-0.012839242241022366 0.0053184852453732308 0.02247854802621652
-0.010499742241022366 0.0043494852453732323 0.024136469191926649
-0.0097444999999999997 0.0019384999999999999 0.028291233632854376
-0.0097444999999999997 0.0019384999999999999 0.02577718100515573
-0.0097444999999999997 0.0019384999999999999 0.021657921165710137
-0.0097444999999999997 0.0019384999999999999 0.024143868538011488
-0.013217484658651872 0.0070427838850956092 0.032500000000000001
-0.012365383353516071 0.008317831648609381 0.032500000000000001
-0.0115388986948642 0.0095545477635137748 0.032500000000000001
-0.012382828198532632 0.0082917279324325084 0.037393593443346605
-0.013210414099266318 0.0070533639662162554 0.038696796721673296
-0.013210414099266318 0.0070533639662162554 0.036196796721673301
-0.012358312794130516 0.0083284117297300272 0.036196796721673301
-0.011563414099266317 0.0095178639662162542 0.038696796721673296
-0.011563414099266317 0.0095178639662162542 0.036196796721673301
-0.01001359767496419 0.0072725976749641891 0.040000000000000001
-0.0096862988374820935 0.0055747988374820956 0.040000000000000001
-0.012025798837482097 0.0065437988374820941 0.040000000000000001
-0.010378798837482096 0.0090082988374820955 0.040000000000000001
-0.0085882988374820952 0.0072177988374820942 0.040000000000000001
-0.0093887930248925666 0.0080182930248925664 0.040000000000000001
-0.0082957738260716219 0.0082957738260716219 0.032885981842340026
-0.0082968735180219255 0.0082968735180219272 0.036914228303606321
-0.008842957978900428 0.008842957978900428 0.034944574333540021
-0.0094783639743486591 0.0094783639743486591 0.037371760527429271
-0.0094742213760454965 0.0094742213760454965 0.032566111235176005
-0.010109110688022746 0.010109110688022747 0.033783055617588001
-0.010109110688022746 0.010109110688022747 0.031283055617587999
-0.010111181987174329 0.010111181987174329 0.038685880263714639
-0.010111181987174329 0.010111181987174329 0.036185880263714637
-0.0091606609766245427 0.0091606609766245427 0.036158167430484646
-0.009793478989450214 0.009793478989450214 0.034972287166770005
-0.0091585896774729596 0.0091585896774729596 0.033755342784358017
-0.0091092982256504584 0.0091092982256504602 0.031283055617587999
-0.0091211761745847997 0.0091211761745847997 0.038685880263714639
-0.0079634941874104723 0.0079634941874104723 0.038867825788270353
-0.0079536875376277107 0.0079536875376277107 0.031040656842344447
-0.0077299367590109615 0.0077299367590109615 0.037324939940073514
-0.0085304309464214363 0.0085304309464214363 0.038457114151803154
-0.0088876187461852923 0.008887618746185294 0.037142994415517792
-0.0085200744506635211 0.0085200744506635229 0.031442990921170005
-0.0077293869130358097 0.0077293869130358114 0.032483647763514464
-0.0088849976010585592 0.0088849976010585609 0.032726046538758019
-0.0077299367590109615 0.0077299367590109615 0.036400899429750312
-0.0080029789894502136 0.0080029789894502136 0.034434406983239754
-0.0080029789894502136 0.0080029789894502136 0.035416072444717159
-0.0085699157484611758 0.0085699157484611776 0.035929401318573168
-0.0077293869130358097 0.0077293869130358097 0.033405110737639757
-0.0085693659024860275 0.0085693659024860275 0.033915278087940023
-0.01053899637890238 0.0064766212802535601 0.029999999999999999
-0.012288498189451188 0.0061458106401267804 0.029999999999999999
-0.0099489981894511879 0.0051768106401267801 0.029999999999999999
-0.01146798284810306 0.0073735945252223871 0.029999999999999999
-0.0093478169404275641 0.0060763924180373616 0.029999999999999999
-0.010570672196279581 0.008507471422723319 0.029999999999999999
-0.0084505062886040851 0.0072102693155382909 0.029999999999999999
-0.0096416857270788994 0.0076104981777544911 0.029999999999999999
-0.0081972814858322727 0.0056153456455169158 0.034902638491178584
-0.0082055369464409736 0.005602992529141604 0.038401744465966073
-0.0081056724576982087 0.005752425457196576 0.033107272330195239
-0.0080175636864546485 0.0058842676349317039 0.036691380426408654
-0.0085227067802290998 0.0051283932241198427 0.031657510342000615
-0.008782268473220483 0.0047399962645708017 0.039200872232983033
-0.0076842684732204847 0.0063829962645708012 0.039200872232983033
-0.008782268473220483 0.0047399962645708017 0.037465520754214839
-0.0089408533901145469 0.0045026966120599206 0.030828755171000307
-0.0089408533901145469 0.0045026966120599206 0.032458923166371521
-0.008339672141090923 0.0054022783899705029 0.030828755171000307
-0.0076842684732204847 0.0063829962645708012 0.038068698021253386
-0.0076598187509763728 0.0064195817779105812 0.031040656842344447
-0.0087781407429161351 0.0047461728227584585 0.034081487240960509
-0.0087781407429161351 0.0047461728227584585 0.035715967766821094
-0.0087323362288491031 0.004814712728598289 0.03318380416046883
-0.0081514769717652407 0.0056838855513567455 0.034004955410686911
-0.0083141896189636542 0.0054404093406582085 0.032382391336097924
-0.0081074225861434597 0.0057498066402243116 0.035797009458793619
-0.0086882818432273256 0.0048806338174658516 0.036610338734436129
-0.0081115503164478093 0.0057436300820366548 0.037546562446187363
-0.007590281843227323 0.006523633817465852 0.03721351600147469
-0.007590281843227323 0.006523633817465852 0.036289475491151461
-0.007680140742916136 0.0063891728227584571 0.035395104523536433
-0.007680140742916136 0.0063891728227584571 0.034413439062059042
-0.0076343362288491022 0.0064577127285982885 0.033515755981567363
-0.0076343362288491022 0.0064577127285982885 0.032594293007442071
-0.0078428533901145469 0.0061456966120599209 0.031869412013344763
-0.012390999999999999 0.0082795000000000004 0.042505837589484334
-0.012390999999999999 0.0082795000000000004 0.057494162410515651
-0.012390999999999999 0.0082795000000000004 0.045161945387385466
-0.012390999999999999 0.0082794999999999987 0.054844621861848741
-0.012390999999999999 0.0082795000000000004 0.047654191039580643
-0.012390999999999999 0.0082794999999999987 0.05234854269301261
-0.012390999999999999 0.0082794999999999987 0.050019708774743127
-0.0100515 0.0073105000000000002 0.059999999999999998
-0.0087742917760715248 0.0087742917760715265 0.052628408772873614
-0.008724628045452737 0.0087246280454527387 0.046269462733664495
-0.0085595583552143042 0.0085595583552143042 0.055093599323644882
-0.0092279232840547353 0.0092279232840547353 0.042984152721590473
-0.0083380686714899788 0.0083380686714899788 0.050730260077967645
-0.0083414021307587072 0.0083414021307587072 0.048801397317130603
-0.0089133018729810488 0.0089133018729810488 0.057681247747580003
-0.0099859616420273686 0.0099859616420273686 0.04149207636079523
-0.008995955829437843 0.008995955829437843 0.04149207636079523
-0.0099859616420273686 0.0099859616420273686 0.044148184158696362
-0.0079634941874104723 0.0079634941874104741 0.041669542639242781
-0.0080381509364905266 0.0080381509364905266 0.058840623873789993
-0.0098286509364905288 0.0098286509364905288 0.058840623873789993
-0.0098286509364905288 0.0098286509364905288 0.056191083325123098
-0.0080381509364905266 0.0080381509364905266 0.056999698829668363
-0.0081954616420273681 0.0081954616420273681 0.04316161900003801
-0.0097343140227263685 0.0097343140227263703 0.048156356899895857
-0.0097343140227263703 0.0097343140227263703 0.045790839164733373
-0.008976275664753737 0.008976275664753737 0.04462680772762749
-0.0097591458880357633 0.0097591458880357633 0.053664663837769903
-0.0097591458880357633 0.0097591458880357633 0.051335829919500413
-0.0085561802237807526 0.0085561802237807526 0.05167933442542063
-0.0095410343357449894 0.0095410343357449894 0.050386755572047442
-0.0095427010653793536 0.0095427010653793536 0.049422324191628911
-0.0085330150881057221 0.0085330150881057238 0.047535430025397542
-0.008339735401124343 0.008339735401124343 0.049765828697549121
-0.0096517791776071522 0.0096517791776071522 0.054897259113155537
-0.0086669250656429154 0.0086669250656429154 0.053861004048259248
-0.0087364301140976791 0.0087364301140976791 0.056387423535612442
-0.00786127917760715 0.00786127917760715 0.054377521699347203
-0.00786127917760715 0.00786127917760715 0.055705874617700803
-0.0079686458880357629 0.0079686458880357629 0.052159054201734056
-0.0079686458880357629 0.0079686458880357629 0.053144926423961569
-0.007750534335744989 0.007750534335744989 0.050250540301654219
-0.007750534335744989 0.007750534335744989 0.051209979854281072
-0.0077522010653793523 0.0077522010653793532 0.048316685713025498
-0.0077522010653793523 0.0077522010653793532 0.049286108921235694
-0.0079438140227263716 0.0079438140227263716 0.046085835352474437
-0.0079438140227263716 0.0079438140227263716 0.047050718421292451
-0.0079438140227263716 0.0079438140227263716 0.044804274006075041
-0.0082169489771524804 0.0055859160569567152 0.052536381708993614
-0.0083131698099859416 0.0054419353389736783 0.046734353058156562
-0.0080181842784389969 0.0058833390077638673 0.048971114336918482
-0.0079840266511182947 0.0059344510129441157 0.050551236023210877
-0.0082739169800153042 0.005500671586370541 0.043313070995568505
-0.0080804274203361524 0.0057902010458904356 0.054914376917320797
-0.0082248854840672302 0.005574040209178086 0.05711829047836349
-0.0077184584900076509 0.0063318357931852701 0.041656535497784246
-0.0088164584900076517 0.0046888357931852698 0.041656535497784246
-0.0088164584900076517 0.0046888357931852698 0.044350660510249926
-0.0087919427420336139 0.0047255201045890418 0.058559145239181744
-0.0076939427420336147 0.0063685201045890413 0.058559145239181744
-0.0087919427420336139 0.0047255201045890418 0.055738608020551694
-0.0077184584900076509 0.0063318357931852701 0.043326078137027033
-0.0076939427420336147 0.0063685201045890413 0.056718220195060107
-0.0088360849049929704 0.0046594676694868388 0.046061301541543941
-0.0088360849049929704 0.0046594676694868388 0.048261258486181763
-0.0082935433950006247 0.0054713034626721084 0.045023712026862527
-0.008787974488576239 0.0047314580284783577 0.051162272811600296
-0.008787974488576239 0.0047314580284783577 0.05344765363586676
-0.0086715133255591461 0.0049057255064720575 0.050169699968708931
-0.0081004878141353875 0.0057601835349504159 0.051543808866102242
-0.0081656770442124667 0.0056626371733687723 0.047852733697537522
-0.008688592139219499 0.004880169503881932 0.04937963912556273
-0.0080011054647786441 0.0059088950103539902 0.049761175180064683
-0.0081486881987443173 0.0056880585514235754 0.053725379313157205
-0.0087197137101680776 0.0048336005229452179 0.054636651240030351
-0.0081526564522016922 0.0056821206275342604 0.056016333697842154
-0.007621713710168075 0.0064766005229452174 0.05561626341453877
-0.007621713710168075 0.0064766005229452174 0.054287910496185157
-0.0076899744885762381 0.0063744580284783572 0.053098912892021566
-0.0076899744885762381 0.0063744580284783572 0.052113040669794046
-0.0075735133255591469 0.006548725506472057 0.051120467826902688
-0.0075735133255591469 0.006548725506472057 0.050161028274275841
-0.0075905921392194989 0.0065231695038819324 0.049370967431129634
-0.0075905921392194989 0.0065231695038819324 0.048401544222919438
-0.0077380849049929696 0.0063024676694868383 0.047283163583538471
-0.0077380849049929696 0.0063024676694868383 0.046318280514720464
-0.0077184584900076509 0.0063318357931852701 0.044607639483426442
-0.012391000000000004 -0.0082795000000000021 0.032500000000000001
-0.012391000000000004 -0.0082795000000000056 0.037500000000000006
-0.0089534999999999979 -0.0089534999999999979 0.032500000000000001
-0.0089534999999999979 -0.0089534999999999979 0.037500000000000006
-0.0089534999999999979 -0.0089534999999999979 0.035000000000000003
-0.0100515 -0.0073105000000000002 0.040000000000000001
-0.0100515 -0.0073105000000000002 0.029999999999999999
-0.0082609999999999992 -0.0055199999999999989 0.037556519156826298
-0.0082609999999999992 -0.0055199999999999997 0.032499999999999994
-0.0082609999999999992 -0.0055199999999999989 0.035056519156826289
-0.0082609999999999975 -0.0055199999999999989 0.043425875300629482
-0.0082609999999999975 -0.0055199999999999989 0.056942464288254176
-0.0082609999999999975 -0.0055199999999999989 0.04688239846826292
-0.0082609999999999975 -0.0055199999999999989 0.053813284379188281
-0.0082609999999999975 -0.0055199999999999989 0.050296695391563576
-0.0089534999999999979 -0.0089534999999999979 0.042500000000000003
-0.0089534999999999979 -0.0089534999999999979 0.045956523167633441
-0.0089534999999999979 -0.0089534999999999979 0.057500000000000002
-0.0089534999999999979 -0.0089534999999999979 0.054370820090934094
-0.0089534999999999979 -0.0089534999999999979 0.051870820090934085
-0.0089534999999999979 -0.0089534999999999979 0.048456523167633443
-0.0100515 -0.0073105000000000002 0.059999999999999998
-0.012390999999999999 -0.0082795000000000021 0.042500000000000003
-0.012390999999999999 -0.0082795000000000021 0.044999999999999984
-0.012391000000000004 -0.0082795000000000004 0.057500000000000002
-0.012391000000000004 -0.0082795000000000004 0.054999999999999993
-0.012390999999999999 -0.0082795000000000021 0.047499999999999994
-0.012390999999999999 -0.0082795000000000021 0.049999999999999989
-0.012390999999999999 -0.0082795000000000021 0.052499999999999991
-0.012390999999999999 0.0082795000000000004 0.017486070787634967
-0.012390999999999999 0.0082795000000000004 0.0025139292123650234
-0.012390999999999999 0.0082794999999999987 0.01482019617385112
-0.012390999999999999 0.0082795000000000004 0.0051740463380892205
-0.012390999999999999 0.0082795000000000004 0.007643760817810246
-0.012390999999999999 0.0082794999999999987 0.012317769078302201
-0.012390999999999999 0.0082795000000000004 0.0099820336176303388
-0.010213537931957443 0.0069719670282284247 0.02
-0.0097862689659787196 0.005424483514114212 0.02
-0.012125768965978724 0.0063934835141142123 0.02
-0.010478768965978722 0.0088579835141142128 0.02
-0.0091895703635475508 0.0063173576523604894 0.02
-0.0094873123983035077 0.0078665269464390005 0.02
-0.0084633448298936167 0.0072119175705710626 0.02
-0.0087795129336189128 0.0087795129336189128 0.0073587555011826828
-0.0087734021416692072 0.0087734021416692089 0.012907852382809669
-0.0085606025867237846 0.0085606025867237846 0.0049006240126562893
-0.0093389343959442272 0.0093389343959442272 0.017676481759402562
-0.0084940897995669229 0.0084940897995669229 0.015468762373238824
-0.0083775905843585449 0.0083775905843585449 0.009282792620628413
-0.0083945688090731 0.0083945688090731 0.011036409748920846
-0.0081840222120321444 0.0081840222120321444 0.017963173115631368
-0.0089134084272167128 0.0089134084272167128 0.0023164296592940686
-0.010041467197972113 0.010041467197972113 0.018838240879701283
-0.010041467197972113 0.010041467197972113 0.016172366265917434
-0.009050010630296897 0.009050010630296897 0.018838240879701283
-0.0098287042136083556 0.0098287042136083608 0.0011582148296470365
-0.0080382042136083551 0.0080382042136083569 0.0011582148296470365
-0.0098287042136083556 0.0098287042136083608 0.003818331955371233
-0.0076735111060160718 0.0076735111060160718 0.018981586557815684
-0.0084725545383408582 0.0084725545383408582 0.018981586557815684
-0.0076735111060160718 0.0076735111060160718 0.017316897280573409
-0.0080382042136083569 0.0080382042136083569 0.0029935313586142674
-0.0097617564668094556 0.0097617564668094556 0.008677767676135633
-0.0097617564668094556 0.0097617564668094556 0.0063394948763155403
-0.0086700577601713496 0.0086700577601713496 0.0061296897569194861
-0.0096523012933618889 0.0096523012933618906 0.0051104291320523444
-0.0087370055069702478 0.0087370055069702478 0.0036085268359751783
-0.0097587010708346054 0.0097587010708346054 0.013788051577620988
-0.0097587010708346054 0.0097587010708346054 0.011452316116949128
-0.0095607952921792725 0.0095607952921792725 0.0096397862358584968
-0.0085785517589887297 0.0085785517589887297 0.0083207740609055475
-0.0085839854753711527 0.0085839854753711545 0.011972131065865258
-0.0095692844045365526 0.0095692844045365526 0.010516594800004716
-0.0083860796967158216 0.0083860796967158251 0.010159601184774629
-0.0096190448997834615 0.0096190448997834615 0.015068506572835566
-0.008633745970618065 0.008633745970618065 0.014188307378024246
-0.0089165120977555759 0.0089165120977555759 0.016572622066320694
-0.0087614783039881849 0.0087614783039881849 0.017819827437516964
-0.0078618012933618937 0.0078618012933618937 0.004285628535295378
-0.0078618012933618937 0.0078618012933618937 0.0056094023682024766
-0.0079712564668094569 0.0079712564668094569 0.0068384681124656725
-0.0079712564668094569 0.0079712564668094569 0.0078203974402946894
-0.0077702952921792721 0.0077702952921792738 0.0087824160000175532
-0.0077702952921792721 0.0077702952921792738 0.0097412685311730474
-0.007778784404536547 0.0077787844045365505 0.010618077095319266
-0.007778784404536547 0.0077787844045365505 0.011590301871968876
-0.0079682010708346032 0.0079682010708346032 0.012526023188913289
-0.0079682010708346032 0.0079682010708346032 0.013497462770469898
-0.0078285448997834593 0.0078285448997834611 0.014777917765684476
-0.0078285448997834593 0.0078285448997834611 0.016069691909377137
-0.0083390560057995319 0.0083390560057995319 0.016715967744435095
-0.0100515 0.0073105000000000002 0
-0.0082179171814420245 0.0055844672776782815 0.016397265074295311
-0.0082171767154668989 0.0055855752791328572 0.0073919931515780716
-0.0082253404233357565 0.0055733594576132519 0.013048420586624684
-0.0079984604148078831 0.0059128529494268172 0.0094051011998910888
-0.0079817601676287278 0.0059378424814080137 0.010955444006327211
-0.008079968435439875 0.005790887851158724 0.0050422837833378441
-0.0082247936870879744 0.0055741775702317442 0.0028499194075591872
-0.008788458590721011 0.0047307336388391404 0.015453763669924042
-0.008788458590721011 0.0047307336388391404 0.018198632537147656
-0.0081917599882898422 0.0056236077770854169 0.018198632537147656
-0.0076938968435439859 0.0063685887851158722 0.0014249597037795936
-0.0087918968435439851 0.0047255887851158718 0.0014249597037795936
-0.0087918968435439851 0.0047255887851158718 0.0041932998020414083
-0.0076643013975688287 0.0064128741382462762 0.018335310722757719
-0.0076938968435439859 0.0063685887851158722 0.0032602762327468282
-0.00878808835773345 0.0047312876395664283 0.0064643366740508501
-0.00878808835773345 0.0047312876395664283 0.0086858764799818862
-0.0087194842177199389 0.0048339439255793617 0.0052894819899307367
-0.0081485725754533896 0.0056882315651457923 0.0062171384674579583
-0.0081523810612639264 0.0056825327106952333 0.0039461015954485156
-0.0087921702116678779 0.0047251797288066248 0.01151409019750519
-0.0087921702116678779 0.0047251797288066248 0.013779341426088727
-0.0081078185651373928 0.0057492141142798381 0.0083985471757345789
-0.0086787302074039386 0.0048949264747134092 0.0096924305041383926
-0.0086703800838143635 0.0049074212407040057 0.010467601907356454
-0.0081035502954822421 0.005755600969510632 0.012001932296475948
-0.0079901102912183046 0.0059253477154174164 0.01018027260310915
-0.0082216288023888896 0.0055789133676457676 0.014722842830459998
-0.007690458590721011 0.0063737336388391408 0.016533943259905377
-0.0076214842177199389 0.0064769439255793612 0.0056802322535432527
-0.0076214842177199389 0.0064769439255793612 0.0043564584206361541
-0.0076900883577334508 0.0063742876395664286 0.007837016265492382
-0.0076900883577334508 0.0063742876395664286 0.0068550869376633669
-0.007580730207403942 0.0065379264747134078 0.0098024228208043896
-0.007580730207403942 0.0065379264747134078 0.0088435702896488937
-0.0075723800838143635 0.0065504212407040061 0.011549819000672061
-0.0075723800838143635 0.0065504212407040061 0.010577594224022447
-0.007694170211667877 0.0063681797288066251 0.013567746872377403
-0.007694170211667877 0.0063681797288066251 0.012596307290820796
-0.007690458590721011 0.0063737336388391408 0.015242169116212718
-0.0082609999999999992 -0.0055199999999999997 0.016692195493479972
-0.0082609999999999992 -0.0055199999999999997 0.0031291798918883606
-0.0082609999999999992 -0.0055199999999999997 0.0063190365244457074
-0.0082609999999999992 -0.0055199999999999997 0.013235672307721717
-0.0082609999999999992 -0.0055199999999999997 0.0097333334467990876
-0.0089534999999999979 -0.0089535000000000014 0.0024999999999999931
-0.0089534999999999979 -0.0089534999999999979 0.0056291798918883546
-0.0089535000000000014 -0.0089534999999999979 0.017499999999999995
-0.0089535000000000014 -0.0089534999999999979 0.014043476814241736
-0.0089535000000000014 -0.0089534999999999979 0.011543476814241735
-0.0089534999999999979 -0.0089534999999999979 0.0081291798918883551
-0.0100515 -0.0073105000000000002 0.02
-0.0100515 -0.0073105000000000002 0
-0.012391000000000004 -0.0082795000000000004 0.017499999999999995
-0.012391000000000004 -0.0082795000000000004 0.014999999999999987
-0.012390999999999999 -0.0082795000000000021 0.0024999999999999931
-0.012390999999999999 -0.0082795000000000021 0.0049999999999999871
-0.012390999999999999 -0.0082795000000000021 0.0074999999999999876
-0.012391000000000004 -0.0082795000000000021 0.0099999999999999881
-0.012391000000000004 -0.0082795000000000021 0.01249999999999999
-0.012390999999999999 -0.0082795000000000021 0.022499999999999999
-0.012391000000000004 -0.0082795000000000056 0.0275
-0.0089534999999999979 -0.0089534999999999979 0.0275
-0.0089534999999999979 -0.0089534999999999979 0.024999999999999994
-0.0089534999999999979 -0.0089534999999999979 0.022499999999999999
-0.0082609999999999992 -0.0055199999999999989 0.027551829625984788
-0.0082609999999999992 -0.0055199999999999997 0.022499999999999992
-0.0082609999999999992 -0.0055199999999999989 0.025051829625984783
-0.012382828192114993 0.0082917279420355802 0.02260640655712904
-0.013210414096057495 0.0070533639710177913 0.023803203278564521
-0.013210414096057495 0.0070533639710177913 0.021303203278564518
-0.011563414096057496 0.0095178639710177902 0.021303203278564518
-0.012358312768459973 0.008328411768142318 0.023803203278564521
-0.011563414096057496 0.0095178639710177902 0.023803203278564521
-0.013217484658651872 0.0070427838850956092 0.0275
-0.012365383331054348 0.0083178316822201375 0.027500000000000004
-0.01153889867240248 0.0095545477971245296 0.027500000000000004
-0.0082972568713358692 0.0082972568713358692 0.027098744045952906
-0.0082941993984969736 0.0082941993984969736 0.0230703970322985
-0.0088427541096058812 0.0088427541096058812 0.025045417423923917
-0.009477208074550483 0.009477208074550483 0.022623162891244483
-0.0094744772112394342 0.0094744772112394342 0.027428832293975365
-0.010109238605619715 0.010109238605619715 0.028714416146987679
-0.010109238605619715 0.010109238605619715 0.026214416146987683
-0.0091094261432474264 0.0091094261432474264 0.028714416146987679
-0.0079536875376277107 0.0079536875376277107 0.028951450369297423
-0.010110604037275242 0.010110604037275242 0.023811581445622239
-0.010110604037275242 0.010110604037275242 0.021311581445622244
-0.0091191474696000283 0.0091191474696000283 0.021311581445622244
-0.0079620434323247839 0.0079620434323247856 0.021125056286090887
-0.0091599810920781795 0.0091599810920781847 0.0238342901575842
-0.0097933770548029389 0.0097933770548029389 0.025022708711961959
-0.009158615660422656 0.009158615660422656 0.026237124858949641
-0.0077301284356679342 0.0077301284356679342 0.027500822392273878
-0.0085208159732956465 0.0085208159732956465 0.028549372022976447
-0.0088858670412876508 0.0088858670412876508 0.027263788169964137
-0.0085276431315732728 0.0085276431315732728 0.021535198516149247
-0.007728599699248483 0.0077285996992484864 0.02266025480224014
-0.0088857037365237292 0.0088857037365237309 0.022846779961771493
-0.0077301284356679342 0.0077301284356679342 0.026577434514300849
-0.0080028770548029402 0.0080028770548029402 0.024569036665245549
-0.0080028770548029402 0.0080028770548029402 0.025550771203286356
-0.0085700054904708743 0.0085700054904708743 0.02607208073493841
-0.007728599699248483 0.0077285996992484847 0.023581526469432845
-0.0085684767540514274 0.0085684767540514292 0.024057907228111207
-0.0081972242678977417 0.0056154312639745043 0.025032997931056889
-0.0081062520585920977 0.0057515581673344088 0.023241756912240744
-0.0081280086037748226 0.0057190026083770171 0.026803741956284759
-0.0085253510926953449 0.0051244363886170739 0.021731936306751867
-0.0085258976582400434 0.0051236185314313338 0.028311078241059637
-0.0089424488291200213 0.0045003092657156666 0.0274467727533842
-0.0089424488291200213 0.0045003092657156666 0.029155539120529816
-0.008341267580096394 0.0053998910436262497 0.029155539120529816
-0.0089421755463476704 0.004500718194308537 0.020865968153375936
-0.0089421755463476704 0.004500718194308537 0.022523889319086068
-0.0083454769439165015 0.0053935923325548153 0.020865968153375936
-0.0076598187509763728 0.0064195817779105812 0.028951450369297423
-0.0076643013975688287 0.0064128741382462771 0.021125056286090887
-0.0087781121339488705 0.0047462156319872523 0.024174420131238578
-0.0087781121339488705 0.0047462156319872523 0.025807732598382822
-0.0087326260292960468 0.0048142790836672045 0.023278799621830507
-0.008151738163244918 0.0056834947156544574 0.024137377421648811
-0.0083158015756437213 0.0054379972779757405 0.022486846609496305
-0.008162616435836283 0.0056672169361757611 0.025918369943670826
-0.0087435043018874101 0.0047980013041885091 0.026693104610996759
-0.0083269531310074321 0.0054213105699041763 0.0275574100986722
-0.0078444488291200213 0.0061433092657156678 0.02810698948982724
-0.0078441755463476703 0.0061437181943085374 0.021991024439466825
-0.0076455043018874092 0.0064410013041885086 0.027353321347439803
-0.0076455043018874092 0.0064410013041885086 0.026429933469466781
-0.0076801121339488704 0.0063892156319872526 0.025544561456852841
-0.0076801121339488704 0.0063892156319872526 0.02456282691881204
-0.0076346260292960476 0.0064572790836672049 0.023667206409403965
-0.0076346260292960476 0.0064572790836672049 0.02274593474221126
-0.0095515326149346637 0.011540913687645616 0.032500000000000001
-0.0083148165027155316 0.012367398344502956 0.032500000000000001
-0.0070427838877808683 0.013217484656857339 0.032500000000000001
-0.008290866461409906 0.012383403910755894 0.037393634608462206
-0.0095174332307049574 0.011563701955377948 0.038696817304231114
-0.0095174332307049574 0.011563701955377948 0.036196817304231112
-0.008324965845639614 0.012360615643023562 0.036196817304231112
-0.0070529332307049534 0.013210701955377949 0.038696817304231114
-0.0070529332307049534 0.013210701955377949 0.036196817304231112
-0.0069718589431950802 0.01021457827598822 0.040000000000000001
-0.0088579294715975393 0.010479289137994108 0.040000000000000001
-0.0063934294715975396 0.012126289137994108 0.040000000000000001
-0.007867923659008012 0.0094892833254045846 0.040000000000000001
-0.0072116473579876992 0.0084659456899705467 0.040000000000000001
-0.0054244294715975394 0.0097867891379941098 0.040000000000000001
-0.0063155826421747684 0.0091912406405541842 0.040000000000000001
-0.0048602521728981453 0.011732909657889794 0.034589112175131075
-0.0048683962716970864 0.011752572319541106 0.037454847590188751
-0.0053376260864490734 0.012885454828944896 0.034794556087565542
-0.0053376260864490734 0.012885454828944896 0.03229455608756554
-0.005341698135848544 0.012895286159770557 0.038727423795094376
-0.005341698135848544 0.012895286159770557 0.036227423795094367
-0.0048643242222976158 0.011742740988715451 0.036021979882659913
-0.0048460000000000005 0.011698500000000001 0.031680930517683323
-0.0043686260864490732 0.0105459548289449 0.033975486605248864
-0.004372698135848542 0.01055578615977055 0.038727423795094376
-0.004372698135848542 0.01055578615977055 0.037013713157287999
-0.0043686260864490732 0.0105459548289449 0.03558084544975916
-0.0064766828411258323 0.01053895523840466 0.029999999999999999
-0.0085074714254085772 0.010570672194485048 0.029999999999999999
-0.0072104232150337188 0.0084504034391543123 0.029999999999999999
-0.0051768414205629158 0.0099489776192023278 0.029999999999999999
-0.0061458414205629161 0.012288477619202333 0.029999999999999999
-0.0073736253083437836 0.01146796227605967 0.029999999999999999
-0.0060765770979689226 0.0093476935207289277 0.029999999999999999
-0.0076105289581906276 0.0096416651568300409 0.029999999999999999
-0.00561494638445241 0.0081975483078948596 0.034926772945603229
-0.0058357362898774044 0.0080499966851580104 0.032813736202177604
-0.0058328754542678113 0.008051908552169168 0.037053243912777277
-0.0051314669931998994 0.0085206526119698776 0.038498729685086976
-0.0051371886644190849 0.0085168288779475625 0.031443250815977743
-0.0061899297577244329 0.007813292833851836 0.038657525034880992
-0.0061950792618217006 0.0078098514732317537 0.031267660140568851
-0.0066764648788622165 0.0074881464169259185 0.038196588305710849
-0.0066764648788622165 0.0074881464169259185 0.039328762517440496
-0.0059246180494394451 0.0079905979194859929 0.039328762517440496
-0.0066790396309108508 0.0074864257366158765 0.030633830070284425
-0.0066790396309108508 0.0074864257366158765 0.031674486912628877
-0.0059357753083168572 0.0079831416381424773 0.030633830070284425
-0.0053953866671771775 0.0083442778085450128 0.039249364842543488
-0.0045042334965999485 0.0089398263059849385 0.039249364842543488
-0.0045042334965999485 0.0089398263059849385 0.037535654204737111
-0.0045070943322095417 0.0089379144389737809 0.032402555925672198
-0.0045070943322095417 0.0089379144389737809 0.030721625407988871
-0.0054068300096155484 0.0083366303405003825 0.030721625407988871
-0.0064979377271339057 0.0076074542760845828 0.036470407234335776
-0.0064979377271339048 0.0076074542760845828 0.037394447744658998
-0.0060114026059961212 0.0079326006930105046 0.037855384473829135
-0.0063889731922262046 0.0076802741539474285 0.034425506289271365
-0.0063889731922262046 0.0076802741539474285 0.035407171750748763
-0.0057239109193601102 0.0081247284300320147 0.035990008429190257
-0.0064993681449387018 0.0076064983425790048 0.032447524943433254
-0.0064993681449387018 0.0076064983425790066 0.033368987917558546
-0.0057253413371649055 0.0081237724965264341 0.033870254573890417
-0.0060154077758495517 0.0079299240791948829 0.032040698171373228
-0.0056606983754621662 0.0081669727229108577 0.038578127359983984
-0.0047459731922262043 0.0087782741539474268 0.035749675834995234
-0.0047459731922262043 0.0087782741539474268 0.034144316990484938
-0.0048563681449387015 0.0087044983425790066 0.033087798618772125
-0.0054864624771482438 0.0082834127815527864 0.032128493509077677
-0.0048549377271339036 0.0087054542760845819 0.036812911318582255
-0.0054821712237338536 0.0082862805820695211 0.037775986798932126
-0.0056661339631203919 0.008163340175589659 0.0313554554782733
-0.0048142442011299821 0.01162183055577254 0.049884266454207842
-0.0048459999999999996 0.011698500000000001 0.042247808825492401
-0.0048459999999999996 0.011698500000000001 0.044805358047258763
-0.0048459999999999996 0.011698500000000001 0.057639646468268885
-0.0048459999999999996 0.011698500000000001 0.055082097246502523
-0.005314622100564991 0.01282991527788627 0.049938437657435615
-0.005314622100564991 0.01282991527788627 0.047499682448870283
-0.0048459999999999996 0.011698500000000001 0.046629210481343067
-0.0043456221005649899 0.010490415277886267 0.049013794486680619
-0.005314622100564991 0.01282991527788627 0.052384584005337541
-0.0048459999999999996 0.011698500000000001 0.053234090431277907
-0.0043456221005649899 0.010490415277886267 0.050733772880148187
-0.0082795000000000021 0.012390999999999999 0.042557549221766362
-0.0082795000000000021 0.012390999999999999 0.045213657019667487
-0.0082795000000000021 0.012390999999999999 0.057442450778233622
-0.0082795000000000004 0.012391000000000004 0.054792910229566727
-0.0082795000000000004 0.012391000000000004 0.050017929963395311
-0.0082795000000000021 0.012390999999999999 0.047652412228232827
-0.0082795000000000004 0.012391000000000004 0.052346763881664801
-0.0073105000000000002 0.0100515 0.059999999999999998
-0.0055717361006105562 0.0082264252961227052 0.042075891592392549
-0.0057261013545175611 0.0081232645847472383 0.046806032277770034
-0.0057006115190067564 0.0081402991796290791 0.052789781152063328
-0.0059420875340753191 0.0079789232425960411 0.048656481901830459
-0.0057813363158590383 0.0080863516282329712 0.050730260077967645
-0.0059001674910256234 0.0080069379761739876 0.044523766954183454
-0.0057789731459294497 0.0080879309103892016 0.055102415406934113
-0.0054528908408495837 0.0083058483607712421 0.057439592832554155
-0.0063673680503052764 0.0076947126480613522 0.041037945796196282
-0.0063673680503052764 0.0076947126480613522 0.042707488435439055
-0.005615521220882505 0.0081971641506214249 0.041037945796196282
-0.006307945420424791 0.0077344241803856189 0.058719796416277073
-0.0046649454204247915 0.0088324241803856215 0.058719796416277073
-0.006307945420424791 0.0077344241803856189 0.056878871372155443
-0.0047243680503052769 0.0087927126480613522 0.041037945796196282
-0.0047243680503052769 0.0087927126480613522 0.043285754621688662
-0.0046649454204247915 0.0088324241803856215 0.05635944288454596
-0.006470986572964724 0.0076254654551945996 0.054381929740991819
-0.006470986572964724 0.0076254654551945996 0.055710282659345418
-0.0056159319933895167 0.0081968896355802227 0.056271004119744131
-0.0064318057595033774 0.0076516495898145392 0.052239740391328914
-0.0064318057595033774 0.0076516495898145392 0.053225612613556426
-0.005739792332468103 0.0081141150450091386 0.053946098279498721
-0.0064721681579295188 0.0076246758141164835 0.050250540301654219
-0.0064721681579295188 0.0076246758141164835 0.051209979854281072
-0.0057409739174328961 0.0081133254039310251 0.051760020615015487
-0.0065525437670376574 0.0075709616212980193 0.048244228005375422
-0.0065525437670376574 0.0075709616212980193 0.049213651213585625
-0.0058617119249671787 0.0080326374354145053 0.049693370989899045
-0.0064445506772587806 0.0076431322923736188 0.046354120124527207
-0.0064445506772587806 0.0076431322923736188 0.047319003193345206
-0.0058340944442964388 0.0080510939136716406 0.04773125708980025
-0.00653158374551281 0.0075849689880869917 0.043931426116334507
-0.00653158374551281 0.0075849689880869917 0.045212987462733917
-0.0058131344227715922 0.0080651012804606129 0.045664899615976751
-0.0057359517958180889 0.0081166816361483464 0.043299829273288001
-0.0048015506772587794 0.0087411322923736171 0.047474677398461722
-0.0048015506772587794 0.0087411322923736171 0.045650824964377411
-0.0048885837455128105 0.0086829689880869899 0.044509692302584121
-0.0048291681579295184 0.0087226758141164835 0.051156769692028085
-0.0048291681579295184 0.0087226758141164835 0.049436791298560531
-0.0049095437670376588 0.0086689616212980193 0.048399902210491931
-0.0047888057595033761 0.0087496495898145392 0.05403453704430055
-0.0047888057595033761 0.0087496495898145392 0.052186530229075934
-0.0048279865729647237 0.0087234654551946005 0.055190854171735935
-0.0082795000000000004 -0.012390999999999998 0.042500000000000003
-0.0082794999999999987 -0.012390999999999999 0.057500000000000002
-0.0082795000000000004 -0.012390999999999998 0.044999999999999984
-0.0082794999999999987 -0.012390999999999999 0.054999999999999993
-0.0082795000000000004 -0.012390999999999998 0.047499999999999994
-0.0082795000000000004 -0.012390999999999999 0.052499999999999991
-0.0082795000000000004 -0.012390999999999998 0.049999999999999989
-0.0073105000000000002 -0.0100515 0.059999999999999998
-0.0055200000000000006 -0.0082609999999999992 0.043307804527248542
-0.0055200000000000006 -0.0082609999999999992 0.046764327694881987
-0.0055200000000000006 -0.0082609999999999992 0.056870820090934096
-0.0055200000000000006 -0.0082609999999999992 0.053680963433986366
-0.0055200000000000006 -0.0082609999999999992 0.050266666510685717
-0.0073105000000000002 -0.0100515 0.040000000000000001
-0.0047181554090141809 -0.011389839091216382 0.050081841379392401
-0.0048459999999999996 -0.011698500000000001 0.042500000000000003
-0.0048459999999999996 -0.011698500000000001 0.057500000000000002
-0.0048459999999999996 -0.011698500000000001 0.054310143343052272
-0.0048459999999999996 -0.011698500000000001 0.04580780452724853
-0.0052665777045070895 -0.012713919545608191 0.047540920689696183
-0.0052665777045070895 -0.012713919545608191 0.050040920689696192
-0.0042975777045070893 -0.01037441954560819 0.048348725216944735
-0.0052665777045070895 -0.012713919545608191 0.052540920689696194
-0.0042975777045070893 -0.01037441954560819 0.051851064032748473
-0.0082795000000000021 -0.012391000000000004 0.0024999999999999931
-0.0082795000000000004 -0.012391000000000004 0.017499999999999995
-0.0082795000000000021 -0.012391000000000004 0.0049999999999999871
-0.0082795000000000004 -0.012391000000000004 0.014999999999999993
-0.0082795000000000021 -0.012391000000000004 0.0074999999999999876
-0.0082795000000000021 -0.012391000000000004 0.01249999999999999
-0.0082795000000000021 -0.012391000000000004 0.0099999999999999881
-0.0073105000000000002 -0.0100515 0.02
-0.0055199999999999997 -0.0082609999999999992 0.0030575356927819426
-0.0055199999999999997 -0.0082609999999999992 0.0061867155846703024
-0.0055199999999999997 -0.0082609999999999992 0.016574124619439162
-0.0055199999999999997 -0.0082609999999999992 0.013117601433680908
-0.0055199999999999997 -0.0082609999999999992 0.0097033045113275249
-0.0073105000000000002 -0.0100515 0
-0.0048459999999999996 -0.011698500000000001 0.0024999999999999931
-0.0048460000000000005 -0.011698500000000001 0.017499999999999995
-0.0048459999999999996 -0.011698500000000001 0.01407412461943916
-0.0048459999999999996 -0.011698500000000001 0.0055575356927819348
-0.0048459999999999996 -0.011698500000000001 0.0080575356927819336
-0.0048459999999999996 -0.011698500000000001 0.011574124619439158
-0.0082795000000000021 -0.012390999999999999 0.032500000000000001
-0.0082795000000000056 -0.012391000000000004 0.037500000000000006
-0.0048460000000000005 -0.011698500000000001 0.037500000000000006
-0.0048460000000000005 -0.011698500000000001 0.034946742453619083
-0.0048460000000000005 -0.011698500000000001 0.032446742453619073
-0.0073105000000000002 -0.0100515 0.029999999999999999
-0.0055199999999999989 -0.0082609999999999975 0.037499999999999992
-0.0055199999999999989 -0.0082609999999999975 0.032446742453619073
-0.0055199999999999989 -0.0082609999999999975 0.034946742453619083
-0.0082795000000000021 -0.012390999999999999 0.022499999999999999
-0.0082795000000000056 -0.012391000000000004 0.0275
-0.0048460000000000005 -0.011698500000000001 0.022441784200312329
-0.0048460000000000005 -0.011698500000000001 0.024941784200312327
-0.0048460000000000005 -0.011698500000000001 0.0275
-0.0055199999999999989 -0.0082609999999999975 0.027499999999999997
-0.0055199999999999989 -0.0082609999999999975 0.022441784200312329
-0.0055199999999999989 -0.0082609999999999975 0.02494178420031232
-0.0082908664694084973 0.012383403905410512 0.022606365391906049
-0.0095174332347042478 0.011563701952705259 0.023803182695953023
-0.0095174332347042478 0.011563701952705259 0.021303182695953021
-0.0070529332347042482 0.013210701952705258 0.021303182695953021
-0.0083249658776339865 0.012360615621642049 0.023803182695953023
-0.0070529332347042482 0.013210701952705258 0.023803182695953023
-0.0095515326429297422 0.011540913668936796 0.027500000000000004
-0.0083148165307106083 0.012367398325794131 0.027500000000000004
-0.00704278388778087 0.013217484656857344 0.0275
-0.004860252175370173 0.011732909663858119 0.025410887828477943
-0.0048683962755817003 0.011752572328919905 0.022545152406195559
-0.0048459999999999996 0.011698500000000001 0.02831906951547284
-0.0053376260876850873 0.01288545483192906 0.027705443914238969
-0.0053376260876850873 0.01288545483192906 0.025205443914238974
-0.0043686260876850862 0.01054595483192906 0.026024513429711807
-0.0053416981377908505 0.012895286164459951 0.023772576203097775
-0.0053416981377908505 0.012895286164459951 0.02127257620309778
-0.0048643242254759363 0.011742740996389013 0.023978020117336758
-0.0043726981377908494 0.010555786164459952 0.02127257620309778
-0.0043726981377908494 0.010555786164459952 0.022986286807096353
-0.0043686260876850871 0.01054595483192906 0.024419154518237545
-0.0069716609480317436 0.010213742482204528 0.02
-0.0063933304740158708 0.012125871241102265 0.02
-0.0088578304740158723 0.010478871241102264 0.02
-0.0078663739063406582 0.0094874146734270481 0.02
-0.007211152370079358 0.008463856205511322 0.02
-0.0054243304740158723 0.0097863712411022635 0.02
-0.0063164394117704442 0.0091901840142888016 0.02
-0.005615103557427027 0.0081974432708126106 0.025060873038025847
-0.0058332202388226952 0.0080516781361976136 0.022932025516135941
-0.0058357624853731735 0.0080499791789776353 0.027170966486286093
-0.0051321094104172828 0.0085202232911514436 0.021496900602044795
-0.0051371939035182394 0.0085168253767114854 0.028552111177305842
-0.0061905095049498244 0.0078129053947444248 0.021335807738072504
-0.0061950855487406852 0.007809847271748464 0.028725195680437354
-0.0066790427743703418 0.0074864236358742316 0.0283140482095161
-0.0066790427743703418 0.0074864236358742307 0.02936259784021868
-0.005935778451776349 0.0079831395374008324 0.02936259784021868
-0.0066767547524749123 0.0074879526973722129 0.020667903869036251
-0.0066767547524749123 0.0074879526973722129 0.02179296015512714
-0.0059258636902294855 0.0079897654705587493 0.020667903869036251
-0.0054068326291651257 0.0083366285898823431 0.02927605558865292
-0.0045070969517591172 0.0089379126883557432 0.02927605558865292
-0.0045070969517591172 0.0089379126883557432 0.027595125104125755
-0.0045045547052086406 0.0089396116455757214 0.022462160905020966
-0.0045045547052086406 0.0089396116455757214 0.0207484503010224
-0.0053966636429632151 0.0083434244187622578 0.0207484503010224
-0.0064993812426865855 0.0076064895894888173 0.026613545734467444
-0.0064993812426865855 0.0076064895894888173 0.027536933612440462
-0.006015424017056928 0.0079299132253630496 0.027948081083361723
-0.0063890517787135127 0.0076802216354063058 0.024576764472296519
-0.0063890517787135127 0.0076802216354063058 0.025558499010337323
-0.0057254330214000998 0.0081237112248951256 0.026115919762155968
-0.0064981101194113476 0.0076073390680988064 0.022591069044158855
-0.0064981101194113476 0.0076073390680988064 0.023512340711351564
-0.0057241618981248611 0.008124560703505113 0.023996449277080896
-0.0060118648718862581 0.0079322917654710227 0.022133916627104223
-0.0056661397261294618 0.0081633363242299747 0.028638653428871601
-0.0047460517787135123 0.0087782216354063049 0.025849506034485763
-0.0047460517787135123 0.0087782216354063049 0.024244147123011497
-0.0048551101194113455 0.0087053390680988055 0.023179723362066543
-0.0054826648246199877 0.0082859507136745295 0.022214463059090368
-0.0048563812426865851 0.0087044895894888164 0.026904552758615884
-0.0054864781944457047 0.0082834022778445603 0.027861538831795964
-0.0056613094576835532 0.0081665643429479351 0.021416354170058646
-0.0048142442384712337 0.011621830645927192 0.010115734840378716
-0.0048460000000000005 0.011698500000000001 0.017752191478701024
-0.0048459999999999996 0.011698500000000001 0.015194642297519016
-0.0048459999999999996 0.011698500000000001 0.0023603547798027435
-0.0048459999999999996 0.011698500000000001 0.0049179039609847652
-0.0053146221192356168 0.012829915322963596 0.012500318239007348
-0.0053146221192356168 0.012829915322963596 0.010061563039981123
-0.0048459999999999996 0.011698500000000001 0.013370790182699705
-0.0043456221192356165 0.010490415322963596 0.01098620678407107
-0.0053146221192356159 0.012829915322963596 0.0076154166013713779
-0.0048459999999999996 0.011698500000000001 0.006765910432700778
-0.0043456221192356165 0.010490415322963596 0.0092662286717081141
-0.0073105000000000002 0.0100515 0
-0.0082795000000000021 0.012391000000000004 0.017442450818817991
-0.0082795000000000004 0.012391000000000004 0.014776576205034146
-0.0082795000000000021 0.012390999999999999 0.0025575491811820209
-0.0082795000000000021 0.012390999999999999 0.0052176663069062202
-0.0082795000000000021 0.012391000000000004 0.010002085545336058
-0.0082795000000000021 0.012390999999999999 0.0076638127455159648
-0.0082795000000000004 0.012391000000000004 0.01233782100600792
-0.0055725131876874284 0.0082259059768223976 0.01792564195079005
-0.005700474691678125 0.0081403906199253896 0.013203664668596205
-0.0057019355955570099 0.0081394143128900778 0.0071890975793799166
-0.0059345643207587232 0.007983950928671284 0.011329034748731284
-0.0057693469121154932 0.0080943640234310329 0.0092408919105621927
-0.0058951975758731101 0.008010259319349556 0.015478276836086775
-0.0057798819225690704 0.0080873235843086783 0.0048838871394380496
-0.0054546550521512617 0.0083046693565051177 0.0025535400434867675
-0.0063677565938437134 0.0076944529884111984 0.017298131698152749
-0.0063677565938437134 0.0076944529884111984 0.018962820975395027
-0.0056168655315982858 0.008196265761597734 0.018962820975395027
-0.004665827526075631 0.0088318346782525585 0.001276770021743384
-0.0063088275260756313 0.0077338346782525602 0.001276770021743384
-0.0063088275260756313 0.0077338346782525602 0.0031120865507106178
-0.0047247565938437139 0.0087924529884111976 0.018962820975395027
-0.0047247565938437139 0.0087924529884111976 0.01671501245409605
-0.004665827526075631 0.0088318346782525585 0.0036371248015461279
-0.0064714409612845339 0.0076251617921543379 0.0042772600986862586
-0.0064714409612845339 0.0076251617921543379 0.0056010339315933563
-0.005617268487360166 0.0081959964704068997 0.0037187135914624088
-0.0064324677977785055 0.0076512071564450385 0.0067536391515642894
-0.0064324677977785055 0.0076512071564450385 0.0077355684793933054
-0.0057409087590630393 0.0081133689485993789 0.0060364923594089836
-0.0064661734560577458 0.0076286820117155169 0.0087614656449844456
-0.0064661734560577458 0.0076286820117155169 0.0097203181761399381
-0.0057356412538362512 0.0081168891681605571 0.0082149947449710534
-0.0065487821603793612 0.0075734754643356416 0.010764389595224483
-0.0065487821603793612 0.0075734754643356416 0.011736614371874095
-0.0058519556164371078 0.0080391574760511585 0.010284963329646738
-0.0064317373458390604 0.0076516953099626944 0.012673929331806557
-0.0064317373458390604 0.0076516953099626944 0.013645368913363164
-0.0058175195062184241 0.0080621707742983377 0.012266349708663743
-0.0065290987879365551 0.0075866296596747776 0.01478267499710845
-0.0065290987879365551 0.0075866296596747776 0.016074449140801111
-0.0057978361337756171 0.0080753249696374728 0.014340970752341487
-0.0057338553817802692 0.0081180826480859794 0.016701959393438413
-0.0047887373458390618 0.0087496953099626944 0.014354023812999129
-0.0047887373458390618 0.0087496953099626944 0.012530171698179814
-0.0048860987879365539 0.0086846296596747776 0.015491329896744411
-0.0048231734560577454 0.0087266820117155187 0.010548785319162809
-0.0048231734560577454 0.0087266820117155187 0.0088288072067998526
-0.0049057821603793617 0.0086714754643356408 0.011592856738247354
-0.0047894677977785051 0.0087492071564450376 0.007802910041208715
-0.0047894677977785051 0.0087492071564450376 0.0059549035694927022
-0.0048284409612845344 0.008723161792154337 0.0048022983495217683
-0.0067183060500625724 -0.0027830014720992241 0.02
-0.0080386530250312841 -0.0033300007360496115 0.02
-0.0084241530250312863 -0.0013915007360496118 0.02
-0.0069406530250312858 -0.0049730007360496119 0.02
-0.0058916530250312862 -0.0013915007360496118 0.02
-0.0051496530250312875 -0.0031820007360496118 0.02
-0.0081273984351722377 0 0.0094688986702452169
-0.0075975000000000001 0 0.017205479968413602
-0.0075975000000000001 0 0.013616559096678513
-0.0075975000000000001 0 0.002358159956921652
-0.0075975000000000001 0 0.0053939653784037898
-0.0091286992175861198 0 0.011145528463387519
-0.0091286992175861198 0 0.0077702547566047457
-0.0065961992175861198 0 0.00709260929204426
-0.0065961992175861198 0 0.011939929303536208
-0.0065961992175861198 0 0.0094921531010253597
-0.0043230000000000005 -0.0017904999999999998 0.017205479968413602
-0.0043229999999999996 -0.0017905 0.013402461652433905
-0.0043229999999999996 -0.0017904999999999996 0.002358159956921652
-0.0043229999999999996 -0.0017904999999999996 0.0050989947899701717
-0.0043229999999999996 -0.0017905 0.010954685449923056
-0.0043229999999999996 -0.0017904999999999996 0.0074985385989512739
-0.005372 -0.0053720000000000009 0.0027408348330485201
-0.005372 -0.0053720000000000009 0.0058700147249368811
-0.005372 -0.005372 0.016543476814241741
-0.005372 -0.0053720000000000009 0.012740458498262046
-0.005372 -0.0053720000000000009 0.009326161575908664
-0.0067183060500625724 -0.0027830014720992241 0
-0.0084241530250312863 -0.0013915007360496118 0
-0.0080386530250312841 -0.0033300007360496115 0
-0.0069406530250312858 -0.0049730007360496119 0
-0.0058916530250312862 -0.0013915007360496118 0
-0.0051496530250312875 -0.0031820007360496118 0
-0.0067183060500625724 -0.0027830014720992241 0.029999999999999999
-0.0080386530250312841 -0.0033300007360496115 0.029999999999999999
-0.0084241530250312863 -0.0013915007360496118 0.029999999999999999
-0.0069406530250312858 -0.0049730007360496119 0.029999999999999999
-0.0058916530250312862 -0.0013915007360496118 0.029999999999999999
-0.0051496530250312875 -0.0031820007360496118 0.029999999999999999
-0.0075975000000000001 0 0.027532578791652607
-0.0075975000000000001 0 0.025018526163953961
-0.0075975000000000001 0 0.022485947372301352
-0.0043229999999999979 -0.0017904999999999991 0.022522568552724186
-0.0043229999999999979 -0.0017904999999999991 0.025055147344376801
-0.0043229999999999996 -0.0017904999999999991 0.027532578791652607
-0.005372 -0.005372 0.027522568552724183
-0.005372 -0.005372 0.025022568552724181
-0.005372 -0.005372 0.022499999999999992
-0.0067183060500625724 -0.0027830014720992241 0.040000000000000001
-0.0080386530250312841 -0.0033300007360496115 0.040000000000000001
-0.0084241530250312863 -0.0013915007360496118 0.040000000000000001
-0.0069406530250312858 -0.0049730007360496119 0.040000000000000001
-0.0058916530250312862 -0.0013915007360496118 0.040000000000000001
-0.0051496530250312875 -0.0031820007360496118 0.040000000000000001
-0.0075975000000000001 0 0.037517452999369282
-0.0075975000000000001 0 0.034983566815135703
-0.0075975000000000001 0 0.032466113815766431
-0.0043229999999999979 -0.0017904999999999991 0.032504647143669893
-0.0043229999999999996 -0.0017904999999999991 0.035022100143039178
-0.0043229999999999996 -0.0017904999999999991 0.037517452999369282
-0.005372 -0.005372 0.037504647143669897
-0.005372 -0.005372 0.035004647143669895
-0.005372 -0.005372 0.032499999999999994
-0.0067183060500625724 -0.0027830014720992241 0.060000000000000005
-0.0080386530250312841 -0.0033300007360496115 0.060000000000000005
-0.0084241530250312863 -0.0013915007360496118 0.060000000000000005
-0.0069406530250312858 -0.0049730007360496119 0.060000000000000005
-0.0058916530250312862 -0.0013915007360496118 0.060000000000000005
-0.0051496530250312875 -0.0031820007360496118 0.060000000000000005
-0.0075975000000000001 0 0.042794519975942288
-0.0075975000000000001 0 0.046172809338025193
-0.0075975000000000001 0 0.057641840095956194
-0.0075975000000000001 0 0.054495133141618086
-0.0075975000000000001 0 0.052095589278092734
-0.0075975000000000001 0 0.048620585594513752
-0.0043229999999999996 -0.0017904999999999996 0.042794519975942288
-0.0043229999999999996 -0.0017904999999999996 0.046597538227440075
-0.0043230000000000005 -0.0017904999999999998 0.057641840095956194
-0.0043229999999999996 -0.0017905 0.054901005227059152
-0.0043229999999999996 -0.0017905 0.0525014613635338
-0.0043229999999999996 -0.0017904999999999996 0.049045314483928633
-0.005372 -0.0053720000000000009 0.043456523167633446
-0.005372 -0.005372 0.057259165131102963
-0.005372 -0.0053720000000000009 0.054129985222037054
-0.005372 -0.0053720000000000009 0.047259541419131232
-0.005372 -0.0053720000000000009 0.050673838342431887
-0.0067183060500625724 0.0027830014720992232 0
-0.0080386530250312841 0.0033300007360496115 0
-0.0084241530250312863 0.0013915007360496114 0
-0.0058916530250312862 0.0013915007360496114 0
-0.0069406530250312858 0.0049730007360496119 0
-0.0051496530250312875 0.0031820007360496118 0
-0.0055492894197778997 0.005549289419777898 0.0073404588162543456
-0.0055566336880819361 0.0055566336880819361 0.012860968562718468
-0.0057329877440347454 0.0057329877440347454 0.015719098366045188
-0.0049639853816449116 0.0049639853816449116 0.017721708692122921
-0.0057656578839555802 0.0057656578839555793 0.0048945321241422729
-0.0059163098003995164 0.0059163098003995156 0.010955557120844304
-0.0059886502800464642 0.0059886502800464633 0.0092408919105621927
-0.0061170531803612397 0.0061170531803612389 0.018022285700736711
-0.0054121691718322026 0.0054121691718322009 0.0023145669402985861
-0.0066400265901806208 0.0066400265901806208 0.019011142850368357
-0.0066400265901806208 0.0066400265901806208 0.017346453573126079
-0.0058396729782438884 0.0058396729782438884 0.019011142850368357
-0.0062875845859161009 0.0062875845859160992 0.001157283470149293
-0.0044965845859161017 0.0044965845859161 0.001157283470149293
-0.0062875845859161009 0.0062875845859160992 0.0029925999991165281
-0.0044965845859161017 0.0044965845859161 0.0038113192170526246
-0.0042724926908224558 0.0042724926908224558 0.016137921531967307
-0.0042724926908224558 0.0042724926908224558 0.018860854346061461
-0.0052631390788857252 0.0052631390788857252 0.018860854346061461
-0.0064643289419777901 0.0064643289419777884 0.0056063564239454671
-0.0064643289419777901 0.0064643289419777884 0.0042825825910383711
-0.005588913527893891 0.0055889135278938892 0.0036045495322204295
-0.0063561447098889499 0.006356144709888949 0.0078112490978305199
-0.0063561447098889499 0.006356144709888949 0.0068293197700015039
-0.0056574736518667391 0.0056574736518667373 0.0061174954701983097
-0.0065758251400232313 0.0065758251400232313 0.0097203181761399381
-0.0065758251400232313 0.0065758251400232313 0.0087614656449844456
-0.0057689698499121828 0.0057689698499121828 0.0082906753634082696
-0.0065396549001997583 0.0065396549001997565 0.011549875557930606
-0.0065396549001997583 0.0065396549001997565 0.010577650781280996
-0.0059524800402229912 0.0059524800402229903 0.010098224515703249
-0.0063598168440409681 0.0063598168440409672 0.013474020860424298
-0.0063598168440409681 0.0063598168440409672 0.012502581278867688
-0.0057364717442407263 0.0057364717442407263 0.011908262841781389
-0.0064479938720173723 0.0064479938720173723 0.016194859905780318
-0.0064479938720173723 0.0064479938720173723 0.014903085762087657
-0.0056448107160583412 0.0056448107160583412 0.014290033464381829
-0.0059250204621979921 0.0059250204621979921 0.016870692033390949
-0.004568816844040968 0.0045688168440409672 0.011380065530939379
-0.004568816844040968 0.0045688168440409672 0.013707551467265079
-0.0046569938720173731 0.0046569938720173731 0.01513661636892844
-0.0053484865628398281 0.0053484865628398281 0.016720403529084056
-0.0045651447098889499 0.0045651447098889499 0.0063242651550305048
-0.0045651447098889499 0.0045651447098889499 0.0086198106577073177
-0.0047848251400232321 0.0047848251400232312 0.0095700272048612409
-0.0047486549001997582 0.0047486549001997582 0.0104273598100023
-0.0046733289419777901 0.0046733289419777892 0.0051013018089744681
-0.0055405192810030748 0.0055405192810030739 0.017871997196429817
-0.0043229999999999996 0.0017905 0.017277067185905846
-0.0043229999999999996 0.0017905 0.014482547154319446
-0.0043230000000000005 0.0017905 0.002358159956921652
-0.0043230000000000005 0.0017905 0.0050121957038249832
-0.0043230000000000005 0.0017905 0.0097072850154828992
-0.0043230000000000005 0.0017904999999999998 0.012155061217993746
-0.0043230000000000005 0.0017905 0.0074117395128060828
-0.0069771492618773663 0.0031138401754365165 0.02
-0.0085535746309386828 0.0015569200877182585 0.02
-0.0081680746309386824 0.003495420087718258 0.02
-0.0060210746309386828 0.0015569200877182585 0.02
-0.0075713760285075135 0.0043882942259645353 0.02
-0.0068639477856320998 0.0056125205263095473 0.02
-0.0052790746309386832 0.0033474200877182583 0.02
-0.0062697210190019535 0.0043380664757815286 0.02
-0.0067387189119580736 0.0026033189119580745 0.040000000000000001
-0.008048859455979036 0.0032401594559790369 0.040000000000000001
-0.0084343594559790364 0.0013016594559790372 0.040000000000000001
-0.0059018594559790364 0.0013016594559790372 0.040000000000000001
-0.0074587972798951857 0.0047177972798951844 0.040000000000000001
-0.0061486567358742224 0.0040809567358742228 0.040000000000000001
-0.0051598594559790368 0.0030921594559790368 0.040000000000000001
-0.005552094677320386 0.005552094677320386 0.052631488161777991
-0.0055532319917250246 0.0055532319917250238 0.047117154818708686
-0.0056060058543240428 0.0056060058543240419 0.044799566319674702
-0.0057662189354640778 0.0057662189354640769 0.055092417128537408
-0.0050979200828228828 0.0050979200828228819 0.042716903412678559
-0.0059141200673595877 0.0059141200673595868 0.04902197736999972
-0.0059797866681376216 0.0059797866681376207 0.050730260077967645
-0.0054122264219861292 0.0054122264219861292 0.057680209731299455
-0.0063607972798951857 0.0063607972798951839 0.041669542639242781
-0.004496613210993065 0.004496613210993065 0.05884010486564973
-0.0062876132109930651 0.0062876132109930651 0.05884010486564973
-0.0062876132109930651 0.0062876132109930651 0.056999179821528086
-0.0053282573213066274 0.0053282573213066266 0.041358451706339283
-0.0043394600414114418 0.0043394600414114401 0.041358451706339283
-0.0043394600414114418 0.004339460041411441 0.044081384438955533
-0.004496613210993065 0.004496613210993065 0.056186069134761957
-0.0064646094677320402 0.0064646094677320394 0.055705283520147066
-0.0064646094677320402 0.0064646094677320394 0.054376930601793466
-0.0055892226787251035 0.0055892226787251035 0.056386313429918442
-0.0063575473386601935 0.0063575473386601935 0.053146466118413761
-0.0063575473386601935 0.0063575473386601935 0.052160593896186241
-0.0056591568063922319 0.0056591568063922319 0.053861952645157696
-0.00657139333406881 0.00657139333406881 0.051209979854281072
-0.00657139333406881 0.00657139333406881 0.050250540301654219
-0.0057659406727290042 0.0057659406727290034 0.051680874119872815
-0.0065385600336797956 0.0065385600336797939 0.049396398947670256
-0.0065385600336797956 0.0065385600336797939 0.048426975739460067
-0.0059469533677486046 0.0059469533677486038 0.049876118723983683
-0.0063581159958625124 0.0063581159958625124 0.047474564463814539
-0.0063581159958625124 0.0063581159958625124 0.046509681394996526
-0.0057336760295423053 0.0057336760295423044 0.048069566094354206
-0.0063845029271620201 0.0063845029271620193 0.045350887145479538
-0.0063845029271620201 0.0063845029271620193 0.044069325799080128
-0.005579618923024535 0.0055796189230245324 0.045958360569191697
-0.006130460041411441 0.0061304600414114402 0.043027994345582063
-0.0053519629685734628 0.0053519629685734619 0.04375823486617663
-0.0045665473386601934 0.0045665473386601934 0.05136616279328865
-0.0045665473386601934 0.0045665473386601934 0.053661708350001218
-0.0046736094677320384 0.0046736094677320384 0.054892172833380923
-0.0045671159958625123 0.0045671159958625123 0.046281510141970607
-0.0045671159958625123 0.0045671159958625123 0.048608996121753997
-0.0047803933340688099 0.0047803933340688099 0.050415548751383474
-0.0047475600336797938 0.004747560033679793 0.049561407397399518
-0.0045935029271620218 0.0045935029271620209 0.045122715892453605
-0.0043230000000000005 0.0017905 0.042722932732616258
-0.0043230000000000005 0.0017905 0.045517452708558552
-0.0043229999999999996 0.0017904999999999998 0.057641840095956194
-0.0043229999999999996 0.0017905 0.054987804365068414
-0.0043230000000000005 0.0017905 0.052588260501543062
-0.0043230000000000005 0.0017905000000000002 0.047844938688341936
-0.0043230000000000005 0.0017905 0.050292714944830494
-0.0067183060500625724 0.0027830014720992232 0.059999999999999998
-0.0084241530250312863 0.0013915007360496114 0.059999999999999998
-0.0080386530250312841 0.0033300007360496115 0.059999999999999998
-0.0058916530250312862 0.0013915007360496114 0.059999999999999998
-0.0069406530250312858 0.0049730007360496119 0.059999999999999998
-0.0051496530250312875 0.0031820007360496118 0.059999999999999998
-0.0060999555921580437 0.0060999555921580437 0.023113428460593433
-0.0060857721592615247 0.0060857721592615247 0.027006208683307213
-0.0055007460470270185 0.0055007460470270176 0.025060610363924589
-0.0050712583336728258 0.005071258333672825 0.022457845712525831
-0.0050763427442154377 0.0050763427442154377 0.027621924979232503
-0.0061583442365550096 0.0061583442365550087 0.02153039857896992
-0.0061896439935827281 0.0061896439935827281 0.028529234506157929
-0.0066763219967913637 0.0066763219967913637 0.029264617253078964
-0.0066763219967913637 0.0066763219967913637 0.028216067622376384
-0.0058846637299943818 0.005884663729994381 0.029264617253078964
-0.0066606721182775044 0.0066606721182775044 0.021890255575575848
-0.0066606721182775044 0.0066606721182775044 0.020765199289484958
-0.0058603185063407764 0.0058603185063407755 0.020765199289484958
-0.0053167755548996828 0.0053167755548996819 0.021228922856262919
-0.0043261291668364125 0.0043261291668364107 0.021228922856262919
-0.0043261291668364116 0.0043261291668364116 0.023767886484851796
-0.004328671372107718 0.004328671372107718 0.026349926118205129
-0.004328671372107718 0.004328671372107718 0.028810962489616253
-0.0053280131053107371 0.0053280131053107371 0.028810962489616253
-0.0066243860796307615 0.0066243860796307615 0.027454554710951023
-0.0066243860796307615 0.0066243860796307615 0.026531166832978004
-0.0061377080764221251 0.0061377080764221251 0.027767721594732567
-0.0063318730235135089 0.006331873023513508 0.025558367673286689
-0.0063318730235135089 0.006331873023513508 0.024576633135245888
-0.0057932591031442703 0.0057932591031442686 0.026033409523615901
-0.0066314777960790232 0.0066314777960790224 0.023603042183580308
-0.0066314777960790232 0.0066314777960790224 0.022681770516387603
-0.0058003508195925311 0.0058003508195925294 0.024087019412259009
-0.0061291499143565258 0.0061291499143565249 0.022321913519781675
-0.0056148012851139177 0.0056148012851139168 0.02199412214574788
-0.0045408730235135088 0.0045408730235135079 0.025069268810551167
-0.0052860021903499204 0.0052860021903499196 0.023759228038225208
-0.0052885443956212277 0.0052885443956212268 0.026341267671578544
-0.0056329933688990808 0.0056329933688990808 0.028075579742695211
-0.0055856069629154357 0.0055856069629154348 0.022785637086559632
-0.0055810574517384803 0.0055810574517384803 0.027314066831269856
-0.0043229999999999996 0.0017904999999999991 0.022532578791652609
-0.0043229999999999996 0.0017904999999999996 0.027538963628588875
-0.0043229999999999996 0.0017904999999999996 0.02507154242024149
-0.0069785534947264631 0.0031189745037045334 0.029999999999999999
-0.0085542767473632299 0.0015594872518522667 0.029999999999999999
-0.0081687767473632312 0.0034979872518522662 0.029999999999999999
-0.0060217767473632316 0.0015594872518522667 0.029999999999999999
-0.007567595498339603 0.0043975690297628489 0.029999999999999999
-0.0068681604841793909 0.0056279235111135993 0.029999999999999999
-0.005279776747363232 0.0033499872518522669 0.029999999999999999
-0.0062791184805662485 0.0043493289850552851 0.029999999999999999
-0.0060291526391777883 0.0060291526391777883 0.032887475012342765
-0.0061328457520692329 0.0061328457520692329 0.036909068954461922
-0.0054976031086102954 0.0054976031086102954 0.034955757046484216
-0.0048536878428388237 0.0048536878428388237 0.032576840928740504
-0.0050748777124355526 0.0050748777124355526 0.037566921639806926
-0.0061420423697103339 0.006142042369710333 0.038476269584339896
-0.0066525211848551683 0.0066525211848551674 0.039238134792169942
-0.0066525211848551683 0.0066525211848551674 0.038105960580440301
-0.0058503184647503521 0.0058503184647503512 0.039238134792169942
-0.0063713417332030174 0.0063713417332030174 0.031040656842344447
-0.0043279388562177763 0.0043279388562177763 0.03878346081990347
-0.0053167361361129619 0.005316736136112961 0.03878346081990347
-0.0043279388562177763 0.0043279388562177763 0.03630394711234123
-0.0052166856546224287 0.0052166856546224287 0.031288420464370248
-0.0042173439214194114 0.0042173439214194114 0.031288420464370248
-0.0042173439214194114 0.0042173439214194114 0.033808906756808019
-0.0066479228760346169 0.0066479228760346169 0.037322360265501314
-0.0066479228760346169 0.0066479228760346169 0.036398319755178099
-0.0061374440608897816 0.0061374440608897816 0.037692669269400896
-0.0063303015543051452 0.0063303015543051452 0.035421663801189253
-0.0063303015543051452 0.0063303015543051452 0.034439998339711855
-0.005815224430339762 0.005815224430339762 0.035932413000473062
-0.0065960763195888963 0.0065960763195888955 0.033405857322641133
-0.0065960763195888963 0.0065960763195888955 0.032484394348515841
-0.0057633778738940414 0.0057633778738940405 0.033921616029413494
-0.005804418052791911 0.005804418052791911 0.031443737506171382
-0.0056084600410729428 0.0056084600410729428 0.038021595612073411
-0.005441420241008306 0.005441420241008306 0.032732157970541638
-0.004539301554305146 0.004539301554305146 0.034998364815679875
-0.0051756454757245591 0.0051756454757245591 0.03376629898761236
-0.005286240410522924 0.005286240410522924 0.036261339343145571
-0.0056038617322523914 0.0056038617322523914 0.037237995297134417
-0.0043229999999999996 0.0017904999999999991 0.032517452999369277
-0.0043229999999999996 0.0017904999999999996 0.03752048629243776
-0.0043229999999999996 0.0017904999999999996 0.035037939291807041
-0.0027830014720992232 -0.0067183060500625724 0.02
-0.0033300007360496115 -0.0080386530250312841 0.02
-0.0049730007360496119 -0.0069406530250312876 0.02
-0.0031820007360496118 -0.0051496530250312875 0.02
-0.0013915007360496114 -0.0084241530250312863 0.02
-0.0013915007360496114 -0.0058916530250312862 0.02
-0.0019384999999999999 -0.0097444999999999997 0.016619937903209203
-0.0019384999999999999 -0.0097444999999999997 0.013194062522648368
-0.0019384999999999999 -0.0097444999999999997 0.0030575356927819417
-0.0019384999999999999 -0.0097444999999999997 0.0062059849558312556
-0.0019384999999999999 -0.0097444999999999997 0.0097225738824884764
-0.0017904999999999998 -0.0043229999999999996 0.017185208638467717
-0.0017905 -0.0043229999999999996 0.013382190322488019
-0.0017905 -0.0043230000000000005 0.002352118040038821
-0.0017905 -0.0043230000000000005 0.0050929528730873433
-0.0017905 -0.0043229999999999996 0.010941829561633016
-0.0017905 -0.0043230000000000005 0.0074856827106612308
0 -0.0075975000000000001 0.017185208638467717
0 -0.0075975000000000001 0.013805146541676919
0 -0.0075975000000000001 0.002352118040038821
0 -0.0075975000000000001 0.0055005673030881341
0 -0.0075975000000000001 0.0078932971406620242
0 -0.0075975000000000001 0.011364785780821916
-0.0027830014720992241 -0.0067183060500625724 0
-0.0049730007360496119 -0.0069406530250312858 0
-0.0033300007360496115 -0.0080386530250312841 0
-0.0031820007360496118 -0.0051496530250312875 0
-0.0013915007360496118 -0.0084241530250312863 0
-0.0013915007360496118 -0.0058916530250312862 0
-0.0027830014720992228 -0.0067183060500625724 0.029999999999999999
-0.0033300007360496115 -0.0080386530250312841 0.029999999999999999
-0.0049730007360496119 -0.0069406530250312858 0.029999999999999999
-0.0031820007360496114 -0.0051496530250312875 0.029999999999999999
-0.0013915007360496114 -0.0084241530250312863 0.029999999999999999
-0.0013915007360496114 -0.0058916530250312862 0.029999999999999999
-0.0019384999999999999 -0.0097444999999999997 0.022441784200312329
-0.0019384999999999999 -0.0097444999999999997 0.027485947371032288
-0.0019384999999999999 -0.0097444999999999997 0.024927731571344616
-0.0017904999999999996 -0.0043229999999999996 0.022522568552724186
-0.0017904999999999991 -0.0043229999999999996 0.027532578791652607
-0.0017904999999999996 -0.0043229999999999996 0.025055147344376801
0 -0.0075975000000000001 0.022485947371032291
0 -0.0075975000000000001 0.025018526162684903
0 -0.0075975000000000001 0.027532578791652607
-0.0027830014720992232 -0.0067183060500625724 0.040000000000000001
-0.0033300007360496115 -0.0080386530250312841 0.040000000000000001
-0.0049730007360496119 -0.0069406530250312876 0.040000000000000001
-0.0031820007360496118 -0.0051496530250312875 0.040000000000000001
-0.0013915007360496114 -0.0084241530250312863 0.040000000000000001
-0.0013915007360496114 -0.0058916530250312862 0.040000000000000001
-0.0019384999999999999 -0.0097444999999999997 0.037466113812512802
-0.0019384999999999999 -0.0097444999999999997 0.034912856266131873
-0.0019384999999999999 -0.0097444999999999997 0.032446742453619073
-0.0017904999999999996 -0.0043229999999999996 0.032504647143669893
-0.0017904999999999991 -0.0043229999999999996 0.037517452999369282
-0.0017904999999999996 -0.0043229999999999996 0.035022100143039178
0 -0.0075975000000000001 0.032466113812512798
0 -0.0075975000000000001 0.034983566811882083
0 -0.0075975000000000001 0.037517452999369282
-0.0027830014720992228 -0.0067183060500625724 0.059999999999999998
-0.0033300007360496115 -0.0080386530250312841 0.059999999999999998
-0.0049730007360496119 -0.0069406530250312858 0.059999999999999998
-0.0031820007360496114 -0.0051496530250312858 0.059999999999999998
-0.0013915007360496114 -0.0084241530250312863 0.059999999999999998
-0.0013915007360496114 -0.0058916530250312862 0.059999999999999998
-0.0019384999999999999 -0.0097444999999999997 0.056951048358210563
-0.0019384999999999999 -0.0097444999999999997 0.053761191701262839
-0.0019384999999999999 -0.0097444999999999997 0.043307804527248542
-0.0019384999999999999 -0.0097444999999999997 0.046877548292311
-0.0019384999999999999 -0.0097444999999999997 0.050379887108114738
-0.0017905 -0.0043230000000000005 0.04281479131766569
-0.0017905 -0.0043230000000000005 0.046617809569163463
-0.0017904999999999998 -0.0043229999999999996 0.057647882016349343
-0.0017905 -0.0043229999999999996 0.054907047147452301
-0.0017905 -0.0043230000000000005 0.052514317259876896
-0.0017905 -0.0043230000000000005 0.049058170380271722
0 -0.0081302427178104736 0.050511555574858952
0 -0.0075975000000000001 0.04281479131766569
0 -0.0075975000000000001 0.046384535082728155
0 -0.0075975000000000001 0.057647882016349343
0 -0.0075975000000000001 0.054598930374559901
0 -0.0091301213589052369 0.048825521552491938
0 -0.0091301213589052369 0.052206826145640033
0 -0.0065976213589052368 0.052903659803778806
0 -0.0065976213589052368 0.048070569105095162
0 -0.0065976213589052368 0.050510929916203415
-0.0031135851086059475 0.0069773197204166014 0.02
-0.0056117553258178427 0.0068644591612498059 0.02
-0.0015567925543029735 0.0085536598602083003 0.02
-0.0034952925543029734 0.0081681598602083016 0.02
-0.0043874014920575466 0.0075719726333948354 0.02
-0.0033472925543029746 0.0052791598602083007 0.02
-0.0015567925543029735 0.0060211598602083003 0.02
-0.0043379389423662436 0.006269806248271571 0.02
-0.0019384999999999999 0.0097444999999999997 0.02831906951547284
-0.0019384999999999999 0.0097444999999999997 0.021713710603998567
-0.0019384999999999999 0.0097444999999999997 0.02422975355926273
-0.0019384999999999999 0.0097444999999999997 0.025835112470736991
0 0.0075975000000000001 0.022516042955264156
0 0.0075975000000000001 0.025046111178413329
0 0.0075975000000000001 0.027530068223149178
-0.0017904999999999989 0.0043229999999999979 0.02253006822314918
-0.0017904999999999991 0.0043229999999999979 0.025069031851738054
-0.0017904999999999991 0.0043229999999999996 0.027538963628588875
-0.0031190258035363409 0.0069785192115765391 0.029999999999999999
-0.0056280774106090246 0.0068680576347296173 0.029999999999999999
-0.0034980129017681705 0.0081687596057882696 0.029999999999999999
-0.0015595129017681704 0.0085542596057882701 0.029999999999999999
-0.0043977485791741764 0.0075674755073148687 0.029999999999999999
-0.0015595129017681704 0.00602175960578827 0.029999999999999999
-0.0033500129017681709 0.0052797596057882696 0.029999999999999999
-0.0043493546349711882 0.0062791013389912869 0.029999999999999999
-0.0019384999999999999 0.0097444999999999997 0.038286289362193617
-0.0019384999999999999 0.0097444999999999997 0.031680930517683323
-0.0019384999999999999 0.0097444999999999997 0.034164887566973563
-0.0019384999999999999 0.0097444999999999997 0.035770246411483853
0 0.0075975000000000001 0.032483957049290225
0 0.0075975000000000001 0.034991098019898123
0 0.0075975000000000001 0.037507140970607887
-0.0017904999999999991 0.0043229999999999996 0.03752048629243776
-0.0017904999999999989 0.0043229999999999996 0.03250714097060789
-0.0017904999999999991 0.0043229999999999996 0.03502762726304566
-0.0031126501501574718 0.0069769162608184212 0.040000000000000001
-0.0056089504504724125 0.0068632487824552609 0.040000000000000001
-0.0034948250750787362 0.0081679581304092089 0.040000000000000001
-0.0015563250750787357 0.0085534581304092111 0.040000000000000001
-0.004385978245655963 0.0075724096329692851 0.040000000000000001
-0.0015563250750787357 0.0060209581304092093 0.040000000000000001
-0.0033468250750787361 0.0052789581304092097 0.040000000000000001
-0.0043356223549739208 0.0062677554103043962 0.040000000000000001
-0.0027830014720992241 0.0067183060500625724 0
-0.0033300007360496115 0.0080386530250312841 0
-0.0049730007360496119 0.0069406530250312858 0
-0.0031820007360496118 0.0051496530250312875 0
-0.0013915007360496118 0.0084241530250312863 0
-0.0013915007360496118 0.0058916530250312862 0
-0.0019384999999999999 0.009744499999999998 0.017752191478701024
-0.0019384999999999999 0.009744499999999998 0.0023603547798027435
-0.0019384999999999999 0.009744499999999998 0.014158819128401536
-0.0019384999999999999 0.009744499999999998 0.0054754691224913749
-0.0019384999999999999 0.009744499999999998 0.012334967013582224
-0.0019384999999999999 0.009744499999999998 0.010614988901219268
-0.0019384999999999999 0.009744499999999998 0.0073234755942073876
0 0.0075975000000000001 0.017198047748742777
0 0.0075975000000000001 0.013604675398443287
0 0.0075975000000000001 0.002367724645986381
0 0.0075975000000000001 0.0054828389886750093
0 0.0075975000000000001 0.011179398198385086
0 0.0075975000000000001 0.0078878848913732039
-0.0017904999999999996 0.0043229999999999996 0.002367724645986381
-0.0017904999999999996 0.0043229999999999996 0.0050217603928897122
-0.0017905 0.0043230000000000005 0.017277067185905846
-0.0017905 0.0043230000000000005 0.014475114934648625
-0.0017904999999999998 0.0043230000000000005 0.012147628998322923
-0.0017904999999999996 0.0043229999999999996 0.0097223517982647223
-0.0017904999999999996 0.0043229999999999996 0.0074268062955879068
-0.0019384999999999999 0.009744499999999998 0.042247808825492401
-0.0019384999999999999 0.0097444999999999997 0.057639646468268885
-0.0019384999999999999 0.009744499999999998 0.044851016432195495
-0.0019384999999999999 0.0097444999999999997 0.05525529656938595
-0.0019384999999999999 0.009744499999999998 0.046674868866279806
-0.0019384999999999999 0.009744499999999998 0.050902135345923645
-0.0019384999999999999 0.009744499999999998 0.049182156952456077
-0.0019384999999999999 0.0097444999999999997 0.053407289754161327
0 0.0075975000000000001 0.042603207606703115
0 0.0075975000000000001 0.045405159834436506
0 0.0075975000000000001 0.057632275384446839
0 0.0075975000000000001 0.055247925485563898
0 0.0075975000000000001 0.052842879523858993
0 0.0075975000000000001 0.050337725115621297
0 0.0075975000000000001 0.047912447920612784
-0.0017904999999999996 0.0043229999999999996 0.042722932732616258
-0.0017904999999999998 0.0043230000000000005 0.057632275384446839
-0.0017905 0.0043229999999999996 0.054978239653559066
-0.0017904999999999996 0.0043229999999999996 0.045524884960349662
-0.0017905 0.0043229999999999996 0.052573193691854155
-0.0017905 0.0043229999999999996 0.050277648135141594
-0.0017904999999999998 0.0043229999999999996 0.047852370940133053
-0.0027830014720992241 0.0067183060500625724 0.060000000000000005
-0.0049730007360496119 0.0069406530250312858 0.060000000000000005
-0.0033300007360496115 0.0080386530250312841 0.060000000000000005
-0.0031820007360496118 0.0051496530250312875 0.060000000000000005
-0.0013915007360496118 0.0084241530250312863 0.060000000000000005
-0.0013915007360496118 0.0058916530250312862 0.060000000000000005
-0.0029075000000000004 -0.014616500000000004 0.0024999999999999931
-0.0029075000000000004 -0.014616500000000004 0.017499999999999995
-0.0029075000000000004 -0.014616500000000004 0.0049999999999999871
-0.0029075000000000004 -0.014616500000000004 0.014999999999999993
-0.0029075000000000004 -0.014616500000000004 0.0099999999999999881
-0.0029075000000000004 -0.014616500000000004 0.0074999999999999876
-0.0029075000000000004 -0.014616500000000004 0.012499999999999989
-0.0029074999999999999 -0.012083999999999999 0.02
-0.0029074999999999999 -0.012083999999999999 0
0 -0.0126625 0.017499999999999995
0 -0.0126625 0.014119937903209199
0 -0.0126625 0.0024999999999999931
0 -0.0126625 0.0056484492630493053
0 -0.0126625 0.0116199379032092
0 -0.0126625 0.0081484492630493049
-0.0029075000000000004 -0.014616500000000004 0.022499999999999999
-0.0029075000000000004 -0.014616500000000004 0.0275
0 -0.0126625 0.022485947371032291
0 -0.0126625 0.0275
0 -0.0126625 0.024985947371032293
-0.0029074999999999999 -0.012083999999999999 0.029999999999999995
-0.0029075000000000004 -0.014616500000000004 0.037500000000000006
-0.0029074999999999995 -0.014616499999999999 0.032500000000000001
0 -0.0126625 0.032466113812512798
0 -0.0126625 0.037500000000000006
0 -0.0126625 0.0349661138125128
-0.0029074999999999999 -0.012083999999999999 0.040000000000000001
-0.0029075000000000004 -0.014616500000000004 0.042500000000000003
-0.0029075000000000004 -0.014616500000000004 0.057500000000000002
-0.0029075000000000004 -0.014616500000000004 0.044999999999999984
-0.0029075000000000004 -0.014616500000000004 0.054999999999999993
-0.0029075000000000004 -0.014616500000000004 0.049999999999999989
-0.0029075000000000004 -0.014616500000000004 0.047499999999999994
-0.0029075000000000004 -0.014616500000000004 0.052499999999999991
-0.0029074999999999999 -0.012083999999999999 0.059999999999999991
0 -0.0126625 0.042500000000000003
0 -0.0126625 0.046069743765062447
0 -0.0126625 0.057500000000000002
0 -0.0126625 0.05445104835821056
0 -0.0126625 0.051951048358210558
0 -0.0126625 0.048569743765062456
-0.0029074999999999995 0.014616499999999999 0.032500000000000001
-0.0029075000000000004 0.014616500000000004 0.037500000000000006
-0.0029074999999999999 0.012083999999999999 0.040000000000000008
0 0.0126625 0.032483957049290225
0 0.0126625 0.037500000000000006
0 0.0126625 0.034983957049290228
-0.0029074999999999999 0.012083999999999999 0.029999999999999999
0 0.0126625 0.042500000000000003
0 0.0126625 0.045103207606703111
0 0.0126625 0.057615650101117057
0 0.0126625 0.055115650101117054
0 0.0126625 0.052610495692879386
0 0.0126625 0.047603207606703113
0 0.0126625 0.050110495692879377
-0.0029075000000000004 0.014616499999999999 0.042500000000000003
-0.0029075000000000004 0.014616500000000004 0.045057549221766371
-0.0029075000000000004 0.014616500000000004 0.057500000000000002
-0.0029075000000000004 0.014616500000000004 0.054942450778233634
-0.0029075000000000004 0.014616500000000004 0.049996304430331706
-0.0029075000000000004 0.014616500000000004 0.047557549221766367
-0.0029075000000000004 0.014616500000000004 0.052442450778233632
-0.0029074999999999999 0.012083999999999999 0.059999999999999998
0 0.0126625 0.017500000000000009
0 0.0126625 0.013906627649700515
0 0.0126625 0.0025000000000000057
0 0.0126625 0.0056151143426886353
0 0.0126625 0.0081151143426886375
0 0.0126625 0.011406627649700516
-0.0029074999999999999 0.012083999999999999 0
-0.0029074999999999999 0.014616499999999999 0.017500000000000009
-0.0029074999999999999 0.014616499999999999 0.014942450818817996
-0.0029074999999999999 0.014616499999999999 0.002500000000000004
-0.0029074999999999999 0.014616499999999999 0.0050575491811820257
-0.0029074999999999999 0.014616499999999999 0.012442450818817997
-0.0029074999999999999 0.014616499999999999 0.010003695619791772
-0.0029074999999999999 0.014616499999999999 0.0075575491811820288
-0.0029074999999999999 0.012083999999999999 0.020000000000000004
-0.0029075000000000004 0.014616500000000004 0.022499999999999999
-0.0029075000000000004 0.014616500000000004 0.0275
0 0.0126625 0.022499999999999999
0 0.0126625 0.025016042955264155
0 0.0126625 0.027516042955264157
-0.0017905 -0.0017905 0
-0.0025325 0 0
-0.0017905 0.0017905000000000004 0
0 -0.0025325 0
0 0.0025325 0
0.0017905 -0.0017905 0
0.0017905 0.0017905000000000004 0
0.0025325 0 0
4.3368086899420177E-19 -4.3368086899420177E-19 0.02
-0.0017904999999999998 -0.0017905000000000002 0.02
-0.0025325 0 0.02
-0.0017904999999999998 0.0017904999999999996 0.02
2.1684043449710089E-19 -0.0025325 0.02
2.1684043449710089E-19 0.0025325 0.02
0.0017905000000000004 -0.0017905000000000002 0.02
0.0017905000000000004 0.0017904999999999996 0.02
0.0025325 0 0.02
0.0017904999999999998 0.0043229999999999996 0.017198047748742777
0.0017905 0.0043230000000000005 0.002367724645986381
0.0017905 0.0043230000000000005 0.0051096570834848363
0.0017904999999999998 0.0043230000000000005 0.01339518237723342
0.0017905 0.0043230000000000005 0.010969905177175219
0.0017905 0.0043230000000000005 0.0075147029861830318
0.0043229999999999996 0.0017904999999999996 0.0023616827288135481
0.0043229999999999996 0.0017905 0.0051036151663120021
0.0043230000000000005 0.0017904999999999998 0.017178222689993892
0.0043230000000000005 0.0017904999999999998 0.013375357318484537
0.0043229999999999996 0.0017904999999999996 0.010957363004045487
0.0043229999999999996 0.0017905 0.0075021608130532991
0.0043230000000000005 -0.0017905 0.0023616827288135481
0.0043230000000000005 -0.0017905 0.0050157184753259719
0.0043229999999999996 -0.0017904999999999998 0.017277067186309565
0.0043229999999999996 -0.0017904999999999998 0.014455289876303457
0.0043230000000000005 -0.0017905 0.0074142641220672672
0.0043229999999999996 -0.0017905 0.012127803940316772
0.0043229999999999996 -0.0017905 0.009709809625877721
0.0017904999999999998 -0.0043230000000000005 0.017277067186309565
0.0017904999999999998 -0.0043230000000000005 0.01446227582477728
0.0017904999999999996 -0.0043229999999999996 0.002352118040038821
0.0017905 -0.0043229999999999996 0.0050061537865512444
0.0017905 -0.0043229999999999996 0.0096944291279355901
0.0017905 -0.0043229999999999996 0.012134789888790597
0.0017905 -0.0043229999999999996 0.0073988836241251346
0 0 0.029999999999999999
-0.0017905 -0.0017905 0.029999999999999999
-0.0025325 0 0.029999999999999999
-0.0017905 0.0017905000000000004 0.029999999999999999
0 -0.0025325 0.029999999999999999
0 0.0025325 0.029999999999999999
0.0017905 -0.0017905 0.029999999999999999
0.0017905 0.0017905000000000004 0.029999999999999999
0.0025325 0 0.029999999999999999
0.0017904999999999996 0.0043229999999999996 0.022521266804979852
0.0017904999999999996 0.0043229999999999996 0.025051335028129035
0.0017904999999999991 0.0043229999999999996 0.027530068223149178
0.0043229999999999979 0.0017904999999999991 0.022521266804979852
0.0043229999999999979 0.0017904999999999991 0.025051335029032212
0.0043229999999999996 0.0017904999999999991 0.027530068224052361
0.0043229999999999996 -0.0017904999999999991 0.02253006822405236
0.0043229999999999996 -0.0017904999999999996 0.025069031852641237
0.0043229999999999996 -0.0017904999999999996 0.027538963628588875
0.0017904999999999989 -0.0043229999999999979 0.022532578791652609
0.0017904999999999991 -0.0043229999999999996 0.027538963628588875
0.0017904999999999991 -0.0043229999999999979 0.02507154242024149
4.3368086899420177E-19 -4.3368086899420177E-19 0.040000000000000001
-0.0017904999999999998 -0.0017905000000000002 0.040000000000000001
-0.0025325 0 0.040000000000000001
-0.0017904999999999998 0.0017904999999999996 0.040000000000000001
2.1684043449710089E-19 -0.0025325 0.040000000000000001
2.1684043449710089E-19 0.0025325 0.040000000000000001
0.0017905000000000004 -0.0017905000000000002 0.040000000000000001
0.0017905000000000004 0.0017904999999999996 0.040000000000000001
0.0025325 0 0.040000000000000001
0.0017904999999999996 0.0043229999999999996 0.032500050274424541
0.0017904999999999996 0.0043229999999999996 0.035007191245032432
0.0017904999999999991 0.0043229999999999996 0.037507140970607887
0.0043229999999999979 0.0017904999999999991 0.032500050274424541
0.0043229999999999996 0.0017904999999999991 0.035007191245032432
0.0043229999999999996 0.0017904999999999991 0.037507140970607887
0.0043229999999999996 -0.0017904999999999991 0.03250714097060789
0.0043229999999999996 -0.0017904999999999996 0.03502762726304566
0.0043229999999999996 -0.0017904999999999996 0.03752048629243776
0.0017904999999999989 -0.0043229999999999996 0.032517452999369277
0.0017904999999999991 -0.0043229999999999996 0.03752048629243776
0.0017904999999999991 -0.0043229999999999996 0.035037939291807041
-0.0025325 0 0.059999999999999998
-0.0017905 -0.0017905 0.059999999999999998
-0.0017905 0.0017905000000000004 0.059999999999999998
0 -0.0025325 0.059999999999999998
0 0.0025325 0.059999999999999998
0.0017905 -0.0017905 0.059999999999999998
0.0017905 0.0017905000000000004 0.059999999999999998
0.0025325 0 0.059999999999999998
0.0017905 0.0043230000000000005 0.042801952227733406
0.0017904999999999998 0.0043229999999999996 0.057632275384446839
0.0017905 0.0043230000000000005 0.046604817544392871
0.0017905 0.0043229999999999996 0.05489034291789497
0.0017905 0.0043230000000000005 0.049030094739401398
0.0017905 0.0043230000000000005 0.052485296956190058
0.0043229999999999996 0.0017904999999999996 0.042821777298475111
0.0043229999999999996 0.0017904999999999996 0.046624642615134576
0.0043230000000000005 0.0017904999999999998 0.057638317305135765
0.0043229999999999996 0.0017905 0.054896384838583896
0.0043229999999999996 0.0017905 0.052497839136296805
0.0043229999999999996 0.0017904999999999996 0.049042636919508151
0.0043230000000000005 -0.0017905 0.042722932732616258
0.0043230000000000005 -0.0017905 0.045544710031091375
0.0043229999999999996 -0.0017904999999999998 0.057638317305135765
0.0043229999999999996 -0.0017905 0.054984281574247992
0.0043230000000000005 -0.0017905 0.052585735871960894
0.0043230000000000005 -0.0017905 0.050290190315248326
0.0043230000000000005 -0.0017905000000000002 0.047872196010874765
0.0017904999999999996 -0.0043229999999999996 0.042722932732616258
0.0017904999999999996 -0.0043229999999999996 0.045537724050281947
0.0017904999999999998 -0.0043230000000000005 0.057647882016349343
0.0017905 -0.0043229999999999996 0.05499384628546157
0.0017905 -0.0043229999999999996 0.052601116397886158
0.0017904999999999998 -0.0043229999999999996 0.047865210030065344
0.0017905 -0.0043229999999999996 0.050305570841173597
0.0029075000000000004 -0.014616500000000004 0.022499999999999999
0.0029075000000000004 -0.014616500000000004 0.0275
0.0048219704907464618 -0.011640484482044734 0.024957096052433028
0.0053184852453732308 -0.012839242241022366 0.02247854802621652
0.0053184852453732308 -0.012839242241022366 0.024978548026216515
0.0048460000000000005 -0.011698500000000001 0.021657921165710137
0.0043494852453732323 -0.010499742241022366 0.024136469191926649
0.0053184852453732308 -0.012839242241022366 0.027478548026216517
0.0048459999999999996 -0.011698500000000001 0.028291233632854376
0.0043494852453732323 -0.010499742241022366 0.025769781659070887
0.0029074999999999999 -0.012083999999999999 0.029999999999999995
0.0029074999999999999 -0.012083999999999999 0.02
0.0019384999999999999 -0.0097444999999999997 0.021657921165710137
0.0019384999999999999 -0.0097444999999999997 0.024143868536742431
0.0019384999999999999 -0.0097444999999999997 0.028291233632854376
0.0019384999999999999 -0.0097444999999999997 0.025777181003886668
0.0029074999999999995 -0.014616499999999999 0.032500000000000001
0.0029075000000000004 -0.014616500000000004 0.037500000000000006
0.0048221007529482603 -0.011640798979899334 0.034911244590852861
0.0048460000000000005 -0.011698500000000001 0.031630167995371217
0.0053185503764741305 -0.012839399489949667 0.03245562229542643
0.0053185503764741305 -0.012839399489949667 0.034955622295426432
0.0043495503764741294 -0.010499899489949668 0.034085790290797641
0.0053185503764741305 -0.012839399489949667 0.037455622295426427
0.0048459999999999996 -0.011698500000000001 0.038264648521231806
0.0043495503764741294 -0.010499899489949668 0.035720270816658239
0.0029074999999999999 -0.012083999999999999 0.040000000000000001
0.0019384999999999999 -0.0097444999999999997 0.031630167995371217
0.0019384999999999999 -0.0097444999999999997 0.034096281807884016
0.0019384999999999999 -0.0097444999999999997 0.038264648521231806
0.0019384999999999999 -0.0097444999999999997 0.035730762333744601
0.0048460000000000005 -0.011698500000000001 0.017486070787634967
0.0048459999999999996 -0.011698500000000001 0.014741201920411354
0.0048459999999999996 -0.011698500000000001 0.0025139292123650234
0.0048459999999999996 -0.011698500000000001 0.0052822693106268394
0.0048459999999999996 -0.011698500000000001 0.0077519837903478623
0.0048459999999999996 -0.011698500000000001 0.012238774824862433
0.0048459999999999996 -0.011698500000000001 0.0099735235962788958
0.0029074999999999999 -0.014616500000000004 0.0024999999999999927
0.0029074999999999999 -0.014616500000000004 0.017499999999999995
0.0029074999999999999 -0.014616500000000004 0.01498607078763496
0.0029074999999999999 -0.014616500000000004 0.0050139292123650165
0.0029074999999999999 -0.014616500000000004 0.0099836436920860399
0.0029074999999999999 -0.014616500000000004 0.0074836436920860403
0.0029074999999999999 -0.014616500000000004 0.012486070787634959
0.0019384999999999999 -0.0097444999999999997 0.017255131132776387
0.0019384999999999999 -0.0097444999999999997 0.01387506903598559
0.0019385000000000003 -0.0097444999999999997 0.0027683400982618147
0.0019385000000000003 -0.0097444999999999997 0.0059167893613111281
0.0019385000000000003 -0.0097444999999999997 0.0081383291672421625
0.0019385000000000003 -0.0097444999999999997 0.011609817807402056
0.0029074999999999999 -0.012083999999999999 0
0.0048459999999999996 -0.011698500000000001 0.042505837589484334
0.0048459999999999996 -0.011698500000000001 0.045199962601950014
0.0048459999999999996 -0.011698500000000001 0.057494162410515651
0.0048459999999999996 -0.011698500000000001 0.054673625191885608
0.0048459999999999996 -0.011698500000000001 0.047692208254145177
0.0048459999999999996 -0.011698500000000001 0.05217754602304947
0.0048459999999999996 -0.011698500000000001 0.049892165198782999
0.0029074999999999999 -0.014616500000000004 0.042500000000000003
0.0029074999999999999 -0.014616500000000004 0.057500000000000002
0.0029074999999999999 -0.014616500000000004 0.045005837589484329
0.0029074999999999999 -0.014616500000000004 0.054994162410515648
0.0029074999999999999 -0.014616500000000004 0.047505837589484325
0.0029074999999999999 -0.014616500000000004 0.052494162410515646
0.0029074999999999999 -0.014616500000000004 0.049998083241679502
0.0029074999999999999 -0.012083999999999999 0.059999999999999991
0.0019384999999999999 -0.0097444999999999997 0.042694125012465681
0.0019384999999999999 -0.0097444999999999997 0.046263868777528139
0.0019384999999999999 -0.0097444999999999997 0.057179462781369962
0.0019384999999999999 -0.0097444999999999997 0.05413051113958052
0.0019384999999999999 -0.0097444999999999997 0.048463825722165954
0.0019384999999999999 -0.0097444999999999997 0.051845130315314056
0.0029075000000000004 0.014616500000000004 0.0275
0.0029075000000000004 0.014616500000000004 0.022499999999999999
0.0029074999999999999 0.012083999999999999 0.029999999999999999
0.0048460000000000005 0.011698500000000001 0.0275
0.0048460000000000005 0.011698500000000001 0.022441784190841696
0.0048460000000000005 0.011698500000000001 0.024941784190841695
0.0029074999999999999 0.012083999999999999 0.020000000000000004
0.0019384999999999999 0.0097444999999999997 0.022441784190841696
0.0019384999999999999 0.0097444999999999997 0.024957827146105848
0.0019384999999999999 0.0097444999999999997 0.027516042955264157
0.0029074999999999995 0.014616499999999999 0.032500000000000001
0.0029075000000000004 0.014616500000000004 0.037500000000000006
0.0029074999999999999 0.012083999999999999 0.040000000000000008
0.0048460000000000005 0.011698500000000001 0.032446742445693816
0.0048460000000000005 0.011698500000000001 0.034946742445693818
0.0048460000000000005 0.011698500000000001 0.037500000000000006
0.0019384999999999999 0.0097444999999999997 0.032446742445693816
0.0019384999999999999 0.0097444999999999997 0.034930699494984035
0.0019384999999999999 0.0097444999999999997 0.037483957049290223
0.0029074999999999999 0.012083999999999999 0
0.0029075000000000004 0.014616500000000004 0.0025000000000000048
0.0029075000000000004 0.014616500000000004 0.017500000000000009
0.0029075000000000004 0.014616500000000004 0.015000000000000012
0.0029075000000000004 0.014616500000000004 0.0050000000000000096
0.0029075000000000004 0.014616500000000004 0.012500000000000013
0.0029075000000000004 0.014616500000000004 0.010000000000000012
0.0029075000000000004 0.014616500000000004 0.007500000000000011
0.0019384999999999999 0.0097444999999999997 0.016570607975662732
0.0019384999999999999 0.0097444999999999997 0.012977235625363242
0.0019384999999999999 0.0097444999999999997 0.0030568733407209834
0.0019384999999999999 0.0097444999999999997 0.0061719876834096139
0.0019384999999999999 0.0097444999999999997 0.0094635009904214945
0.0048460000000000005 0.011698500000000001 0.017500000000000009
0.0048459999999999996 0.011698500000000001 0.01407060797566274
0.0048459999999999996 0.011698500000000001 0.0025000000000000048
0.0048459999999999996 0.011698500000000001 0.0055568733407209882
0.0048459999999999996 0.011698500000000001 0.011570607975662738
0.0048459999999999996 0.011698500000000001 0.0080568733407209887
0.0027830014720992241 -0.0067183060500625724 0
0.0013915007360496118 -0.0058916530250312862 0
0.0013915007360496118 -0.0084241530250312863 0
0.0033300007360496115 -0.0080386530250312841 0
0.0031820007360496118 -0.0051496530250312875 0
0.0049730007360496119 -0.0069406530250312858 0
0.0055492894313677599 -0.0055492894313677599 0.0073404589606224308
0.0055566336889695698 -0.005556633688969569 0.012860968433022099
0.0057329877441826844 -0.0057329877441826844 0.015719098271324415
0.004963985381674499 -0.004963985381674499 0.017721708658406232
0.0057656578862735524 -0.0057656578862735524 0.0048945322429206723
0.0059163098282497524 -0.0059163098282497524 0.010955557074354258
0.0059886503958064535 -0.0059886503958064535 0.0092408920922279446
0.0061170531803967452 -0.0061170531803967452 0.018022285645181175
0.0054121691720687305 -0.0054121691720687287 0.0023145670054311694
0.0044965845860343657 -0.0044965845860343648 0.001157283502715583
0.0062875845860343657 -0.006287584586034364 0.001157283502715583
0.0044965845860343648 -0.0044965845860343639 0.003811319249228009
0.0042724926908372495 -0.0042724926908372495 0.018860854329203119
0.0042724926908372495 -0.0042724926908372495 0.016137921515512681
0.0052631390789005198 -0.0052631390789005198 0.018860854329203119
0.0062875845860343657 -0.006287584586034364 0.0029926001081979278
0.0066400265901983731 -0.0066400265901983722 0.019011142822590588
0.0058396729782616416 -0.0058396729782616416 0.019011142822590588
0.0066400265901983731 -0.0066400265901983722 0.017346453470678209
0.0045651447156838804 -0.0045651447156838795 0.0086198107306340935
0.0045651447156838804 -0.0045651447156838795 0.0063242652268236388
0.0056574736588206566 -0.0056574736588206557 0.0061174956017715498
0.0046733289431367762 -0.0046733289431367753 0.0051013018679727596
0.0055889135291711418 -0.005588913529171141 0.0036045496241759209
0.004568816844484784 -0.004568816844484784 0.013707551402820614
0.0045688168444847849 -0.004568816844484784 0.011380065466833927
0.0047848251979032254 -0.0047848251979032254 0.0095700272964368473
0.0057689699135871084 -0.0057689699135871084 0.0082906755264251855
0.0057364717586096611 -0.0057364717586096603 0.011908262753688181
0.0047486549141248771 -0.0047486549141248762 0.010427359787500009
0.0059524801120281034 -0.0059524801120281034 0.010098224583291101
0.0046569938720913435 -0.0046569938720913435 0.015136616321971772
0.0056448107165761275 -0.0056448107165761275 0.014290033352173256
0.0053484865629285921 -0.0053484865629285921 0.016720403464865322
0.0055405192810356217 -0.0055405192810356217 0.017871997151793703
0.0064643289431367771 -0.0064643289431367762 0.004282582726942678
0.0064643289431367771 -0.0064643289431367762 0.0056063565937148644
0.0063561447156838804 -0.0063561447156838804 0.0068293199525657454
0.0063561447156838804 -0.0063561447156838804 0.0078112493081062577
0.0065758251979032281 -0.0065758251979032272 0.0087614658739090141
0.0065758251979032281 -0.0065758251979032272 0.0097203183105468716
0.0065396549141248771 -0.0065396549141248771 0.010577650801610028
0.0065396549141248771 -0.0065396549141248771 0.011549875396390227
0.0063598168444847858 -0.006359816844484785 0.01250258107572415
0.0063598168444847858 -0.006359816844484785 0.01347402068786342
0.0064479938720913435 -0.0064479938720913435 0.014903085607014576
0.0064479938720913435 -0.0064479938720913435 0.016194859783749828
0.0059250204622897148 -0.0059250204622897148 0.016870691958252797
0.0055262379727915537 -0.008256831226947578 0.0163972649724997
0.0055892622952744449 -0.0082147127205043548 0.0073919932958288817
0.0055218631813776483 -0.0082597548550501151 0.012837734022994544
0.0060795209127753481 -0.0078870779292590787 0.010139244171681869
0.0057916252419489131 -0.0080794756447596407 0.0050422839145328737
0.0055743250483897815 -0.0082246951289519279 0.0028499194644042371
0.004701618986395777 -0.0088079156134737886 0.015453763619026235
0.004701618986395777 -0.0088079156134737886 0.018198632486249849
0.0055944931246420552 -0.008211217011042618 0.018198632486249849
0.0063686625241948895 -0.0076938475644759636 0.0014249597322021188
0.00472566252419489 -0.0087918475644759644 0.0014249597322021188
0.00472566252419489 -0.0087918475644759644 0.0041932998304639339
0.0063686625241948895 -0.0076938475644759636 0.003260276337684461
0.0064128741382462788 -0.0076643013975688269 0.018335310648087615
0.0047331311476372217 -0.0087868563602521797 0.0064643367461762564
0.0047331311476372217 -0.0087868563602521797 0.0086858765521072908
0.0048343126209744553 -0.00871923782237982 0.005289482055528252
0.0056904437686116803 -0.0081470941826319986 0.0062171386051808764
0.005682975145169346 -0.0081520853868557851 0.0039461016894685556
0.0046994315906888229 -0.0088093774275250572 0.011408746915690124
0.0046994315906888229 -0.0088093774275250572 0.01367399814427366
0.0058343916040248956 -0.0080508953248817176 0.0087656187337553752
0.0049782604563876733 -0.008623038964629539 0.010059501990033786
0.0058006920470764977 -0.0080734163921545969 0.011488489097338208
0.0055240505770846014 -0.0082582930409988466 0.014617499497747124
0.0064773126209744557 -0.0076212378223798226 0.005680232429520966
0.0064773126209744557 -0.0076212378223798226 0.0043564585627487804
0.0063761311476372221 -0.0076888563602521788 0.007837016475709481
0.0063761311476372221 -0.0076888563602521788 0.0068550871201689696
0.0066212604563876737 -0.007525038964629539 0.010169494350273835
0.0066212604563876737 -0.007525038964629539 0.0092106419136359762
0.0066212604563876737 -0.007525038964629539 0.011141718945054032
0.0063424315906888233 -0.0077113774275250572 0.013462403482849643
0.0063424315906888233 -0.0077113774275250572 0.012490963870710373
0.0063446189863957765 -0.0077099156134737886 0.016533943134337467
0.0063446189863957765 -0.0077099156134737886 0.01524216895760222
0.0031138401754365161 -0.0069771492618773655 0.02
0.0015569200877182578 -0.0085535746309386828 0.02
0.0015569200877182578 -0.0060210746309386828 0.02
0.003495420087718258 -0.0081680746309386824 0.02
0.0033474200877182583 -0.0052790746309386832 0.02
0.0043380664757815277 -0.0062697210190019526 0.02
0.0043882942259645371 -0.0075713760285075118 0.02
0.0056125205263095491 -0.006863947785632098 0.02
0.0060999555002932779 -0.0060999555002932779 0.023113428907732176
0.0060857720238068486 -0.0060857720238068486 0.027006208191089287
0.0055007459826611656 -0.0055007459826611656 0.025060610361762683
0.00507125827607842 -0.0050712582760784192 0.022457845857240869
0.0050763426809210107 -0.0050763426809210107 0.02762192482744124
0.0061583441285681644 -0.0061583441285681644 0.021530398893511864
0.0061896439137768483 -0.0061896439137768483 0.028529234231830864
0.0043261291380392091 -0.0043261291380392091 0.023767886557209308
0.00432612913803921 -0.0043261291380392091 0.021228922928620435
0.0053167755261024803 -0.0053167755261024803 0.021228922928620435
0.0043286713404605045 -0.0043286713404605054 0.028810962413720616
0.0043286713404605054 -0.0043286713404605045 0.026349926042309492
0.0053280130736635227 -0.0053280130736635227 0.028810962413720616
0.0058603184523473521 -0.0058603184523473503 0.020765199446755929
0.0066606720642840818 -0.006660672064284081 0.020765199446755929
0.0066606720642840818 -0.006660672064284081 0.021890255962223288
0.0066763219568884242 -0.0066763219568884234 0.029264617115915433
0.0058846636900914406 -0.0058846636900914406 0.029264617115915433
0.0066763219568884242 -0.0066763219568884234 0.028216067263440468
0.0052860021293697924 -0.0052860021293697924 0.023759228109501776
0.0045408729913305823 -0.0045408729913305823 0.025069268809470215
0.0052885443317910886 -0.0052885443317910877 0.026341267594601959
0.0056148012023232927 -0.0056148012023232901 0.021994122375376367
0.0056329932973489295 -0.0056329932973489295 0.028075579529636054
0.006624386011903423 -0.0066243860119034222 0.026531166158297193
0.006624386011903423 -0.0066243860119034222 0.027454554243069682
0.006137707968791848 -0.006137707968791848 0.027767721211460081
0.0063318729913305824 -0.0063318729913305815 0.024576633577709703
0.0063318729913305824 -0.0063318729913305815 0.025558367243633879
0.0057932590032340071 -0.0057932590032340071 0.026033409276425987
0.0066314777501466403 -0.0066314777501466403 0.022681770969333447
0.0066314777501466403 -0.0066314777501466403 0.023603042850694447
0.0058003507414772235 -0.0058003507414772218 0.024087019634747429
0.0061291498144307212 -0.0061291498144307212 0.02232191390062202
0.0055856068881858494 -0.0055856068881858494 0.02278563738248653
0.0055810573523639292 -0.0055810573523639292 0.027314066509265267
0.0056151036356978335 -0.0081974432185050374 0.025032997939810689
0.0057346736039808176 -0.008117535838605635 0.023238535910854508
0.0051220243081379901 -0.0085269630612687074 0.021725033454906416
0.0057189370827216814 -0.0081280523938962821 0.02679813120700154
0.0051236091706234289 -0.0085259039139716809 0.028302261655089509
0.0045003045853117133 -0.0089424519569858401 0.027442364460399129
0.0045003045853117124 -0.0089424519569858401 0.029151130827544752
0.0053998863632222964 -0.0083412707079622145 0.029151130827544752
0.0044995121540689935 -0.0089429815306343533 0.020862516727453206
0.0044995121540689935 -0.0089429815306343533 0.022520437893163343
0.0053923862923152734 -0.0083462829282031827 0.020862516727453206
0.0064128741382462797 -0.0076643013975688287 0.021125056515467359
0.0064195817779105812 -0.0076598187509763728 0.028951450147525041
0.0047460518178489165 -0.0087782216092525175 0.024174420135615483
0.0047460518178489165 -0.0087782216092525175 0.025807732602759721
0.0048058368019904072 -0.0087382679193028171 0.023277189121137392
0.0056748886198393252 -0.0081574895285553371 0.024135766925332602
0.0054283489560594039 -0.0083222494499371712 0.022481784682880465
0.0056670203592097575 -0.0081627478062006615 0.02591556457340612
0.0047979685413608404 -0.0087435261969481398 0.026690299236355144
0.0054212731266725534 -0.0083269781539339824 0.027550196431045525
0.0061425121540689947 -0.0078449815306343533 0.021987573242920569
0.0064409685413608407 -0.0076455261969481407 0.027350515751025806
0.0064409685413608416 -0.0076455261969481407 0.026427127666253311
0.0061433045853117145 -0.0078444519569858401 0.028102580975069791
0.006389051817848916 -0.0076802216092525183 0.025544561032657887
0.006389051817848916 -0.0076802216092525183 0.024562827366733708
0.0064488368019904084 -0.007640267919302818 0.023665596352255618
0.0064488368019904084 -0.007640267919302818 0.022744324470894608
0.003118974503704533 -0.0069785534947264631 0.029999999999999999
0.0015594872518522665 -0.0085542767473632299 0.029999999999999999
0.0015594872518522665 -0.0060217767473632316 0.029999999999999999
0.0034979872518522662 -0.0081687767473632312 0.029999999999999999
0.0033499872518522669 -0.005279776747363232 0.029999999999999999
0.0043493289850552843 -0.0062791184805662485 0.029999999999999999
0.0043975690297628489 -0.007567595498339603 0.029999999999999999
0.0056279235111135993 -0.0068681604841793909 0.029999999999999999
0.0060291526518183817 -0.0060291526518183817 0.032887474972510961
0.006132845753618164 -0.006132845753618164 0.036909068982356769
0.0054976031131626331 -0.0054976031131626331 0.034955757045022962
0.0048536878462774099 -0.0048536878462774099 0.032576840920481888
0.005074877715920671 -0.005074877715920671 0.037566921649731119
0.0061420423794896605 -0.0061420423794896605 0.038476269610773786
0.0042173439231387045 -0.0042173439231387045 0.033808906752678711
0.0042173439231387045 -0.0042173439231387045 0.03128842046024094
0.0052166856563417218 -0.0052166856563417218 0.03128842046024094
0.0043279388579603355 -0.0043279388579603355 0.038783460824865557
0.0043279388579603355 -0.0043279388579603355 0.036303947117303323
0.0053167361378555203 -0.0053167361378555203 0.038783460824865557
0.0063713417332030174 -0.0063713417332030174 0.031040656825125475
0.0066525211897448299 -0.0066525211897448299 0.03923813480538689
0.0058503184696400163 -0.0058503184696400163 0.03923813480538689
0.0066525211897448299 -0.0066525211897448299 0.038105960611718045
0.0051756454797200211 -0.0051756454797200211 0.033766298982752421
0.0045393015565813166 -0.0045393015565813166 0.034998364814949244
0.0052862404145416521 -0.0052862404145416521 0.03626133934737704
0.0058044180591122077 -0.0058044180591122077 0.03144373748625548
0.0065960763259091922 -0.0065960763259091913 0.032484394311380962
0.0054414202490478958 -0.0054414202490478949 0.032732157946496421
0.0056084600477051662 -0.0056084600477051645 0.038021595630252446
0.0066479228768090825 -0.0066479228768090825 0.036398319803819065
0.0066479228768090825 -0.0066479228768090825 0.037322360297509537
0.0061374440665539123 -0.0061374440665539123 0.037692669296565277
0.0063303015565813157 -0.0063303015565813157 0.034439998305141759
0.0063303015565813157 -0.0063303015565813157 0.035421663835152162
0.005815224433390399 -0.005815224433390399 0.035932413013689865
0.0065960763259091922 -0.0065960763259091913 0.033405857268885758
0.0057633778824905078 -0.0057633778824905078 0.033921616008766961
0.0056038617347694162 -0.0056038617347694162 0.037237995316043937
0.0056055688540206927 -0.0082038152150245153 0.034902638491745921
0.0055461273902176001 -0.0082435393338655336 0.038534910575968091
0.0057170301263862544 -0.0081293267932001784 0.033143248322730849
0.0058709392488476573 -0.008026470909778009 0.036718013669624253
0.0052620387364414834 -0.0084333928590305841 0.031696979592744846
0.0045695193682207405 -0.0088961964295152917 0.030848489796372423
0.0045695193682207405 -0.0088961964295152917 0.032478657791743637
0.005469101146131322 -0.0082950151804916661 0.030848489796372423
0.0047115636951087989 -0.0088012696669327664 0.039267455287984046
0.0063545636951088001 -0.0077032696669327664 0.039267455287984046
0.0047115636951087989 -0.0088012696669327664 0.037532103809215837
0.0064195817779105812 -0.0076598187509763728 0.031040656825125475
0.0063545636951088001 -0.0077032696669327664 0.038135281094315202
0.0047412844270103456 -0.0087814076075122573 0.034081487241244171
0.0047412844270103456 -0.0087814076075122573 0.035715967767104763
0.004797015063193126 -0.0087441633966000888 0.033201792156736638
0.0056612994902034731 -0.0081665710041123468 0.034022943407238382
0.0054895344314138681 -0.0082813598261153813 0.032420113957737848
0.0057382540514341754 -0.008115143062401263 0.035810326080685087
0.0048739696244238283 -0.008692735454889005 0.036623655356043935
0.0057085333195326287 -0.0081350051218217721 0.037626462122796175
0.0062125193682207418 -0.0077981964295152926 0.031889146621497902
0.0065169696244238295 -0.007594735454889005 0.037226832641143286
0.0065169696244238295 -0.007594735454889005 0.036302792147452814
0.006384284427010346 -0.0076834076075122573 0.035395104558513649
0.006384284427010346 -0.0076834076075122573 0.034413439028503238
0.0064400150631931273 -0.0076461633966000879 0.033533743943995706
0.0064400150631931273 -0.0076461633966000879 0.032612280986490896
0.0026033189119580745 -0.0067387189119580736 0.040000000000000001
0.0013016594559790372 -0.0084343594559790364 0.040000000000000001
0.0013016594559790372 -0.0059018594559790364 0.040000000000000001
0.0032401594559790369 -0.008048859455979036 0.040000000000000001
0.0030921594559790368 -0.0051598594559790368 0.040000000000000001
0.0040809567358742228 -0.0061486567358742224 0.040000000000000001
0.0047177972798951844 -0.0074587972798951857 0.040000000000000001
0.0055520947089214377 -0.0055520947089214377 0.052631487997319454
0.0055532319926168304 -0.0055532319926168295 0.047117154949264967
0.0056060058545024036 -0.0056060058545024027 0.044799566418810714
0.0057662189417842877 -0.0057662189417842877 0.055092417004486346
0.0050979200828585557 -0.0050979200828585539 0.042716903462398467
0.0059141201065226164 -0.0059141201065226164 0.049021977424816426
0.0059797868521594879 -0.0059797868521594879 0.050730259905610947
0.0054122264226310508 -0.00541222642263105 0.057680209664915605
0.0043394600414292783 -0.0043394600414292765 0.044081384463815487
0.0043394600414292783 -0.0043394600414292765 0.041358451731199231
0.0053282573213244639 -0.005328257321324463 0.041358451731199231
0.0062876132113155242 -0.0062876132113155233 0.058840104832457801
0.0044966132113155258 -0.0044966132113155258 0.058840104832457801
0.0044966132113155258 -0.0044966132113155258 0.056186069101570021
0.0063607972798951857 -0.0063607972798951839 0.041669542713974529
0.0062876132113155242 -0.0062876132113155233 0.056999179710908135
0.0045665473544607184 -0.0045665473544607184 0.053661708267771946
0.0045665473544607184 -0.0045665473544607184 0.051366162711059385
0.0046736094708921443 -0.0046736094708921443 0.054892172771355399
0.0056591568253528636 -0.0056591568253528636 0.053861952500902893
0.0055892226822076684 -0.0055892226822076684 0.056386313334700976
0.0045671159963084152 -0.0045671159963084143 0.048608996187032141
0.0045671159963084152 -0.0045671159963084143 0.046281510207248737
0.0057659407805404636 -0.0057659407805404628 0.0516808739514652
0.0047803934260797444 -0.0047803934260797444 0.050415548665205125
0.0047475600532613082 -0.0047475600532613082 0.049561407424807871
0.0057336760495697242 -0.0057336760495697234 0.048069566187040697
0.0059469534793410526 -0.0059469534793410526 0.049876118665213687
0.0055796189235596174 -0.0055796189235596165 0.045958360684037837
0.0045935029272512013 -0.0045935029272512005 0.045122715942021614
0.0053519629686804796 -0.0053519629686804779 0.043758234940604587
0.0061304600414292792 -0.0061304600414292766 0.043027994445173759
0.0064646094708921444 -0.0064646094708921444 0.054376930428011595
0.0064646094708921444 -0.0064646094708921444 0.055705283380693499
0.0063575473544607193 -0.0063575473544607184 0.052160593674588952
0.0063575473544607193 -0.0063575473544607184 0.053146465924428149
0.0065713934260797444 -0.0065713934260797444 0.050250540182487195
0.0065713934260797444 -0.0065713934260797444 0.051209979628734685
0.0065385600532613091 -0.0065385600532613082 0.048426975906236437
0.0065385600532613091 -0.0065385600532613082 0.049396398942089928
0.0063581159963084161 -0.0063581159963084152 0.046509681568104817
0.0063581159963084161 -0.0063581159963084152 0.047474564668460714
0.0063845029272512014 -0.0063845029272512005 0.044069325923379879
0.0063845029272512014 -0.0063845029272512005 0.045350887302877695
0.0055875121909413801 -0.0082158822972284596 0.052536381565028642
0.0054429518364638848 -0.0083124904951689896 0.046734353158285849
0.0058854576611034048 -0.0080167684042047813 0.048971114365024729
0.0059351939704089564 -0.007983530140286646 0.05055123593109645
0.0055007926037705466 -0.0082738361053316702 0.043313071050955776
0.0057905202599792139 -0.0080802140928440767 0.05491437678484825
0.0055741040519958415 -0.008224842818568813 0.057118290420897763
0.0063318963018852729 -0.0077184180526658356 0.041656535525477885
0.0046888963018852725 -0.008816418052665833 0.041656535525477885
0.0046888963018852725 -0.008816418052665833 0.044350660537943565
0.00472555202599792 -0.0087919214092844061 0.05855914521044888
0.0063685520259979204 -0.0076939214092844061 0.05855914521044888
0.00472555202599792 -0.0087919214092844061 0.055738607991818845
0.0063318963018852729 -0.0077184180526658356 0.043326078239452413
0.0063685520259979204 -0.0076939214092844061 0.056718220088899207
0.0046599759182319412 -0.0088357452475844936 0.046061301591608594
0.0046599759182319412 -0.0088357452475844936 0.048261258536246417
0.0054718722201172144 -0.0082931633002503308 0.045023712104620806
0.0047322560954706893 -0.0087874411486142268 0.051162272739617806
0.0047322560954706893 -0.0087874411486142268 0.053447653563884291
0.0049060969852044766 -0.0086712650701433209 0.050169699922651717
0.0057613530806751682 -0.0080997062187575537 0.051543808748062553
0.0056642047487836444 -0.0081646294496868829 0.047852733761655289
0.0048812288305517017 -0.0086878842021023903 0.049379639139615857
0.0059103258157561806 -0.0080001492722457154 0.049761175148060582
0.005689016225460297 -0.0081480481950362681 0.053725379174938442
0.0048337601299896062 -0.0087196070464220371 0.054636651173794085
0.0056823121559875286 -0.008152528455706444 0.056016333602873003
0.0064767601299896057 -0.0076216070464220388 0.055616263270874447
0.0064767601299896057 -0.0076216070464220388 0.054287910318192543
0.0063752560954706888 -0.0076894411486142285 0.053098912708282736
0.0063752560954706888 -0.0076894411486142285 0.052113040458443546
0.0065490969852044761 -0.0075732650701433235 0.051120467641477443
0.0065490969852044761 -0.0075732650701433235 0.050161028195229933
0.006524228830551702 -0.0075898842021023902 0.049370967412194086
0.006524228830551702 -0.0075898842021023902 0.048401544376340581
0.0063029759182319416 -0.0077377452475844927 0.047283163772971142
0.0063029759182319416 -0.0077377452475844927 0.046318280672615272
0.0063318963018852729 -0.0077184180526658356 0.044607639618950229
0.0027830014720992241 -0.0067183060500625724 0.060000000000000005
0.0013915007360496118 -0.0084241530250312863 0.060000000000000005
0.0013915007360496118 -0.0058916530250312862 0.060000000000000005
0.0033300007360496115 -0.0080386530250312841 0.060000000000000005
0.0031820007360496118 -0.0051496530250312875 0.060000000000000005
0.0049730007360496119 -0.0069406530250312858 0.060000000000000005
0.0027830014720992241 0.0067183060500625724 0.020000000000000004
0.001391500736049612 0.0058916530250312862 0.020000000000000004
0.001391500736049612 0.0084241530250312863 0.020000000000000004
0.0033300007360496115 0.0080386530250312841 0.020000000000000004
0.0031820007360496118 0.0051496530250312875 0.020000000000000004
0.0049730007360496119 0.0069406530250312858 0.020000000000000004
0.0055199999999999997 0.0082609999999999992 0.016570607975662732
0.0055199999999999997 0.0082609999999999992 0.0030568733407209839
0.0055199999999999997 0.0082609999999999992 0.013114084740754995
0.0055199999999999997 0.0082609999999999992 0.0061860531548143553
0.0055199999999999997 0.0082609999999999992 0.0096997877897561039
0.005372 0.0053720000000000009 0.0027419324374984549
0.005372 0.005372 0.016543476765092265
0.005372 0.0053720000000000009 0.012740611393582908
0.005372 0.0053720000000000009 0.0058711122515918267
0.005372 0.0053720000000000009 0.0093263144425840168
0.0027830014720992241 0.0067183060500625724 0
0.0013915007360496118 0.0084241530250312863 0
0.0013915007360496118 0.0058916530250312862 0
0.0033300007360496115 0.0080386530250312841 0
0.0031820007360496118 0.0051496530250312875 0
0.0049730007360496119 0.0069406530250312858 0
0.0027830014720992241 0.0067183060500625724 0.029999999999999999
0.0013915007360496118 0.0058916530250312862 0.029999999999999999
0.0013915007360496118 0.0084241530250312863 0.029999999999999999
0.0033300007360496115 0.0080386530250312841 0.029999999999999999
0.0031820007360496118 0.0051496530250312875 0.029999999999999999
0.0049730007360496119 0.0069406530250312858 0.029999999999999999
0.0055199999999999989 0.0082609999999999975 0.027499999999999997
0.0055199999999999989 0.0082609999999999975 0.024941784190841688
0.0055199999999999989 0.0082609999999999975 0.022441784190841696
0.005372 0.005372 0.022499999999999992
0.005372 0.005372 0.025021266804979847
0.005372 0.005372 0.027521266804979856
0.0027830014720992241 0.0067183060500625724 0.040000000000000008
0.001391500736049612 0.0058916530250312862 0.040000000000000008
0.001391500736049612 0.0084241530250312863 0.040000000000000008
0.0033300007360496115 0.0080386530250312841 0.040000000000000008
0.0031820007360496118 0.0051496530250312875 0.040000000000000008
0.0049730007360496119 0.0069406530250312858 0.040000000000000008
0.0055199999999999989 0.0082609999999999975 0.032446742445693816
0.0055199999999999989 0.0082609999999999975 0.037500000000000006
0.0055199999999999989 0.0082609999999999975 0.034946742445693818
0.005372 0.005372 0.032500000000000001
0.005372 0.005372 0.035000050274424543
0.005372 0.005372 0.037500050274424539
0.0027830014720992241 0.0067183060500625724 0.060000000000000005
0.0013915007360496118 0.0058916530250312862 0.060000000000000005
0.0013915007360496118 0.0084241530250312863 0.060000000000000005
0.0033300007360496115 0.0080386530250312841 0.060000000000000005
0.0031820007360496118 0.0051496530250312875 0.060000000000000005
0.0049730007360496119 0.0069406530250312858 0.060000000000000005
0.0019384999999999999 0.0097444999999999997 0.042603207606703115
0.0019384999999999999 0.0097444999999999997 0.057615650101117057
0.0019384999999999999 0.0097444999999999997 0.045973913769899989
0.0019384999999999999 0.0097444999999999997 0.054492873186868525
0.0019384999999999999 0.0097444999999999997 0.051987718778630843
0.0019384999999999999 0.0097444999999999997 0.048481201856076267
0.0055200000000000006 0.0082609999999999992 0.043370706163196882
0.0055200000000000006 0.0082609999999999992 0.046827229379979803
0.0055200000000000006 0.0082609999999999992 0.056877223085751466
0.0055200000000000006 0.0082609999999999992 0.053748043254480543
0.0055200000000000006 0.0082609999999999992 0.050333746302534378
0.005372 0.0053720000000000009 0.043456523216782922
0.005372 0.0053720000000000009 0.047259388533442394
0.005372 0.005372 0.057258067533448129
0.005372 0.0053720000000000009 0.054128887702177206
0.005372 0.0053720000000000009 0.050673685485388552
0.0029075000000000004 0.014616500000000004 0.042500000000000003
0.0029075000000000004 0.014616500000000004 0.057500000000000002
0.0029075000000000004 0.014616500000000004 0.044999999999999998
0.0029075000000000004 0.014616500000000004 0.055
0.0029075000000000004 0.014616500000000004 0.052500000000000005
0.0029075000000000004 0.014616500000000004 0.050000000000000003
0.0029075000000000004 0.014616500000000004 0.047500000000000001
0.0029074999999999999 0.012083999999999999 0.059999999999999998
0.0048459999999999996 0.011698500000000001 0.042500000000000003
0.0048459999999999996 0.011698500000000001 0.045870706163196877
0.0048459999999999996 0.011698500000000001 0.057500000000000002
0.0048459999999999996 0.011698500000000001 0.054377223085751457
0.0048459999999999996 0.011698500000000001 0.048370706163196879
0.0048459999999999996 0.011698500000000001 0.051877223085751455
0.0067183060500625724 -0.0027830014720992241 0
0.0058916530250312862 -0.0013915007360496125 0
0.0051496530250312875 -0.0031820007360496118 0
0.0084241530250312863 -0.0013915007360496125 0
0.0069406530250312858 -0.0049730007360496119 0
0.0080386530250312841 -0.0033300007360496119 0
0.0075975000000000001 0 0.0023616827288135481
0.0075975000000000001 0 0.017396792418889376
0.0075975000000000001 0 0.014575015108883267
0.0075975000000000001 0 0.0047460326650095534
0.0075975000000000001 0 0.0071445783117508495
0.0075975000000000001 0 0.012067727012106816
0.0075975000000000001 0 0.0096497326976677684
0.0097444999999999997 -0.0019384999999999999 0.0023603536210131614
0.0097444999999999997 -0.0019384999999999999 0.0047447035572091671
0.0097444999999999997 -0.0019384999999999999 0.017752191196957978
0.0097444999999999997 -0.0019384999999999999 0.01514898361584735
0.0097444999999999997 -0.0019384999999999999 0.0065927104258512656
0.0097444999999999997 -0.0019384999999999999 0.0090978648117681846
0.0097444999999999997 -0.0019384999999999999 0.010817843189595208
0.0097444999999999997 -0.0019384999999999999 0.013325131286371656
0.0082259059747012784 -0.0055725131908613808 0.017925641801588531
0.0081400074550839942 -0.0057010480430755867 0.013203664370999424
0.0081388933171424385 -0.0057027151911976069 0.0071890975565548779
0.0079821588101685256 -0.0059372459698480073 0.011329034489096786
0.0080857865957586327 -0.0057821818061644494 0.0092408920922279394
0.0080101826859570544 -0.0058953122467873924 0.015478276561076774
0.0080872491849115265 -0.0057799932506287441 0.0048838869255475965
0.0083046587336871765 -0.005454670947679389 0.0025535397310210831
0.0088318293668435896 -0.0046658354738396924 0.0012767698655105422
0.0077338293668435887 -0.0063088354738396954 0.0012767698655105422
0.0077338293668435887 -0.0063088354738396954 0.0031120864709928849
0.0076944529873506388 -0.0063677565954306913 0.017298131548881886
0.0076944529873506388 -0.0063677565954306913 0.018962820900794264
0.0081962657605371744 -0.0056168655331852637 0.018962820900794264
0.0088318293668435896 -0.0046658354738396924 0.0036371234865237041
0.008792452987350638 -0.0047247565954306892 0.018962820900794264
0.008792452987350638 -0.0047247565954306892 0.016715012097752242
0.0076251245924557646 -0.0064714966253143717 0.0042772600682561409
0.0076251245924557646 -0.0064714966253143717 0.0056010339350283283
0.0081959539592993506 -0.005617332099154067 0.0037187133282843409
0.0076509466585712189 -0.0064328575955988039 0.006753639250531969
0.0076509466585712189 -0.0064328575955988039 0.0077355686060724804
0.0081130712510269817 -0.0057413542209131764 0.0060364922410512372
0.0076243932978793151 -0.0064725909030822247 0.0087614658739090141
0.0076243932978793151 -0.0064725909030822247 0.0097203183105468716
0.0081123399564505365 -0.0057424484986810277 0.0082149948243914091
0.0075725794050842624 -0.0065501229849240046 0.010764389508981294
0.0075725794050842624 -0.0065501229849240037 0.011736614103761492
0.00803397270296358 -0.0058597138880062283 0.010284963290662363
0.0076515037275419967 -0.0064320240215377938 0.01267392904471281
0.0076515037275419967 -0.0064320240215377938 0.013645368656852079
0.0080610831326262608 -0.0058191470064617966 0.012266349430048104
0.0075865913429785268 -0.0065291561233936958 0.014782674751890755
0.0075865913429785268 -0.0065291561233936958 0.016074448928626008
0.0080750950705205243 -0.0057981801449314913 0.014340970466038098
0.0081180443303291664 -0.0057339127188243879 0.016701959181332653
0.0087489466585712189 -0.0047898575955988027 0.0078029092679326988
0.0087489466585712189 -0.0047898575955988027 0.0059549023992906003
0.008723124592455762 -0.0048284966253143722 0.0048022970837869597
0.0087223932978793169 -0.0048295909030822244 0.010548784913596253
0.0087223932978793169 -0.0048295909030822244 0.0088288065357692326
0.0087495037275419976 -0.0047890240215377935 0.014354023382457688
0.0087495037275419976 -0.0047890240215377935 0.012530171052981992
0.0086705794050842624 -0.0049071229849240025 0.011592856112030677
0.008684591342978526 -0.0048861561233936972 0.015491329477496363
0.0069773197204166014 -0.0031135851086059483 0.02
0.0052791598602083007 -0.0033472925543029746 0.02
0.0060211598602083003 -0.0015567925543029742 0.02
0.0085536598602083003 -0.0015567925543029742 0.02
0.006269806248271571 -0.0043379389423662436 0.02
0.0068644591612498059 -0.0056117553258178427 0.02
0.0081681598602083016 -0.0034952925543029734 0.02
0.0075719726333948354 -0.0043874014920575466 0.02
0.0067183060500625724 0.0027830014720992232 0.02
0.0058916530250312862 0.0013915007360496116 0.02
0.0051496530250312875 0.0031820007360496118 0.02
0.0069406530250312858 0.0049730007360496119 0.02
0.0084241530250312863 0.0013915007360496116 0.02
0.0080386530250312841 0.0033300007360496115 0.02
0.0082609999999999992 0.0055199999999999997 0.016629293856178794
0.0082609999999999992 0.0055199999999999997 0.013172770621271059
0.0082609999999999992 0.0055199999999999997 0.0031227769187251861
0.0082609999999999992 0.0055199999999999997 0.0062519567328185579
0.0082609999999999992 0.0055199999999999997 0.009666253683817452
0.0097444999999999997 0.0019385000000000003 0.0023843499361960049
0.0097444999999999997 0.0019384999999999999 0.017396792418889376
0.0097444999999999997 0.0019384999999999999 0.01402608627506817
0.0097444999999999997 0.0019385000000000003 0.0055071268549211913
0.0097444999999999997 0.0019385000000000003 0.0080122812408381094
0.0097444999999999997 0.0019385000000000003 0.011518798178291718
0.0067183060500625724 0.0027830014720992228 0
0.0051496530250312875 0.0031820007360496114 0
0.0058916530250312862 0.0013915007360496114 0
0.0069406530250312858 0.0049730007360496119 0
0.0084241530250312863 0.0013915007360496114 0
0.0080386530250312841 0.0033300007360496115 0
0.0075975000000000001 0 0.022516042955264159
0.0075975000000000001 0 0.025046111179316519
0.0075975000000000001 0 0.027530068224052361
0.0097444999999999997 -0.0019384999999999999 0.021713710603998567
0.0097444999999999997 -0.0019384999999999999 0.02422975355926273
0.0097444999999999997 -0.0019384999999999999 0.02831906951547284
0.0097444999999999997 -0.0019384999999999999 0.025835112470736991
0.0081972242162182841 -0.0056154313413054229 0.02506087304677965
0.0080516416270985571 -0.0058332748694690942 0.022936675157671192
0.0081170559364944078 -0.0057353917088703854 0.026865917012695667
0.0085202159893316299 -0.0051321203365465619 0.021497830576227134
0.008524274220371544 -0.0051260477740706287 0.028327953239822783
0.0078128966325606512 -0.0061905226163049597 0.021336923752966606
0.0074879483162803252 -0.006676761308152479 0.020668461876483305
0.0074879483162803252 -0.006676761308152479 0.021793518391950664
0.0079897610894668607 -0.0059258702459070514 0.020668461876483305
0.0076597159015266 -0.0064197356774060048 0.028951450147525041
0.008939607994665812 -0.0045045601682732802 0.020748915288113567
0.0083434207678523501 -0.0053966691060278538 0.020748915288113567
0.008939607994665812 -0.0045045601682732802 0.022462625892112141
0.0089416371101857708 -0.0045015238870353136 0.029163976619911391
0.0089416371101857708 -0.0045015238870353136 0.027483046135384229
0.0083403530117123707 -0.0054012595644413203 0.029163976619911391
0.0076400279682472035 -0.0064491958544351923 0.026461020569100376
0.0076400279682472035 -0.0064491958544351923 0.027384408653872871
0.0078436371101857708 -0.0061445238870353131 0.028115426767436422
0.0083206650784329768 -0.0054307197414705053 0.027596935126259225
0.0076801121081091408 -0.0063892156706527115 0.024576764920218187
0.0076801121081091408 -0.0063892156706527115 0.02555849858614237
0.0081571400763563468 -0.0056754115250879037 0.02596339502973766
0.0076073208135492782 -0.0064981374347345454 0.022593394094302957
0.0076073208135492782 -0.0064981374347345454 0.02351466597566396
0.0081244329216584189 -0.0057243531053872585 0.023998774102225423
0.0079322691298296059 -0.0060118987428870252 0.022136799455318896
0.0081665563109461423 -0.0056613214764257604 0.021417377164596872
0.0087781121081091408 -0.0047462156706527103 0.025849506038862664
0.0087781121081091408 -0.0047462156706527103 0.024244147127388399
0.0087053208135492791 -0.0048551374347345459 0.023182048182834168
0.0082859288082150952 -0.0054826976030078285 0.022217252866949165
0.0087380279682472035 -0.004806195854435192 0.026752028021820671
0.00697851921157654 -0.0031190258035363417 0.029999999999999999
0.0052797596057882704 -0.0033500129017681709 0.029999999999999999
0.00602175960578827 -0.0015595129017681709 0.029999999999999999
0.0085542596057882701 -0.0015595129017681709 0.029999999999999999
0.0062791013389912878 -0.0043493546349711882 0.029999999999999999
0.006868057634729619 -0.0056280774106090229 0.029999999999999999
0.0081687596057882696 -0.0034980129017681705 0.029999999999999999
0.0075674755073148704 -0.0043977485791741756 0.029999999999999999
0.0075975000000000001 0 0.03248395704738298
0.0075975000000000001 0 0.034991098017990871
0.0075975000000000001 0 0.037507140970607887
0.0097444999999999997 -0.0019384999999999999 0.031680930517123444
0.0097444999999999997 -0.0019384999999999999 0.034164887564506426
0.0097444999999999997 -0.0019384999999999999 0.038286289364052449
0.0097444999999999997 -0.0019384999999999999 0.035770246411435433
0.0081972814899043851 -0.0056153456394235808 0.034926772946603554
0.0080499522154929316 -0.0058358028323725964 0.032818587326170295
0.0080518640825040858 -0.0058329419967630049 0.037057651921750805
0.0085206437180368622 -0.0051314803016989366 0.038499611291237371
0.0085168199840145453 -0.005137201972918122 0.031444221037108533
0.0078132821611322199 -0.0061899457279232795 0.038658582965130098
0.0078098408005121342 -0.0061950952320205454 0.031268824402705953
0.0074864204002560658 -0.0066790476160102728 0.030634412201352976
0.0074864204002560658 -0.0066790476160102728 0.031675069026478445
0.0079831363017826684 -0.0059357832934162766 0.030634412201352976
0.0074881410805661087 -0.0066764728639616393 0.038197117288896201
0.0074881410805661087 -0.0066764728639616393 0.039329291482565046
0.007990592583126184 -0.0059246260345388654 0.039329291482565046
0.0089379099920072706 -0.0045071009864590603 0.030722110518554262
0.0083366258935338756 -0.0054068366638650644 0.030722110518554262
0.0089379099920072706 -0.0045071009864590603 0.032403041035677711
0.0089398218590184299 -0.004504240150849468 0.039249805645618682
0.0089398218590184299 -0.004504240150849468 0.03753609500967113
0.008344273361578506 -0.0053953933214266952 0.039249805645618682
0.0076074320412520434 -0.0064979709983815012 0.036472611273516087
0.0076074320412520434 -0.0064979709983815021 0.037396651767206565
0.0079325731218181528 -0.0060114438623431405 0.037858117443440455
0.0076801407449521922 -0.0063891728197117892 0.034425506255932055
0.0076801407449521922 -0.0063891728197117892 0.035407171785942465
0.0081245727862042372 -0.005724143818093292 0.035992212434177183
0.0076064761077464637 -0.0064994014161862974 0.032449950488210623
0.0076064761077464637 -0.0064994014161862974 0.033371413445715425
0.0081236168526986584 -0.0057255742358980882 0.033872680136386925
0.0079298965080025312 -0.0060154490321965718 0.032043705864438124
0.0081633303922633398 -0.0056661486024693342 0.031356522719907243
0.0087781407449521922 -0.0047461728197117897 0.035749675837354222
0.0087781407449521922 -0.0047461728197117897 0.034144316990425222
0.0087054320412520408 -0.0048549709983815017 0.036815115324927858
0.0082862539002704749 -0.0054822111492309695 0.037778631606494091
0.008704476107746462 -0.0048564014161862979 0.033090224180208599
0.0082833860997537367 -0.0054865024026453596 0.032131404181639414
0.0081669629395845402 -0.0056607130148111067 0.038579097128183727
0.0069769162608184212 -0.0031126501501574718 0.040000000000000001
0.0052789581304092097 -0.0033468250750787361 0.040000000000000001
0.0060209581304092093 -0.0015563250750787357 0.040000000000000001
0.0085534581304092111 -0.0015563250750787357 0.040000000000000001
0.0062677554103043962 -0.0043356223549739208 0.040000000000000001
0.0068632487824552609 -0.0056089504504724125 0.040000000000000001
0.0081679581304092089 -0.0034948250750787362 0.040000000000000001
0.0075724096329692868 -0.004385978245655963 0.040000000000000001
0.0075975000000000001 0 0.042821777298475111
0.0075975000000000001 0 0.057638317305135765
0.0075975000000000001 0 0.046415149657529971
0.0075975000000000001 0 0.05452320299659788
0.0075975000000000001 0 0.052124657294310803
0.0075975000000000001 0 0.048833143961903525
0.0097444999999999997 -0.0019384999999999999 0.042247808543537033
0.0097444999999999997 -0.0019384999999999999 0.045841180902591878
0.0097444999999999997 -0.0019384999999999999 0.057639645309697361
0.0097444999999999997 -0.0019384999999999999 0.054524531001159483
0.0097444999999999997 -0.0019384999999999999 0.049385011250617811
0.0097444999999999997 -0.0019384999999999999 0.052676524583025082
0.0097444999999999997 -0.0019384999999999999 0.047665033122792161
0.0082264252973156676 -0.0055717360988254624 0.042075891553744998
0.008123441435057879 -0.0057258367233150318 0.046806032427116576
0.0081406878652307505 -0.0057000299065809437 0.052789780706748647
0.0079802385745330502 -0.0059401193279072836 0.0486564817414444
0.0080927514376073744 -0.0057717599162213865 0.050730259905610947
0.0080069733464747089 -0.0059001145644280986 0.044523766936565873
0.0080879864185587763 -0.0057788900858906462 0.055102414880055045
0.0083058563069724721 -0.0054528789504956513 0.0574395923558692
0.0076947126486578334 -0.00636736804941273 0.041037945776872496
0.0076947126486578334 -0.00636736804941273 0.042707488490847031
0.0081971641512179096 -0.0056155212199899603 0.041037945776872496
0.0077344281534862348 -0.0063079394752478266 0.058719796177934602
0.0088324281534862357 -0.0046649394752478254 0.058719796177934602
0.0077344281534862348 -0.0063079394752478266 0.056878871056384929
0.0087927126486578334 -0.0047243680494127313 0.041037945776872496
0.0087927126486578334 -0.0047243680494127313 0.043285754320409528
0.0088324281534862357 -0.0046649394752478254 0.056359441487631959
0.0076254932092793869 -0.0064709450429453232 0.054381929365795945
0.0076254932092793869 -0.0064709450429453232 0.055710282318477855
0.0081969213627656242 -0.0056158845181931497 0.056271003617962126
0.0076518439326153757 -0.0064315149532904719 0.052239740029303545
0.0076518439326153757 -0.0064315149532904719 0.053225612279142735
0.0081143371418947608 -0.0057394599962357958 0.05394609779340185
0.0076278757188036877 -0.0064673799581106937 0.050250540182487195
0.0076278757188036877 -0.0064673799581106937 0.051209979628734685
0.0081167196514190625 -0.0057358949114011655 0.051760020306179794
0.0075716192872665247 -0.0065515596639536414 0.048244228064550414
0.0075716192872665247 -0.0065515596639536414 0.049213651100403918
0.0080364950060702114 -0.0058559396220643368 0.04969337082352767
0.0076432207175289391 -0.0064444183616575151 0.046354120307030629
0.0076432207175289391 -0.0064444183616575151 0.047319003407386512
0.008051840004795462 -0.005832978025611159 0.047731257084280491
0.0075849866732373532 -0.0065315572822140485 0.043931426182257462
0.0075849866732373532 -0.0065315572822140485 0.045212987561755277
0.0080652073907662939 -0.0058129756438715652 0.045664899681841217
0.0081166993218951874 -0.0057359253316267818 0.043299829245155443
0.0087412207175289382 -0.0048014183616575147 0.047474676977295592
0.0087412207175289382 -0.0048014183616575147 0.04565082475709531
0.0086829866732373532 -0.004888557282214049 0.044509692011819965
0.008725875718803686 -0.0048243799581106925 0.051156768844368421
0.008725875718803686 -0.0048243799581106925 0.049436790716542778
0.0086696192872665247 -0.0049085596639536419 0.048399901634459515
0.008749843932615374 -0.0047885149532904724 0.054034535663071689
0.008749843932615374 -0.0047885149532904724 0.052186529244937288
0.0087234932092793878 -0.0048279450429453228 0.055190852749724885
0.0067183060500625724 -0.0027830014720992241 0.059999999999999998
0.0051496530250312875 -0.0031820007360496118 0.059999999999999998
0.0058916530250312862 -0.0013915007360496118 0.059999999999999998
0.0084241530250312863 -0.0013915007360496118 0.059999999999999998
0.0069406530250312858 -0.0049730007360496119 0.059999999999999998
0.0080386530250312841 -0.0033300007360496115 0.059999999999999998
0.0067183060500625724 0.0027830014720992241 0.029999999999999999
0.0058916530250312862 0.0013915007360496118 0.029999999999999999
0.0051496530250312858 0.0031820007360496118 0.029999999999999999
0.0069406530250312858 0.0049730007360496119 0.029999999999999999
0.0084241530250312863 0.0013915007360496118 0.029999999999999999
0.0080386530250312841 0.0033300007360496115 0.029999999999999999
0.0082609999999999992 0.0055199999999999997 0.022499999999999992
0.0082609999999999992 0.0055199999999999989 0.027551829633496977
0.0082609999999999992 0.0055199999999999989 0.025051829633496968
0.0097444999999999997 0.0019384999999999999 0.022516042955264159
0.0097444999999999997 0.0019384999999999999 0.025067872588761128
0.0097444999999999997 0.0019384999999999999 0.027551829633496977
0.0067183060500625724 0.0027830014720992232 0.040000000000000001
0.0058916530250312862 0.0013915007360496116 0.040000000000000001
0.0051496530250312875 0.0031820007360496118 0.040000000000000001
0.0069406530250312858 0.0049730007360496119 0.040000000000000001
0.0084241530250312863 0.0013915007360496116 0.040000000000000001
0.0080386530250312841 0.0033300007360496115 0.040000000000000001
0.0082609999999999992 0.0055199999999999997 0.032500000000000001
0.0082609999999999992 0.0055199999999999989 0.037556519165759965
0.0082609999999999992 0.0055199999999999989 0.035056519165759976
0.0097444999999999997 0.0019384999999999999 0.03248395704738298
0.0097444999999999997 0.0019384999999999999 0.037556519165759965
0.0097444999999999997 0.0019384999999999999 0.035040476213142949
0.0067183060500625724 0.0027830014720992241 0.060000000000000005
0.0058916530250312862 0.001391500736049612 0.060000000000000005
0.0051496530250312858 0.0031820007360496118 0.060000000000000005
0.0069406530250312858 0.0049730007360496119 0.060000000000000005
0.0084241530250312863 0.001391500736049612 0.060000000000000005
0.0080386530250312841 0.0033300007360496124 0.060000000000000005
0.0082609999999999975 0.0055199999999999989 0.043429391945288297
0.0082609999999999975 0.0055199999999999989 0.046885915162071211
0.0082609999999999975 0.0055199999999999989 0.056943126642344834
0.0082609999999999975 0.0055199999999999989 0.053813946811073918
0.0082609999999999975 0.0055199999999999989 0.050300212114017376
0.0097444999999999997 0.0019384999999999999 0.043429391945288297
0.0097444999999999997 0.0019384999999999999 0.04702276430434315
0.0097444999999999997 0.0019384999999999999 0.056943126642344834
0.0097444999999999997 0.0019384999999999999 0.053828012333806949
0.0097444999999999997 0.0019384999999999999 0.050536499001399685
0.0073105000000000002 0.0100515 0.040000000000000001
0.0082795000000000004 0.012390999999999998 0.042500000000000003
0.0082795000000000004 0.012390999999999999 0.057500000000000002
0.0082795000000000004 0.012390999999999998 0.044999999999999984
0.0082794999999999987 0.012390999999999999 0.054999999999999993
0.0082795000000000004 0.012390999999999998 0.047499999999999994
0.0082794999999999987 0.012390999999999999 0.052499999999999991
0.0082795000000000004 0.012390999999999998 0.049999999999999989
0.0073105000000000002 0.0100515 0.059999999999999998
0.0089534999999999979 0.0089534999999999979 0.042500000000000003
0.0089534999999999979 0.0089534999999999979 0.04595652321678291
0.0089534999999999979 0.0089534999999999979 0.057500000000000002
0.0089534999999999979 0.0089534999999999979 0.05437082016872908
0.0089534999999999979 0.0089534999999999979 0.048456523216782912
0.0089534999999999979 0.0089534999999999979 0.051870820168729077
0.008276450428938268 -0.012393037996972479 0.022606122570355731
0.0070457252144691344 -0.013215518998486241 0.021303061285177866
0.0070457252144691344 -0.013215518998486241 0.023803061285177868
0.009510225214469134 -0.01156851899848624 0.021303061285177866
0.0082673017157530691 -0.012399151987889918 0.023803061285177868
0.009510225214469134 -0.01156851899848624 0.023803061285177868
0.0070365765012839364 -0.013221632989403679 0.0275
0.008264360411241763 -0.012401117631440384 0.0275
0.0095072839099578279 -0.011570484642036707 0.0275
0.0082972570278976136 -0.0082972570278976136 0.027098743538903534
0.0082941995884112732 -0.0082941995884112732 0.023070397600899101
0.008842754190944449 -0.008842754190944449 0.025045417436994923
0.0094772081288010592 -0.0094772081288010557 0.022623163007578804
0.0094744772588194956 -0.0094744772588194956 0.027428832195179689
0.0079620434323247821 -0.0079620434323247821 0.021125056515467359
0.0079536875376277107 -0.0079536875376277107 0.028951450147525041
0.010110604064400529 -0.010110604064400529 0.021311581503789399
0.010110604064400529 -0.010110604064400529 0.023811581503789404
0.009119147496725313 -0.0091191474967253112 0.021311581503789399
0.010109238629409748 -0.010109238629409746 0.026214416097589847
0.010109238629409746 -0.010109238629409746 0.028714416097589845
0.0097933770954722263 -0.0097933770954722246 0.025022708718497461
0.0091599811598727515 -0.0091599811598727515 0.023834290222286864
0.0091586157248819688 -0.0091586157248819688 0.026237124816087309
0.0091094261670374571 -0.0091094261670374571 0.028714416097589845
0.0077301285139488064 -0.0077301285139488064 0.027500821916976805
0.0077301285139488064 -0.0077301285139488064 0.026577433832204313
0.0085208160515765179 -0.0085208160515765179 0.028549371769451767
0.0080028770954722241 -0.0080028770954722241 0.025550770781250003
0.0080028770954722241 -0.0080028770954722241 0.024569037115325824
0.0085700056094210331 -0.0085700056094210331 0.026072080487949231
0.0077285997942056353 -0.0077285997942056353 0.023581527197277918
0.0077285997942056353 -0.0077285997942056353 0.022660255315916908
0.0085684768896778594 -0.0085684768896778594 0.02405790751894701
0.0085276432265304226 -0.0085276432265304208 0.021535198800449552
0.0088858671433585563 -0.0088858671433585529 0.027263787867041617
0.0088857038586061671 -0.0088857038586061653 0.022846780304238951
0.0064766212901984487 -0.010538996372256316 0.029999999999999999
0.0061458106450992239 -0.012288498186128158 0.029999999999999999
0.0051768106450992245 -0.0099489981861281586 0.029999999999999999
0.0073735945550570531 -0.011467982828164859 0.029999999999999999
0.0060763924230098059 -0.0093478169371045312 0.029999999999999999
0.0072102693155382926 -0.0084505062886040851 0.029999999999999999
0.0085074714475855389 -0.010570672179664417 0.029999999999999999
0.0076104981827269345 -0.0096416857237558683 0.029999999999999999
0.0069719670282284247 -0.010213537931957443 0.02
0.005424483514114212 -0.0097862689659787196 0.02
0.0063934835141142123 -0.012125768965978724 0.02
0.0088579835141142128 -0.010478768965978722 0.02
0.0063173576523604912 -0.0091895703635475508 0.02
0.0072119175705710626 -0.0084633448298936133 0.02
0.007866526946438997 -0.009487312398303506 0.02
0.0082795000000000021 0.012390999999999999 0.032500000000000001
0.0082795000000000056 0.012391000000000004 0.037500000000000006
0.0089534999999999979 0.0089534999999999979 0.032500000000000001
0.0089534999999999979 0.0089534999999999979 0.037500000000000006
0.0089534999999999979 0.0089534999999999979 0.035000000000000003
0.0073105000000000002 0.0100515 0.029999999999999999
0.0087795129386127272 -0.0087795129386127272 0.0073587556454334895
0.0087734021231218578 -0.0087734021231218578 0.012907852254622968
0.0085606025877225447 -0.0085606025877225447 0.0049006241315675946
0.0093389344036362704 -0.0093389344036362721 0.017676481707991982
0.0084940898275446784 -0.0084940898275446802 0.015468762211475208
0.0083775905647967188 -0.0083775905647967188 0.0092827927764992987
0.0083945687318402532 -0.0083945687318402532 0.011036409686020782
0.0081840222191661045 -0.0081840222191661045 0.017963173043128486
0.0089134084273186295 -0.0089134084273186261 0.0023164297245199918
0.0080382042136593144 -0.0080382042136593144 0.0011582148622599963
0.0098287042136593113 -0.0098287042136593113 0.0011582148622599963
0.0080382042136593144 -0.0080382042136593144 0.0029935314677423386
0.0076735111095830527 -0.0076735111095830527 0.018981586521564245
0.0076735111095830527 -0.0076735111095830527 0.01731689716965186
0.0084725545419078365 -0.0084725545419078365 0.018981586521564245
0.010041467201818135 -0.010041467201818135 0.018838240853995991
0.0090500106341429194 -0.0090500106341429194 0.018838240853995991
0.010041467201818135 -0.010041467201818135 0.016172366240212146
0.0098287042136593113 -0.0098287042136593113 0.0038183319879841944
0.0078618012938612737 -0.0078618012938612737 0.0056094025380383269
0.0078618012938612737 -0.0078618012938612737 0.0042856286712661404
0.0087370055075205871 -0.0087370055075205871 0.0036085269280437936
0.0079712564693063641 -0.0079712564693063641 0.0078203976505117848
0.0079712564693063641 -0.0079712564693063641 0.0068384682949712752
0.0086700577631676368 -0.0086700577631676368 0.0061296898885005429
0.0077702952823983599 -0.0077702952823983599 0.0097412686526825512
0.0077702952823983599 -0.0077702952823983599 0.008782416216044692
0.008578551751704723 -0.008578551751704723 0.0083207742109663949
0.0077787843659201262 -0.0077787843659201262 0.011590301702223492
0.0077787843659201262 -0.0077787843659201262 0.010618077107443292
0.0083860796483184886 -0.0083860796483184886 0.01015960123126004
0.0079682010615609294 -0.0079682010615609294 0.013497462598663851
0.0079682010615609294 -0.0079682010615609294 0.012526022986524584
0.0085839854274810563 -0.0085839854274810581 0.011972130970321876
0.0078285449137723388 -0.0078285449137723423 0.016069691753825222
0.0078285449137723388 -0.0078285449137723423 0.014777917577089976
0.008633745975333269 -0.008633745975333269 0.014188307233049088
0.0083390560233553897 -0.0083390560233553932 0.016715967627301848
0.0087614783114011892 -0.0087614783114011892 0.017819827375560232
0.0097617564693063662 -0.0097617564693063662 0.006339494948440944
0.0097617564693063662 -0.0097617564693063662 0.0086777677482610376
0.0096523012938612741 -0.0096523012938612724 0.0051104291915079966
0.0097587010615609281 -0.0097587010615609281 0.011452316052855778
0.0097587010615609281 -0.0097587010615609281 0.01378805151352764
0.0095607952823983586 -0.0095607952823983603 0.0096397863137939448
0.0095692843659201283 -0.0095692843659201283 0.010516594768554684
0.0096190449137723393 -0.0096190449137723393 0.015068506491953758
0.0089165121155904761 -0.0089165121155904761 0.016572621959733594
0.0082795000000000021 -0.012391000000000004 0.017486070787634967
0.0082795000000000021 -0.012390999999999999 0.0025139292123650234
0.0082795000000000004 -0.012391000000000004 0.014820196173851118
0.0082795000000000021 -0.012390999999999999 0.0051740463380892223
0.0082795000000000021 -0.012390999999999999 0.007643760817810246
0.0082795000000000004 -0.012391000000000004 0.012317769078302201
0.0082795000000000021 -0.012391000000000004 0.0099820336176303388
0.0073105000000000002 -0.0100515 0
0.0073105000000000002 0.0100515 0
0.0082795000000000021 0.012391000000000004 0.017500000000000009
0.0082795000000000021 0.012391000000000004 0.0025000000000000048
0.0082795000000000021 0.012391000000000004 0.0049999999999999984
0.0082795000000000004 0.012391000000000004 0.015000000000000005
0.0082795000000000004 0.012391000000000004 0.012500000000000001
0.0082795000000000021 0.012391000000000004 0.007499999999999998
0.0082795000000000021 0.012391000000000004 0.01
0.0073105000000000002 0.0100515 0.02
0.0089535000000000014 0.0089534999999999979 0.017499999999999995
0.0089535000000000014 0.0089534999999999979 0.01404347676509226
0.0089534999999999979 0.0089535000000000014 0.0024999999999999931
0.0089534999999999979 0.0089534999999999979 0.0056291798140933645
0.0089534999999999979 0.0089534999999999979 0.0081291798140933659
0.0089535000000000014 0.0089534999999999979 0.011543476765092261
0.0082795000000000021 0.012390999999999999 0.022499999999999999
0.0082795000000000056 0.012391000000000004 0.0275
0.0089534999999999979 0.0089534999999999979 0.022499999999999992
0.0089534999999999979 0.0089534999999999979 0.027499999999999997
0.0089534999999999979 0.0089534999999999979 0.024999999999999994
0.0082917279324325049 -0.012382828198532632 0.037393593443346605
0.0070533639662162537 -0.013210414099266319 0.036196796721673301
0.0070533639662162537 -0.013210414099266319 0.038696796721673296
0.008328411729730022 -0.01235831279413052 0.036196796721673301
0.0095178639662162542 -0.011563414099266318 0.038696796721673296
0.0095178639662162542 -0.011563414099266318 0.036196796721673301
0.0070427839099578299 -0.013217484642036708 0.032500000000000001
0.0083178316734715974 -0.012365383336900909 0.032500000000000001
0.0095545477635137696 -0.011538898694864203 0.032500000000000001
0.0082957738134540014 -0.0082957738134540014 0.032885981802508207
0.0082968735033042695 -0.0082968735033042695 0.036914228348165691
0.0088429579724676778 -0.0088429579724676761 0.034944574334459404
0.0094783639701185793 -0.0094783639701185793 0.037371760536525016
0.009474221372235421 -0.009474221372235421 0.032566111227393522
0.0079536875376277107 -0.0079536875376277107 0.031040656825125475
0.0079634941874104723 -0.0079634941874104723 0.038867825806331163
0.010109110686117709 -0.010109110686117709 0.031283055613696764
0.010109110686117709 -0.010109110686117709 0.033783055613696766
0.0091092982237454215 -0.0091092982237454181 0.031283055613696764
0.01011118198505929 -0.010111181985059288 0.036185880268262513
0.01011118198505929 -0.01011118198505929 0.038685880268262501
0.0097934789862338407 -0.0097934789862338407 0.034972287167229707
0.0091606609712931285 -0.0091606609712931285 0.03615816743549221
0.0091585896723515494 -0.0091585896723515494 0.033755342780926463
0.0091211761724697624 -0.0091211761724697624 0.038685880268262501
0.0077299367516521344 -0.0077299367516521344 0.037324939980414001
0.0077299367516521344 -0.0077299367516521344 0.03640089948672353
0.0085304309390626058 -0.0085304309390626058 0.038457114174082846
0.0080029789862338385 -0.0080029789862338385 0.035416072479870386
0.0080029789862338385 -0.0080029789862338385 0.034434406949859983
0.0085699157378859737 -0.0085699157378859737 0.035929401341312547
0.0077293869067270003 -0.0077293869067269986 0.033405110683884381
0.0077293869067270003 -0.0077293869067269986 0.032483647726379579
0.0085693658929608379 -0.0085693658929608379 0.033915278068483809
0.0085200744443547118 -0.0085200744443547118 0.031442990901254103
0.0088849975928447095 -0.0088849975928447095 0.032726046514950868
0.0088876187367114244 -0.0088876187367114244 0.037142994442345353
0.00727259767496419 -0.01001359767496419 0.040000000000000001
0.0065437988374820949 -0.012025798837482097 0.040000000000000001
0.0055747988374820956 -0.0096862988374820935 0.040000000000000001
0.0090082988374820955 -0.010378798837482096 0.040000000000000001
0.0072177988374820942 -0.0085882988374820952 0.040000000000000001
0.0080182930248925682 -0.0093887930248925666 0.040000000000000001
0.0087742917535321811 -0.0087742917535321811 0.052628408608327362
0.0087246280389054742 -0.0087246280389054742 0.046269462840841526
0.0085595583507064345 -0.0085595583507064345 0.055093599199576279
0.009227923282745281 -0.009227923282745281 0.042984152772918574
0.0083380685412024168 -0.0083380685412024168 0.050730259905610947
0.008341402084927849 -0.008341402084927849 0.048801397423509946
0.0089133018725210643 -0.0089133018725210643 0.057681247681194363
0.0079634941874104741 -0.0079634941874104741 0.041669542713974529
0.0098286509362605304 -0.0098286509362605304 0.058840623840597177
0.0080381509362605335 -0.0080381509362605335 0.058840623840597177
0.0080381509362605335 -0.0080381509362605335 0.056999698719047504
0.0089959558287831167 -0.0089959558287831167 0.041492076386459277
0.0099859616413726423 -0.0099859616413726406 0.041492076386459277
0.0099859616413726423 -0.0099859616413726406 0.044148184184360416
0.0098286509362605304 -0.0098286509362605304 0.056191083291930274
0.0078612791753532169 -0.0078612791753532169 0.055705874478238472
0.0078612791753532169 -0.0078612791753532169 0.054377521525556562
0.0087364301116137511 -0.0087364301116137511 0.056387423440385318
0.0079686458767660936 -0.0079686458767660936 0.053144926229932096
0.0079686458767660936 -0.0079686458767660936 0.052159053980092906
0.0086669250521193095 -0.0086669250521193095 0.053861003903951821
0.007750534270601208 -0.007750534270601208 0.051209979628734685
0.007750534270601208 -0.007750534270601208 0.050250540182487195
0.008556180147367299 -0.008556180147367299 0.051679334256969141
0.007752201042463925 -0.007752201042463925 0.049286108941436688
0.007752201042463925 -0.007752201042463925 0.048316685905583197
0.008339735313065132 -0.008339735313065132 0.049765828664560446
0.0079438140194527367 -0.0079438140194527367 0.04705071861424899
0.0079438140194527367 -0.0079438140194527367 0.046085835513893114
0.0085330150619166625 -0.0085330150619166625 0.047535430132175739
0.0079438140194527367 -0.0079438140194527367 0.044804274134395285
0.0081954616413726436 -0.0081954616413726436 0.043161619100433805
0.0089762756608253811 -0.0089762756608253811 0.044626807806880046
0.0097343140194527389 -0.0097343140194527389 0.045790839218321895
0.0097343140194527354 -0.0097343140194527354 0.048156356953484393
0.0097591458767660889 -0.0097591458767660889 0.051335829837227294
0.0097591458767660889 -0.0097591458767660889 0.053664663755496778
0.0095410342706012102 -0.0095410342706012102 0.050386755485869086
0.0095427010424639289 -0.0095427010424639237 0.049422324244818586
0.0096517791753532155 -0.0096517791753532155 0.054897259051121243
0.0082795000000000021 -0.012390999999999999 0.042505837589484334
0.0082795000000000021 -0.012390999999999999 0.057494162410515651
0.0082795000000000021 -0.012390999999999999 0.045161945387385466
0.0082795000000000004 -0.012391000000000004 0.054844621861848741
0.0082795000000000021 -0.012390999999999999 0.047654191039580643
0.0082795000000000004 -0.012391000000000004 0.05234854269301261
0.0082795000000000004 -0.012391000000000004 0.050019708774743127
0.0073105000000000002 -0.0100515 0.059999999999999998
0.010463972779183275 -0.0067859745311598784 0.040000000000000001
0.0084659456899705467 -0.0072116473579876992 0.040000000000000001
0.01225098638959164 -0.0063004872655799387 0.040000000000000001
0.0099114863895916356 -0.0053314872655799393 0.040000000000000001
0.0093159378921517117 -0.0062226404361571674 0.040000000000000001
0.010603986389591638 -0.0087649872655799384 0.040000000000000001
0.0096139805770021104 -0.0077749814529904128 0.040000000000000001
0.01162183063936423 -0.0048142442357529134 0.049884265393261663
0.011698500000000001 -0.0048459999999999996 0.042247808543537033
0.011698500000000001 -0.0048459999999999996 0.057639645309697361
0.011698500000000001 -0.0048459999999999996 0.044805357765303387
0.011698500000000001 -0.0048459999999999996 0.055082096087930993
0.011698500000000001 -0.0048459999999999996 0.04662920998550367
0.010490415319682114 -0.0043456221178764564 0.050733771588193803
0.010490415319682114 -0.0043456221178764564 0.049013793460368126
0.012829915319682117 -0.0053146221178764566 0.0474996819183972
0.011698500000000001 -0.0048459999999999996 0.053234089669796592
0.012829915319682117 -0.0053146221178764566 0.052384583474864473
0.012829915319682117 -0.0053146221178764566 0.049938437126962526
0.0100515 -0.0073105000000000002 0.059999999999999998
0.012390999999999998 -0.0082795000000000004 0.042557549221766362
0.012390999999999998 -0.0082795000000000004 0.045213657019667487
0.012390999999999999 -0.0082795000000000004 0.057442450778233622
0.012390999999999999 -0.0082794999999999987 0.054792910229566727
0.012390999999999998 -0.0082795000000000004 0.047652412228232827
0.012390999999999999 -0.0082794999999999987 0.050017929963395311
0.012390999999999999 -0.0082794999999999987 0.052346763881664801
0.012390999999999999 0.0082795000000000021 0.022499999999999999
0.012391000000000004 0.0082795000000000056 0.0275
0.0100515 0.0073105000000000002 0.029999999999999999
0.011698500000000001 0.0048460000000000005 0.022499999999999999
0.011698500000000001 0.0048460000000000005 0.025051829633496971
0.011698500000000001 0.0048460000000000005 0.027551829633496977
0.0100515 0.0073105000000000002 0.02
0.012391000000000004 0.0082795000000000021 0.032500000000000001
0.012391000000000004 0.0082795000000000056 0.037500000000000006
0.0100515 0.0073105000000000002 0.040000000000000001
0.011698500000000001 0.0048460000000000005 0.032500000000000001
0.011698500000000001 0.0048460000000000005 0.03505651916575997
0.011698500000000001 0.0048460000000000005 0.037556519165759965
0.0100515 -0.0073105000000000002 0
0.011621830552346245 -0.0048142441997108404 0.010115733808516629
0.011698500000000001 -0.0048459999999999996 0.0023603536210131614
0.011698500000000001 -0.0048460000000000005 0.017752191196957978
0.011698500000000001 -0.0048459999999999996 0.0049179026534155084
0.011698500000000001 -0.0048459999999999996 0.01519464216455562
0.011698500000000001 -0.0048459999999999996 0.0067659095220576077
0.010490415276173122 -0.0043456220998554203 0.010986205771740596
0.010490415276173122 -0.0043456220998554203 0.009266227393913572
0.012829915276173122 -0.0053146220998554197 0.0076154159366606609
0.011698500000000001 -0.0048459999999999996 0.013370789835079926
0.012829915276173122 -0.0053146220998554206 0.012500317871855956
0.012829915276173122 -0.0053146220998554197 0.010061562811009369
0.010463247635027324 -0.0067861425009252954 0.02
0.0084638562055113203 -0.0072111523700793571 0.02
0.0099111238175136618 -0.0053315712504626482 0.02
0.012250623817513665 -0.0063005712504626476 0.02
0.0093149365907001982 -0.0062236801882172201 0.02
0.010603623817513662 -0.0087650712504626464 0.02
0.0096121672498384464 -0.0077736146827874306 0.02
0.012391000000000004 -0.0082795000000000021 0.017442450967597643
0.012391000000000004 -0.0082795000000000004 0.014776576353813796
0.012391000000000004 -0.0082795000000000021 0.0025575490324023474
0.012391000000000004 -0.0082795000000000021 0.0052176661581265459
0.012391000000000004 -0.0082795000000000021 0.0076638130324752527
0.012391000000000004 -0.0082795000000000021 0.010002085832295345
0.012391000000000004 -0.0082795000000000004 0.012337821292967208
0.012383403905410512 -0.0082908664694084991 0.022606365391906049
0.011563701952705256 -0.0095174332347042478 0.021303182695953021
0.011563701952705256 -0.0095174332347042478 0.023803182695953023
0.013210701952705257 -0.0070529332347042499 0.021303182695953021
0.012360615621642044 -0.0083249658776339934 0.023803182695953023
0.013210701952705257 -0.0070529332347042499 0.023803182695953023
0.011540913668936791 -0.0095515326429297456 0.0275
0.0123673983424093 -0.0083148165058483849 0.0275
0.013217484673472512 -0.0070427838629186432 0.0275
0.011732909663858119 -0.0048602521753701739 0.025410887828477943
0.011752572328919906 -0.0048683962755817012 0.022545152406195559
0.010555786164459952 -0.0043726981377908494 0.02127257620309778
0.012895286164459957 -0.0053416981377908514 0.02127257620309778
0.010555786164459952 -0.0043726981377908494 0.022986286807096353
0.011698500000000001 -0.0048459999999999996 0.02831906951547284
0.012895286164459957 -0.0053416981377908514 0.023772576203097775
0.01288545483192906 -0.0053376260876850873 0.025205443914238974
0.01288545483192906 -0.0053376260876850873 0.027705443914238969
0.011742740996389014 -0.0048643242254759371 0.023978020117336758
0.01054595483192906 -0.0043686260876850862 0.026024513429711807
0.01054595483192906 -0.0043686260876850871 0.024419154518237545
0.010538955245050729 -0.006476682831180941 0.029999999999999999
0.0084504034391543123 -0.0072104232150337153 0.029999999999999999
0.0099489776225253641 -0.0051768414155904715 0.029999999999999999
0.012288477622525364 -0.0061458414155904709 0.029999999999999999
0.009347693524051964 -0.0060765770929964756 0.029999999999999999
0.01057067221110022 -0.0085074714005463504 0.029999999999999999
0.011467962295997874 -0.007373625278509109 0.029999999999999999
0.0096416651601530755 -0.0076105289532181807 0.029999999999999999
0.012390999999999999 0.0082795000000000021 0.0024999999999999931
0.012390999999999999 0.0082795000000000021 0.0049999999999999871
0.012391000000000004 0.0082795000000000021 0.017499999999999995
0.012391000000000004 0.0082795000000000004 0.014999999999999987
0.012390999999999999 0.0082795000000000021 0.0074999999999999876
0.012391000000000004 0.0082795000000000021 0.0099999999999999881
0.012391000000000004 0.0082795000000000004 0.01249999999999999
0.0100515 0.0073105000000000002 0
0.011698500000000001 0.0048460000000000005 0.017499999999999995
0.011698500000000001 0.0048459999999999996 0.01412929385617879
0.011698500000000001 0.0048459999999999996 0.0024999999999999931
0.011698500000000001 0.0048459999999999996 0.0056227769187251796
0.011698500000000001 0.0048459999999999996 0.01162929385617879
0.011698500000000001 0.0048459999999999996 0.008122776918725181
0.012390999999999999 0.0082795000000000021 0.042500000000000003
0.012390999999999999 0.0082795000000000021 0.044999999999999984
0.012390999999999999 0.0082795000000000021 0.057500000000000002
0.012391000000000004 0.0082795000000000004 0.054999999999999993
0.012390999999999999 0.0082795000000000021 0.047499999999999994
0.012390999999999999 0.0082795000000000021 0.049999999999999989
0.012391000000000004 0.0082795000000000004 0.052499999999999991
0.0100515 0.0073105000000000002 0.059999999999999998
0.011698500000000001 0.0048459999999999996 0.042500000000000003
0.011698500000000001 0.0048459999999999996 0.045929391945288285
0.011698500000000001 0.0048459999999999996 0.057500000000000002
0.011698500000000001 0.0048459999999999996 0.054443126642344832
0.011698500000000001 0.0048459999999999996 0.051943126642344822
0.011698500000000001 0.0048459999999999996 0.048429391945288287
0.012383403910755894 -0.008290866461409906 0.037393634608462206
0.011563701955377948 -0.0095174332307049574 0.036196817304231112
0.011563701955377948 -0.0095174332307049574 0.038696817304231114
0.012360615643023558 -0.0083249658456396192 0.036196817304231112
0.013210701955377949 -0.0070529332307049534 0.038696817304231114
0.013210701955377949 -0.0070529332307049534 0.036196817304231112
0.011540913687645614 -0.0095515326149346637 0.032500000000000001
0.01236739836111812 -0.0083148164778533065 0.032500000000000001
0.013217484673472512 -0.0070427838629186414 0.032500000000000001
0.0117329096580583 -0.0048602521729679393 0.034589112175693222
0.011752572319805902 -0.0048683962718067617 0.037454847590860957
0.011698500000000001 -0.0048460000000000005 0.031680930517123444
0.012895286159902953 -0.0053416981359033812 0.038727423795430482
0.010555786159902948 -0.0043726981359033801 0.038727423795430482
0.010555786159902948 -0.0043726981359033801 0.037013713159482931
0.012895286159902953 -0.0053416981359033812 0.03622742379543048
0.01288545482902915 -0.00533762608648397 0.032294556087846607
0.01288545482902915 -0.00533762608648397 0.034794556087846609
0.010545954829029147 -0.0043686260864839697 0.033975486604970059
0.011742740988932099 -0.0048643242223873513 0.036021979883277093
0.010545954829029147 -0.0043686260864839697 0.03558084545189906
0.014616500000000004 0.0029075000000000004 0.022499999999999999
0.014616500000000004 0.0029075000000000004 0.0275
0.012083999999999999 0.0029074999999999999 0.029999999999999995
0.0126625 0 0.022499999999999999
0.0126625 0 0.025016042955264155
0.0126625 0 0.02751604295526416
0.012083999999999999 0.0029074999999999999 0.02
0.014616499999999999 0.0029074999999999995 0.032500000000000001
0.014616500000000004 0.0029075000000000004 0.037500000000000006
0.012083999999999999 0.0029074999999999999 0.040000000000000001
0.0126625 0 0.03248395704738298
0.0126625 0 0.037500000000000006
0.0126625 0 0.034983957047382983
0.012083999999999999 -0.0029074999999999999 0
0.0126625 0 0.0023843499361960053
0.0126625 0 0.017499999999999995
0.0126625 0 0.01489679241888937
0.0126625 0 0.0048843499361959988
0.0126625 0 0.0073895043221129169
0.0126625 0 0.012396792418889368
0.0126625 0 0.0098895043221129183
0.012083999999999999 -0.0029074999999999999 0.02
0.014616500000000004 -0.0029075000000000004 0.0024999999999999931
0.014616500000000004 -0.0029075000000000004 0.005057549032402341
0.014616500000000004 -0.0029075000000000004 0.017499999999999995
0.014616500000000004 -0.0029075000000000004 0.014942450967597635
0.014616500000000004 -0.0029075000000000004 0.0075575490324023406
0.014616500000000004 -0.0029075000000000004 0.010003695906751046
0.014616500000000004 -0.0029075000000000004 0.012442450967597636
0.014616500000000004 -0.0029075000000000004 0.022499999999999999
0.014616500000000004 -0.0029075000000000004 0.0275
0.012083999999999999 -0.0029074999999999999 0.029999999999999995
0.014616500000000004 -0.0029075000000000004 0.037500000000000006
0.014616499999999999 -0.0029074999999999995 0.032500000000000001
0.012083999999999999 -0.0029074999999999999 0.040000000000000001
0.014616500000000004 0.0029074999999999999 0.017499999999999995
0.014616500000000004 0.0029074999999999999 0.014999999999999993
0.014616500000000004 0.0029074999999999999 0.0024999999999999927
0.014616500000000004 0.0029074999999999999 0.0049999999999999871
0.014616500000000004 0.0029074999999999999 0.0074999999999999876
0.014616500000000004 0.0029074999999999999 0.0099999999999999881
0.014616500000000004 0.0029074999999999999 0.01249999999999999
0.012083999999999999 0.0029074999999999999 0
0.014616500000000004 0.0029074999999999999 0.042500000000000003
0.014616500000000004 0.0029074999999999999 0.057500000000000002
0.014616500000000004 0.0029074999999999999 0.054999999999999993
0.014616500000000004 0.0029074999999999999 0.044999999999999984
0.014616500000000004 0.0029074999999999999 0.047499999999999994
0.014616500000000004 0.0029074999999999999 0.049999999999999989
0.014616500000000004 0.0029074999999999999 0.052499999999999991
0.012083999999999999 0.0029074999999999999 0.059999999999999991
0.0126625 0 0.042500000000000003
0.0126625 0 0.046093372359054849
0.0126625 0 0.057500000000000002
0.0126625 0 0.054384885691462118
0.0126625 0 0.048593372359054851
0.0126625 0 0.051884885691462122
0.012083999999999999 -0.0029074999999999999 0.059999999999999991
0.014616500000000004 -0.0029075000000000004 0.042500000000000003
0.014616500000000004 -0.0029075000000000004 0.045057549221766358
0.014616500000000004 -0.0029075000000000004 0.057500000000000002
0.014616500000000004 -0.0029075000000000004 0.054942450778233627
0.014616500000000004 -0.0029075000000000004 0.04755754922176636
0.014616500000000004 -0.0029075000000000004 0.049996304430331685
0.014616500000000004 -0.0029075000000000004 0.052442450778233625
-0.011694380866591955 -0.0023261837108112041 0.035013572523429619
-0.01286619043329598 -0.0040705918554056015 0.035006786261714815
-0.013444690433295978 -0.001163091855405602 0.035006786261714815
-0.01286619043329598 -0.0040705918554056015 0.032506786261714805
-0.010526690433295975 -0.0031015918554056026 0.032506786261714805
-0.010912190433295978 -0.001163091855405602 0.034972900077481238
-0.013444690433295978 -0.001163091855405602 0.03750678626171481
-0.010526690433295975 -0.0031015918554056026 0.035063305418541107
-0.010912190433295978 -0.001163091855405602 0.03750678626171481
-0.010912190433295978 -0.001163091855405602 0.032506786261714805
-0.013444690433295978 -0.001163091855405602 0.032506786261714805
-0.01286619043329598 -0.0040705918554056015 0.03750678626171481
-0.011693932568442478 -0.0023260402836235367 0.025022659143075714
-0.013444466284221241 -0.0011630201418117683 0.027511329571537853
-0.010911966284221241 -0.0011630201418117683 0.027511329571537853
-0.013444466284221241 -0.0011630201418117683 0.025011329571537858
-0.01052646628422124 -0.003101520141811768 0.025063159197522649
-0.01286596628422124 -0.0040705201418117683 0.025011329571537858
-0.010911966284221241 -0.0011630201418117683 0.024997276943839207
-0.01286596628422124 -0.0040705201418117683 0.022511329571537852
-0.01052646628422124 -0.003101520141811768 0.022511329571537852
-0.010911966284221241 -0.0011630201418117683 0.022511329571537852
-0.013444466284221241 -0.0011630201418117683 0.022511329571537852
-0.01286596628422124 -0.0040705201418117683 0.027511329571537853
-0.012083999999999999 -0.0029074999999999999 0.057500000000000002
-0.012083999999999999 -0.0029074999999999999 0.042500000000000003
-0.012083999999999999 -0.0029074999999999999 0.051853293045661886
-0.012083999999999999 -0.0029074999999999999 0.054353293045661895
-0.012083999999999999 -0.0029074999999999999 0.045878289362082894
-0.012083999999999999 -0.0029074999999999999 0.048378289362082896
-0.012083999999999999 -0.0029074999999999999 0.0024999999999999931
-0.012083999999999999 -0.0029074999999999999 0.0055358054214821317
-0.012083999999999999 -0.0029074999999999999 0.017499999999999995
-0.012277 -0.0019384999999999999 0.014192195493479968
-0.010759919538567787 -0.0023590777015910173 0.011370158437298264
-0.013292419538567787 -0.0023590777015910173 0.0074590793090333471
-0.013292419538567787 -0.0023590777015910173 0.0099590793090333449
-0.013292419538567787 -0.0023590777015910173 0.012459079309033347
-0.010759919538567787 -0.0023590777015910173 0.0079948847305154891
-0.013417899489949666 0.0024110503764741306 0.034955622295426432
-0.013417899489949666 0.0024110503764741306 0.037455622295426427
-0.012277 0.0019384999999999999 0.038264648521231806
-0.012277 0.0019384999999999999 0.035764648521231804
-0.012277 0.0019384999999999999 0.031630167995371217
-0.012277 0.0019384999999999999 0.034130167995371219
-0.012083999999999999 0.0029074999999999999 0.051851376287341405
-0.012083999999999999 0.0029074999999999999 0.048376372603762416
-0.012083999999999999 0.0029074999999999999 0.05434745545617755
-0.012083999999999999 0.0029074999999999999 0.045884126951567246
-0.012083999999999999 0.0029074999999999999 0.057494162410515651
-0.012083999999999999 0.0029074999999999999 0.042505837589484334
-0.012083999999999999 0.0029074999999999999 0.008019449113568184
-0.012083999999999999 0.0029074999999999999 0.01139472282035096
-0.012083999999999999 0.0029074999999999999 0.013897149915899878
-0.012083999999999999 0.0029074999999999999 0.0025139292123650234
-0.012083999999999999 0.0029074999999999999 0.017486070787634967
-0.012083999999999999 0.0029074999999999999 0.0055497346338471611
-0.012277 0.0019384999999999999 0.025791233632854377
-0.012277 0.0019384999999999999 0.028291233632854376
-0.013417742241022369 0.0024109852453732309 0.027478548026216517
-0.013417742241022369 0.0024109852453732309 0.024978548026216522
-0.012277 0.0019384999999999999 0.021657921165710137
-0.012277 0.0019384999999999999 0.024157921165710135
-0.010200195942493641 0.0070879977836821057 0.037042486934877633
-0.010294182572486802 0.0069473602307870558 0.037897668954656336
-0.0082512052322314487 0.0069499330235817652 0.037657986384786193
-0.010339850858277278 0.0082943007252272178 0.037153910873476456
-0.0081572186022382861 0.0070905705764768151 0.036802804365007491
-0.010314785607900008 0.0083304346765495831 0.033942990921170015
-0.0102197349237133 0.0070587604921120602 0.034053636165097621
-0.0082007231418849153 0.0070240996416340981 0.032996627086267639
-0.0084743152182993192 0.007297691718048502 0.03402592333186763
-0.010588377684314412 0.008604026752963987 0.034972287166770005
-0.011436396884315388 0.0074208584036405522 0.032500000000000001
-0.0094173851024870019 0.0073861975531625901 0.031442990921170005
-0.010006608877473936 0.0079754213281495283 0.031283055617587999
-0.010904009382886944 0.0089196584515365204 0.033783055617588001
-0.011198212936748412 0.0077821628036983505 0.038696796721673296
-0.009109567310702579 0.006437795102052897 0.039200872232983033
-0.0091552355964930558 0.0077847355964930573 0.038457114151803154
-0.010870914099266316 0.0060843639662162543 0.036961445242905115
-0.010175680538091522 0.0071246815809796245 0.035845690213204329
-0.010315335453875162 0.0083309845225247366 0.035957114151803159
-0.0084092403031503608 0.0067120835250957323 0.032271746092170317
-0.010930596086440644 0.0088850459533905846 0.037382676985387935
-0.0097459808246564243 0.0083754808246564241 0.038685880263714639
-0.0098732357187987715 0.0052872631050724173 0.03400925846052405
-0.010081752880064215 0.0049752469885340524 0.033284377466426734
-0.010906080682038528 0.0089217297506881 0.036185880263714637
-0.0085201197323663512 0.0072291518122086706 0.034923606412359302
-0.010935595346674615 0.0088723945731183553 0.031283055617587999
-0.011089897679400856 0.0056493610166009102 0.03245562229542643
-0.0095308515795657408 0.0058025072521867005 0.030828755171000307
-0.011987298184813864 0.0065935981399879023 0.034955622295426432
-0.0098291813331769905 0.0053531841939399834 0.035801312508630757
-0.012011813589215979 0.0065569143426903844 0.036152419017099729
-0.012018884148601536 0.0065463342615697372 0.03245562229542643
-0.0085882988374820952 0.0072177988374820942 0.038867825788270353
-0.0099190402328658053 0.0052187231992325885 0.034906941541015722
-0.010265539437780332 0.0069902205862722314 0.034951319245589293
-0.0086335409277422601 0.0069363841496876324 0.030828755171000307
-0.0084302608326775382 0.0073636128069160655 0.035817977379974338
-0.010870914099266316 0.0060843639662162543 0.038696796721673296
-0.010428252084978749 0.0067467443755736935 0.033328755171000313
-0.01128035339011455 0.0054716966120599217 0.030828755171000307
-0.0081797932045988529 0.0071123705692612872 0.048886255827024536
-0.0083272859703723227 0.0068916687348661923 0.047767875187643576
-0.01117558490499297 0.0056284676694868391 0.048365259770757785
-0.011189701065379356 0.007078201065379354 0.049398781900244805
-0.0110280921392195 0.005849169503881934 0.049483640410138745
-0.0082775088243212287 0.006961992364223347 0.051633320893480633
-0.0081610476613041376 0.0071362598422170468 0.050640748050589261
-0.011011013325559147 0.0058747255064720578 0.050273701253284953
-0.01118803433574499 0.0070765343357449897 0.05036321328066333
-0.01112747448857624 0.0057004580284783571 0.051266274096176317
-0.0084273595982038377 0.007282246410980981 0.053771392845097202
-0.0083199928877752283 0.0071748797005523699 0.055003988120482843
-0.011298779177607151 0.0071872791776071525 0.055040962072338086
-0.011059213710168075 0.0058026005229452173 0.054951350869176047
-0.011406145888035762 0.0072946458880357636 0.053808366796952459
-0.0083922219196407681 0.0070667992821961956 0.056105944901004186
-0.011131442742033615 0.0056945201045890421 0.056053307649697397
-0.0084956203766120009 0.0071801039165141209 0.05258239524093361
-0.01112747448857624 0.0057004580284783571 0.053762353265012455
-0.0085188989277193393 0.0070832816922132089 0.046501907895910528
-0.011381314022726368 0.0072698140227263697 0.048132814608511758
-0.011406145888035762 0.0072946458880357636 0.051312287628116321
-0.0085690936785241395 0.0072436710410795678 0.057399769112971753
-0.011475650936490524 0.0073641509364905247 0.056334786284305646
-0.011155958490007651 0.0056578357931852709 0.044162373087268586
-0.009143757327489746 0.0063866346306673651 0.041656535497784246
-0.012025798837482097 0.0065437988374820941 0.042505837589484334
-0.011632961642027368 0.0075214616420273698 0.04399791395027957
-0.0096207604795094624 0.0082502604795094622 0.04149207636079523
-0.0087509201320350206 0.0073642974352126382 0.043148611858579489
-0.0084992725127340189 0.0071126498159116407 0.044791266864616493
-0.011381314022726368 0.0072698140227263697 0.045640568956316581
-0.01117558490499297 0.0056284676694868391 0.045873014118562615
-0.0081627143909385001 0.007137926571851411 0.049676316670170736
-0.0091361509364905266 0.0063951509364905245 0.058840623873789993
-0.0085882988374820952 0.0072177988374820942 0.041669542639242781
-0.0100515 -0.0073105000000000002 0.032500000000000001
-0.0100515 -0.0073105000000000002 0.035056519156826296
-0.0100515 -0.0073105000000000002 0.037556519156826298
-0.010051499999999998 -0.0073104999999999984 0.057500000000000002
-0.0100515 -0.0073105000000000002 0.045925875300629471
-0.0100515 -0.0073105000000000002 0.042500000000000003
-0.0100515 -0.0073104999999999984 0.048425875300629473
-0.010051499999999998 -0.0073104999999999984 0.054442464288254167
-0.0100515 -0.0073105000000000002 0.051942464288254171
-0.011018230207403942 0.0058639264747134094 0.009686194292031592
-0.011127588357733451 0.0057002876395664285 0.0086796402678750821
-0.011207795292179272 0.0070962952921792728 0.0096250400024002532
-0.0082973836499127211 0.0069815829317457015 0.0083373928861032436
-0.0081880254995832132 0.0071452217668926815 0.0093439469102597501
-0.011131670211667876 0.0056941797288066259 0.01150785398539839
-0.011009880083814365 0.0058764212407040068 0.010461365695249652
-0.01121628440453655 0.0071047844045365512 0.010501848566546472
-0.008188164488350913 0.0071662056452405564 0.010995926877624029
-0.0083099546162044291 0.0069839641333431764 0.012042415167772763
-0.011058984217719938 0.0058029439255793619 0.005035071104033945
-0.011131396843543986 0.005694588785115872 0.0039388889161446165
-0.011299301293361892 0.0071878012933618901 0.0049642412186931689
-0.0083926981369058778 0.007067390078477764 0.0038752717101077382
-0.0083202855110818281 0.007175745218941253 0.0049714538979970671
-0.0084297406845293948 0.0072852003923888188 0.0062005196422602639
-0.011408756466809458 0.0072972564668094576 0.0061933069629563648
-0.011127588357733451 0.0057002876395664285 0.0062099257881540592
-0.0084983448245429076 0.0071825441063758863 0.0073753743263803772
-0.011408756466809458 0.0072972564668094576 0.0086630214426773877
-0.011405701070834605 0.0072942010708346048 0.011437569883490879
-0.0084993712825024818 0.00717338079964123 0.012978136484717176
-0.011475704213608356 0.0073642042136083568 0.0036721440420120575
-0.0085691010571523445 0.007243792998724229 0.0025831745334266281
-0.0083597151114513397 0.0070337246285900878 0.014258591479931757
-0.011266044899783462 0.0071545448997834618 0.015220451974254378
-0.011131670211667876 0.0056941797288066259 0.014010281080947307
-0.011405701070834605 0.0072942010708346048 0.0139399969790398
-0.0092157275566997314 0.0062782171529533531 0.018198632537147656
-0.011127958590721012 0.0056997336388391407 0.015684703324782622
-0.012125768965978724 0.0063934835141142123 0.017486070787634967
-0.011688467197972114 0.007576967197972114 0.016324311667336246
-0.0083560034905044728 0.0070392785386226026 0.015933013723767066
-0.009198780071994794 0.007577994620130285 0.018981586557815684
-0.008174812503584903 0.0069233852442623488 0.018981586557815684
-0.0082009696967370836 0.0068842447448552125 0.017180219094963339
-0.0091362042136083552 0.0063952042136083565 0.0011582148296470343
-0.0097762361639508345 0.0081554507120863255 0.018838240879701283
-0.0081796753759936346 0.0071577165328832789 0.010119118313477811
-0.0087784257886931224 0.0074617008368112548 0.017036873416848938
-0.0100515 -0.0073105000000000002 0.0024999999999999931
-0.010051499999999998 -0.0073104999999999984 0.017499999999999995
-0.010051499999999998 -0.0073104999999999984 0.014192195493479968
-0.010600500000000001 -0.006489 0.0056291798918883546
-0.011066919538567786 -0.0077310777015910173 0.0074590793090333471
-0.0092764195385677869 -0.0059405777015910169 0.011502556123275096
-0.011066919538567786 -0.0077310777015910173 0.0099590793090333449
-0.0092764195385677869 -0.0059405777015910169 0.0080882592009217137
-0.011066919538567786 -0.0077310777015910156 0.012459079309033347
-0.0100515 -0.0073105000000000002 0.027551829625984788
-0.0100515 -0.0073105000000000002 0.025051829625984789
-0.0100515 -0.0073105000000000002 0.022499999999999999
-0.010315527108070412 0.0083311762327924616 0.026049372022976452
-0.010588275727205417 0.0086039248519274684 0.025022708711961959
-0.008485381356690351 0.0072808783589914479 0.025924579690104334
-0.010230902974289888 0.007042049101313036 0.025901870978142384
-0.0082126327375553476 0.0070081297398564444 0.026951243001118837
-0.010904137278022192 0.0089197864027442432 0.026214416146987683
-0.0094181266251191238 0.0073869390757947137 0.028549372022976447
-0.011436396861853666 0.007420858437251307 0.027500000000000004
-0.010006736795070909 0.007975549245746498 0.028714416146987679
-0.01093001813333274 0.0088844680082930325 0.022614784724186762
-0.010338513795305985 0.0082929636702662769 0.022838401794713768
-0.011298183062036218 0.0076318474851320029 0.021303203278564518
-0.0092538686652272086 0.0076330832133626996 0.021535198516149247
-0.0098453730032539641 0.0082245875513894551 0.021311581445622244
-0.010083191070142388 0.0049727945110888978 0.026634087146746328
-0.0098842465429097789 0.0052704865495617394 0.025880419004358897
-0.0085199891887518114 0.0072290926867901936 0.025039207677490401
-0.010935723264271589 0.008872522490715325 0.028714416146987679
-0.0095324470185712135 0.0058001199058424473 0.029155539120529816
-0.011089740430473557 0.0056492958855000105 0.027478548026216517
-0.0086882689659787214 0.0070674835141142124 0.021125056286090887
-0.0093694445123263942 0.0060482017084227489 0.020865968153375936
-0.0099188543749712393 0.0052187008773604826 0.02499504699174496
-0.0098733682703184156 0.005286764329040434 0.024099426482336889
-0.01090550270967772 0.0089211518343997702 0.023811581445622249
-0.008200225728544534 0.0070228787829156912 0.023156076972269624
-0.012011656337079865 0.0065568492163910206 0.023781751304781037
-0.011987140913424845 0.0065935330424977566 0.024978548026216522
-0.0084097752455961575 0.0067093178935570237 0.022401166669525185
-0.010454089642405169 0.006708082165326327 0.022169171431940447
-0.010244540125353543 0.0070216430546849945 0.022924081734684888
-0.010429847501522498 0.0067443570628401934 0.026655539120529821
-0.0084115772647879554 0.0067104377013836019 0.027704911143506268
-0.010313998371650965 0.0083296474963730147 0.024035198516149249
-0.008635136366747731 0.0069339968033433775 0.029155539120529816
-0.010265510806351349 0.0069902634291117791 0.025016498965528447
-0.011281675546347672 0.0054697181943085364 0.020865968153375936
-0.012018726899674237 0.0065462691304688393 0.027478548026216517
-0.010220024701698523 0.0070583268807917314 0.024120878456120376
-0.0084745030840989895 0.0072971561384701459 0.024143587168082327
-0.010870914096057496 0.0060843639710177902 0.022961124444274651
-0.011281948829120024 0.0054693092657156668 0.029155539120529816
-0.006335881051473766 0.0091744033558182076 0.030633830070284425
-0.0058069357527724573 0.0095278920581761128 0.030721625407988871
-0.0061562095655016188 0.0092944759617813368 0.031406868101088802
-0.0072454265439466604 0.0080528126496516878 0.032076820991454438
-0.0073862283335987267 0.00941736453223814 0.031442990921170005
-0.0070657550579745132 0.0081728852556148136 0.032849859022258815
-0.0056684675070119896 0.011135932448147229 0.03229455608756554
-0.0053479942313877753 0.0098914531715239024 0.033701424188654336
-0.006578012999484884 0.010014341741980707 0.033737547008735547
-0.0065808943504597562 0.009013935554920029 0.039328762517440496
-0.0064023671987314444 0.0091332434140786942 0.038526621956388646
-0.0060516629681974894 0.0093676154439790472 0.039249364842543488
-0.0052375992786752781 0.0099652289828923261 0.034757942560367155
-0.0069553601052620168 0.0082466610669832408 0.033906377393971628
-0.0070648744861448679 0.0081743910350955476 0.036983736108191799
-0.0076343662306085037 0.0092557258970050738 0.038457114151803154
-0.0072434016378731796 0.0080550831759368825 0.037785876669243657
-0.005920127607446082 0.010983575297764664 0.038727423795094376
-0.0053506358629824488 0.0099022404358551364 0.037254045751483007
-0.0065826348948595055 0.010024722918781516 0.037184537946897536
-0.0049999316324484929 0.010136612465755491 0.037976788637637857
-0.007228952181676419 0.0085202531433976429 0.034935673639571625
-0.0074697271685385614 0.0082771132742435888 0.030633830070284425
-0.0052416713280747486 0.0099750603137179848 0.036190810267895994
-0.0069559099512371686 0.0082472109129583925 0.035920500624604765
-0.008327419527970472 0.010316800600681422 0.033942990921170015
-0.0089166433029574093 0.01090602437566836 0.033783055617588001
-0.0086010116043848776 0.010590392677095826 0.034972287166770005
-0.007975452108585664 0.010006588307225076 0.031283055617587999
-0.0088723945758036136 0.010935595344880086 0.031283055617587999
-0.0074769590662726896 0.0082886406043363899 0.039328762517440496
-0.0051768414205629158 0.0099489776192023278 0.031680930517683323
-0.006609658701383735 0.012035368516590508 0.034794556087565542
-0.0082251114587718679 0.0098464711251684406 0.038685880263714639
-0.0088846152178792808 0.010930883942552276 0.037382697567945739
-0.0076313627023024931 0.011298991093372056 0.038696817304231114
-0.0065796313665534966 0.0120679881151485 0.037424241099325482
-0.0068556771252987567 0.010297765149220768 0.03619971096186439
-0.0085669122201551661 0.01061318094482816 0.036169104471001121
-0.0068516050758992871 0.010287933818395111 0.034766843254335544
-0.0082938699897159157 0.010340138714388911 0.037153931456034267
-0.0065755593171540252 0.012058156784322843 0.035991373391796644
-0.007057638776398885 0.011700071153198641 0.031969533803803157
-0.0076641032759803074 0.01204852023345666 0.030984766901901575
-0.0064363193881994425 0.01286903557659932 0.03348476690190158
-0.0064363193881994425 0.01286903557659932 0.030984766901901575
-0.0059589454746485152 0.011716490405544218 0.033279322989467119
-0.007708352003134104 0.012018949264244932 0.03348476690190158
-0.0067671608087623595 0.01111951319580165 0.030984766901901575
-0.0082659300762221895 0.010587146264622068 0.032267822519489578
-0.0076767063012352548 0.0099979224896351304 0.032427757823071592
-0.0057969865729647248 0.011062965455194602 0.054993658481700687
-0.0071872791776071525 0.011298779177607151 0.054989250440056071
-0.0071692657505718765 0.0083237446328017529 0.055098007365289497
-0.0070062245980319444 0.008432703357992774 0.056266596078099522
-0.0056339454204247918 0.011171924180385619 0.056162247194510712
-0.0071300849371105299 0.0083499287674216917 0.053941690237854105
-0.0057578057595033772 0.01108914958981454 0.053837341354265295
-0.0073641509364905247 0.011475650936490524 0.056283074652023632
-0.0071830963569153167 0.0086095751168761454 0.057560420290067062
-0.0072946458880357636 0.011406145888035762 0.053756655164670437
-0.007237451647539141 0.0084572954778503028 0.052709094962468471
-0.0073123977682391806 0.008365783010813364 0.045396614843923981
-0.0058575837455128107 0.011022468988086996 0.044819432698858089
-0.0072698140227263697 0.011381314022726368 0.045692280588598616
-0.0072253646999851486 0.0084239463150999894 0.046537747505717264
-0.0057705506772587805 0.011080632292373618 0.045960565360651379
-0.0075214616420273663 0.011632961642027368 0.044049625582561591
-0.0075640453875401789 0.0086174306301143623 0.043753959837886963
-0.00676943612329136 0.01017322930061264 0.048076864593936168
-0.0065778231659443451 0.0099816163432656247 0.049342831885669215
-0.007078201065379354 0.011189701065379356 0.049397003088897003
-0.0072698140227263697 0.011381314022726368 0.048131035797163942
-0.006794267988600753 0.010198061165922034 0.051256337613540717
-0.0052574278600683684 0.0098810648677008089 0.051337023803135581
-0.0073998296923326462 0.0087271742900887211 0.042530022156991504
-0.0053781658676026493 0.0098003768991842891 0.049270374178019147
-0.0071417448324170131 0.0081601626866773733 0.048728939609480527
-0.0070613692233088728 0.0082138768794958392 0.049765828697549121
-0.0052977902584945115 0.009854091092002755 0.050307263266087747
-0.0052701727778237716 0.0098725475702598903 0.048345149365988938
-0.0063951509364905245 0.0091361509364905266 0.058840623873789993
-0.0073641509364905247 0.011475650936490524 0.058840623873789993
-0.0056339454204247918 0.011171924180385619 0.058719796416277073
-0.0065761564363099809 0.0099799496136312588 0.050307263266087747
-0.0070597024936745086 0.008212210149861475 0.050730260077967645
-0.0072946458880357636 0.011406145888035762 0.051310508816768505
-0.0070193400952483671 0.0082391839255595289 0.051760020615015487
-0.0071678622377157504 0.0084952068354718253 0.041037945796196282
-0.0062717975219028178 0.0092205017860554645 0.041037945796196282
-0.0080998911136249078 0.0097212507800214787 0.04149207636079523
-0.005693368050305278 0.011132212648061354 0.043595495017962643
-0.0073333577897640306 0.0083517756440243899 0.04746297231774748
-0.0070765343357449897 0.01118803433574499 0.050361434469315521
-0.005693368050305278 0.011132212648061354 0.041037945796196282
-0.0075214616420273663 0.011632961642027368 0.04149207636079523
-0.0073104999999999984 -0.010051499999999998 0.057500000000000002
-0.0073105000000000002 -0.0100515 0.042500000000000003
-0.0073105000000000002 -0.0100515 0.04580780452724853
-0.0059405777045070905 -0.0092764195456081916 0.048497443857329646
-0.0077310777045070909 -0.011066919545608192 0.050040920689696192
-0.0077310777045070909 -0.011066919545608192 0.047540920689696183
-0.0073105000000000002 -0.0100515 0.05181014334305227
-0.0073104999999999984 -0.010051499999999998 0.054310143343052272
-0.0073105000000000002 -0.0100515 0.0024999999999999931
-0.0073104999999999984 -0.010051499999999998 0.017499999999999995
-0.0073104999999999984 -0.010051499999999998 0.01407412461943916
-0.0073105000000000002 -0.0100515 0.011574124619439158
-0.0066160961825914282 -0.0099188603239360931 0.0057117478211736357
-0.0068895480912957146 -0.0085409301619680453 0.0028558739105868174
-0.0052465480912957134 -0.0096389301619680453 0.0028558739105868174
-0.0086800480912957133 -0.010331430161968046 0.0053558739105868114
-0.0052465480912957134 -0.0096389301619680453 0.0059134096033687591
-0.0068895480912957146 -0.0085409301619680453 0.005985053802475178
-0.0062155480912957136 -0.011978430161968045 0.0053558739105868114
-0.0086800480912957133 -0.010331430161968046 0.0078558739105868136
-0.0062155480912957136 -0.011978430161968045 0.0078558739105868136
-0.0064770068701851015 -0.010139168594566863 0.0086589029357924657
-0.0068200034350925504 -0.0086510842972834321 0.0074586313597845948
-0.0086105034350925525 -0.010441584297283433 0.0093294514678962277
-0.0068200034350925504 -0.0086510842972834321 0.010872928282137977
-0.0051770034350925509 -0.0097490842972834321 0.010903576087335396
-0.0065465515263882649 -0.010029014459251478 0.0071853253784830507
-0.0051770034350925509 -0.0097490842972834321 0.0073869871606781741
-0.0061460034350925511 -0.012088584297283432 0.0093294514678962277
-0.0073105000000000002 -0.0100515 0.034946742453619083
-0.0073105000000000002 -0.0100515 0.037500000000000006
-0.0073105000000000002 -0.0100515 0.032500000000000001
-0.0073105000000000002 -0.0100515 0.0275
-0.0073105000000000002 -0.0100515 0.024941784200312327
-0.0073105000000000002 -0.0100515 0.022499999999999999
-0.0058069383723220354 0.0095278903075580717 0.02927605558865292
-0.0063358841949332587 0.009174401255076561 0.02936259784021868
-0.0061562226632495033 0.0092944672086911484 0.028585483243143049
-0.0070665096783545205 0.0081736180251567522 0.027134855266119501
-0.0072461712100382767 0.0080535520715421666 0.027911969863195128
-0.0073869698562308494 0.0094181060548702636 0.028549372022976447
-0.0053480073303716728 0.0098914444214178807 0.026290927157382016
-0.0065787545233530215 0.010015083267596994 0.026254815937215424
-0.0056684675082480027 0.01113593245113139 0.027705443914238969
-0.0060518851792245127 0.0093669828866779839 0.0207484503010224
-0.006581085226490784 0.0090133239384744771 0.020667903869036251
-0.0064024405934272194 0.009132710309201068 0.021466012758067969
-0.0052376778663986 0.0099651764673353675 0.025235880433251895
-0.0069561802143814477 0.0082473500710742408 0.02607980854198938
-0.0076329301732643582 0.0092539709403507506 0.021535198516149247
-0.0072423544517233986 0.0080535523966207001 0.022203102385185504
-0.007063709818659834 0.0081729387673472945 0.023001211274217215
-0.0050002528429994924 0.010136397810035674 0.022021026504120172
-0.0059200286118067215 0.010983157405562216 0.02127257620309778
-0.0053508082572021965 0.0099021252325587582 0.022738588961165748
-0.0072289288335164546 0.0085200986902092459 0.025053145230974884
-0.0074697303119980532 0.0082771111735019422 0.02936259784021868
-0.0052417499165043641 0.0099750077998662558 0.023803012722110703
-0.0069546514779620008 0.0082458213346547956 0.024065635035162174
-0.0086009096977326793 0.01059029072373973 0.025022708711961959
-0.0083281610785976741 0.010317542104604723 0.026049372022976452
-0.008916771248549454 0.010906152274556508 0.026214416146987683
-0.0088840372719794936 0.010930305989980498 0.022614764141575264
-0.0082925329339527364 0.010338801651953744 0.022838381212102271
-0.00763126370872012 0.01129857319380752 0.021303182695953021
-0.0082244345112911128 0.0098454752783775062 0.021311581445622244
-0.0074757981847996978 0.0082869961296969993 0.020667903869036251
-0.0079755800261826337 0.010006716224822049 0.028714416146987679
-0.0088725224934005816 0.010935723262477055 0.028714416146987679
-0.0051768414205629158 0.0099489776192023278 0.02831906951547284
-0.0066096587306148247 0.01203536850086585 0.025205443914238977
-0.008918136680204981 0.010907517706212032 0.023811581445622249
-0.006579631372495098 0.01206798811716521 0.0225757588990508
-0.0069870844216432526 0.010267635304343097 0.02503043651901293
-0.0083266323421782255 0.010316013368185276 0.024035198516149249
-0.0069529850134177618 0.010290423588111565 0.023833619214965948
-0.0065755593223893356 0.012058156784634316 0.024008626610191999
-0.0070620433541155967 0.010217541020804063 0.022769195454020997
-0.0070576387909155099 0.01170007114440697 0.028030466215288746
-0.0076641032832386212 0.012048520229060824 0.029015233107644367
-0.0064363193954577545 0.012869035572203483 0.029015233107644367
-0.0064363193954577545 0.012869035572203483 0.026515233107644368
-0.0059589454831428419 0.011716490404132546 0.026720677021883344
-0.0067671608160206715 0.011119513191405816 0.029015233107644367
-0.0077083520383874927 0.012018949241140275 0.026515233107644368
-0.0082660580010774712 0.0105872741778232 0.027729649254632054
-0.0076774478311256895 0.0099986640078714214 0.027564605130620826
-0.0057974409612845364 0.01106266179215434 0.0049994927509010457
-0.0056348275260756312 0.01117133467825256 0.0038343192029254049
-0.0070076288194375214 0.0084326359716144512 0.0037270820280715287
-0.0071878012933618901 0.011299301293361892 0.005007861187510166
-0.0071702422546464266 0.008323963085516228 0.0048922555760471699
-0.0057584677977785045 0.011088707156445041 0.0061520979708719788
-0.0071312690911403964 0.0083500084498069303 0.006044860796018103
-0.0071545448997834618 0.011266044899783462 0.015176832005437402
-0.007097282245622524 0.008317240209746158 0.014336213520917514
-0.0057577373458390629 0.011089195309962696 0.014044283153116092
-0.005855098787936555 0.011024129659674781 0.015181589236861378
-0.0071946436877200169 0.0082521745594582412 0.015473519604662801
-0.0052573594650746798 0.0098811106329262915 0.011659699754487459
-0.005374404279614978 0.0098028907872992361 0.010722384794555
-0.0073539832312139652 0.0083786765351702465 0.012118443565770475
-0.0067938231900702209 0.010197616393798202 0.011511793611594191
-0.0072369384166736652 0.0084568963807972984 0.013055758525702937
-0.0071840317396839872 0.0086090388918609144 0.0024349848513904185
-0.0073642042136083568 0.011475704213608356 0.0037157640108290558
-0.0071645665649159125 0.0081892598688721938 0.011182722248826065
-0.0066044065237721682 0.010008199727500148 0.010576072294649781
-0.0072972564668094576 0.011408756466809458 0.0062369269317733627
-0.0072407242645879614 0.008459463623254497 0.0072739265402812989
-0.0072942010708346048 0.011405701070834605 0.013896377010222824
-0.0077791221192356173 0.011182915322963597 0.010056257345733653
-0.0065959174114148898 0.0099997106151428674 0.0096992637305035653
-0.0067968785860450746 0.010200671789773054 0.0087372451707806997
-0.0056937565938437124 0.011131952988411201 0.016405271794213014
-0.0052580899170141214 0.0098806224794086364 0.0086524162098793149
-0.006878267699859786 0.0082049640944272719 0.017944407533210707
-0.0070396098939526277 0.0080971407656908502 0.016720724975859073
-0.0052917955752933643 0.009858097334679114 0.0096783133754704542
-0.007081957860594297 0.0082444664162520664 0.010138650829741518
-0.0063952042136083565 0.0091362042136083552 0.0011582148296470343
-0.0056348275260756312 0.01117133467825256 0.0012767700217433838
-0.0073642042136083568 0.011475704213608356 0.0011582148296470343
-0.0070734687482370186 0.008235977303894788 0.009261842265595302
-0.007576967197972114 0.011688467197972114 0.01628069169851927
-0.0072972564668094576 0.011408756466809458 0.0086830733703831091
-0.0072942010708346048 0.011405701070834605 0.011457621811196601
-0.0070397630899577774 0.0082585024486243122 0.0082359451000041627
-0.0069226200437706468 0.0081753238792026083 0.018981586557815684
-0.0075778415800319427 0.0091988823471183361 0.018981586557815684
-0.0062720870678595851 0.0092198242295134635 0.018962820975395027
-0.0081552976719879849 0.0097763384390743766 0.018838240879701283
-0.0069995111060160726 0.011111011106016071 0.016424037376633675
-0.0063933304740158708 0.012125871241102265 0.017442450818817991
-0.0056937565938437124 0.011131952988411201 0.018962820975395027
-0.0080386530250312841 -0.0033300007360496115 0.016692195493479972
-0.0051496530250312858 -0.0031820007360496118 0.016196981684020305
-0.0064699999999999992 -0.0037290000000000001 0.012889177177500277
-0.0072119999999999988 -0.0019384999999999999 0.013897675461893574
-0.0058916530250312862 -0.0013915007360496118 0.017205479968413602
-0.0087431992175861176 -0.0019384999999999999 0.0079243059676799531
-0.0069406530250312858 -0.0049730007360496119 0.016543476814241741
-0.0058916530250312862 -0.0013915007360496118 0.002358159956921652
-0.0051496530250312875 -0.0031820007360496118 0.0027408348330485209
-0.0084241530250312863 -0.0013915007360496118 0.0030358054214821377
-0.0080386530250312841 -0.0033300007360496115 0.0031898566325573455
-0.0072119999999999988 -0.0019384999999999999 0.0055480165894789988
-0.0087431992175861176 -0.0019384999999999999 0.011426644828602582
-0.0069406530250312858 -0.0049730007360496119 0.0031291798918883606
-0.0064700000000000001 -0.0037290000000000001 0.0059306914656058656
-0.0064699999999999992 -0.0037290000000000001 0.0093868383165776476
-0.0072119999999999988 -0.0019384999999999999 0.0079475603984600993
-0.0072119999999999988 -0.0019384999999999999 0.011449899259382728
-0.0058916530250312862 -0.0013915007360496118 0.022532578791652609
-0.0084241530250312863 -0.0013915007360496118 0.022485947372301352
-0.0058916530250312862 -0.0013915007360496118 0.027532578791652614
-0.0051496530250312858 -0.0031820007360496118 0.027522568552724187
-0.0080386530250312841 -0.0033300007360496115 0.022551829625984787
-0.0072119999999999988 -0.0019384999999999999 0.025084408417637399
-0.0069406530250312858 -0.0049730007360496119 0.022499999999999992
-0.0051496530250312858 -0.0031820007360496118 0.022522568552724186
-0.0064699999999999992 -0.0037290000000000001 0.025074398178708976
-0.0080386530250312841 -0.0033300007360496115 0.027551829625984792
-0.0069406530250312858 -0.0049730007360496119 0.032499999999999994
-0.0051496530250312858 -0.0031820007360496118 0.0325046471436699
-0.0084241530250312863 -0.0013915007360496118 0.032466113815766431
-0.0058916530250312862 -0.0013915007360496118 0.032517452999369277
-0.0058916530250312862 -0.0013915007360496118 0.037517452999369282
-0.0080386530250312841 -0.0033300007360496115 0.032556519156826294
-0.0072119999999999988 -0.0019384999999999999 0.035073972156195565
-0.0064699999999999992 -0.0037290000000000001 0.035061166300496188
-0.0080386530250312841 -0.0033300007360496115 0.037556519156826298
-0.0051496530250312858 -0.0031820007360496118 0.037504647143669897
-0.0072119999999999988 -0.0019384999999999999 0.046220395276571763
-0.0080386530250312841 -0.0033300007360496115 0.043425875300629482
-0.0058916530250312862 -0.0013915007360496118 0.042794519975942288
-0.0051496530250312875 -0.0031820007360496118 0.043803018251497773
-0.0064700000000000001 -0.0037290000000000001 0.047228893552127262
-0.0069406530250312858 -0.0049730007360496119 0.043456523167633446
-0.0084241530250312863 -0.0013915007360496118 0.043378289362082906
-0.0051496530250312858 -0.0031820007360496118 0.057259165131102963
-0.0058916530250312862 -0.0013915007360496118 0.057641840095956201
-0.0072119999999999988 -0.0019384999999999999 0.052184760520685027
-0.0072119999999999988 -0.0019384999999999999 0.048668171533060321
-0.0064700000000000001 -0.0037290000000000001 0.05074548253975196
-0.0080386530250312841 -0.0033300007360496115 0.056942464288254176
-0.0072119999999999988 -0.0019384999999999999 0.054584304384210365
-0.0064699999999999992 -0.0037290000000000001 0.054201629419357134
-0.0067691969278553324 0.0057472380847449749 0.01190820628452284
-0.0074578168440409681 0.0047168168440409677 0.011420364185552085
-0.0076376549001997565 0.0048966549001997579 0.010467658464615
-0.0069490349840141217 0.0059270761409037642 0.010955500563585758
-0.0075459938720173732 0.0048049938720173728 0.015114680315798981
-0.007161492690822455 0.0044204926908224564 0.016115985478837847
-0.0065909512815434668 0.0052742263296615965 0.017059486883209116
-0.0069754524627383841 0.0056587275108565139 0.016058181720170248
-0.0076738251400232304 0.0049328251400232318 0.0096103258594739446
-0.0069935553474271741 0.0059507516147366407 0.0093229965552266408
-0.007102913497756682 0.0057871127795896607 0.0083164425310701309
-0.0068909870557088476 0.005564996572847594 0.012954694574671575
-0.0059705673217611372 0.0040389127785407132 0.018860854346061461
-0.0081680746309386824 0.003495420087718258 0.017255131132776387
-0.0075975332216596941 0.004349153726557399 0.018198632537147656
-0.0064700000000000001 0.0037290000000000001 0.0099394611537729945
-0.0074541447098889491 0.0047131447098889495 0.0086601093123200232
-0.0068832330676223998 0.0055674323494553785 0.0073662259839162095
-0.0081722875753195701 0.0027927876395664286 0.0084304459109116464
-0.0087431992175861176 0.0019384999999999999 0.0097243292393154584
-0.0068383439274750692 0.002774644709888949 0.0084046787432497817
-0.006547101221119303 0.0046154466778988781 0.019011142850368357
-0.0071674851809016317 0.0058507602290197597 0.017209775387516009
-0.0053071447098889495 0.002774644709888949 0.0084279331740299262
-0.0053071447098889495 0.002774644709888949 0.0060283893650488248
-0.0072119999999999988 0.0019384999999999999 0.014460611101189983
-0.0050144926908224563 0.0024819926908224558 0.016066334314475059
-0.0060210746309386828 0.0015569200877182585 0.017205479968413602
-0.0071413279877494485 0.0058899007284268969 0.019011142850368357
-0.0074715498685752734 0.0041785895211654839 0.0014249597037795936
-0.0080386530250312841 0.0033300007360496115 0.0027683400982618143
-0.0058916530250312862 0.0013915007360496116 0.002358159956921652
-0.0052385845859161005 0.0027060845859161005 0.0035154434270709446
-0.0060652376109473884 0.0040975853219657118 0.001157283470149293
-0.0050144926908224563 0.0024819926908224558 0.018860854346061461
-0.0087431992175861176 0.0019384999999999999 0.0075027894333844223
-0.0068184814294600885 0.005493173371031973 0.0025822431739288866
-0.0087431992175861176 0.0019384999999999999 0.011989580467898995
-0.0069791640836852501 0.0056531736008239991 0.014383759476334936
-0.0053108168440409685 0.0027783168440409681 0.013635964249772837
-0.0072119999999999988 0.0019384999999999999 0.0051265000551834654
-0.0069228131596977289 0.0057782728675571521 0.0049684079537400585
-0.0067460688036360397 0.005601528511495462 0.0036784253618182151
-0.007385584585916101 0.0046445845859161006 0.0039256235684111077
-0.0075623289419777884 0.0048213289419777898 0.0052156061603329511
-0.0068420160616270882 0.0027783168440409681 0.011164933616481843
-0.008176369429253998 0.002786679728806626 0.011258659628434952
-0.0069852052238375956 0.0059632463807272381 0.0100981679584447
-0.0058541992175861202 0.0017905 0.009684030584702753
-0.00699141729971124 0.0056756165815442187 0.0061432626378601727
-0.0054153289419777897 0.0028828289419777896 0.004805426018992788
-0.0053989938720173727 0.0028664938720173727 0.015065029151436194
-0.0066410883577334495 0.0027927876395664286 0.0060541565327106878
-0.0066451702116678783 0.002786679728806626 0.013729690261725942
-0.0076693933340688109 0.0049283933340688105 0.050259211996087301
-0.0070983678226450506 0.0057828513625471679 0.051633320893480633
-0.0069819066596279577 0.0059571188405408686 0.050640748050589261
-0.0076365600336797948 0.0048955600336797935 0.049405070642103352
-0.0074561159958625106 0.004715115995862512 0.048452659366457831
-0.0067857081350820112 0.0057182854997444455 0.048044134577813584
-0.0069661521728992919 0.005898729537561727 0.048996545853459098
-0.0069332009008554827 0.0054975836653493515 0.046925753938432624
-0.0060652662360243508 0.0040976139470426769 0.05884010486564973
-0.0074715957670649005 0.0041785208406386548 0.058559145239181744
-0.0068185559530266806 0.0054931333155821081 0.057399250104831483
-0.0052386132109930646 0.0027061132109930646 0.056481944961605926
-0.0066449427420336151 0.002787020104589043 0.056200985335137933
-0.0058916530250312862 0.0013915007360496116 0.057641840095956194
-0.006995552209765654 0.0056701295723210815 0.056105353803450449
-0.0069233231779001151 0.0057782099906772567 0.055003397022929099
-0.0075626094677320385 0.0048216094677320381 0.054725671345638653
-0.0068845218272364332 0.0055690053671385515 0.052583934935385802
-0.0074555473386601935 0.0047145473386601931 0.053495206862258955
-0.0072119999999999988 0.0019384999999999999 0.052421759013800799
-0.0053085473386601939 0.002776047338660193 0.051558040313319842
-0.0055223933340688112 0.0029898933340688104 0.050607426271414666
-0.0072119999999999988 0.0019384999999999999 0.054821302877326152
-0.0072119999999999988 0.0019384999999999999 0.050136378189534328
-0.0069595878321549913 0.0055239705966488601 0.045766959688915622
-0.0074561159958625106 0.004715115995862512 0.046252702421820016
-0.007482502927162021 0.0047415029271620206 0.045093908172303021
-0.0059183194973904778 0.0038506194973904782 0.041358451706339283
-0.0050814600414114414 0.002548960041411441 0.041358451706339283
-0.0072119999999999988 0.0019384999999999999 0.047688601933045777
-0.0053091159958625119 0.0027766159958625119 0.046353097385296631
-0.0053091159958625119 0.0027766159958625119 0.048800873641785189
-0.0064699999999999992 0.0037290000000000001 0.054525427050482175
-0.0075063179459866876 0.0040519952491643082 0.041656535497784246
-0.0069162557699028364 0.0055296330730804557 0.041656535497784246
-0.0066859185314190935 0.0052992958345967119 0.043014987204123528
-0.0059018594559790364 0.0013016594559790372 0.042794519975942288
-0.0050814600414114414 0.002548960041411441 0.044152971682281571
-0.0072119999999999988 0.0019384999999999999 0.045488644988407954
-0.0064700000000000001 0.0037290000000000001 0.04541705774508193
-0.0069399614171696735 0.0055533387203472919 0.044056318657621607
-0.0059029427420336155 0.004577520104589043 0.055905109508293971
-0.0054895600336797934 0.0029570600336797934 0.049753284917430703
-0.0069989854732883088 0.005931562837950744 0.049850687207443053
-0.0069915839563082791 0.0056760674962103956 0.053814399418765514
-0.0072119999999999988 0.0019384999999999999 0.057641840095956194
-0.0079775454149033365 0.0037967226361817776 0.043716241424665007
-0.0086682727074516696 0.0038368613180908887 0.044552245724798177
-0.0086682727074516696 0.0038368613180908887 0.041858120712332511
-0.0090537727074516666 0.0018983613180908888 0.041858120712332511
-0.0073581321634307037 0.0032000207740699258 0.041858120712332511
-0.0065212727074516683 0.0018983613180908888 0.044652640688274792
-0.0081257311974593203 0.0046486971112761604 0.043514656210116763
-0.0057792727074516687 0.003688861318090889 0.044581053444948768
-0.0065377327488631096 0.0044473213595023296 0.043216572418671786
-0.0074555473386601935 0.0047145473386601931 0.051209826037992477
-0.0067917756346136896 0.0047013642452529095 0.044257903872169858
-0.0067983047131840845 0.0050978473611449499 0.022094891009638847
-0.0073418476646251772 0.0056413903125860417 0.021631167442860894
-0.0073126533424266943 0.0056121959903875588 0.022422682383672649
-0.0066021756739951306 0.0053976726762962274 0.027212833467758636
-0.0068011202012277401 0.0050999806378233857 0.02796650161014607
-0.0072176713721077181 0.0044766713721077194 0.027102196122470629
-0.005068129166836413 0.0025356291668364125 0.023761501647915524
-0.0052828730235135084 0.0027503730235135088 0.025062883973614905
-0.0074298730235135089 0.0046888730235135085 0.024188226347672436
-0.0072119999999999988 0.0019384999999999999 0.024190499957362749
-0.0072151291668364126 0.0044741291668364122 0.022886844021973048
-0.0050706713721077193 0.0025381713721077189 0.02634354128126886
-0.0060242037977750965 0.0040925492545546716 0.021228922856262919
-0.0065677467492161884 0.0046360922059957626 0.020765199289484958
-0.0077512501772863552 0.0041191382820267956 0.020865968153375936
-0.00602744811947095 0.0040976586239599858 0.028810962489616253
-0.0065840987441545956 0.0046543092486436314 0.029264617253078964
-0.0073577708259113857 0.0056566312625070314 0.028420156373608781
-0.0077522255764832524 0.0041212965175679338 0.029155539120529816
-0.0081687767473632312 0.0034979872518522662 0.028291233632854376
-0.0081680746309386824 0.003495420087718258 0.021657921165710137
-0.0060210746309386828 0.0015569200877182585 0.022532578791652609
-0.0060217767473632316 0.0015594872518522667 0.027532578791652607
-0.0072119999999999988 0.0019384999999999999 0.025823812424506987
-0.0071068903815181741 0.0059023873838192709 0.026904975319795982
-0.0071414982135796345 0.0058506017116180149 0.026019603307182049
-0.0071485899300278936 0.005857693428066274 0.024073213195825161
-0.0071031038253750716 0.0059257568797462254 0.023177592686417087
-0.006848985157462381 0.0055580886555007605 0.025046804147490737
-0.0071731407477677372 0.0059329037747019456 0.029264617253078964
-0.0050706713721077193 0.0025381713721077189 0.028810962489616253
-0.0085535746309386828 0.0015569200877182585 0.022485947372301352
-0.0071619735158463356 0.0059105462565237805 0.020765199289484958
-0.0071588262986787762 0.0059543233009798722 0.027666488231221344
-0.0077294777960790206 0.004988477796079022 0.02321463539600685
-0.006636783506056591 0.0053458870040949714 0.026327461455144696
-0.0072176713721077181 0.0044766713721077194 0.025468883655326388
-0.0074283015543051469 0.0046873015543051474 0.034108046518613322
-0.0068474422972212836 0.0055564743770636048 0.034929197768831403
-0.0074721279291995232 0.0041031557205498392 0.039200872232983033
-0.0071737896580756529 0.0058725174494259685 0.038439007025152981
-0.0066402073294382618 0.0053389351207885774 0.037984333052886496
-0.0059067983121968131 0.0038390983121968135 0.03878346081990347
-0.0071063439214194123 0.004365343921419412 0.032918588459741466
-0.0049593439214194119 0.0024268439214194118 0.033805873463739533
-0.0072119999999999988 0.0019384999999999999 0.034147620994740488
-0.0052813015543051473 0.0027488015543051477 0.034995331522611389
-0.0072169388562177764 0.004475938856217776 0.037048109341135269
-0.0072119999999999988 0.0019384999999999999 0.03578210152060108
-0.0050699388562177768 0.0025374388562177763 0.036300913819272737
-0.006546220699445101 0.0054795726736836282 0.037129151033107793
-0.0081687767473632312 0.0034979872518522662 0.031630167995371217
-0.0059161206687826434 0.0039863311732716792 0.031288420464370248
-0.0060217767473632316 0.0015594872518522667 0.032517452999369277
-0.0050699388562177768 0.0025374388562177763 0.03878346081990347
-0.0070511951233175676 0.0053540383452629391 0.030828755171000307
-0.0072759297097034431 0.0055787729316488163 0.032272492677171694
-0.008048859455979036 0.0032401594559790369 0.038264648521231806
-0.0059018594559790364 0.0013016594559790372 0.037517452999369282
-0.0070752047192619407 0.0060085566935004688 0.036800224690435285
-0.0071650636189507528 0.0058740956987930748 0.03590585372282025
-0.006882065753115672 0.0055807935444659876 0.039200872232983033
-0.0070674125484379994 0.0058907890481871821 0.032997373671269009
-0.0071132170625050313 0.0058222491423473525 0.033895056751760674
-0.0085542767473632299 0.0015594872518522667 0.032466113815766431
-0.0077506301374777806 0.0041236838639121878 0.030828755171000307
-0.0066360795991339122 0.0053451116789762334 0.036234780065492758
-0.0076940763195888946 0.0049530763195888942 0.0330739055015426
-0.0070798030280824912 0.0060131550023210176 0.037583825005374272
-0.0065038530669521257 0.0045740635714411615 0.031443737506171382
-0.0072169388562177764 0.004475938856217776 0.035413628815274684
-0.0037290000000000001 -0.0064699999999999992 0.012771106303459468
-0.0031820007360496114 -0.0051496530250312875 0.016196981684020305
-0.0033300007360496115 -0.0080386530250312841 0.016574124619439162
-0.0019384999999999999 -0.0072119999999999988 0.01375933325790688
-0.0013915007360496116 -0.0058916530250312862 0.017185208638467717
-0.0049730007360496119 -0.0069406530250312876 0.016543476814241741
-0.0013915007360496116 -0.0084241530250312863 0.016619937903209203
-0.0031820007360496118 -0.0051496530250312875 0.0027408348330485209
-0.0013915007360496118 -0.0058916530250312862 0.002352118040038821
-0.0019384999999999999 -0.0072119999999999988 0.0078023835703946547
-0.0019384999999999999 -0.0072119999999999988 0.011318972497051875
-0.0037290000000000001 -0.0064699999999999992 0.009254517376802246
-0.0033300007360496115 -0.0080386530250312841 0.0030575356927819417
-0.0019384999999999999 -0.0072119999999999988 0.0054096537328207628
-0.0037290000000000001 -0.0064700000000000001 0.0057983705258304631
-0.0013915007360496116 -0.0084241530250312863 0.022485947371032291
-0.0013915007360496116 -0.0058916530250312862 0.022532578791652609
-0.0013915007360496114 -0.0058916530250312862 0.027532578791652607
-0.0013915007360496114 -0.0084241530250312863 0.027485947371032288
-0.0049730007360496119 -0.0069406530250312858 0.027499999999999997
-0.0031820007360496114 -0.0051496530250312858 0.027522568552724183
-0.0019384999999999999 -0.0072119999999999988 0.024974362991964937
-0.0033300007360496115 -0.0080386530250312841 0.02744178420031233
-0.0037290000000000001 -0.0064699999999999992 0.02496435275303651
-0.0033300007360496115 -0.0080386530250312841 0.022441784200312329
-0.0031820007360496114 -0.0051496530250312875 0.022522568552724186
-0.0049730007360496119 -0.0069406530250312876 0.022499999999999992
-0.0031820007360496114 -0.0051496530250312858 0.032504647143669893
-0.0049730007360496119 -0.0069406530250312858 0.032499999999999994
-0.0013915007360496114 -0.0058916530250312862 0.032517452999369277
-0.0013915007360496114 -0.0084241530250312863 0.032466113812512798
-0.0013915007360496116 -0.0058916530250312862 0.037517452999369282
-0.0013915007360496116 -0.0084241530250312863 0.037466113812512802
-0.0033300007360496115 -0.0080386530250312841 0.037446742453619078
-0.0019384999999999999 -0.0072119999999999988 0.034964195452988359
-0.0031820007360496114 -0.0051496530250312875 0.037504647143669897
-0.0049730007360496119 -0.0069406530250312876 0.037499999999999992
-0.0037290000000000001 -0.0064699999999999992 0.034951389597288975
-0.0033300007360496115 -0.0080386530250312841 0.032446742453619073
-0.0019384999999999999 -0.0087446213589052347 0.052065921130481752
-0.0033300007360496115 -0.0080386530250312841 0.043307804527248542
-0.0019384999999999999 -0.0072119999999999988 0.046122595844914224
-0.0013915007360496116 -0.0058916530250312862 0.04281479131766569
-0.0031820007360496118 -0.0051496530250312875 0.043803018251497773
-0.0037290000000000001 -0.0064700000000000001 0.047110822778746321
-0.0049730007360496119 -0.0069406530250312876 0.043456523167633446
-0.0013915007360496114 -0.0058916530250312862 0.057647882016349343
-0.0031820007360496114 -0.0051496530250312858 0.057259165131102963
-0.0013915007360496114 -0.0084241530250312863 0.056951048358210563
-0.0019384999999999999 -0.0087446213589052347 0.048563582314678014
-0.0033300007360496115 -0.0080386530250312841 0.056810143343052281
-0.0019384999999999999 -0.0072119999999999988 0.054458025359401613
-0.0049730007360496119 -0.0069406530250312858 0.056870820090934096
-0.0037290000000000001 -0.0064699999999999992 0.054069308474155232
-0.0037290000000000001 -0.0064700000000000001 0.050613161594550059
-0.0019384999999999999 -0.0072119999999999988 0.052065295471826215
-0.0019384999999999999 -0.0072119999999999988 0.048562956656022477
-0.0061923647711617054 0.0069997456326655961 0.028627215093297641
-0.005663418948550482 0.0073532346851471059 0.028540672841731882
-0.0059330576741973701 0.0071730378983179644 0.029264617253078964
-0.0059607673223173487 0.0070678756691195804 0.027088587584796653
-0.0060127032394779508 0.0071198115862801817 0.027850100496222007
-0.0054560526147943052 0.0065631609615965369 0.027396445732759296
-0.0046888730235135085 0.0074298730235135089 0.025849374697435128
-0.0055579248022270232 0.0068490946589198154 0.02506074170097522
-0.0051067683238668381 0.006796584060463462 0.028087018078269167
-0.0059097810560320777 0.00716248489146404 0.020765199289484958
-0.0061744268707524174 0.0069856248156497172 0.021433103158521209
-0.0056452268234861453 0.0073392837638532257 0.021513649590507361
-0.005452239286247761 0.0065614682349352197 0.022694935614330884
-0.0051016838720450543 0.0067957408124121339 0.021977373157285311
-0.0059957822376888528 0.0071050111863763116 0.022231212047552927
-0.004474129166836413 0.0072151291668364108 0.022942633460261489
-0.0059665879154903699 0.0070758168641778287 0.023022726988364689
-0.005668254266200096 0.006775362613002326 0.026115788425105341
-0.0027503730235135088 0.0052828730235135084 0.025060373405111476
-0.0019384999999999999 0.0072119999999999988 0.024243778827147754
-0.0025356291668364129 0.0050681291668364121 0.023758991079412092
-0.0044766713721077194 0.0072176713721077181 0.027130032005089087
-0.0041228472595116151 0.0077487715057840221 0.0207484503010224
-0.0040924217211393867 0.0060242890270447132 0.021228922856262919
-0.0034952925543029734 0.0081681598602083016 0.021713710603998567
-0.0019384999999999999 0.0072119999999999988 0.025849137738622012
-0.0025381713721077189 0.0050706713721077193 0.026341030712765431
-0.0046359646725804794 0.0065678319784858051 0.020765199289484958
-0.0015567925543029735 0.0060211598602083003 0.02253006822314918
-0.0040976842738758897 0.0060274309778959884 0.028810962489616253
-0.0046543348985595354 0.0065840816025796332 0.029264617253078967
-0.0041281098535272892 0.007747672294144011 0.02927605558865292
-0.0034980129017681705 0.0081687596057882696 0.02831906951547284
-0.0015595129017681704 0.00602175960578827 0.027530068223149178
-0.005857529574792535 0.007148699431485328 0.02408715074930964
-0.0015567925543029735 0.0085536598602083003 0.022516042955264156
-0.0025381713721077189 0.0050706713721077193 0.028810962489616253
-0.005343180945549926 0.0066343508022427191 0.023759359375275839
-0.004474129166836413 0.0072151291668364108 0.024547992371735751
-0.0046873015543051474 0.0074283015543051469 0.034158809040925435
-0.0055562747465313523 0.0068475757082525762 0.034941264996043719
-0.0059874589119890721 0.0070969754609397501 0.037764756748558587
-0.0054538765833516819 0.0065633931323023607 0.037310082776292101
-0.005103172352817726 0.0067977651622027164 0.038032825662446951
-0.0056367546814551171 0.0073313474908401058 0.038487499634713443
-0.004475938856217776 0.0072169388562177764 0.037069750182097086
-0.0061659860637173838 0.0069776676017810849 0.038566897309610451
-0.0059006743554323952 0.0071549726874152418 0.039238134792169942
-0.0059828606031685216 0.0070923771521192005 0.0369811564336196
-0.0061121159504997436 0.006919502056204771 0.032077567576455815
-0.0059324444645275963 0.0070395746621678993 0.032850605607260192
-0.0055831706517984366 0.0072729907585626754 0.032165362914160257
-0.0025374388562177763 0.0050699388562177768 0.036290601790511363
-0.0019384999999999999 0.0072119999999999988 0.035793430332801517
-0.0027488015543051477 0.0052813015543051473 0.034985019493850002
-0.0058873813641138681 0.0066947674698188955 0.030633830070284425
-0.0053584360654125602 0.007048256172176799 0.030721625407988871
-0.0049530763195888942 0.0076940763195888946 0.033124668023854713
-0.004365343921419412 0.0071063439214194123 0.032969350982053579
-0.0040937639312965124 0.0060258969866269852 0.03878346081990347
-0.0034948250750787362 0.0081679581304092089 0.038286289362193617
-0.0041220585716786849 0.007748784436394149 0.039249364842543488
-0.0019384999999999999 0.0072119999999999988 0.03418807148829122
-0.0024268439214194118 0.0049593439214194119 0.033795561434978146
-0.0046273462599339035 0.0065594793152643771 0.039238134792169942
-0.0015563250750787357 0.0060209581304092093 0.037507140970607887
-0.0049954382536289534 0.0066852583603931931 0.032010045872359123
-0.0039863568231875823 0.005916103527207681 0.031288420464370255
-0.0041281072339777129 0.0077476740447620512 0.030721625407988878
-0.0034980129017681705 0.0081687596057882696 0.03168093051768333
-0.0015595129017681704 0.00602175960578827 0.032507140970607896
-0.0058738960682608223 0.0071651970299820445 0.035917920950032566
-0.0025374388562177763 0.0050699388562177768 0.03878346081990347
-0.0015595129017681704 0.0085542596057882701 0.032483957049290225
-0.0058220495118151 0.0071133504735363231 0.033907123978972997
-0.0053449120484439817 0.0066362130101652057 0.036246847292705081
-0.004475938856217776 0.0072169388562177764 0.03546439133758679
-0.0058428283562575048 0.0070053369119152734 0.010098224515703249
-0.0058789985960809787 0.0070415071517387481 0.0092408919105621927
-0.0049328251400232318 0.0076738251400232304 0.0088288072067998526
-0.0048966549001997579 0.0076376549001997565 0.0096861398119409102
-0.0059254370605791203 0.0069501303645353998 0.011142295934787794
-0.0048966549001997579 0.0076376549001997565 0.011406117924303865
-0.0037290000000000001 0.0064700000000000001 0.0091579425010989042
-0.0037290000000000001 0.0064700000000000001 0.01087792061346186
-0.0047168168440409677 0.0074578168440409681 0.012358823645240947
-0.0056101564680534205 0.0070351636202303485 0.00372403608381452
-0.0048213289419777898 0.0075623289419777884 0.0048076208418738799
-0.0057727699032623248 0.0069264907341321288 0.0048892096317901604
-0.005628554189880031 0.0068485121540036633 0.013032316615657336
-0.0047168168440409677 0.0074578168440409681 0.01418267576006026
-0.0047131447098889495 0.0074541447098889491 0.0078785906596459294
-0.0052682492846661691 0.0065949456792336551 0.017823675321456484
-0.0044204926908224564 0.007161492690822455 0.016613045824762487
-0.0034952925543029734 0.0081681598602083016 0.017752191478701024
-0.0040387852451254291 0.0059706525510307557 0.018860854346061461
-0.0043430491481466884 0.0076016128486195008 0.018962820975395027
-0.0028828289419777901 0.0054153289419777897 0.004814990708057517
-0.0027060845859161013 0.0052385845859161005 0.0035250081161356736
-0.0056256125076674553 0.0068443518663339892 0.0072647781978171328
-0.0047131447098889495 0.0074541447098889491 0.0060305841879299167
-0.0027746447098889494 0.0053071447098889495 0.0084429999568117493
-0.0027746447098889494 0.0053071447098889495 0.0060379540541135538
-0.0019384999999999999 0.0072119999999999988 0.0065760858975051377
-0.0019384999999999999 0.0072119999999999988 0.008981131800203334
-0.0019384999999999999 0.0072119999999999988 0.014950239227443802
-0.0024819926908224558 0.0050144926908224563 0.016058902094804237
-0.0015567925543029735 0.0060211598602083003 0.017198047748742777
-0.0013915007360496118 0.0058916530250312862 0.002367724645986381
-0.0040975853219657136 0.0060652376109473867 0.001157283470149293
-0.0058447831840243332 0.0071714795785918191 0.01797396382576338
-0.0037290000000000001 0.0064699999999999992 0.015029258664606871
-0.0048049938720173728 0.0075459938720173732 0.015611740661723619
-0.0024819926908224558 0.0050144926908224563 0.018860854346061461
-0.0019384999999999999 0.0072119999999999988 0.0047280794257891241
-0.0058891355279351932 0.0071418393633671563 0.019011142850368357
-0.0033300007360496115 0.0080386530250312841 0.0023603547798027435
-0.0060061253781171749 0.0070636562498553983 0.016750281268411743
-0.0058140926599539282 0.0068716235316921524 0.015598687601065982
-0.0054334121119917322 0.0068584192641686602 0.0024340534918926766
-0.0041188282621252431 0.0075114877032838468 0.0012767700217433838
-0.0019384999999999999 0.0072119999999999988 0.010701109912566288
-0.0027783168440409681 0.0053108168440409685 0.013628532030102012
-0.0019384999999999999 0.0072119999999999988 0.013126387112624488
-0.0058452929378017375 0.0070640322964682723 0.0082149947449710534
-0.0056645856711734846 0.0068183065020432886 0.006112172977846198
-0.0057259156319775231 0.0067834465037157465 0.014169622699402622
-0.00542959147875901 0.0064871223504972333 0.01659999276410485
-0.0058083922460388203 0.0070283502101624535 0.012079610894720254
-0.0046445845859161006 0.0073855845859160992 0.0035176382499520365
-0.0053126016285770291 0.0065653054640089923 0.018860854346061461
-0.0058805614919983295 0.0070330691481852959 0.050730260077967645
-0.0049283933340688105 0.00766939333406881 0.051156769692028085
-0.0048955600336797935 0.0076365600336797939 0.050302628338044122
-0.0058477281916093134 0.007000235847796279 0.049876118723983683
-0.0048955600336797935 0.0076365600336797939 0.048582649944576561
-0.005928103800717453 0.0069465216549778139 0.048839229635915089
-0.0037290000000000001 0.0064699999999999992 0.050842058365443921
-0.004715115995862512 0.0074561159958625106 0.047630238668931048
-0.0037290000000000001 0.0064699999999999992 0.04912207997197636
-0.0057725960406967633 0.0069270749229266397 0.05509741626773576
-0.0056095548881568303 0.0070360336481176591 0.056266004980545778
-0.004821609467732039 0.0075626094677320385 0.05518585503253759
-0.0053348280917167191 0.006662172689472794 0.042396397502535557
-0.0041052851164901771 0.0060374181718206507 0.041358451706339283
-0.0043421931253840125 0.0076016707784705619 0.041037945796196282
-0.0034948250750787362 0.0081679581304092089 0.042247808825492401
-0.0044874600414114415 0.0072284600414114419 0.04360626053183167
-0.0047145473386601931 0.0074555473386601918 0.052107383733933262
-0.0019384999999999999 0.0072119999999999988 0.045049761053225792
-0.0015563250750787357 0.0060209581304092093 0.042801952227733406
-0.0025489600414114414 0.0050814600414114414 0.044160403934072681
-0.0027061132109930646 0.0052386132109930646 0.056472380250096571
-0.0028831094677320389 0.0054156094677320389 0.055178483948715537
-0.004715115995862512 0.0074561159958625106 0.045806386234846737
-0.0056396666731212929 0.006838248288236131 0.046961593548239366
-0.0047145473386601931 0.0074555473386601918 0.053955390549157878
-0.0056263530981635716 0.0068461969284747326 0.052710634656920656
-0.0025489600414114414 0.0050814600414114414 0.041358451706339283
-0.0019384999999999999 0.0072119999999999988 0.051018869075786191
-0.002776047338660193 0.005308547338660193 0.051542973503630921
-0.002776047338660193 0.005308547338660193 0.053948019465335839
-0.0019384999999999999 0.0072119999999999988 0.05342391503749111
-0.0013915007360496118 0.0058916530250312862 0.057632275384446846
-0.0040976139470426769 0.0060652662360243508 0.058840104865649737
-0.0019384999999999999 0.0072119999999999988 0.055271921852715726
-0.0015563250750787357 0.0085534581304092111 0.042603207606703115
-0.0027766159958625123 0.0053091159958625119 0.046360529637087762
-0.0019384999999999999 0.0072119999999999988 0.046873613487310097
-0.0054325586314178569 0.0068590373913786874 0.057559901281926805
-0.0041179461564744037 0.0075120772054169073 0.058719796416277073
-0.0055651653302004637 0.0068925099279565378 0.041037945796196282
-0.0033300007360496115 0.0080386530250312841 0.057639646468268885
-0.0019384999999999999 0.0072119999999999988 0.04929889068231863
-0.005840199093572189 0.0070600429238833499 0.051760020615015487
-0.0057530866726748326 0.0068064719152490152 0.044661666636929082
-0.0056655339116249183 0.0068200127938547938 0.053866951784356049
-0.005726699741375324 0.0067800849839495057 0.045820460886446077
-0.0047415029271620215 0.007482502927162021 0.044647591985329742
-0.0055888709774672991 0.006916215575223374 0.043437728956033615
-0.0037290000000000001 0.0064700000000000001 0.044970741558108651
-0.0058201107109385744 0.0070186923260534126 0.047914004823884873
-0.0046446132109930647 0.0073856132109930642 0.056479751333918617
-0.0029074999999999999 -0.012083999999999999 0.0024999999999999931
-0.0029074999999999999 -0.012083999999999999 0.017499999999999995
-0.0029074999999999999 -0.012083999999999999 0.0081484492630493049
-0.0029074999999999999 -0.012083999999999999 0.0056484492630493053
-0.0029074999999999999 -0.012083999999999999 0.014119937903209199
-0.0029074999999999999 -0.012083999999999999 0.0116199379032092
-0.0029074999999999999 -0.012083999999999999 0.0275
-0.0029074999999999999 -0.012083999999999999 0.024985947371032293
-0.0029074999999999999 -0.012083999999999999 0.022485947371032291
-0.0029074999999999999 -0.012083999999999999 0.0349661138125128
-0.0029074999999999999 -0.012083999999999999 0.037500000000000006
-0.0029074999999999999 -0.012083999999999999 0.032466113812512798
-0.0029074999999999999 -0.012083999999999999 0.057500000000000002
-0.0029074999999999999 -0.012083999999999999 0.05445104835821056
-0.0029074999999999999 -0.012083999999999999 0.042500000000000003
-0.0019384999999999999 -0.012277 0.04580780452724853
-0.0023590777045070905 -0.01075991954560819 0.048610664454758659
-0.0023590777045070905 -0.01329241954560819 0.050040920689696192
-0.0023590777045070905 -0.01329241954560819 0.047540920689696183
-0.0023590777045070905 -0.01075991954560819 0.051991969047906761
-0.0023590777045070905 -0.01329241954560819 0.052540920689696194
-0.0024341981358485432 0.010941286159770552 0.038727423795094376
-0.0024341981358485432 0.013473786159770552 0.036227423795094367
-0.0024341981358485432 0.010941286159770552 0.036211380844384605
-0.0024301260864490726 0.010931454828944896 0.03477851313685576
-0.0024301260864490726 0.013463954828944896 0.034794556087565542
-0.0024301260864490726 0.013463954828944896 0.03229455608756554
-0.0019384999999999999 0.012277 0.031680930517683323
-0.0019384999999999999 0.012277 0.057639646468268885
-0.0019384999999999999 0.012277 0.055139646468268889
-0.0019384999999999999 0.012277 0.044747808825492397
-0.0019384999999999999 0.012277 0.053291639653044273
-0.0019384999999999999 0.012277 0.04907166125957671
-0.0024071221005649911 0.013408415277886268 0.049942133227103919
-0.0019384999999999999 0.012277 0.046571661259576715
-0.0019384999999999999 0.012277 0.050791639653044271
-0.0019384999999999999 0.012277 0.015252191478701032
-0.0024071221192356169 0.010875915322963597 0.011464495069889868
-0.0029074999999999999 0.012083999999999999 0.013849078468518501
-0.0024071221192356169 0.013408415322963597 0.010057867420189364
-0.0019384999999999999 0.012277 0.0092083612515187624
-0.0029074999999999999 0.012083999999999999 0.0056726635238706514
-0.0029074999999999999 0.012083999999999999 0.0031151143426886305
-0.0024341981377908506 0.010941286164459952 0.02127257620309778
-0.0024341981377908506 0.013473786164459952 0.023772576203097775
-0.0024341981377908506 0.013473786164459952 0.02127257620309778
-0.0024341981377908506 0.010941286164459952 0.023788619158361928
-0.0024301260876850865 0.013463954831929061 0.025205443914238974
-0.0024301260876850865 0.010931454831929061 0.025221486869503127
-0.0024301260876850865 0.013463954831929061 0.027705443914238969
-0.0019384999999999999 0.012277 0.02831906951547284
0.0025325 0.0025325 0.0095329989242394202
0.0017904999999999998 0.00074200000000000015 0.0097223517990074546
0.003581 2.1684043449710089E-19 0.011146715878813522
-0.003581 0 0.0053948705799518526
0.0035809999999999995 0 0.0053959681840108796
-0.003581 2.1684043449710089E-19 0.011146562933600447
0 -0.0025325 0.002352118040038821
0.0017904999999999998 -0.0017904999999999998 0.0026540357465124238
0.0025325 0 0.0023616827288135481
-0.0017905 0.0017905 0.0026540357469033321
-0.0025325 0 0.002358159956921652
0 0.0025325 0.002367724645986381
0.0017905000000000002 -0.0017905000000000002 0.017277067186309565
-0.0017904999999999996 0.0017904999999999996 0.017277067185905846
0.0025325 -2.1684043449710089E-19 0.017178222689993892
-0.0017905 -0.0017905 0.0027408348330485209
2.1684043449710089E-19 -0.0025325 0.017185208638467717
-0.0025325 -2.1684043449710089E-19 0.017205479968413602
2.1684043449710089E-19 0.0025325 0.017198047748742777
-0.0025325 -0.0025325 0.0095025516435154646
-0.0017905 0.00074200000000000004 0.0075136053817330978
0 0 0.0095176184262972877
0.0017904999999999998 -0.00074200000000000015 0.0074867803151111665
-2.1684043449710089E-19 -2.1684043449710089E-19 0.0054827672705469767
-0.0017905 -0.00074200000000000004 0.0096944291271928579
0.0035809999999999995 0 0.0076915136878213325
-0.0017904999999999998 -0.00074200000000000015 0.014462275824373564
0 0 0.014383256387210492
0.0017905 -0.00074200000000000004 0.01338234326695836
0.0017905000000000002 0.0017904999999999998 0.016197134628490643
-0.003581 0 0.0076904160826286672
0.0017904999999999998 0.0017904999999999998 0.0027419324374984557
0.003581 0 0.013474201814800208
-0.0017905 -0.00074200000000000004 0.012134789888047864
0.0017904999999999998 -0.00074200000000000015 0.0050940504775372772
-0.0017905 0.00074200000000000004 0.0051085594790349015
0 0 0.011957979187152292
-0.0025325 -0.0025325 0.014390688606881316
2.1684043449710089E-19 -2.1684043449710089E-19 0.025000000000000001
0 -0.0025325 0.027532578791652607
2.1684043449710089E-19 -0.0025325 0.022532578791652609
0.0017905 -0.0017905 0.022538963628588881
0.0017904999999999998 -0.0017904999999999998 0.027538963628588875
-0.0017904999999999998 0.0017904999999999998 0.027538963628588875
-0.0025325 0 0.027532578791652607
-0.0025325 -2.1684043449710089E-19 0.022532578791652609
-0.0017904999999999996 0.0017904999999999996 0.022538963628588881
0.0025325 -2.1684043449710089E-19 0.02253006822405236
0.0025325 0 0.027530068224052361
2.1684043449710089E-19 0.0025325 0.02253006822314918
0 0.0025325 0.027530068223149178
-0.0017904999999999998 -0.0017904999999999998 0.027522568552724183
-0.0017904999999999996 -0.0017905 0.022522568552724186
0.0017904999999999998 0.0017904999999999998 0.027521266804979856
0.0017905 0.0017904999999999996 0.022521266804979852
2.1684043449710089E-19 -0.0025325 0.037517452999369282
0.0017905 -0.0017905 0.03752048629243776
0.0017904999999999998 -0.0017904999999999998 0.032520486292437763
2.1684043449710089E-19 -2.1684043449710089E-19 0.035000000000000003
0 -0.0025325 0.032517452999369277
-0.0025325 -2.1684043449710089E-19 0.037517452999369282
-0.0017904999999999996 0.0017904999999999996 0.03752048629243776
-0.0017904999999999998 0.0017904999999999998 0.032520486292437763
-0.0025325 0 0.032517452999369277
0.0025325 -2.1684043449710089E-19 0.037507140970607887
0.0025325 0 0.03250714097060789
2.1684043449710089E-19 0.0025325 0.037507140970607887
0 0.0025325 0.03250714097060789
-0.0017904999999999996 -0.0017905 0.037504647143669897
-0.0017904999999999998 -0.0017904999999999998 0.032504647143669893
0.0017905 0.0017904999999999996 0.037500050274424539
0.0017904999999999998 0.0017904999999999998 0.032500050274424541
0.0017904999999999998 -0.0017904999999999998 0.057345964269112218
-0.0017904999999999998 -0.0017904999999999998 0.057259165131102963
0 -0.0035809999999999995 0.054605129400215183
0 -0.0025325 0.057647882016349343
-0.0025325 -0.0025325 0.050497448361204782
-2.1684043449710089E-19 -0.003581 0.048853436963897441
-0.00074200000000000015 -0.0017904999999999998 0.050292714944830494
-0.003581 -2.1684043449710089E-19 0.048853436963897441
0 0 0.050100837424799302
0.003581 2.1684043449710089E-19 0.048853284029059127
2.1684043449710089E-19 0.003581 0.048853284029059127
0 0 0.047605883568157245
0 0.0035809999999999995 0.054604031802560342
-0.003581 0 0.046525950984114051
-0.0017904999999999998 0.0017904999999999998 0.042722932732616258
0.0017905000000000002 -0.0017905000000000002 0.042722932732616258
0.0025325 0 0.057638317305135765
-0.0025325 0 0.057641840095956194
-0.0017904999999999998 0.0017904999999999998 0.057345964269112218
0 0.0025325 0.057632275384446839
2.1684043449710089E-19 0.0025325 0.042801952227733406
0.0025325 -2.1684043449710089E-19 0.042821777298475111
2.1684043449710089E-19 -0.0025325 0.04281479131766569
-0.0025325 -2.1684043449710089E-19 0.042794519975942288
0.0017904999999999998 0.0017904999999999998 0.057258067533448129
0.0025325 0.0025325 0.05046700102559061
0.00074200000000000015 0.0017904999999999998 0.050290190315248326
-0.0017905 0.00074200000000000004 0.046604970479231192
0.0017905 -0.00074200000000000004 0.046617656634325162
0.0017905000000000002 0.0017904999999999998 0.043802865316659473
-0.0017904999999999998 -0.0017905000000000002 0.043803018251497773
0.00074200000000000015 0.0017904999999999998 0.052585735871960894
0.003581 0 0.046525798049275729
0.00074200000000000015 0.0017904999999999998 0.054984281574247992
0 0 0.054691928538224445
-0.00074200000000000015 -0.0017904999999999998 0.054987804365068414
8.6915135334701023E-05 -0.0012462368023141873 0.052404610762491963
-0.0024890424323326496 -0.00062311840115709363 0.053844145477202177
-0.0024890424323326496 -0.00062311840115709363 0.051444601613676817
-0.0017470424323326491 -0.0024136184011570934 0.053461470512348938
-0.0017470424323326491 0.0011673815988429059 0.053548269650358207
0.0018339575676673504 -0.0024136184011570934 0.053548269650358207
4.3457567667350518E-05 -0.003155618401157093 0.05145745751001992
-0.0017470424323326491 0.0011673815988429059 0.051252724093645632
0.0018339575676673504 -0.0024136184011570934 0.051252724093645632
0.0025759575676673504 -0.00062311840115709363 0.051442076984094656
0.0024109852453732309 -0.013417742241022369 0.024978548026216515
0.0024109852453732309 -0.013417742241022369 0.027478548026216517
0.0019384999999999999 -0.012277 0.028291233632854376
0.0019384999999999999 -0.012277 0.025791233632854377
0.0019384999999999999 -0.012277 0.021657921165710137
0.0019384999999999999 -0.012277 0.024157921165710135
0.0024110503764741306 -0.013417899489949668 0.037455622295426427
0.0024110503764741306 -0.013417899489949668 0.034955622295426432
0.0019384999999999999 -0.012277 0.035764648521231804
0.0019384999999999999 -0.012277 0.038264648521231806
0.0019384999999999999 -0.012277 0.031630167995371217
0.0019384999999999999 -0.012277 0.034130167995371219
0.0029074999999999999 -0.012083999999999999 0.0081320929551353602
0.0029074999999999999 -0.012083999999999999 0.011603581595295252
0.0029074999999999999 -0.012083999999999999 0.01410600869084417
0.0029074999999999999 -0.012083999999999999 0.0025139292123650234
0.0029074999999999999 -0.012083999999999999 0.017486070787634967
0.0029074999999999999 -0.012083999999999999 0.0056623784754143364
0.0029074999999999999 -0.012083999999999999 0.051949131599890064
0.0029074999999999999 -0.012083999999999999 0.048567827006741969
0.0029074999999999999 -0.012083999999999999 0.054445210768726215
0.0029074999999999999 -0.012083999999999999 0.046075581354546799
0.0029074999999999999 -0.012083999999999999 0.057494162410515651
0.0029074999999999999 -0.012083999999999999 0.042505837589484334
0.0029074999999999999 0.012083999999999999 0.025016042955264155
0.0029074999999999999 0.012083999999999999 0.0275
0.0029074999999999999 0.012083999999999999 0.022516042955264156
0.0029074999999999999 0.012083999999999999 0.037500000000000006
0.0023259592711637102 0.01169358088072605 0.034958424609470455
0.0011629796355818551 0.013444290440363023 0.034979212304735233
0.0011629796355818551 0.010911790440363023 0.037479212304735221
0.0040704796355818555 0.012865790440363026 0.034979212304735233
0.0011629796355818551 0.010911790440363023 0.03496316935402545
0.0031014796355818552 0.010526290440363024 0.037479212304735221
0.0011629796355818551 0.013444290440363023 0.03247921230473523
0.0040704796355818555 0.012865790440363026 0.03247921230473523
0.0031014796355818552 0.010526290440363024 0.03492595475042904
0.0011629796355818551 0.010911790440363023 0.03247921230473523
0.0019384999999999999 0.012277 0.0055568733407209882
0.0029074999999999999 0.012083999999999999 0.0025000000000000048
0.0029074999999999999 0.012083999999999999 0.017500000000000009
0.0029074999999999999 0.012083999999999999 0.011406627649700516
0.0029074999999999999 0.012083999999999999 0.013906627649700515
0.0019384999999999999 0.012277 0.0080568733407209887
0.0048049938720913423 -0.0075459938720913427 0.015114680268438594
0.0044204926908372492 -0.0071614926908372487 0.016115985461979503
0.0052451116772330268 -0.0066104083043110381 0.017059486815452968
0.0056296128584871191 -0.006994909485565132 0.016058181621912058
0.0040389127785555061 -0.0059705673217759318 0.018860854329203119
0.003495420087718258 -0.0081680746309386824 0.017255131132776387
0.0043200390741140347 -0.00761699024441247 0.018198632486249849
0.0048966549141248768 -0.0076376549141248772 0.01046765844136998
0.0037290000000000001 -0.0064699999999999992 0.0099394611545157302
0.0057889563455404492 -0.007101681558155405 0.0083164426940284114
0.0055692758633211024 -0.0068820010759360574 0.0073662261282256558
0.0047131447156838801 -0.0074541447156838787 0.0086601093845040649
0.004932825197903226 -0.0076738251979032255 0.0096103259503068222
0.0040975853220839766 -0.0060652376110656506 0.0011572835027155847
0.0027060845860343648 -0.0052385845860343644 0.0035094015427544062
0.0013915007360496118 -0.0058916530250312862 0.002352118040038821
0.0041786632602445022 -0.0074715005895072493 0.0014249597322021188
0.0027871625241948908 -0.006644847564475964 0.0037770777722409398
0.005493247110229256 -0.0068184321505103283 0.0025822432349177035
0.0048213289431367759 -0.0075623289431367745 0.0052156062197221513
0.0056699914673316674 -0.0069951765076127397 0.0038722258536624554
0.0057786415641112327 -0.0069225667655165961 0.0049684080787267722
0.0059979153705125516 -0.006901693878754416 0.010547400623018064
0.0060340856542909008 -0.0069378641625327661 0.0096900681319549049
0.0046154466779166304 -0.0065471012211370553 0.019011142822590588
0.0058216455765941495 -0.0071869422036721616 0.017209775308840439
0.0015569200877182578 -0.0060210746309386828 0.017185208638467717
0.0024819926908372491 -0.0050144926908372491 0.016046062967670832
0.0019384999999999999 -0.0072119999999999988 0.014440339771244103
0.0019384999999999999 -0.0072119999999999988 0.0051204581383006362
0.0037290000000000001 -0.0064699999999999992 0.0054223758447742394
0.0047131447156838801 -0.0074541447156838787 0.0064385695785730297
0.0058899007284446518 -0.0071413279877672008 0.019011142822590588
0.0027746447156838799 -0.00530714471568388 0.0084150773579239266
0.0019384999999999999 -0.0072119999999999988 0.009734727781805565
0.0024819926908372491 -0.0050144926908372491 0.018860854329203119
0.0056274254627801676 -0.0069963712996164006 0.014278416147159479
0.005539248435173609 -0.0069081942720098412 0.012849351228008322
0.0019384999999999999 -0.0072119999999999988 0.012175088542660566
0.0019384999999999999 -0.0072119999999999988 0.0075131879758745263
0.0027783168444847849 -0.0053108168444847845 0.013615692854978769
0.0045776625241948895 -0.0059028475644759644 0.0040789954787145422
0.0056774600907739982 -0.0069901853033889532 0.0061432627693747757
0.0028664938720913422 -0.0053989938720913431 0.015044757774129924
0.0027609315906888241 -0.0066623774275250576 0.013604075649964988
0.0057190865048137012 -0.0070880323416499342 0.011896645548674402
0.0019384999999999999 -0.0072119999999999988 0.002352118040038821
0.0045514315906888241 -0.0059203774275250571 0.011368448261820152
0.0056046905972151392 -0.0073058379688892639 0.0276542349230894
0.0050999759257722198 -0.0068011232974463454 0.027962093241265376
0.0056566265422001386 -0.0073577739138742642 0.028415747943460187
0.0056109899042156332 -0.0073134592807809918 0.022419231181319298
0.0056401842183530764 -0.007342653594918435 0.021627716174209145
0.0050966412921082047 -0.0067991106686735633 0.022091439656073644
0.0027503729913305828 -0.0052828729913305828 0.02506288397253395
0.00253562913803921 -0.0050681291380392096 0.023761501720273047
0.0044741291380392097 -0.0072151291380392092 0.022886844094330571
0.0019384999999999999 -0.0072119999999999988 0.024190499957362749
0.0046888729913305829 -0.0074298729913305824 0.024188226346591481
0.0025381713404605054 -0.0050706713404605058 0.02634354120537323
0.00463609215200234 -0.0065677466952227641 0.020765199446755929
0.0040925492257574674 -0.0060242037689778923 0.021228922928620435
0.0041179322417872529 -0.0077520561615730364 0.020862516727453206
0.0040976585923127723 -0.0060274480878237374 0.028810962413720623
0.0046543092087406894 -0.0065840987042516553 0.029264617115915437
0.0041212918371639805 -0.007752228704349072 0.029151130827544759
0.0034979872518522662 -0.0081687767473632312 0.028291233632854376
0.004476671340460505 -0.0072176713404605054 0.027102196046574999
0.003495420087718258 -0.0081680746309386824 0.021657921165710137
0.0015569200877182578 -0.0060210746309386828 0.022532578791652609
0.0015594872518522665 -0.0060217767473632316 0.027532578791652614
0.0019384999999999999 -0.0072119999999999988 0.025823812424506987
0.0059023545532642654 -0.0071069122088515645 0.026902169699045412
0.0058504378297523415 -0.007141607621155943 0.026019603065449988
0.0059173145521370478 -0.0071087456694494565 0.023175982409293343
0.0058575295679955562 -0.0071486993593991577 0.024073213423771438
0.0055579248091795 -0.0068490946005831015 0.025046804150786688
0.0059329037347990062 -0.0071731407078647969 0.029264617115915433
0.0025381713404605054 -0.0050706713404605058 0.028810962413720616
0.0015569200877182578 -0.0085535746309386828 0.022485947371032291
0.0059105462025303614 -0.0071619734618529104 0.020765199446755929
0.0049813860119034244 -0.0077223860119034239 0.026794337728399023
0.0049884777501466391 -0.0077294777501466386 0.023214635619576228
0.0046888729913305829 -0.0074298729913305824 0.025821538813735719
0.0058440848848536316 -0.007192790856677597 0.038505590093370942
0.0053105025530691364 -0.0066592085248931036 0.038050916112849609
0.0058394865719178825 -0.0071881925437418488 0.037721989779162426
0.0040747231510878364 -0.0074911291229118031 0.039267455287984046
0.0043726806457238671 -0.0064403806457238684 0.03923813480538689
0.0038390983139393728 -0.0059067983139393723 0.038783460824865557
0.0025374388579603355 -0.005069938857960336 0.036300913824234837
0.002748801556581317 -0.0052813015565813162 0.034995331521880758
0.0024268439231387049 -0.004959343923138705 0.033805873459610225
0.0043653439231387051 -0.0071063439231387046 0.032918588455612158
0.0019384999999999999 -0.0072119999999999988 0.034147620994740488
0.0039863311749909714 -0.0059161206705019365 0.031288420460240947
0.0015594872518522665 -0.0060217767473632316 0.032517452999369277
0.0034979872518522662 -0.0081687767473632312 0.031630167995371217
0.0025374388579603355 -0.005069938857960336 0.038783460824865557
0.0019384999999999999 -0.0072119999999999988 0.03578210152060108
0.0013016594559790372 -0.0059018594559790364 0.037517452999369282
0.0032401594559790369 -0.008048859455979036 0.038264648521231806
0.0044759388579603352 -0.0072169388579603347 0.037048109346097362
0.0060018925012329111 -0.0070796583316980874 0.036813541325990518
0.0058692073038194292 -0.0071683304843213396 0.035905853737051345
0.0055515859835916634 -0.0068507091640935738 0.034929197768384442
0.0054208611014237591 -0.0070065381627183098 0.030848489796372423
0.0055523609750039856 -0.006901066946827952 0.039267455287984046
0.0058730913891023194 -0.00707923972250928 0.033015361647620908
0.0058173607529195372 -0.0071164839334214485 0.033895056732128441
0.0015594872518522665 -0.0085542767473632299 0.032466113812512798
0.0041905066200730087 -0.0077059731768785236 0.030848489796372423
0.0052296283501490513 -0.0065287515306509626 0.033739739706113908
0.0052853589863318326 -0.0064915073197387933 0.032860044621606369
0.0056483567963961454 -0.006854505129803107 0.031571624161365427
0.0050049228768090813 -0.0077459228768090816 0.036719183012410186
0.0044180023150453924 -0.0075539401439633199 0.031571624161365427
0.0046873015565813162 -0.0074283015565813166 0.035742527043743283
0.0043653439231387051 -0.0071063439231387046 0.034553068981472743
0.005783649521550434 -0.0070978345746939737 0.051633320735319781
0.0059574904112842221 -0.0069816584962230678 0.050640747918353698
0.0049283934260797441 -0.0076693934260797427 0.050259211909908966
0.005719344826860118 -0.0067850001984108045 0.048044134657144848
0.0058997888838130111 -0.0069654442553636975 0.048996545894920578
0.0048955600532613087 -0.0076365600532613074 0.049405070669511705
0.0047151159963084149 -0.0074561159963084144 0.048452659431735975
0.0054980919145403576 -0.0069328612438929096 0.046925754053775408
0.0027061132113155254 -0.0052386132113155246 0.056487986848807153
0.0040976139473651377 -0.0060652662363468116 0.058840104832457808
0.0013915007360496118 -0.0058916530250312862 0.05764788201634935
0.0027870520259979208 -0.0066449214092844074 0.056207027226798233
0.004178552762047533 -0.0074715744343156927 0.058559145210448887
0.0054931652373134462 -0.0068185346205999319 0.057399250042906691
0.0056701614968900646 -0.0069955308801765504 0.056105353712692055
0.004821609470892144 -0.0075626094708921426 0.054725671283613136
0.0057783696008817508 -0.0069232165173141822 0.055003396894667295
0.0029898934260797439 -0.005522393426079744 0.050620282081579406
0.0027760473544607188 -0.0053085473544607189 0.051570896127433673
0.0047145473544607189 -0.0074555473544607185 0.053495206780029683
0.0055698034499314089 -0.0068839885030749486 0.052583934781174048
0.0027937560954706901 -0.0081730625075194657 0.05152396856994379
0.0027760473544607188 -0.0068411687133659556 0.051571521786089203
0.0019384999999999999 -0.0087446213589052347 0.052435240568799432
0.0019384999999999999 -0.0072119999999999988 0.054827344797719307
0.0047151159963084149 -0.0074561159963084144 0.04625270248709816
0.0047415029272512019 -0.0074825029272512014 0.045093908221871024
0.0055244788454831446 -0.0069592481748356957 0.045766959788548278
0.0038506194974083151 -0.0059183194974083133 0.041358451731199231
0.0025489600414292774 -0.005081460041429277 0.041358451731199231
0.0027766159963084152 -0.0053091159963084148 0.04637336879229817
0.0027766159963084152 -0.0053091159963084148 0.048813729603406415
0.0027766159963084152 -0.0068417373552136524 0.048814355262061959
0.0037290000000000001 -0.0064699999999999992 0.054525427050482175
0.0040520557578643101 -0.0075062775086448706 0.041656535525477885
0.0052993563433145511 -0.006685878094095112 0.043014987256677122
0.0055296935817804593 -0.0069162153325610203 0.041656535525477885
0.0013016594559790372 -0.0059018594559790364 0.04281479131766569
0.0025489600414292774 -0.005081460041429277 0.044173243048864913
0.0019384999999999999 -0.0087446213589052347 0.050149859744532968
0.0019384999999999999 -0.0072119999999999988 0.045508916330131363
0.0037290000000000001 -0.0064700000000000001 0.045417057745081937
0.0055533992291364751 -0.0069399209799170369 0.044056318734883242
0.0045775520259979203 -0.0059029214092844061 0.055905109479561114
0.0029570600532613086 -0.0054895600532613078 0.049766140841182152
0.0029570600532613086 -0.0070221814121665446 0.049766766499837689
0.0029898934260797439 -0.0070550147849849807 0.050620907740234942
0.0059326222566314464 -0.0069982776281821354 0.049850687135317831
0.0027766159963084152 -0.0078416159963084139 0.047128321239694952
0.0056768655663628339 -0.0069910506195063737 0.053814399284757487
0.0017904999999999998 -0.0058556213589052363 0.052601742056541695
0.0019384999999999999 -0.0072119999999999988 0.057647882016349343
0.0038000981784717695 -0.0079808629492812977 0.043724257691094927
0.0038385490892358849 -0.0086699314746406485 0.041862128845547457
0.0038385490892358849 -0.0086699314746406485 0.044556253858013137
0.0019000490892358847 -0.0090554314746406489 0.041862128845547457
0.0032017085452149224 -0.0073597909306196852 0.041862128845547457
0.0019000490892358847 -0.0065229314746406489 0.044676920163213153
0.0046504453911211593 -0.0081273495273064857 0.043518664371025362
0.0036905490892358847 -0.0057809314746406484 0.044585061578163727
0.004449009130665163 -0.0065393915160699258 0.043220580576746707
0.004703052016487087 -0.0067934344018918506 0.044261912054952814
0.0033300007360496119 0.0080386530250312841 0.016570607975662732
0.001391500736049612 0.0058916530250312862 0.017198047748742777
0.0019384999999999999 0.0072119999999999988 0.013768655724405507
0.0037290000000000001 0.0064700000000000001 0.012767742604153375
0.0031820007360496118 0.0051496530250312875 0.016197134628490643
0.0049730007360496119 0.0069406530250312858 0.016543476765092269
0.0031820007360496118 0.0051496530250312858 0.0027419324374984557
0.0013915007360496118 0.0058916530250312862 0.002367724645986381
0.0019384999999999999 0.0072119999999999988 0.011343378524347308
0.0019384999999999999 0.0072119999999999988 0.0078296438894055603
0.0037290000000000001 0.0064700000000000001 0.009254007969211624
0.0033300007360496115 0.0080386530250312841 0.0030568733407209834
0.0019384999999999999 0.0072119999999999988 0.005424597986707364
0.0037290000000000001 0.0064699999999999992 0.0057988057782194392
0.001391500736049612 0.0058916530250312862 0.02253006822314918
0.001391500736049612 0.0084241530250312863 0.022516042955264159
0.0031820007360496118 0.0051496530250312858 0.027521266804979856
0.0049730007360496119 0.0069406530250312858 0.0275
0.0013915007360496118 0.0058916530250312862 0.027530068223149178
0.0013915007360496118 0.0084241530250312863 0.02751604295526416
0.0033300007360496119 0.0080386530250312841 0.022441784190841696
0.0019384999999999999 0.0072119999999999988 0.024971852413990879
0.0033300007360496115 0.0080386530250312841 0.0274417841908417
0.0037290000000000001 0.0064699999999999992 0.024963050995821551
0.0049730007360496119 0.0069406530250312858 0.022499999999999999
0.0031820007360496118 0.0051496530250312858 0.022521266804979855
0.0049730007360496119 0.0069406530250312858 0.032500000000000008
0.001391500736049612 0.0084241530250312863 0.03748395704929023
0.001391500736049612 0.0058916530250312862 0.037507140970607887
0.0013915007360496118 0.0084241530250312863 0.032483957049290225
0.0031820007360496118 0.0051496530250312858 0.032500050274424541
0.0013915007360496118 0.0058916530250312862 0.032507140970607896
0.0033300007360496119 0.0080386530250312841 0.037446742445693827
0.0019384999999999999 0.0072119999999999988 0.034953883416301706
0.0049730007360496119 0.0069406530250312858 0.037500000000000006
0.0037290000000000001 0.0064699999999999992 0.034946792720118351
0.0031820007360496118 0.0051496530250312858 0.037500050274424553
0.0033300007360496115 0.0080386530250312841 0.032446742445693816
0.0019384999999999999 0.0072119999999999988 0.046172658390930287
0.0037290000000000001 0.0064700000000000001 0.047173571479856354
0.0031820007360496118 0.0051496530250312875 0.043802865316659473
0.0033300007360496119 0.0080386530250312841 0.043370706163196888
0.001391500736049612 0.0058916530250312862 0.042801952227733406
0.0049730007360496119 0.0069406530250312858 0.043456523216782922
0.0013915007360496118 0.0058916530250312862 0.057632275384446846
0.0031820007360496118 0.0051496530250312858 0.057258067533448129
0.001391500736049612 0.0084241530250312863 0.042603207606703115
0.0033300007360496115 0.0080386530250312841 0.056877223085751466
0.0037290000000000001 0.0064700000000000001 0.050680088402410936
0.0019384999999999999 0.0072119999999999988 0.052104452508493403
0.0019384999999999999 0.0072119999999999988 0.048597935585938806
0.0019384999999999999 0.0072119999999999988 0.054509498470198307
0.0037290000000000001 0.0064699999999999992 0.054135290619199597
0.0013915007360496118 0.0084241530250312863 0.057615650101117057
0.0029074999999999999 0.012083999999999999 0.042500000000000003
0.0019384999999999999 0.012277 0.048370706163196886
0.0022960793421001107 0.01176507222849154 0.054708805208015999
0.0011480396710500554 0.01094753611424577 0.054970052705125054
0.0030865396710500551 0.010562036114245768 0.057354402604008002
0.0040555396710500553 0.012901536114245772 0.057354402604008002
0.0040555396710500553 0.012901536114245772 0.054854402604007993
0.0030865396710500551 0.010562036114245768 0.054231625689759456
0.0011480396710500554 0.01348003611424577 0.054854402604008007
0.0011480396710500554 0.01094753611424577 0.052464898296887379
0.0011480396710500554 0.01348003611424577 0.052354402604008005
0.002256540370442085 0.01177622266482896 0.045557953620339965
0.0011282701852210425 0.010953111332414479 0.042778976810169983
0.0030667701852210424 0.010567611332414481 0.042778976810169983
0.0011282701852210425 0.010953111332414479 0.045382184416873091
0.0040357701852210427 0.01290711133241448 0.045278976810169978
0.0011282701852210425 0.013485611332414479 0.045278976810169992
0.0030667701852210424 0.010567611332414481 0.046149682973366871
0.0011282701852210425 0.013485611332414479 0.047778976810169994
0.0040357701852210427 0.01290711133241448 0.047778976810169987
0.0011480396710500554 0.01348003611424577 0.057354402604008002
0.0011480396710500554 0.01094753611424577 0.057354402604008002
0.0040555396710500553 0.012901536114245772 0.052354402604007991
0.0029074999999999999 0.012083999999999999 0.05011049569287937
0.0070372184957825431 -0.0058854161009854519 0.0092408920922279394
0.0076738251979032255 -0.004932825197903226 0.0088288065357692326
0.0076376549141248772 -0.0048966549141248768 0.0096861390268323903
0.007001048212004193 -0.0058492458172071018 0.010098224583291101
0.0076376549141248772 -0.0048966549141248768 0.011406117404659412
0.0069492343192091403 -0.0059267778990488799 0.011142295781725519
0.0064699999999999992 -0.0037290000000000001 0.0091579417399781388
0.0064699999999999992 -0.0037290000000000001 0.010877920117805161
0.0074578168444847858 -0.0047168168444847846 0.012358823083993333
0.0069264535355925399 -0.0057728255684511478 0.0048892095842341336
0.007035158309980364 -0.0056101644169764698 0.0037240359869708767
0.0075623289431367745 -0.0048213289431367759 0.0048076197424734967
0.0074578168444847858 -0.0047168168444847846 0.014182675413469023
0.0068483205720267816 -0.0056288408660225778 0.01303231640201076
0.0074541447156838787 -0.0047131447156838801 0.0078785899699664753
0.0081681598602083016 -0.0034952925543029734 0.017752191196957978
0.0076016128475589412 -0.0043430491497336646 0.018962820900794264
0.0059706525510455502 -0.0040387852451402237 0.018860854329203119
0.0065949456781878892 -0.0052682492862679399 0.017823675229997379
0.0071614926908372487 -0.0044204926908372492 0.016613045526161094
0.0054153289431367758 -0.0028828289431367762 0.0048089488502738821
0.0052385845860343644 -0.0027060845860343644 0.0035189662315291323
0.0074541447156838787 -0.0047131447156838801 0.0060305831013243768
0.0068440913742550992 -0.0056260023112826834 0.0072647782585886526
0.0050144926908372491 -0.0024819926908372491 0.016039077019197007
0.0072119999999999988 -0.0019384999999999999 0.01493041388695187
0.0060211598602083003 -0.0015567925543029742 0.017178222689993892
0.0050144926908372491 -0.0024819926908372491 0.018860854329203119
0.0072119999999999988 -0.0019384999999999999 0.0089685888652101045
0.0072119999999999988 -0.0019384999999999999 0.0065700432184688084
0.00530714471568388 -0.0027746447156838799 0.006031912209124763
0.00530714471568388 -0.0027746447156838799 0.0084304578558660592
0.0058916530250312862 -0.001391500736049612 0.0023616827288135481
0.0060652376110656514 -0.0040975853220839766 0.0011572835027155847
0.0071714795775490118 -0.0058447831856290643 0.017973963723384855
0.0075459938720913427 -0.0048049938720913423 0.015611740332620184
0.0064700000000000001 -0.0037290000000000001 0.015029258383267539
0.0072119999999999988 -0.0019384999999999999 0.004722036349826709
0.0071418393633849086 -0.0058891355279529455 0.019011142822590588
0.0085536598602083003 -0.0015567925543029742 0.017396792418889376
0.0070636179331768998 -0.0060061827135920696 0.016750281103128976
0.0072119999999999988 -0.0019384999999999999 0.013106561557476176
0.0053108168444847854 -0.0027783168444847845 0.013608706906504942
0.0068715852150698685 -0.0058141499954850392 0.015598687416200597
0.0075114823918748736 -0.0041188362098893054 0.0012767698655105416
0.0068584139528779535 -0.0054334200598740575 0.0024340533682261261
0.0072119999999999988 -0.0019384999999999999 0.010688567243037128
0.0080386530250312841 -0.0033300007360496119 0.0023603536210131614
0.007063771856474446 -0.0058456827935020302 0.0082149948243914091
0.0068182693081396432 -0.005664641340998252 0.0061121729430850136
0.0067834081874633117 -0.0057259729678784815 0.014169622497049436
0.0064870840338157772 -0.0054296488142309453 0.016599992609741501
0.0070281586416668738 -0.00580867893566267 0.01207961072267684
0.0073855845860343666 -0.0046445845860343645 0.0035176371237287461
0.0065653054640237851 -0.0053126016285918228 0.018860854329203119
0.0051496530250312875 0.0031820007360496118 0.016197134628490643
0.0064700000000000001 0.0037290000000000001 0.012826428484669436
0.0080386530250312841 0.0033300007360496115 0.016629293856178794
0.0058916530250312862 0.0013915007360496116 0.017178222689993892
0.0072119999999999988 0.0019384999999999999 0.013807516546172688
0.0069406530250312858 0.0049730007360496119 0.016543476765092265
0.0058916530250312862 0.0013915007360496114 0.0023616827288135481
0.0051496530250312858 0.0031820007360496114 0.0027419324374984557
0.0084241530250312863 0.0013915007360496116 0.017396792418889376
0.0080386530250312841 0.0033300007360496115 0.0031227769187251861
0.0072119999999999988 0.0019384999999999999 0.0078830052942800294
0.0064700000000000001 0.0037290000000000001 0.0093199115472158266
0.0072119999999999988 0.0019384999999999999 0.011389522231733638
0.0084241530250312863 0.0013915007360496114 0.0023843499361960053
0.0072119999999999988 0.0019384999999999999 0.0054844596475387324
0.0064699999999999992 0.0037290000000000001 0.0058647093562236418
0.007339280058949898 -0.0056452322325573614 0.021514114734869496
0.0069856203805644078 -0.0061744333724365616 0.021433661323239241
0.0071624848374706174 -0.0059097810020386551 0.020765199446755929
0.0071049928778333608 -0.0059958094990186289 0.022233537025591527
0.006561449951588489 -0.0054522665727737563 0.022697260507456032
0.0067957371327050254 -0.0051016893063124905 0.021977838216734005
0.0072151291380392092 -0.0044741291380392097 0.022942633532619008
0.0070757985636959175 -0.0059666151848811865 0.023025052032701689
0.0072176713404605054 -0.004476671340460505 0.027130031929193457
0.0068003084506462769 -0.0051011952274958201 0.027974939033632008
0.0065966993087077097 -0.0054058671948956985 0.027243920920068453
0.0077487678548741152 -0.0041228527225762564 0.020748915288113567
0.0081681598602083016 -0.0034952925543029734 0.021713710603998567
0.0060242889982475116 -0.0040924216923421842 0.021228922928620435
0.0065678319244923842 -0.0046359646185870559 0.020765199446755929
0.0072119999999999988 -0.0019384999999999999 0.024243778828050927
0.0060211598602083003 -0.0015567925543029742 0.02253006822405236
0.0050681291380392096 -0.0025356291380392096 0.023758991152672791
0.0052828729913305828 -0.0027503729913305828 0.025060373404933705
0.0050706713404605058 -0.0025381713404605054 0.026341030637772975
0.0073569590670741949 -0.0056578458439237372 0.028428593735826825
0.0060274309462487758 -0.0040976842422286762 0.028810962413720616
0.007751396715974042 -0.0041225367888034856 0.029163976619911391
0.0065840815626766937 -0.004654334858656595 0.029264617115915433
0.0081687596057882696 -0.0034980129017681705 0.02831906951547284
0.0072119999999999988 -0.0019384999999999999 0.025849137739525199
0.00602175960578827 -0.0015595129017681709 0.027530068224052361
0.0071014139801506282 -0.005910581866338617 0.026936062601892481
0.0071414981200125663 -0.0058506016825561353 0.026033540618934477
0.0068489850994397248 -0.0055580886619832938 0.025060741704271167
0.007148589858255781 -0.0058576934207993508 0.02408715097725592
0.0085536598602083003 -0.0015567925543029742 0.022516042955264159
0.007173037858415025 -0.0059330576342944289 0.029264617115915433
0.0050706713404605058 -0.0025381713404605054 0.028810962413720616
0.0071533499251356276 -0.0059625178113236156 0.027697575622263264
0.006636783448569647 -0.0053458870111132168 0.026341398937110447
0.0066342412461483525 -0.0053433448086919206 0.023759359452010263
0.0066311121081091421 -0.0028077156706527114 0.025060504747442185
0.0068474423015335087 -0.0055564743762931065 0.034941264995813258
0.0074283015565813166 -0.0046873015565813162 0.034158809039634926
0.0065633708992123788 -0.0054539098563418376 0.037312286785740965
0.007096953230996874 -0.0059874921881263327 0.037766960766262299
0.0073313430487632605 -0.0056367613405942972 0.038487940451005578
0.0067977607169787662 -0.0051031790088098038 0.038033266470484245
0.0072169388579603347 -0.0044759388579603352 0.037069750188918005
0.0069776622703109402 -0.0061659940537064691 0.038567426287951935
0.007154972692304906 -0.0059006743603220576 0.03923813480538689
0.0070923549180611258 -0.0059828938751905845 0.03698336045205379
0.0070395524336556558 -0.0059324777420954895 0.032853031149340628
0.0069194967261652579 -0.0061121239419194631 0.032078149687608457
0.0072729863179164626 -0.0055831773123682519 0.032165848004809747
0.005069938857960336 -0.0025374388579603355 0.036290601795473457
0.0052813015565813162 -0.002748801556581317 0.034985019493119371
0.0072119999999999988 -0.0019384999999999999 0.035793430334660342
0.0066947621334590849 -0.0058873893492132892 0.030634412201352976
0.0070482517252102896 -0.0053584427196620788 0.030722110518554262
0.0076940763259091905 -0.004953076325909191 0.033124668003378925
0.0071063439231387046 -0.0043653439231387051 0.032969350977364392
0.0081679581304092089 -0.0034948250750787362 0.038286289364052449
0.0060258969883695444 -0.0040937639330390716 0.038783460824865557
0.0077487799894276413 -0.0041220652259282044 0.039249805645618682
0.004959343923138705 -0.0024268439231387049 0.033795561430848838
0.0072119999999999988 -0.0019384999999999999 0.034188071487731342
0.0065594793201540396 -0.0046273462648235659 0.03923813480538689
0.0060209581304092093 -0.0015563250750787357 0.037507140970607887
0.0066852539151459776 -0.0049954449095977668 0.032010530978795207
0.0059161035289269749 -0.0039863568249068754 0.03128842046024094
0.0077476695977955427 -0.0041281138882272323 0.030722110518554262
0.0081687596057882696 -0.0034980129017681705 0.031680930517123444
0.00602175960578827 -0.0015595129017681709 0.03250714097060789
0.0071650636217612746 -0.0058740956965208724 0.035917920964480161
0.005069938857960336 -0.0025374388579603355 0.038783460824865557
0.0085542596057882701 -0.0015595129017681709 0.03248395704738298
0.0071132170708613843 -0.0058222491456209804 0.033907123959557257
0.0066360796029125285 -0.0053451116776721264 0.036246847298167337
0.0072169388579603347 -0.0044759388579603352 0.035464391341989004
0.0076365600532613091 -0.0048955600532613079 0.050302627603971167
0.0076693934260797427 -0.0049283934260797441 0.051156768844368421
0.0070362691448834312 -0.0058757733841904372 0.050730259905610947
0.0070034357720649958 -0.0058429400113720019 0.049876118665213687
0.0076365600532613091 -0.0048955600532613079 0.048582649476145517
0.0069471793405278337 -0.0059271197172149504 0.048839229583130417
0.0064699999999999992 -0.0037290000000000001 0.050842057603962605
0.0064699999999999992 -0.0037290000000000001 0.049122079476136962
0.0074561159963084144 -0.0047151159963084149 0.047630238238369781
0.006927102680171532 -0.0057725545138374666 0.055097415942270703
0.0070360376243783799 -0.0056095489461399691 0.05626600468017777
0.0075626094708921426 -0.004821609470892144 0.055185853811940536
0.0074555473544607185 -0.0047145473544607189 0.052107382890222688
0.0076016707790670431 -0.004342193124491466 0.041037945776872496
0.006037418171838488 -0.0041052851165080126 0.041358451731199231
0.0066621726900871108 -0.0053348280908420082 0.042396397508071726
0.0072284600414292766 -0.0044874600414292771 0.043606260274736255
0.0081679581304092089 -0.0034948250750787362 0.042247808543537033
0.0052386132113155246 -0.002706113211315525 0.056478422137593576
0.0054156094708921439 -0.0028831094708921439 0.055184525807378947
0.0068463912870760941 -0.0056260623077511902 0.052710634352034047
0.0074555473544607185 -0.0047145473544607189 0.053955389308357089
0.0074825029272512014 -0.004741502927251201 0.044647591752942375
0.0068064896004885562 -0.0057530602094652506 0.04466166667768829
0.0068647236447801404 -0.0056659212889087164 0.045802799422963641
0.0050814600414292779 -0.002548960041429277 0.044180229029674341
0.0053355029272512018 -0.0028030029272512014 0.045221560507880475
0.0072119999999999988 -0.0019384999999999999 0.045069585842012136
0.0053085473544607189 -0.0027760473544607188 0.051555515601508409
0.0053085473544607189 -0.0027760473544607188 0.053954061303795486
0.0072119999999999988 -0.0019384999999999999 0.053429956196698727
0.0072119999999999988 -0.0019384999999999999 0.051031410494411643
0.0050814600414292779 -0.002548960041429277 0.041358451731199231
0.0053091159963084156 -0.0027766159963084147 0.046380354773107597
0.0058916530250312862 -0.0013915007360496118 0.057638317305135765
0.0060652662363468116 -0.0040976139473651368 0.058840104832457801
0.0072119999999999988 -0.0019384999999999999 0.055277962614833129
0.0080386530250312841 -0.0033300007360496115 0.057639645309697361
0.0075120811785175214 -0.0041179402112974375 0.058719796177934602
0.0068590413648017615 -0.0054325526865633515 0.057559901010392406
0.0072119999999999988 -0.0019384999999999999 0.049311432366585993
0.006892509928553019 -0.0055651653293079164 0.041037945776872496
0.0072119999999999988 -0.0019384999999999999 0.046893438062212418
0.0068383367138373534 -0.0056395343579659311 0.046961593688190771
0.0070602373586951192 -0.0058399083793702162 0.051760020306179794
0.006820040563740107 -0.0056654923974060415 0.053866951438687249
0.0069162155759090347 -0.005588870976663933 0.043437728986277846
0.0070187807707902481 -0.0058199784149188241 0.047914004925966494
0.0072119999999999988 -0.0019384999999999999 0.042247808543537033
0.0074825029272512014 -0.004741502927251201 0.046471443973142658
0.007385613211315525 -0.0046446132113155247 0.056479750142155165
0.0058916530250312862 0.0013915007360496116 0.02253006822405236
0.0084241530250312863 0.0013915007360496116 0.022516042955264159
0.0058916530250312862 0.0013915007360496118 0.027530068224052361
0.0051496530250312858 0.0031820007360496118 0.027521266804979856
0.0072119999999999988 0.0019384999999999999 0.025081897857549336
0.0080386530250312841 0.0033300007360496115 0.022551829633496976
0.0051496530250312858 0.0031820007360496114 0.022521266804979852
0.0064699999999999992 0.0037290000000000001 0.025073096438476831
0.0069406530250312858 0.0049730007360496119 0.022499999999999992
0.0080386530250312841 0.0033300007360496115 0.027551829633496977
0.0069406530250312858 0.0049730007360496119 0.032500000000000008
0.0084241530250312863 0.0013915007360496118 0.03248395704738298
0.0051496530250312858 0.0031820007360496118 0.032500050274424541
0.0058916530250312862 0.0013915007360496118 0.032507140970607896
0.0058916530250312862 0.0013915007360496116 0.037507140970607887
0.0072119999999999988 0.0019384999999999999 0.035063660136367865
0.0080386530250312841 0.0033300007360496115 0.032556519165759974
0.0064699999999999992 0.0037290000000000001 0.03505656944018451
0.0051496530250312858 0.0031820007360496114 0.037500050274424539
0.0080386530250312841 0.0033300007360496115 0.037556519165759965
0.0064700000000000001 0.0037290000000000001 0.047232257261947769
0.0072119999999999988 0.0019384999999999999 0.046251169243763407
0.0051496530250312875 0.0031820007360496118 0.043802865316659473
0.0058916530250312862 0.0013915007360496116 0.042821777298475111
0.0080386530250312841 0.0033300007360496115 0.043429391945288297
0.0069406530250312858 0.0049730007360496119 0.043456523216782922
0.0051496530250312858 0.0031820007360496118 0.057258067533448129
0.0058916530250312862 0.001391500736049612 0.057638317305135765
0.0072119999999999988 0.0019384999999999999 0.05218289824519351
0.0080386530250312841 0.0033300007360496119 0.056943126642344841
0.0072119999999999988 0.0019384999999999999 0.054581443947480601
0.0064699999999999992 0.0037290000000000001 0.054201194175792965
0.0072119999999999988 0.0019384999999999999 0.048669163548136975
0.0064700000000000001 0.0037290000000000001 0.050745991959004304
0.0073105000000000002 0.0100515 0.045870706163196877
0.0073105000000000002 0.0100515 0.042500000000000003
0.006489 0.010600500000000001 0.057500000000000002
0.006489 0.010600500000000001 0.05437082016872908
0.006489 0.010600500000000001 0.051870820168729077
0.006489 0.010600500000000001 0.048456523216782912
0.0072808456368330656 -0.0084854032924203647 0.025921774321998232
0.0070080970553096488 -0.008212654710896947 0.026948437372952536
0.0069885450426447754 -0.010266659186351817 0.025899065603500769
0.0082777050152327419 -0.010351261503352483 0.026049371769451768
0.0085504535967561579 -0.010624010084875899 0.025022708718497461
0.007975549274508973 -0.010006736815537908 0.028714416097589845
0.007386939159048032 -0.009418126700076964 0.028549371769451767
0.0073673871463831569 -0.011472131175531836 0.0275
0.0088663151306936812 -0.010939871618813424 0.026214416097589847
0.0068198106450992248 -0.0088509981861281586 0.028951450147525041
0.0058001152304109375 -0.009532450143113996 0.029151130827544752
0.0067104330992605217 -0.0084115804709346455 0.027700502596996524
0.0067081119482746317 -0.0084105813248399903 0.022397715527902758
0.0070144365961960446 -0.0082058677135084558 0.023154466755876804
0.0076330833083198494 -0.0092538687601843583 0.021535198800449549
0.0082245875785147415 -0.0098453730303792487 0.021311581503789399
0.0088768292788696627 -0.01093512306288677 0.022614642788967271
0.0076242087285833459 -0.01130328796446496 0.021303061285177866
0.0082853250086747689 -0.010343618792691876 0.022838260085627417
0.0052704537867340716 -0.0098842684379705087 0.025877613629717289
0.0049727898306849445 -0.010083194198008207 0.026629678853761267
0.0060469956681832079 -0.0093702504966130754 0.020862516727453206
0.0070674835141142124 -0.0086882689659787214 0.021125056515467359
0.0072289289133211409 -0.0085200987047247441 0.025039207688402808
0.0088725225393675739 -0.010935723271446452 0.028714416097589845
0.0052185370632221485 -0.0099189638502748829 0.024995046996121855
0.0052783220473636393 -0.0098790101603251843 0.024097815981643768
0.0088676805656844639 -0.010941237053804204 0.023811581503789404
0.0065492104598423645 -0.012016761239508608 0.023781609311394381
0.0065400617466571647 -0.012022875230426043 0.024978548026216515
0.0066908810865956483 -0.010465584946389515 0.02665113082754476
0.0066992373685381291 -0.010460000529120597 0.022165578012631075
0.0070055620164595428 -0.010255286917789061 0.022922329240605121
0.00827617629548957 -0.010349732783609311 0.024035198800449551
0.0069366283191328506 -0.010301354598656196 0.025016498969905345
0.0054685121540689954 -0.011282481530634351 0.020862516727453206
0.0069964133032743422 -0.010261400908706496 0.024119267955427251
0.0072887138974626333 -0.0084801450147750437 0.024141976673924721
0.0060767252144691341 -0.010876018998486239 0.022960982450888005
0.0054693045853117135 -0.01128195195698584 0.029151130827544752
0.0073105000000000002 0.0100515 0.032446742445693816
0.0073105000000000002 0.0100515 0.037500000000000006
0.0073105000000000002 0.0100515 0.034946742445693818
0.0058033126209744565 -0.01105873782237982 0.0050350711696314603
0.0056946625241948894 -0.011131347564475964 0.0039388889445671421
0.0070674638180561631 -0.0083926488583372372 0.0038752717979859161
0.0071878012938612727 -0.011299301293861272 0.0049642412781488211
0.0071761139148357285 -0.008320039116241091 0.0049714540230502337
0.0072972564693063631 -0.011408756469306364 0.0061933070350817685
0.0072855690902808188 -0.0084294942916861848 0.006200519779983182
0.0057021311476372228 -0.011126356360252179 0.0062099258602794638
0.0071843876169435852 -0.008497112829558541 0.0073753744706311856
0.0057021311476372228 -0.011126356360252179 0.0086796403400004867
0.0069834264300355818 -0.0082961516426505368 0.0083373930361640911
0.0070962952823983589 -0.011207795282398359 0.0096250400803356978
0.0072972564693063631 -0.011408756469306364 0.0086630215148027923
0.0072285557387860334 -0.0081323342470278996 0.0097110184740905846
0.0059472604563876735 -0.01096253896462954 0.010053265777926982
0.0071047843659201269 -0.011216284365920128 0.010501848535096435
0.0072370448223077997 -0.0081408233305496677 0.010587826928851326
0.0072942010615609284 -0.011405701061560927 0.011437569819397532
0.0056684315906888241 -0.01114887742752506 0.011402510703583319
0.0071476326522497535 -0.0085165784890859873 0.012872793138808757
0.0069582159566089503 -0.0083271617934451841 0.011937071854507665
0.0073642042136593134 -0.011475704213659312 0.0036721440746250193
0.0072438667378542047 -0.0085690517781352761 0.0025831745944621147
0.0071545449137723396 -0.01126604491377234 0.01522045189337257
0.0056684315906888241 -0.01114887742752506 0.01390493779913224
0.007007976504461162 -0.0083769223412973985 0.014153248117234878
0.0072942010615609284 -0.011405701061560927 0.013939996914946452
0.0070101639001681161 -0.0083754605272461317 0.015933013591987455
0.0062491025005099888 -0.0092351845794525107 0.018198632486249849
0.0063934835141142123 -0.012125768965978724 0.017486070787634964
0.0056706189863957764 -0.01114741561347379 0.015684703273884815
0.0075769672018181347 -0.011688467201818136 0.016324311641630958
0.0068551300959788283 -0.0082204267230568413 0.017180219007814093
0.0075779946236972625 -0.009198780075561774 0.018981586521564241
0.0069233852478293306 -0.0081748125071518778 0.018981586521564245
0.006395204213659314 -0.0091362042136593127 0.0011582148622599959
0.008155450715932348 -0.0097762361677968569 0.018838240853995991
0.007432586188213912 -0.0087978828152919224 0.017036873340245839
0.0073104999999999984 0.010051499999999998 0.017499999999999995
0.0073104999999999984 0.010051499999999998 0.014070607975662728
0.0073105000000000002 0.0100515 0.0024999999999999931
0.0073105000000000002 0.0100515 0.005556873340720977
0.0073105000000000002 0.0100515 0.011570607975662726
0.0073105000000000002 0.0100515 0.0080568733407209783
0.0073105000000000002 0.0100515 0.0275
0.0073105000000000002 0.0100515 0.022441784190841696
0.0073105000000000002 0.0100515 0.024941784190841695
0.0072799940494269648 -0.0084861423828339264 0.034043911328595126
0.0070064019699201284 -0.0082125503033270916 0.033014615062619525
0.0083304346702407668 -0.010314785601591202 0.033942990901254105
0.0070410628267068955 -0.010231562091464292 0.03407162416136543
0.008604026749747605 -0.01058837768109804 0.034972287167229707
0.0073861975518262259 -0.0094173850928551562 0.031442990901254103
0.007975421331216934 -0.010006608872245868 0.031283055613696764
0.0089196584496314749 -0.010904009380981912 0.033783055613696766
0.0074208584086129905 -0.01143639688099236 0.032500000000000001
0.0060843639662162535 -0.010870914099266316 0.036961445242905115
0.0069189276613250538 -0.010313183766199083 0.037964252009657355
0.0070813335906400815 -0.010204649554155322 0.037055803556485432
0.0070839063760759647 -0.0081616722065411384 0.036816121008894975
0.008294300717868389 -0.010339850850918451 0.037153910895756155
0.007118017387937596 -0.010180134149753209 0.035859006834812135
0.0083309845151659026 -0.010315335446516336 0.035957114174082844
0.0067789062749477429 -0.0083645833362422928 0.032291480697626523
0.0070032069058484532 -0.0085888839671430031 0.030848489796372423
0.0058693300133199656 -0.0094861946156434476 0.030848489796372423
0.0052695654396672578 -0.0098850628865497572 0.034027246456791851
0.0050420697446948723 -0.010037095919464958 0.033304112091798857
0.0083754808225413851 -0.0097459808225413835 0.038685880268262494
0.0077847355891342302 -0.0091552355891342304 0.038457114174082846
0.0077821628036983488 -0.011198212936748412 0.038696796721673296
0.0088850459512755421 -0.010930596084325606 0.037382676989935811
0.0089217297485730575 -0.010906080679923493 0.036185880268262513
0.0072242634132441853 -0.0085233865937460948 0.034923606413102659
0.0088723945960755383 -0.010935595328154413 0.031283055613696764
0.0056493610215733545 -0.011089897676077824 0.03245562229542643
0.0051768106450992245 -0.0099489981861281586 0.031630167995371217
0.0065569143426903844 -0.012011813589215985 0.036152419017099729
0.0053465200008979592 -0.0098336349448386717 0.035814629130238557
0.0065935981399878971 -0.011987298184813868 0.034955622295426432
0.0069215004467609361 -0.0082702064185849015 0.037724569462066891
0.006546334286431958 -0.01201888413198637 0.03245562229542643
0.006409362532590895 -0.0091285685044148607 0.039267455287984046
0.0072177988374820942 -0.0085882988374820952 0.038867825806331142
0.0052138348034844765 -0.0099223070974619239 0.034906941541299391
0.0069853321905241125 -0.010268806302376461 0.034951319245872962
0.0073569486106576671 -0.0084347144411228408 0.035831294002041832
0.0060843639662162535 -0.010870914099266316 0.038696796721673296
0.0068135671317345083 -0.010383595124379492 0.033348489796372421
0.0058502288305517028 -0.011027384202102392 0.049483640424191871
0.0056289759182319423 -0.011175245247584497 0.048365259820822432
0.0068921769606958682 -0.008326946290048421 0.047767875290897897
0.0070782010424639257 -0.011189701042463925 0.04939878195343448
0.0071134298730156278 -0.008179085244566316 0.048886255894267337
0.0058750969852044794 -0.011010765070143324 0.050273701207227725
0.0057012560954706895 -0.01112694114861423 0.051266274024193835
0.0070765342706012088 -0.011188034270601208 0.050363213194484974
0.0069627903660718976 -0.0082769754192154391 0.051633320735319781
0.0071366312558056874 -0.0081607993407445331 0.050640747918353698
0.0058027601299896064 -0.011059107046422038 0.054951350802939773
0.0072946458767660909 -0.01140614587676609 0.053808366714679326
0.0072824060067556975 -0.0084272529231881298 0.053771392696587803
0.0071750393053428251 -0.0083198862217752564 0.055003987992212254
0.0071872791753532176 -0.011298779175353218 0.055040962010303791
0.0056945520259979211 -0.011131421409284407 0.056053307620964526
0.007066831201351138 -0.0083922005846376255 0.056105944810237021
0.0057012560954706895 -0.01112694114861423 0.053762353193029966
0.0071809019722367806 -0.0084950870253803212 0.052582395086678002
0.00708378993768468 -0.0085185592670372311 0.046501907999563691
0.0072698140194527375 -0.011381314019452738 0.048132814662100273
0.0072946458767660909 -0.01140614587676609 0.051312287545843195
0.0073641509362605308 -0.011475650936260531 0.05633478625111283
0.0072437029622584529 -0.0085690723455449369 0.057399769051046066
0.0065437988374820949 -0.012025798837482097 0.042505837589484334
0.0063866951393673679 -0.009143716890147929 0.041656535525477885
0.0056578963018852728 -0.011155918052665834 0.044162373114962232
0.0075214616413726417 -0.01163296164137264 0.043997913975943617
0.0073643579432579138 -0.0087508796940384756 0.043148611911937175
0.008250260478854736 -0.0096207604788547361 0.041492076386459277
0.0071127103213380095 -0.0084992320721185722 0.044791266945898654
0.0072698140194527375 -0.011381314019452738 0.045640569009905103
0.0056289759182319423 -0.011175245247584497 0.045873014168627262
0.0071382980276684044 -0.0081624661126072501 0.049676316677303198
0.0063951509362605323 -0.0091361509362605335 0.058840623840597177
0.0072177988374820942 -0.0085882988374820952 0.041669542713974522
0.011298779175353218 -0.0071872791753532176 0.05498925037802177
0.011062993209279387 -0.005796945042945323 0.05499365821826116
0.0083237723846326071 -0.0071692242182985408 0.055098007039815669
0.0084327073288394533 -0.0070062186506010433 0.056266595777722736
0.011171928153486235 -0.0056339394752478256 0.056162246956168234
0.0083501231079685934 -0.0071297941286436895 0.053941689953162474
0.011089343932615375 -0.0057575149532904718 0.053837341131607958
0.011475650936260531 -0.0073641509362605308 0.056283074618830808
0.0086095790897467682 -0.0071830904115083583 0.057560420018531774
0.01140614587676609 -0.0072946458767660909 0.053756655082397312
0.008457489809381465 -0.007237160830056562 0.052709094657538008
0.011381314019452738 -0.0072698140194527375 0.045692280642187125
0.011022486673237354 -0.0058575572822140492 0.044819432690049295
0.0083658006926900924 -0.007312371301666786 0.045396614888703696
0.0084240347369816775 -0.0072252323811102526 0.046537747633979054
0.01108072071752894 -0.0057704183616575158 0.045960565435324646
0.01163296164137264 -0.0075214616413726417 0.044049625608225645
0.0086174483146099958 -0.0075640189235866894 0.043753959854742223
0.011381314019452738 -0.0072698140194527375 0.048131035850752464
0.011189701042463925 -0.0070782010424639257 0.049397003142086671
0.0099816163621460393 -0.0065778231603403816 0.049342831408385801
0.010173229339134853 -0.0067694361373291934 0.048076864117051601
0.010198061196448206 -0.0067942679946425468 0.051256337000794523
0.0098812592522974901 -0.0052571370711669285 0.051337023050005162
0.0098010346069486408 -0.005377181781830098 0.049270373567353032
0.0081608203297304505 -0.0071407607064175671 0.048728939582477176
0.0082170767612676117 -0.0070565810005746186 0.049765828664560446
0.009857291038485802 -0.0052930020759871504 0.050307262649436302
0.0087271742900304743 -0.0073998296907853726 0.042530022163331786
0.0098726360372110543 -0.0052700404795339726 0.048345148910189123
0.0091361509362605335 -0.0063951509362605323 0.058840623840597177
0.011475650936260531 -0.0073641509362605308 0.058840623840597177
0.011171928153486235 -0.0056339394752478256 0.058719796177934602
0.0099799495902833241 -0.0065761563884776646 0.050307262649436302
0.0082154099894048947 -0.0070549142287119017 0.050730259905610947
0.01140614587676609 -0.0072946458767660909 0.051310508734495379
0.0093451990382494715 -0.0061788553149926704 0.041037945776872496
0.00984594803096428 -0.0080069489069525789 0.041492076386459277
0.0084952068360683048 -0.0071678622368232039 0.041037945776872496
0.0082393782032165845 -0.0070190492238916807 0.051760020306179794
0.011132212648657831 -0.0056933680494127316 0.043595494998638872
0.0083524333067192622 -0.0073323736834063789 0.047462972291142963
0.011188034270601208 -0.0070765342706012088 0.050361434383137171
0.011132212648657831 -0.0056933680494127316 0.041037945776872496
0.01163296164137264 -0.0075214616413726417 0.041492076386459277
0.0100515 0.0073105000000000002 0.027551829633496977
0.0100515 0.0073105000000000002 0.025051829633496971
0.0100515 0.0073105000000000002 0.022551829633496976
0.0100515 0.0073105000000000002 0.037556519165759965
0.0100515 0.0073105000000000002 0.03505651916575997
0.0100515 0.0073105000000000002 0.032556519165759967
0.011171329366843587 -0.0056348354738396944 0.0038343188979128888
0.011062624592455763 -0.0057974966253143724 0.0049994924951761452
0.0083239258863170365 -0.0071702979191756444 0.0048922555285575951
0.011299301293861272 -0.0071878012938612727 0.0050078610981861447
0.0084326306607048606 -0.0070076367677009664 0.0037270819312943382
0.01108844665857122 -0.0057588575955988038 0.0061520978106797859
0.0083497479524324916 -0.0071316588894600758 0.0060448608440612367
0.011089003727541995 -0.0057580240215377929 0.014044283153097354
0.011024091342978527 -0.0058551561233936966 0.01518158924813603
0.0083170486413143337 -0.0070975689353101326 0.014336213291237316
0.0082521362567508673 -0.0071947010371660371 0.015473519386275992
0.011266044913772338 -0.0071545449137723396 0.015176832073335249
0.0098019946812573835 -0.0053757450847794243 0.010722384148806708
0.0098809190037151204 -0.0052576461213932136 0.011659699089758026
0.008456704789102926 -0.0072372250830987214 0.013055758312811196
0.010197616337734052 -0.0067938231614163491 0.011511793031569798
0.0083777804666451926 -0.0073553240464849312 0.012118443371859878
0.0086090335805029013 -0.0071840396874990071 0.0024349847277705377
0.011475704213659314 -0.0073642042136593134 0.0037157638946623442
0.010008199642093247 -0.0066044064657755468 0.010576071747268705
0.0081883637710043894 -0.0071659073508441307 0.011182722087558784
0.008459203127877582 -0.0072411140649051662 0.0072739266009941841
0.011408756469306364 -0.0072972564693063631 0.0062369268551190921
0.011405701061560927 -0.0072942010615609284 0.013896377094909129
0.011182915276173122 -0.0077791220998554211 0.010056256829802608
0.0099997105585714809 -0.0065959173822537796 0.0096992632925079654
0.010200671745479483 -0.0067968785691617838 0.0087372447269750617
0.0098803619347443399 -0.0052584796954542237 0.0086524156825357537
0.0080971024525615769 -0.0070396672329767485 0.01672072480210263
0.0082049640969336889 -0.0068782677050137422 0.017944407422358508
0.0098538085740524396 -0.0052982130029376445 0.0096783129503722858
0.0082401776637994455 -0.0070883752690023508 0.010138650889124362
0.0093445768048643005 -0.0061793278458933372 0.018962820900794264
0.0099111238175136618 -0.0053315712504626482 0.017752191196957978
0.0091362042136593144 -0.0063952042136593132 0.0011582148622599959
0.011171329366843587 -0.0056348354738396944 0.0012767698655105416
0.011475704213659314 -0.0073642042136593134 0.0011582148622599959
0.0082316885802776758 -0.0070798861854805845 0.0092618424343636208
0.011408756469306364 -0.0072972564693063631 0.0086830737294677982
0.011405701061560927 -0.0072942010615609284 0.011457622034062538
0.0082582419409695795 -0.007040152877997162 0.0082359451665270887
0.0081753238827695866 -0.0069226200473376251 0.018981586521564245
0.0093236349270967127 -0.0074850823600456995 0.018981586521564245
0.0099010910193317956 -0.0080625384522807816 0.018838240853995991
0.012250623817513665 -0.0063005712504626476 0.017442450967597643
0.0092367151604921885 -0.0063407273738563443 0.017739138280538386
0.0094786687312859996 -0.0076401161642349873 0.017734381105737607
0.01060362381751366 -0.0087650712504626464 0.017334125386216155
0.0092574446310629416 -0.0063097086851971948 0.021468337578835595
0.009491731812179478 -0.0059591314187359282 0.020748915288113567
0.0091380721337939869 -0.0064883325586151284 0.020668461876483305
0.0080535481104859613 -0.0072423611023581152 0.022203660676932857
0.008172920607754916 -0.0070637372289401833 0.023003536379285143
0.009378723611719297 -0.0075401710446682847 0.021535198800449552
0.011107909981973616 -0.0058272693882534974 0.02127257620309778
0.0099021069780092317 -0.0053508355725253977 0.022740913781933374
0.010023385958665592 -0.0065812979319964868 0.022807775003547328
0.010136394159125768 -0.0050002583060641311 0.022021491491211347
0.0082071564821960125 -0.0070163243683840004 0.026982330275799604
0.008247240622057948 -0.0069563441846015178 0.026079808292841598
0.008519989203581364 -0.0072290927661249347 0.025053145241887287
0.0099748982725690952 -0.0052419138084435612 0.023803012726487605
0.0084107656241345797 -0.0067116524009841212 0.027713348389363159
0.0082457119023147795 -0.0069548154648583476 0.024065635323839377
0.008286991748605109 -0.0074758047404772628 0.020668461876483305
0.010006716251935112 -0.0079755800450002183 0.028714416097589845
0.009418106136474173 -0.0073869699295392765 0.028549371769451767
0.0099702278819141926 -0.0081316753148631751 0.021311581503789399
0.010906152298346536 -0.0089167712723394917 0.026214416097589847
0.010935723302882255 -0.0088725224923283871 0.028714416097589845
0.0099249828001762644 -0.0052978219421202797 0.026138402420586807
0.0095316147327111356 -0.0058013653026257848 0.029163976619911391
0.0099650669400381999 -0.0052378417583377988 0.0252358804376288
0.010930306017105786 -0.0088840372991047783 0.022614764199742423
0.011423325770218918 -0.0075385044851668977 0.021303182695953021
0.01206493950540157 -0.0065654099506037263 0.027705443914238969
0.012035368500865848 -0.0066096587306148299 0.025205443914238974
0.01206798811716521 -0.0065796313724950997 0.0225757588990508
0.010590290764409012 -0.0086009097384019684 0.025022708718497461
0.010907517733337316 -0.0089181367073302726 0.023811581503789404
0.010015083345877867 -0.0065787546016338938 0.026254815683690744
0.010287831927401283 -0.0068515031831573123 0.02522815263273644
0.010013554626134695 -0.0065772258818907244 0.024240642714688523
0.0086343246478134822 -0.0069352114246630254 0.029163976619911391
0.010603693461338808 -0.0071673647170948348 0.026419860011828816
0.010614890228860484 -0.007172802202191378 0.022584157706887181
0.010605058896329593 -0.0071687301520856157 0.024017025418028373
0.012058156784634316 -0.0065755593223893365 0.024008626610191999
0.010183789869943692 -0.0061809676502046513 0.028177047284602529
0.012110894934971849 -0.0059979838251023251 0.029088523642301262
0.009771394934971844 -0.0050289838251023258 0.0274075931577741
0.009771394934971844 -0.0050289838251023258 0.029088523642301262
0.01036137255749721 -0.0063288252406927962 0.029088523642301262
0.0093540320451576189 -0.00565350771213764 0.028252500262212651
0.010958349766900908 -0.0055206099127874126 0.026793967556540239
0.011290379608444355 -0.007225767688020965 0.029088523642301262
0.0098291335643815939 -0.0078277224545120726 0.027802939739891112
0.0092405234489206546 -0.0072391123390511325 0.027637895411753037
0.00915042290321905 -0.0059581796795375183 0.0275214821486491
0.010051499999999998 0.0073104999999999984 0.017499999999999995
0.010051499999999998 0.0073104999999999984 0.01412929385617879
0.0100515 0.0073105000000000002 0.0024999999999999931
0.0100515 0.0073105000000000002 0.0056227769187251796
0.0100515 0.0073105000000000002 0.008122776918725181
0.0100515 0.0073105000000000002 0.01162929385617879
0.0100515 0.0073105000000000002 0.042500000000000003
0.010051499999999998 0.0073104999999999984 0.057500000000000002
0.010051499999999998 0.0073104999999999984 0.054443126642344832
0.010600500000000001 0.006489 0.051870820168729077
0.0100515 0.0073105000000000002 0.045929391945288285
0.0100515 0.0073105000000000002 0.048429391945288287
0.0092944537302718302 -0.0061562428317767691 0.031409293663085147
0.0095278876145326371 -0.0058069424020495324 0.030722110518554262
0.0091743980227814315 -0.0063358890316007437 0.030634412201352976
0.0081728630144734648 -0.0070657883229132993 0.032852284564339251
0.0080528073069830678 -0.0072454345227372756 0.03207740310260708
0.0094173645292523651 -0.0073862283223174703 0.031442990901254103
0.0094923082486100679 -0.0059587274164294071 0.039249805645618682
0.0092579184308436806 -0.0063094582639614417 0.03852882596087541
0.0091386274701577477 -0.0064879601295415772 0.039329291482565046
0.0098914309367756168 -0.0053480275026702682 0.033703849750931755
0.01001434173575615 -0.0065780129932109695 0.033737546989100711
0.011135932451554514 -0.0056684675020744401 0.032294556087846607
0.0099650955739813418 -0.00523779890619576 0.034757942561148392
0.0082465276516791933 -0.0069555597264387911 0.033906377374555881
0.0093804231412437725 -0.0075414240172320748 0.038457114174082846
0.0081743687929041794 -0.0070649077500336381 0.036985940134958248
0.0080550778322182465 -0.0072434096156137745 0.037786405656647898
0.011108272549494588 -0.00582718540148332 0.038727423795430482
0.0099022182011549928 -0.0053506691342848833 0.037256249756305891
0.010024722911555086 -0.0065826348875555165 0.037184537969513327
0.010136608018921382 -0.0049999382867528495 0.037977229441049171
0.0085201197311860297 -0.0072291518059456284 0.034935673640531482
0.0082771079378837781 -0.0074697351536379842 0.030634412201352976
0.0099749269048551442 -0.0052418709556151712 0.036190810268732256
0.0082470774966043291 -0.006956109571363926 0.035920500647384626
0.010316800594372613 -0.0083274195216616644 0.033942990901254105
0.010590392673879448 -0.0086010116011685026 0.034972287167229707
0.010906024373763319 -0.0089166433010523741 0.033783055613696766
0.0082886352679765827 -0.0074769670513721116 0.039329291482565046
0.010006588308643071 -0.007975452101708181 0.031283055613696764
0.010935595359590218 -0.0088723945490363498 0.031283055613696764
0.0099489776225253641 -0.0051768414155904715 0.031680930517123444
0.01203536851667476 -0.0066096587014186333 0.034794556087846609
0.0099711683746509273 -0.008132169250639228 0.038685880268262501
0.010930883940437236 -0.0088846152157642418 0.037382697572493614
0.011423688344969584 -0.0075384204962848931 0.038696817304231114
0.012067988115280898 -0.0065796313666083338 0.037424241099661595
0.010297765146136792 -0.006855677122137218 0.036199710962660177
0.010613180941611783 -0.008566912216938791 0.036169104471460808
0.010287933815262988 -0.0068516050727178077 0.034766843255076313
0.010340138707030084 -0.0082938699823570886 0.037153931478313952
0.012058156784407095 -0.0065755593171889226 0.035991373392077718
0.011700071164152849 -0.0070576387598312125 0.031969533797300151
0.012869035582076424 -0.0064363193799156062 0.030984766898650075
0.012869035582076424 -0.0064363193799156062 0.033484766898650077
0.012048520255548933 -0.007664103242834246 0.030984766898650075
0.011716490411105573 -0.0059589454663995763 0.03327932298649669
0.011119513204601788 -0.0067671607955060772 0.030984766898650075
0.012018949269722034 -0.0077083519948502703 0.033484766898650077
0.010587146268194132 -0.0082659300660333154 0.032267822512346833
0.0099979224888034242 -0.0076767062866426065 0.032427757799904179
0.012083999999999999 0.0029074999999999999 0.022499999999999999
0.011693564888472969 0.0023259744635600126 0.025040719072125895
0.010526282444236482 0.0031014872317800062 0.022520359536062948
0.012865782444236484 0.004070487231780006 0.025020359536062953
0.010911782444236484 0.0011629872317800063 0.022520359536062948
0.010911782444236484 0.0011629872317800063 0.025036402491327103
0.013444282444236485 0.0011629872317800063 0.025020359536062953
0.010526282444236482 0.0031014872317800062 0.025072189169559923
0.012865782444236484 0.004070487231780006 0.027520359536062949
0.013444282444236485 0.0011629872317800063 0.027520359536062949
0.010911782444236484 0.0011629872317800063 0.027520359536062949
0.012083999999999999 0.0029074999999999999 0.034983957047382983
0.012083999999999999 0.0029074999999999999 0.032500000000000001
0.012083999999999999 0.0029074999999999999 0.037483957047382985
0.012277 -0.0019384999999999999 0.0023603536210131614
0.012277 -0.0019384999999999999 0.0048603536210131554
0.012277 -0.0019384999999999999 0.015252191196957973
0.012277 -0.0019384999999999999 0.0067083604896552539
0.012277 -0.0019384999999999999 0.0092083604896552543
0.012277 -0.0019384999999999999 0.010928338867482276
0.013408415276173122 -0.0024071220998554202 0.010057866904258307
0.012277 -0.0019384999999999999 0.013428338867482278
0.010941286164459954 -0.0024341981377908506 0.02127257620309778
0.013473786164459954 -0.0024341981377908506 0.023772576203097775
0.010941286164459954 -0.0024341981377908506 0.023788619158361932
0.013473786164459954 -0.0024341981377908506 0.02127257620309778
0.013463954831929061 -0.0024301260876850874 0.025205443914238974
0.010931454831929061 -0.0024301260876850874 0.025221486869503127
0.013463954831929061 -0.0024301260876850874 0.027705443914238969
0.012277 -0.0019384999999999999 0.02831906951547284
0.01094128615990295 -0.0024341981359033808 0.038727423795430482
0.01347378615990295 -0.0024341981359033808 0.03622742379543048
0.01094128615990295 -0.0024341981359033808 0.036211380842813459
0.010931454829029153 -0.0024301260864839696 0.034778513135229588
0.013463954829029153 -0.0024301260864839696 0.034794556087846609
0.013463954829029153 -0.0024301260864839696 0.032294556087846607
0.012277 -0.0019384999999999999 0.031680930517123444
0.012083999999999999 0.0029074999999999999 0.017499999999999995
0.012083999999999999 0.0029074999999999999 0.01489679241888937
0.012277 0.0019384999999999999 0.01162929385617879
0.012083999999999999 0.0029074999999999999 0.0024999999999999931
0.01176507222321033 0.0022960793393527754 0.0052911948171384098
0.010947536111605163 0.0011480396696763877 0.0050299473447652093
0.010562036111605165 0.0030865396696763874 0.0026455974085692049
0.010947536111605163 0.0011480396696763877 0.0026455974085692049
0.012901536111605164 0.0040555396696763876 0.0051455974085691993
0.013480036111605163 0.0011480396696763877 0.0026455974085692049
0.010562036111605165 0.0030865396696763874 0.005768374327294391
0.013480036111605163 0.0011480396696763877 0.0051455974085691993
0.010947536111605163 0.0011480396696763877 0.00753510173068213
0.013480036111605163 0.0011480396696763877 0.0076455974085691998
0.012901536111605164 0.0040555396696763876 0.0076455974085691998
0.012083999999999999 0.0029074999999999999 0.0098895043221129183
0.012083999999999999 0.0029074999999999999 0.057500000000000002
0.012083999999999999 0.0029074999999999999 0.042500000000000003
0.012083999999999999 0.0029074999999999999 0.051884885691462122
0.012083999999999999 0.0029074999999999999 0.048593372359054851
0.012083999999999999 0.0029074999999999999 0.054384885691462118
0.012083999999999999 0.0029074999999999999 0.046093372359054849
0.012277 -0.0019384999999999999 0.055139645309697359
0.012277 -0.0019384999999999999 0.044747808543537021
0.012083999999999999 -0.0029074999999999999 0.046150921580821215
0.010875915319682114 -0.0024071221178764567 0.048535505055685685
0.013408415319682114 -0.0024071221178764567 0.049942132696630816
0.012277 -0.0019384999999999999 0.050791638891562962
0.012277 -0.0019384999999999999 0.053291638891562958
$EndNodes
$Elements
246 4907 1 4907
2 1 9 8
4864 233 88 87 2900 671 2901
4865 233 87 95 2901 712 2902
4866 233 103 88 2903 756 2900
4867 233 95 117 2902 821 2904
4868 136 103 233 914 2903 2905
4869 134 233 117 2906 2904 911
4870 135 233 134 2907 2906 912
4871 135 136 233 913 2905 2907
2 2 9 5
4886 84 2763 54 2764 2765 659
4887 54 2763 95 2765 2766 711
4888 116 2763 84 2767 2764 819
4889 95 2763 117 2766 2768 821
4890 117 2763 116 2768 2767 820
2 3 9 5
4876 35 2418 22 2419 2420 375
4877 22 2418 87 2420 2421 663
4878 54 2418 35 2422 2419 495
4879 95 2418 54 2423 2422 711
4880 87 2418 95 2421 2423 712
2 4 9 5
4850 22 2359 21 2360 2361 307
4851 21 2359 55 2361 2362 502
4852 87 2359 22 2363 2360 663
4853 55 2359 88 2362 2364 677
4854 88 2359 87 2364 2363 671
2 5 9 5
4840 55 2656 75 2657 2658 609
4841 88 2656 55 2659 2657 677
4842 75 2656 102 2658 2660 755
4843 103 2656 88 2661 2659 756
4844 102 2656 103 2660 2661 764
2 6 9 5
4845 103 3130 102 3131 3132 764
4846 102 3130 158 3132 3133 1028
4847 136 3130 103 3134 3131 914
4848 171 3130 136 3135 3134 1082
4849 158 3130 171 3133 3135 1083
2 7 9 5
4855 135 3539 136 3540 3541 913
4856 183 3539 135 3542 3540 1191
4857 136 3539 171 3541 3543 1082
4858 171 3539 184 3543 3544 1193
4859 184 3539 183 3544 3542 1192
2 8 9 5
4881 134 3630 135 3631 3632 912
4882 177 3630 134 3633 3631 1158
4883 135 3630 183 3632 3634 1191
4884 188 3630 177 3635 3633 1217
4885 183 3630 188 3634 3635 1223
2 9 9 5
4891 116 3473 117 3474 3475 820
4892 169 3473 116 3476 3474 1067
4893 117 3473 134 3475 3477 911
4894 134 3473 177 3477 3478 1158
4895 177 3473 169 3478 3476 1152
2 10 9 2
4904 116 84 83 819 641 2886
4905 131 116 83 897 2886 906
2 11 9 2
4900 84 54 52 659 479 2279
4901 84 52 83 2279 658 641
2 12 9 2
4896 35 33 52 367 472 1868
4897 54 35 52 495 1868 479
2 13 9 2
4872 22 24 33 323 364 1590
4873 35 22 33 375 1590 367
2 14 9 2
4860 21 23 22 315 1530 307
4861 22 23 24 1530 324 323
2 15 9 2
4836 21 57 23 1921 513 315
4837 55 57 21 511 1921 502
2 16 9 2
4832 75 57 55 2178 511 609
4833 75 72 57 610 601 2178
2 17 9 2
4828 102 72 75 2825 610 755
4829 120 72 102 859 2825 861
2 18 9 2
4830 157 120 102 1027 861 3070
4831 157 102 158 3070 1028 1026
2 19 9 2
4834 205 157 158 1323 1026 3968
4835 205 158 171 3968 1083 1322
2 20 9 2
4838 205 171 184 1322 1193 4120
4839 219 205 184 1380 4120 1379
2 21 9 2
4862 219 184 183 1379 1192 4238
4863 231 219 183 1435 4238 1434
2 22 9 2
4874 223 183 188 4267 1223 1407
4875 231 183 223 1434 4267 1448
2 23 9 2
4898 206 188 177 4183 1217 1325
4899 223 188 206 1407 4183 1399
2 24 9 2
4902 206 169 170 3969 1069 1324
4903 206 177 169 1325 1152 3969
2 25 9 2
4906 170 116 131 3111 897 1068
4907 170 169 116 1069 1067 3111
2 26 9 8
4812 81 132 898 907 901 2887
4813 81 898 642 2887 2888 645
4814 83 900 131 2889 904 906
4815 83 644 900 648 2890 2889
4816 642 899 643 2891 2892 646
4817 642 898 899 2888 902 2891
4818 643 899 644 2892 2893 647
4819 644 899 900 2893 903 2890
2 27 9 8
4796 51 81 642 630 645 2280
4797 467 51 642 471 2280 2281
4798 52 644 83 2282 648 658
4799 52 465 644 468 2283 2282
4800 466 643 465 2284 2285 469
4801 465 643 644 2285 647 2283
4802 467 643 466 2286 2284 470
4803 467 642 643 2281 646 2286
2 28 9 8
4780 51 359 32 1806 363 464
4781 52 33 357 472 360 1807
4782 51 467 359 471 1808 1806
4783 52 357 465 1807 1809 468
4784 465 357 358 1809 361 1810
4785 467 358 359 1811 362 1808
4786 465 358 466 1810 1812 469
4787 467 466 358 470 1812 1811
2 29 9 8
4764 32 318 14 1575 322 356
4765 33 24 316 364 319 1576
4766 32 359 318 363 1577 1575
4767 33 316 357 1576 1578 360
4768 358 316 317 1579 320 1580
4769 357 316 358 1578 1579 361
4770 359 317 318 1581 321 1577
4771 359 358 317 362 1580 1581
2 30 9 8
4748 14 310 11 1531 314 257
4749 14 318 310 322 1532 1531
4750 24 23 316 324 1533 319
4751 316 23 308 1533 311 1534
4752 316 308 309 1534 312 1535
4753 318 309 310 1536 313 1532
4754 317 316 309 320 1535 1537
4755 317 309 318 1537 1536 321
2 31 9 8
4732 11 505 58 1922 509 512
4733 11 310 505 314 1923 1922
4734 23 57 503 513 506 1924
4735 23 503 308 1924 1925 311
4736 309 308 503 312 1925 1926
4737 309 504 310 1927 1928 313
4738 309 503 504 1926 507 1927
4739 310 504 505 1928 508 1923
2 32 9 8
4716 72 503 57 2165 506 601
4717 73 58 505 600 509 2166
4718 593 503 72 2167 2165 596
4719 595 73 505 599 2166 2168
4720 593 504 503 2169 507 2167
4721 595 505 504 2168 508 2170
4722 593 594 504 597 2171 2169
4723 595 504 594 2170 2171 598
2 33 9 8
4700 120 593 72 2817 596 859
4701 121 73 595 858 599 2818
4702 851 593 120 2819 2817 854
4703 121 595 853 2818 2820 857
4704 852 594 593 2821 597 2822
4705 851 852 593 855 2822 2819
4706 853 595 594 2820 598 2823
4707 853 594 852 2823 2821 856
2 34 9 8
4708 157 851 120 3057 854 1027
4709 149 121 853 987 857 3058
4710 149 853 1014 3058 3059 1018
4711 1012 851 157 3060 3057 1015
4712 1013 852 851 3061 855 3062
4713 1012 1013 851 1016 3062 3060
4714 1014 853 852 3059 856 3063
4715 1014 852 1013 3063 3061 1017
2 35 9 8
4724 200 149 1014 1295 1018 3961
4725 205 1012 157 3962 1015 1323
4726 200 1014 1317 3961 3963 1321
4727 205 1315 1012 1318 3964 3962
4728 1315 1013 1012 3965 1016 3964
4729 1317 1014 1013 3963 1017 3966
4730 1315 1316 1013 1319 3967 3965
4731 1317 1013 1316 3966 3967 1320
2 36 9 8
4740 200 1383 220 4140 1387 1389
4741 1317 1383 200 4141 4140 1321
4742 205 219 1381 1380 1384 4142
4743 205 1381 1315 4142 4143 1318
4744 1316 1315 1382 1319 4144 4145
4745 1315 1381 1382 4143 1385 4144
4746 1317 1316 1382 1320 4145 4146
4747 1317 1382 1383 4146 1386 4141
2 37 9 8
4756 219 231 1436 1435 1439 4247
4757 219 1436 1381 4247 4248 1384
4758 220 1438 226 4249 1442 1443
4759 1383 1438 220 4250 4249 1387
4760 1382 1381 1437 1385 4251 4252
4761 1381 1436 1437 4248 1440 4251
4762 1383 1382 1437 1386 4252 4253
4763 1383 1437 1438 4253 1441 4250
2 38 9 8
4772 1438 214 226 4260 1422 1442
4773 1438 1402 214 4261 1406 4260
4774 231 223 1400 1448 1403 4262
4775 1436 231 1400 1439 4262 4263
4776 1437 1400 1401 4264 1404 4265
4777 1437 1436 1400 1440 4263 4264
4778 1437 1401 1402 4265 1405 4266
4779 1438 1437 1402 1441 4266 4261
2 39 9 8
4788 223 206 1400 1399 4176 1403
4789 1400 206 1327 4176 1330 4177
4790 1402 207 214 4178 1367 1406
4791 1402 1329 207 4179 1333 4178
4792 1400 1327 1328 4177 1331 4180
4793 1401 1328 1329 4181 1332 4182
4794 1401 1400 1328 1404 4180 4181
4795 1401 1329 1402 4182 4179 1405
2 40 9 8
4804 163 207 1070 1326 3970 1073
4805 170 1072 206 1076 3971 1324
4806 1072 1327 206 3972 1330 3971
4807 1070 207 1329 3970 1333 3973
4808 1070 1329 1071 3973 3974 1074
4809 1072 1071 1327 1075 3975 3972
4810 1071 1328 1327 3976 1331 3975
4811 1071 1329 1328 3974 1332 3976
2 41 9 8
4820 131 900 170 904 3112 1068
4821 132 163 898 1049 3113 901
4822 898 163 1070 3113 1073 3114
4823 900 1072 170 3115 1076 3112
4824 898 1070 899 3114 3116 902
4825 899 1071 900 3117 3118 903
4826 899 1070 1071 3116 1074 3117
4827 900 1071 1072 3118 1075 3115
2 42 9 2
4696 81 80 132 629 2895 907
4697 80 133 132 908 909 2895
2 43 9 5
4689 60 2202 51 2203 2204 523
4690 51 2202 81 2204 2205 630
4691 626 2202 60 2206 2203 627
4692 81 2202 80 2205 2207 629
4693 80 2202 626 2207 2206 628
2 44 9 5
4682 36 1937 32 1938 1939 377
4683 32 1937 51 1939 1940 464
4684 520 1937 36 1941 1938 521
4685 51 1937 60 1940 1942 523
4686 60 1937 520 1942 1941 522
2 45 9 2
4678 32 14 13 356 256 1597
4679 32 13 36 1597 376 377
2 46 9 2
4674 13 11 12 1472 254 255
4675 14 11 13 257 1472 256
2 47 9 2
4667 11 59 12 1929 515 254
4668 11 58 59 512 514 1929
2 48 9 2
4660 73 59 58 2194 514 600
4661 79 59 73 621 2194 620
2 49 9 2
4656 121 79 73 2832 620 858
4657 122 79 121 863 2832 862
2 50 9 2
4658 149 122 121 3019 862 987
4659 150 122 149 989 3019 988
2 51 9 5
4662 149 3855 150 3856 3857 988
4663 200 3855 149 3858 3856 1295
4664 150 3855 1297 3857 3859 1299
4665 201 3855 200 3860 3858 1296
4666 1297 3855 201 3859 3860 1298
2 52 9 5
4669 200 4147 201 4148 4149 1296
4670 220 4147 200 4150 4148 1389
4671 201 4147 1391 4149 4151 1393
4672 221 4147 220 4152 4150 1390
4673 1391 4147 221 4151 4152 1392
2 53 9 2
4676 220 226 221 1443 4254 1390
4677 221 226 227 4254 1424 1444
2 54 9 2
4680 226 214 215 1422 1369 4225
4681 227 226 215 1424 4225 1423
2 55 9 2
4687 215 207 208 4107 1336 1368
4688 214 207 215 1367 4107 1369
2 56 9 2
4694 163 161 207 1050 3984 1326
4695 161 208 207 1335 1336 3984
2 57 9 2
4698 132 133 163 909 3093 1049
4699 133 161 163 1046 1050 3093
2 58 9 2
4652 80 62 133 631 2896 908
4653 62 128 133 883 910 2896
2 59 9 4
4646 60 38 626 524 2208 627
4647 38 538 626 539 2209 2208
4648 538 62 80 540 631 2210
4649 626 538 80 2209 2210 628
2 60 9 4
4640 388 36 26 1943 378 389
4641 520 36 388 521 1943 1944
4642 60 520 38 522 1945 524
4643 38 520 388 1945 1944 390
2 61 9 2
4636 36 13 4 376 259 1598
4637 36 4 26 1598 327 378
2 62 9 2
4632 4 12 1 1473 258 238
4633 13 12 4 255 1473 259
2 63 9 2
4626 12 44 1 1930 439 258
4627 12 59 44 515 516 1930
2 64 9 2
4620 79 44 59 2195 516 621
4621 76 44 79 613 2195 622
2 65 9 2
4616 122 76 79 2833 622 863
4617 123 76 122 865 2833 864
2 66 9 2
4618 150 123 122 3020 864 989
4619 151 123 150 991 3020 990
2 67 9 4
4622 1297 151 150 3861 990 1299
4623 1301 151 1297 1303 3861 3862
4624 201 202 1301 1300 1302 3863
4625 201 1301 1297 3863 3862 1298
2 68 9 4
4628 201 1391 202 1393 4153 1300
4629 202 1391 1395 4153 4154 1396
4630 1395 221 222 4155 1394 1397
4631 1391 221 1395 1392 4155 4154
2 69 9 2
4634 221 227 222 1444 4255 1394
4635 222 227 228 4255 1426 1445
2 70 9 2
4638 227 215 216 1423 1371 4226
4639 228 227 216 1426 4226 1425
2 71 9 2
4644 216 208 203 4108 1337 1370
4645 215 208 216 1368 4108 1371
2 72 9 2
4650 161 162 208 1048 3985 1335
4651 162 203 208 1310 1337 3985
2 73 9 2
4654 133 128 161 910 3092 1046
4655 128 162 161 1047 1048 3092
2 74 9 2
4612 62 61 128 537 2858 883
4613 61 127 128 881 882 2858
2 75 9 4
4606 38 37 534 387 535 2003
4607 38 534 538 2003 2004 539
4608 538 61 62 2005 537 540
4609 534 61 538 536 2005 2004
2 76 9 4
4600 388 26 25 389 326 1611
4601 384 388 25 1612 1611 385
4602 38 384 37 1613 386 387
4603 38 388 384 390 1612 1613
2 77 9 2
4596 26 4 3 327 237 1538
4597 26 3 25 1538 325 326
2 78 9 2
4592 3 1 2 1459 235 236
4593 4 1 3 238 1459 237
2 79 9 2
4586 1 45 2 1777 438 235
4587 1 44 45 439 437 1777
2 80 9 2
4580 76 45 44 2185 437 613
4581 77 45 76 612 2185 611
2 81 9 2
4576 123 77 76 2839 611 865
4577 125 77 123 869 2839 870
2 82 9 2
4578 151 125 123 3035 870 991
4579 154 125 151 1002 3035 1001
2 83 9 4
4582 1301 154 151 3995 1001 1303
4583 1338 154 1301 1340 3995 3996
4584 202 209 1338 1343 1339 3997
4585 202 1338 1301 3997 3996 1302
2 84 9 4
4588 202 1417 209 4210 1419 1343
4589 202 1395 1417 1396 4211 4210
4590 1395 222 225 1397 1421 4212
4591 1417 1395 225 4211 4212 1418
2 85 9 2
4594 222 228 225 1445 4258 1421
4595 225 228 229 4258 1430 1446
2 86 9 2
4598 228 216 217 1425 1375 4232
4599 229 228 217 1430 4232 1429
2 87 9 2
4604 217 203 204 4114 1312 1374
4605 216 203 217 1370 4114 1375
2 88 9 2
4610 162 166 203 1059 3907 1310
4611 166 204 203 1311 1312 3907
2 89 9 2
4614 128 127 162 882 3102 1047
4615 127 166 162 1058 1059 3102
2 90 9 2
4572 61 63 127 542 2859 881
4573 63 129 127 884 885 2859
2 91 9 5
4565 39 2006 37 2007 2008 392
4566 37 2006 534 2008 2009 535
4567 63 2006 39 2010 2007 541
4568 61 2006 63 2011 2010 542
4569 534 2006 61 2009 2011 536
2 92 9 5
4558 27 1614 25 1615 1616 329
4559 25 1614 384 1616 1617 385
4560 39 1614 27 1618 1615 391
4561 37 1614 39 1619 1618 392
4562 384 1614 37 1617 1619 386
2 93 9 2
4554 25 3 6 325 241 1539
4555 25 6 27 1539 328 329
2 94 9 2
4550 3 2 6 236 1460 241
4551 6 2 5 1460 239 240
2 95 9 2
4543 2 46 5 1778 441 239
4544 2 45 46 438 440 1778
2 96 9 2
4536 77 46 45 2186 440 612
4537 68 46 77 583 2186 614
2 97 9 2
4532 125 68 77 2838 614 869
4533 124 68 125 868 2838 867
2 98 9 2
4534 154 124 125 3036 867 1002
4535 155 124 154 1004 3036 1003
2 99 9 5
4538 154 3989 155 3990 3991 1003
4539 1338 3989 154 3992 3990 1340
4540 155 3989 210 3991 3993 1342
4541 210 3989 209 3993 3994 1341
4542 209 3989 1338 3994 3992 1339
2 100 9 5
4545 209 4204 210 4205 4206 1341
4546 1417 4204 209 4207 4205 1419
4547 210 4204 212 4206 4208 1357
4548 212 4204 225 4208 4209 1420
4549 225 4204 1417 4209 4207 1418
2 101 9 2
4552 225 229 212 1446 4257 1420
4553 212 229 230 4257 1432 1447
2 102 9 2
4556 229 217 218 1429 1377 4233
4557 230 229 218 1432 4233 1431
2 103 9 2
4563 218 204 198 4115 1313 1376
4564 217 204 218 1374 4115 1377
2 104 9 2
4570 166 167 204 1061 3908 1311
4571 167 198 204 1284 1313 3908
2 105 9 2
4574 127 129 166 885 3103 1058
4575 129 167 166 1060 1061 3103
2 106 9 8
4516 63 890 129 2872 894 884
4517 63 556 890 559 2873 2872
4518 66 130 888 896 891 2874
4519 66 888 558 2874 2875 562
4520 557 889 556 2876 2877 560
4521 556 889 890 2877 893 2873
4522 558 889 557 2878 2876 561
4523 558 888 889 2875 892 2878
2 107 9 8
4500 39 556 63 2088 559 541
4501 39 413 556 416 2089 2088
4502 42 66 558 573 562 2090
4503 415 42 558 419 2090 2091
4504 414 557 413 2092 2093 417
4505 413 557 556 2093 560 2089
4506 415 557 414 2094 2092 418
4507 415 558 557 2091 561 2094
2 108 9 8
4484 39 27 340 391 343 1690
4485 42 342 30 1691 346 412
4486 39 340 413 1690 1692 416
4487 42 415 342 419 1693 1691
4488 413 340 341 1692 344 1694
4489 415 341 342 1695 345 1693
4490 413 341 414 1694 1696 417
4491 415 414 341 418 1696 1695
2 109 9 8
4468 27 6 290 328 293 1554
4469 30 292 20 1555 296 339
4470 27 290 340 1554 1556 343
4471 30 342 292 346 1557 1555
4472 340 290 291 1556 294 1558
4473 342 291 292 1559 295 1557
4474 340 291 341 1558 1560 344
4475 342 341 291 345 1560 1559
2 110 9 8
4452 6 5 290 240 1502 293
4453 290 5 280 1502 283 1503
4454 20 282 19 1504 286 288
4455 20 292 282 296 1505 1504
4456 290 280 281 1503 284 1506
4457 292 281 282 1507 285 1505
4458 291 290 281 294 1506 1508
4459 291 281 292 1508 1507 295
2 111 9 8
4436 5 46 455 441 458 1799
4437 5 455 280 1799 1800 283
4438 19 457 50 1801 461 463
4439 19 282 457 286 1802 1801
4440 281 280 455 284 1800 1803
4441 281 456 282 1804 1805 285
4442 281 455 456 1803 459 1804
4443 282 456 457 1805 460 1802
2 112 9 8
4420 68 455 46 2141 458 583
4421 69 50 457 582 461 2142
4422 575 455 68 2143 2141 578
4423 577 69 457 581 2142 2144
4424 575 456 455 2145 459 2143
4425 577 457 456 2144 460 2146
4426 575 576 456 579 2147 2145
4427 577 456 576 2146 2147 580
2 113 9 8
4404 124 575 68 2844 578 868
4405 126 69 577 879 581 2845
4406 872 575 124 2846 2844 875
4407 126 577 874 2845 2847 878
4408 873 576 575 2848 579 2849
4409 872 873 575 876 2849 2846
4410 874 577 576 2847 580 2850
4411 874 576 873 2850 2848 877
2 114 9 8
4412 155 872 124 3078 875 1004
4413 159 126 874 1044 878 3079
4414 1029 872 155 3080 3078 1032
4415 159 874 1031 3079 3081 1035
4416 1029 873 872 3082 876 3080
4417 1031 874 873 3081 877 3083
4418 1029 1030 873 1033 3084 3082
4419 1031 873 1030 3083 3084 1034
2 115 9 8
4428 210 1029 155 4072 1032 1342
4429 211 159 1031 1355 1035 4073
4430 210 1347 1029 1350 4074 4072
4431 211 1031 1349 4073 4075 1353
4432 1347 1030 1029 4076 1033 4074
4433 1349 1031 1030 4075 1034 4077
4434 1347 1348 1030 1351 4078 4076
4435 1349 1030 1348 4077 4078 1352
2 116 9 8
4444 210 212 1358 1357 1361 4100
4445 210 1358 1347 4100 4101 1350
4446 211 1360 213 4102 1364 1366
4447 1349 1360 211 4103 4102 1353
4448 1348 1347 1359 1351 4104 4105
4449 1347 1358 1359 4101 1362 4104
4450 1349 1348 1359 1352 4105 4106
4451 1349 1359 1360 4106 1363 4103
2 117 9 8
4460 212 230 1450 1447 1453 4283
4461 212 1450 1358 4283 4284 1361
4462 213 1452 232 4285 1456 1458
4463 1360 1452 213 4286 4285 1364
4464 1359 1358 1451 1362 4287 4288
4465 1358 1450 1451 4284 1454 4287
4466 1360 1359 1451 1363 4288 4289
4467 1360 1451 1452 4289 1455 4286
2 118 9 8
4476 230 218 1409 1431 1412 4268
4477 1452 224 232 4269 1449 1456
4478 1452 1411 224 4270 1415 4269
4479 1450 230 1409 1453 4268 4271
4480 1451 1409 1410 4272 1413 4273
4481 1451 1450 1409 1454 4271 4272
4482 1451 1410 1411 4273 1414 4274
4483 1452 1451 1411 1455 4274 4270
2 119 9 8
4492 218 198 1409 1376 4190 1412
4493 1409 198 1287 4190 1290 4191
4494 1411 199 224 4192 1408 1415
4495 1411 1289 199 4193 1293 4192
4496 1409 1287 1288 4191 1291 4194
4497 1410 1288 1289 4195 1292 4196
4498 1410 1409 1288 1413 4194 4195
4499 1410 1289 1411 4196 4193 1414
2 120 9 8
4508 167 1183 198 1186 3841 1284
4509 182 199 1185 1286 3842 1189
4510 1183 1287 198 3843 1290 3841
4511 1185 199 1289 3842 1293 3844
4512 1183 1184 1287 1187 3845 3843
4513 1185 1289 1184 3844 3846 1188
4514 1184 1288 1287 3847 1291 3845
4515 1184 1289 1288 3846 1292 3847
2 121 9 8
4524 129 890 167 894 3525 1060
4525 130 182 888 1182 3526 891
4526 890 1183 167 3527 1186 3525
4527 888 182 1185 3526 1189 3528
4528 888 1185 889 3528 3529 892
4529 889 1184 890 3530 3531 893
4530 889 1185 1184 3529 1188 3530
4531 890 1184 1183 3531 1187 3527
2 122 9 8
4360 234 94 93 2986 697 2985
4361 234 93 98 2985 736 2987
4362 234 109 94 2988 784 2986
4363 234 98 119 2987 850 2989
4364 148 109 234 967 2988 2990
4365 146 234 119 2991 2989 964
4366 147 234 146 2992 2991 965
4367 147 148 234 966 2990 2992
2 123 9 5
4382 67 2811 43 2813 2812 574
4383 43 2811 98 2812 2814 735
4384 118 2811 67 2815 2813 834
4385 98 2811 119 2814 2816 850
4386 119 2811 118 2816 2815 849
2 124 9 5
4372 31 2545 18 2547 2546 348
4373 18 2545 93 2546 2548 696
4374 43 2545 31 2549 2547 421
4375 98 2545 43 2550 2549 735
4376 93 2545 98 2548 2550 736
2 125 9 5
4346 18 2395 17 2397 2396 274
4347 17 2395 49 2396 2398 454
4348 93 2395 18 2399 2397 696
4349 49 2395 94 2398 2400 698
4350 94 2395 93 2400 2399 697
2 126 9 5
4336 49 2692 70 2694 2693 584
4337 94 2692 49 2695 2694 698
4338 70 2692 108 2693 2696 783
4339 109 2692 94 2697 2695 784
4340 108 2692 109 2696 2697 785
2 127 9 5
4341 109 3451 108 3453 3452 785
4342 108 3451 160 3452 3454 1045
4343 148 3451 109 3455 3453 967
4344 175 3451 148 3456 3455 1133
4345 160 3451 175 3454 3456 1149
2 128 9 5
4351 147 3794 148 3796 3795 966
4352 193 3794 147 3797 3796 1250
4353 148 3794 175 3795 3798 1133
4354 175 3794 194 3798 3799 1266
4355 194 3794 193 3799 3797 1256
2 129 9 5
4377 146 3824 147 3826 3825 965
4378 181 3824 146 3827 3826 1171
4379 147 3824 193 3825 3828 1250
4380 197 3824 181 3829 3827 1277
4381 193 3824 197 3828 3829 1278
2 130 9 5
4387 118 3503 119 3505 3504 849
4388 180 3503 118 3506 3505 1169
4389 119 3503 146 3504 3507 964
4390 146 3503 181 3507 3508 1171
4391 181 3503 180 3508 3506 1170
2 131 9 2
4400 118 67 66 834 563 2879
4401 130 118 66 895 2879 896
2 132 9 2
4396 67 43 42 574 420 2095
4397 67 42 66 2095 573 563
2 133 9 2
4392 31 30 42 347 412 1697
4393 43 31 42 421 1697 420
2 134 9 2
4368 18 20 30 289 339 1561
4369 31 18 30 348 1561 347
2 135 9 2
4356 17 19 18 287 1495 274
4357 18 19 20 1495 288 289
2 136 9 2
4332 17 50 19 1798 463 287
4333 49 50 17 462 1798 454
2 137 9 2
4328 70 50 49 2148 462 584
4329 70 69 50 585 582 2148
2 138 9 2
4324 70 108 69 783 2851 585
4325 108 126 69 880 879 2851
2 139 9 2
4326 159 126 108 1044 880 3085
4327 159 108 160 3085 1045 1036
2 140 9 2
4330 211 159 160 1355 1036 4079
4331 211 160 175 4079 1149 1354
2 141 9 2
4334 211 175 194 1354 1266 4099
4335 213 211 194 1366 4099 1365
2 142 9 2
4358 213 194 193 1365 1256 4282
4359 232 213 193 1458 4282 1457
2 143 9 2
4370 224 193 197 4275 1278 1416
4371 232 193 224 1457 4275 1449
2 144 9 2
4394 199 197 181 4197 1277 1294
4395 224 197 199 1416 4197 1408
2 145 9 2
4398 199 181 180 1294 1170 3848
4399 199 180 182 3848 1190 1286
2 146 9 2
4402 182 118 130 3532 895 1182
4403 182 180 118 1190 1169 3532
3 1 11 75
3666 925 920 828 932 2927 2921 5291 2935 5292 5293
3667 673 666 665 715 2351 669 2353 5294 2478 2475
3668 931 919 925 924 5295 2928 2933 2930 928 2924
3669 664 672 665 714 2349 2352 668 2477 2476 5296
3670 925 920 932 926 2927 5293 2935 929 2934 2926
3671 136 233 759 931 2905 5297 2938 934 2939 5298
3672 931 136 233 924 934 2905 5298 2930 5299 2929
3673 715 666 95 233 2475 2474 719 5300 2902 5301
3674 829 715 95 233 2783 719 2782 5302 2902 5300
3675 117 829 95 233 833 2782 821 2904 2902 5302
3676 829 117 134 233 833 911 2918 5302 2906 2904
3677 924 136 233 135 2929 2905 5299 927 2907 913
3678 88 87 666 233 671 670 2350 2900 5301 2901
3679 924 233 134 135 5299 2906 2923 927 912 2907
3680 87 95 666 233 712 2474 670 2901 5301 2902
3681 759 103 88 233 763 756 2646 5297 2900 2903
3682 233 759 103 136 5297 763 2903 2905 914 2938
3683 139 101 2908 933 918 2912 2914 937 5303 2936
3684 713 96 85 2908 716 723 2472 5304 2910 2911
3685 96 713 111 2908 716 2784 800 2911 2913 5304
3686 2908 138 139 933 2916 917 2914 5303 937 2931
3687 2908 138 933 926 2916 2931 5303 5305 2932 930
3688 673 759 88 233 2647 2646 676 5306 2900 5297
3689 88 666 673 233 2350 2351 676 2900 5306 5301
3690 101 2908 933 757 2912 5303 2936 760 2937 5307
3691 85 664 713 2908 667 2473 2472 2910 5304 5308
3692 713 827 111 2908 2785 830 2784 5304 2913 5309
3693 2908 137 138 926 2915 916 2916 5305 930 2925
3694 101 86 2908 757 748 2909 2912 760 5307 2644
3695 664 85 86 2908 667 661 2348 5308 2909 2910
3696 137 111 827 2908 915 830 2917 2915 5309 2913
3697 758 665 673 672 5310 2353 2649 2648 675 2352
3698 920 828 919 925 2921 2922 922 2927 2928 5291
3699 758 673 828 919 2649 5311 5312 5313 2922 5314
3700 715 233 673 666 5300 5306 5294 2475 2351 5301
3701 672 714 758 665 5296 5315 2648 2352 5310 2476
3702 931 919 932 925 5295 5316 935 2933 2935 2928
3703 931 932 919 758 935 5316 5295 2942 5313 2940
3704 828 932 919 925 5292 5316 2922 5291 2928 2935
3705 828 919 932 758 2922 5316 5292 5312 2940 5313
3706 2908 757 713 827 5307 5317 5304 5309 2785 5318
3707 920 757 2908 827 5319 5307 5320 2920 5309 5318
3708 2908 137 920 827 2915 923 5320 5309 2920 2917
3709 920 137 2908 926 923 2915 5320 2926 5305 2925
3710 758 714 673 665 5315 5321 2649 5310 2353 2476
3711 758 673 714 828 2649 5321 5315 5312 2787 5311
3712 715 673 714 665 5294 5321 718 2478 2476 2353
3713 715 714 673 828 718 5321 5294 2788 5311 2787
3714 233 134 919 924 2906 921 5322 5299 2924 2923
3715 919 134 233 829 921 2906 5322 2919 5302 2918
3716 919 931 233 924 5295 5298 5322 2924 5299 2930
3717 933 932 920 926 936 5293 5323 2932 2926 2934
3718 920 932 933 757 5293 936 5323 5319 2937 2941
3719 920 2908 933 926 5320 5303 5323 2926 2932 5305
3720 933 2908 920 757 5303 5320 5323 2937 5319 5307
3721 714 758 757 672 5315 761 5324 5296 2645 2648
3722 714 713 757 827 717 5317 5324 2786 5318 2785
3723 759 758 919 673 762 5313 5325 2647 5314 2649
3724 919 758 759 931 5313 762 5325 5295 2939 2942
3725 919 233 759 673 5322 5297 5325 5314 2647 5306
3726 759 233 919 931 5297 5322 5325 2939 5295 5298
3727 828 829 673 715 832 5326 5311 2788 5294 2783
3728 828 673 829 919 5311 5326 832 2922 2919 5314
3729 233 673 829 715 5306 5326 5302 5300 2783 5294
3730 233 829 673 919 5302 5326 5306 5322 5314 2919
3731 757 920 828 827 5319 2921 5327 5318 831 2920
3732 828 714 757 827 2787 5324 5327 831 5318 2786
3733 757 714 828 758 5324 2787 5327 761 5312 5315
3734 828 932 757 758 5292 2941 5327 5312 761 2940
3735 828 757 932 920 5327 2941 5292 2921 5293 5319
3736 664 86 757 2908 2348 2644 5328 5308 5307 2909
3737 664 757 86 672 5328 2644 2348 2349 674 2645
3738 713 664 757 2908 2473 5328 5317 5304 5307 5308
3739 757 664 714 672 5328 2477 5324 2645 5296 2349
3740 757 714 664 713 5324 2477 5328 5317 2473 717
3 2 11 101
3930 2291 2429 2430 651 5134 2454 5135 2327 5136 5137
3931 2429 2291 2290 650 5134 2315 5138 5139 2328 2326
3932 2429 714 2430 651 2469 2468 2454 5137 5136 5140
3933 2429 2425 714 650 2457 2462 2469 5139 5141 5142
3934 2429 2291 650 651 5134 2326 5139 5137 655 2327
3935 652 2294 2428 2293 2303 5143 5144 2331 5145 2306
3936 2425 650 2288 649 5142 2324 5146 5147 2323 654
3937 2430 714 2424 651 2468 2467 2451 5136 5148 5140
3938 649 2287 2427 2719 2302 5149 5150 5151 5152 5153
3939 829 715 2428 2432 2783 2470 5154 5155 2445 2439
3940 652 2289 2424 651 2330 5156 5157 656 5148 2329
3941 2424 828 829 651 5158 832 5159 5148 5160 5161
3942 827 649 2427 2719 5162 5150 5163 5164 5152 5151
3943 650 714 2429 651 5141 2469 5139 655 5137 5140
3944 828 829 715 2424 832 2783 2788 5158 2466 5159
3945 95 829 2763 2432 2782 5165 2766 2437 5166 5155
3946 649 2425 713 2426 5147 2463 5168 5169 2464 2460
3947 829 117 2763 116 833 2768 5165 2778 2767 820
3948 111 827 2427 2719 830 5163 5170 2725 5152 5164
3949 652 2424 829 651 5157 5159 5171 656 5160 5148
3950 714 828 2424 651 2787 5158 2467 5140 5148 5161
3951 828 715 714 2424 2788 718 2787 5158 2467 2466
3952 827 649 2719 110 5162 5151 5164 2776 2721 2769
3953 652 829 2763 116 5171 5165 5173 2770 2767 2778
3954 2719 111 827 110 2725 830 5164 2721 2776 799
3955 480 2428 2294 2293 2444 5143 2300 2304 2306 5145
3956 486 2292 2287 2431 2320 2322 2295 2434 5167 5174
3957 2427 96 713 111 2441 716 2440 5170 2784 800
3958 2431 486 2292 2426 2434 2320 5174 2461 5175 2458
3959 829 95 715 2432 2782 719 2783 5155 2439 2437
3960 2432 2763 54 2294 5166 2765 2436 5176 2299 5177
3961 117 95 829 2763 821 2782 833 2768 5165 2766
3962 828 714 650 651 2787 5141 5178 5161 655 5140
3963 828 651 822 823 5161 2774 2780 2781 825 2775
3964 651 828 829 823 5161 832 5160 2775 2779 2781
3965 650 2425 827 649 5142 5179 5180 654 5162 5147
3966 2287 649 82 2719 2302 653 2301 5153 2722 5151
3967 714 713 827 2425 717 2785 2786 2462 5179 2463
3968 651 650 828 822 655 5178 5161 2774 2780 2773
3969 53 486 2287 2431 494 2295 2296 2433 5167 2434
3970 713 827 2427 111 2785 5163 2440 2784 5170 830
3971 652 829 116 823 5171 2778 2770 2772 826 2779
3972 2294 2763 84 652 5177 2764 2298 2303 657 5173
3973 2427 96 111 2719 2441 800 5170 5152 2725 2724
3974 827 822 649 110 2777 2771 5162 2776 2769 824
3975 54 95 2763 2432 711 2766 2765 2436 5166 2437
3976 2719 649 82 110 5151 653 2722 2721 798 2769
3977 829 652 651 823 5171 656 5160 2779 2775 2772
3978 713 827 2425 649 2785 5179 2463 5168 5147 5162
3979 638 53 2431 720 639 2433 5172 2720 2435 722
3980 652 2763 84 116 5173 2764 657 2770 819 2767
3981 480 2428 2432 2294 2444 2445 2438 2300 5176 5143
3982 650 827 828 822 5180 831 5178 2773 2780 2777
3983 2291 483 2429 2290 2311 2453 5134 2315 5138 2313
3984 2428 480 481 2293 2444 488 2443 5145 2305 2304
3985 2287 638 53 2431 2297 639 2296 5167 2433 5172
3986 54 480 2432 2294 487 2438 2436 2299 5176 2300
3987 2289 482 2430 2291 2308 2450 5181 2312 5135 2310
3988 482 2430 2424 2289 2450 2451 2446 2308 5156 5181
3989 2763 84 54 2294 2764 659 2765 5177 2299 2298
3990 481 482 2424 2289 489 2446 2447 2307 5156 2308
3991 483 484 2429 2290 491 2452 2453 2313 5138 2314
3992 650 827 822 649 5180 2777 2773 654 2771 5162
3993 485 2292 486 2426 2319 2320 493 2459 2458 5175
3994 483 2429 2430 2291 2453 2454 2449 2311 5135 5134
3995 484 485 2425 2288 492 2455 2456 2316 5146 2317
3996 96 2427 720 2719 2441 2442 721 2724 2726 5152
3997 82 638 2287 2719 640 2297 2301 2722 5153 2723
3998 482 483 2430 2291 490 2449 2450 2310 5135 2311
3999 481 2293 2424 2428 2305 5182 2447 2443 2448 5145
4000 481 2424 2293 2289 2447 5182 2305 2307 2309 5156
4001 652 2424 2293 2428 5157 5182 2331 5144 5145 2448
4002 652 2293 2424 2289 2331 5182 5157 2330 5156 2309
4003 485 2292 2425 2288 2319 5183 2455 2317 5146 2321
4004 485 2425 2292 2426 2455 5183 2319 2459 5175 2460
4005 649 2425 2292 2288 5147 5183 2325 2323 2321 5146
4006 649 2292 2425 2426 2325 5183 5147 5169 2460 5175
4007 2424 2428 829 715 2448 5154 5159 2466 2783 2470
4008 2424 829 2428 652 5159 5154 2448 5157 5144 5171
4009 2427 649 2292 2287 5150 2325 5184 5149 2322 2302
4010 2292 649 2427 2426 2325 5150 5184 5175 2465 5169
4011 2292 2431 2427 2287 5174 2471 5184 2322 5149 5167
4012 2427 2431 2292 2426 2471 5174 5184 2465 5175 2461
4013 2429 650 2288 2425 5139 2324 5185 2457 5146 5142
4014 2288 650 2429 2290 2324 5139 5185 2318 5138 2328
4015 2288 484 2429 2425 2316 2452 5185 5146 2457 2456
4016 2429 484 2288 2290 2452 2316 5185 5138 2318 2314
4017 714 650 827 828 5141 5180 2786 2787 831 5178
4018 827 650 714 2425 5180 5141 2786 5179 2462 5142
4019 2427 649 713 2426 5150 5168 2440 2465 2464 5169
4020 2427 713 649 827 2440 5168 5150 5163 5162 2785
4021 2430 651 2289 2291 5136 2329 5181 5135 2312 2327
4022 2289 651 2430 2424 2329 5136 5181 5156 2451 5148
4023 2432 2428 652 2294 2445 5144 5186 5176 2303 5143
4024 2432 652 2428 829 5186 5144 2445 5155 5154 5171
4025 2763 2432 652 2294 5166 5186 5173 5177 2303 5176
4026 2763 652 2432 829 5173 5186 5166 5165 5155 5171
4027 638 2427 720 2431 5187 2442 2720 5172 2435 2471
4028 638 720 2427 2719 2720 2442 5187 2723 5152 2726
4029 2287 2427 638 2431 5149 5187 2297 5167 5172 2471
4030 2287 638 2427 2719 2297 5187 5149 5153 5152 2723
3 3 11 100
3793 369 1873 2425 2429 1893 4818 4819 4820 2457 4821
3794 2427 2426 370 1869 2465 4822 4823 4824 1876 4825
3795 369 1870 1872 2430 1885 1891 1892 4826 4827 4828
3796 369 1873 1871 2425 1893 1894 1889 4819 4829 4818
3797 2479 2427 370 1869 4830 4823 4831 4832 1876 4824
3798 2425 714 369 2429 2462 4833 4819 2457 4820 2469
3799 1870 369 2424 2430 1885 4834 4835 4828 2451 4826
3800 2338 1870 369 2424 4836 1885 4837 4838 4834 4835
3801 369 714 2424 2430 4833 2467 4834 4826 2451 2468
3802 2431 2427 2479 1869 2471 4830 4839 4840 4832 4824
3803 665 666 2338 2424 669 2345 2347 4841 4838 4842
3804 369 714 2430 2429 4833 2468 4826 4820 2454 2469
3805 370 664 2427 2479 4843 4844 4823 4831 4830 4845
3806 666 665 715 2424 669 2478 2475 4842 2466 4841
3807 2431 2479 476 1869 4839 2483 4846 4840 1878 4832
3808 1875 368 35 2418 1881 371 1880 4847 2419 4848
3809 369 303 302 2338 1595 305 1596 4837 2344 2343
3810 664 370 16 2479 4843 1591 2339 4845 2480 4831
3811 666 87 22 2418 670 663 2341 4849 2420 2421
3812 666 95 2418 2432 2474 2423 4849 4850 4851 2437
3813 2427 664 85 2479 4844 667 4852 4830 2482 4845
3814 665 714 715 2424 2476 718 2478 4841 2466 2467
3815 369 1870 2338 368 1885 4836 4837 372 4853 1884
3816 53 486 2431 476 494 2434 2433 478 4846 1882
3817 664 16 85 2479 2339 660 667 4845 2482 2480
3818 370 34 2479 1869 374 2481 4831 1876 4832 1877
3819 713 85 96 2427 2472 723 716 2440 2441 4852
3820 22 35 368 2418 375 371 1593 2420 4848 2419
3821 2431 2427 720 2479 2471 2442 2435 4839 2486 4830
3822 2418 54 1875 2432 2422 1879 4847 4851 4854 2436
3823 2479 720 2431 476 2486 2435 4839 2483 4846 2484
3824 2431 2426 2427 1869 2461 2465 2471 4840 4824 4825
3825 370 2338 303 369 4855 2343 1592 373 1595 4837
3826 95 666 715 2432 2474 2475 719 2437 2439 4850
3827 666 95 87 2418 2474 712 670 4849 2421 2423
3828 476 486 2431 1869 1882 2434 4846 1878 4840 1897
3829 2426 485 1871 1869 2459 1906 4856 4825 1896 1908
3830 370 34 16 2479 374 366 1591 4831 2480 2481
3831 16 303 370 664 306 1592 1591 2339 4843 2340
3832 713 714 664 2425 717 2477 2473 2463 4857 2462
3833 713 664 85 2427 2473 667 2472 2440 4852 4844
3834 1871 2425 485 2426 4829 2455 1906 4856 2459 2460
3835 2427 85 96 2479 4852 723 2441 4830 2485 2482
3836 95 54 2418 2432 711 2422 2423 2437 4851 2436
3837 303 2338 370 664 2343 4855 1592 2340 4843 2346
3838 2425 1873 484 2429 4818 1904 2456 2457 2452 4821
3839 2430 1870 1872 482 4828 1891 4827 2450 1903 1900
3840 368 666 2338 302 4858 2345 4853 1594 2344 2342
3841 1873 2425 484 1871 4818 2456 1904 1894 1907 4829
3842 2426 1871 370 1869 4856 1890 4822 4825 1876 1896
3843 480 481 1874 2428 488 1898 1899 2444 4859 2443
3844 53 2431 720 476 2433 2435 722 478 2484 4846
3845 480 1875 54 2432 1883 1879 487 2438 2436 4854
3846 482 2424 1870 481 2446 4835 1900 489 1901 2447
3847 476 2479 34 1869 2483 2481 477 1878 1877 4832
3848 1875 35 54 2418 1880 495 1879 4847 2422 2419
3849 2430 2424 1870 482 2451 4835 4828 2450 1900 2446
3850 2429 1873 484 483 4821 1904 2452 2453 491 1905
3851 2338 369 368 302 4837 372 4853 2344 1594 1596
3852 2426 486 485 1869 2458 493 2459 4825 1908 1897
3853 483 2430 1872 482 2449 4827 1902 490 1903 2450
3854 720 2427 96 2479 2442 2441 721 2486 2485 4830
3855 485 2425 1871 484 2455 4829 1906 492 1907 2456
3856 2426 2431 486 1869 2461 2434 2458 4825 1897 4840
3857 2432 480 1874 2428 2438 1899 4860 2445 4859 2444
3858 1874 480 2432 1875 1899 2438 4860 1888 4854 1883
3859 1874 368 2432 2428 1886 4861 4860 4859 2445 4862
3860 2432 368 1874 1875 4861 1886 4860 4854 1888 1881
3861 2425 2338 1871 369 4863 4864 4829 4819 1889 4837
3862 370 1871 2338 369 1890 4864 4855 373 4837 1889
3863 369 1873 2430 1872 1893 4865 4826 1892 4827 1895
3864 369 2430 1873 2429 4826 4865 1893 4820 4821 2454
3865 483 2430 1873 1872 2449 4865 1905 1902 1895 4827
3866 483 1873 2430 2429 1905 4865 2449 2453 2454 4821
3867 2338 2425 714 369 4863 2462 4866 4837 4833 4819
3868 714 2424 2338 369 2467 4838 4866 4833 4837 4834
3869 2338 2424 714 665 4838 2467 4866 2347 2476 4841
3870 368 2418 2432 666 4848 4851 4861 4858 4850 4849
3871 2432 2418 368 1875 4851 4848 4861 4854 1881 4847
3872 2428 481 1870 2424 2443 1901 4867 2448 4835 2447
3873 1870 481 2428 1874 1901 2443 4867 1887 4859 1898
3874 2428 368 1870 1874 4862 1884 4867 4859 1887 1886
3875 2432 2428 666 715 2445 4868 4850 2439 2475 2470
3876 2432 666 2428 368 4850 4868 2445 4861 4862 4858
3877 2424 666 2428 715 4842 4868 2448 2466 2470 2475
3878 714 664 2338 665 2477 2346 4866 2476 2347 668
3879 714 2338 664 2425 4866 2346 2477 2462 4857 4863
3880 368 22 666 302 1593 2341 4858 1594 2342 304
3881 368 666 22 2418 4858 2341 1593 4848 2420 4849
3882 2427 2426 664 370 2465 4869 4844 4823 4843 4822
3883 2427 664 2426 713 4844 4869 2465 2440 2464 2473
3884 2425 2426 664 713 2460 4869 4857 2463 2473 2464
3885 2338 1870 666 368 4836 4870 2345 4853 4858 1884
3886 2338 666 1870 2424 2345 4870 4836 4838 4835 4842
3887 2428 666 1870 368 4868 4870 4867 4862 1884 4858
3888 2428 1870 666 2424 4867 4870 4868 2448 4842 4835
3889 1871 2426 664 2425 4856 4869 4871 4829 4857 2460
3890 664 2426 1871 370 4869 4856 4871 4843 1890 4822
3891 664 2338 1871 2425 2346 4864 4871 4857 4829 4863
3892 1871 2338 664 370 4864 2346 4871 1890 4843 4855
3 4 11 39
3472 298 2332 672 664 4765 4766 4767 4768 2349 4769
3473 303 302 2338 297 305 2344 2343 1513 4770 1512
3474 298 16 2332 664 1509 2334 4765 4768 4769 2339
3475 2332 672 497 298 4766 2357 4771 4765 1912 4767
3476 2332 15 16 298 2333 268 2334 4765 1509 301
3477 672 497 86 2332 2357 2356 674 4766 2337 4771
3478 666 22 87 2359 2341 663 670 4772 2363 2360
3479 2359 55 88 673 2362 677 2364 4773 676 2354
3480 2332 56 15 298 2335 501 2333 4765 301 1909
3481 86 672 2332 664 674 4766 2337 2348 4769 2349
3482 2359 666 22 302 4772 2341 2360 4774 304 2342
3483 56 86 497 2332 662 2356 500 2335 4771 2337
3484 666 2359 297 302 4772 4775 4776 2342 1512 4774
3485 22 21 2359 302 307 2361 2360 304 4774 1511
3486 303 298 297 2338 1510 300 1513 2343 4770 4777
3487 2332 497 56 298 4771 500 2335 4765 1909 1912
3488 2359 496 55 673 4778 498 2362 4773 2354 2355
3489 2332 16 85 664 2334 660 2336 4769 667 2339
3490 297 2359 21 302 4775 2361 299 1512 1511 4774
3491 55 21 496 2359 502 1910 498 2362 4778 2361
3492 673 2359 496 297 4773 4778 2355 4779 1911 4775
3493 666 2359 673 297 4772 4773 2351 4776 4779 4775
3494 2359 21 496 297 2361 1910 4778 4775 1911 299
3495 87 88 666 2359 671 2350 670 2363 4772 2364
3496 298 303 16 664 1510 306 1509 4768 2339 2340
3497 298 672 497 297 4767 2357 1912 300 1913 4780
3498 672 496 497 297 2358 499 2357 4780 1913 1911
3499 297 665 666 2338 4781 669 4776 4770 2345 2347
3500 2359 88 666 673 2364 2350 4772 4773 2351 676
3501 665 666 673 297 669 2351 2353 4781 4779 4776
3502 2332 85 86 664 2336 661 2337 4769 2348 667
3503 303 298 2338 664 1510 4777 2343 2340 2346 4768
3504 666 297 2338 302 4776 4770 2345 2342 2344 1512
3505 297 665 298 672 4781 4782 300 4780 4767 2352
3506 297 298 665 2338 300 4782 4781 4770 2347 4777
3507 664 298 665 672 4768 4782 668 2349 2352 4767
3508 664 665 298 2338 668 4782 4768 2346 4777 2347
3509 297 673 672 496 4779 675 4780 1911 2358 2355
3510 297 672 673 665 4780 675 4779 4781 2353 2352
3 5 11 35
3345 605 672 2633 757 5000 5001 5002 5003 5004 2645
3346 672 497 605 2633 2357 2176 5000 5001 5002 5005
3347 86 497 672 2633 2356 2357 674 2636 5001 5005
3348 757 100 2633 751 2650 2637 5004 2651 5006 754
3349 88 55 2656 673 677 2657 2659 676 5007 2354
3350 102 103 2656 759 764 2661 2660 2652 5008 763
3351 2633 100 74 751 2637 747 2634 5006 2639 754
3352 2633 672 86 757 5001 674 2636 5004 2644 2645
3353 757 2633 605 751 5004 5002 5003 2651 2640 5006
3354 758 604 605 672 5009 607 5010 2648 5000 5011
3355 86 56 497 2633 662 500 2356 2636 5005 2635
3356 605 56 74 2633 2175 602 608 5002 2634 2635
3357 604 102 75 2656 2641 755 606 5012 2658 2660
3358 74 605 2633 751 608 5002 2634 2639 5006 2640
3359 604 75 55 2656 606 609 2173 5012 2657 2658
3360 2633 101 100 757 2638 749 2637 5004 2650 760
3361 497 56 605 2633 500 2175 2176 5005 5002 2635
3362 759 2656 604 673 5008 5012 5013 2647 5014 5007
3363 496 605 604 672 2177 607 2174 2358 5011 5000
3364 750 604 605 758 2642 607 2643 2654 5010 5009
3365 2656 103 88 759 2661 756 2659 5008 2646 763
3366 605 750 758 751 2643 2654 5010 2640 2655 753
3367 497 605 496 672 2176 2177 499 2357 2358 5000
3368 759 88 2656 673 2646 2659 5008 2647 5007 676
3369 604 758 759 673 5009 762 5013 5014 2647 2649
3370 86 101 2633 757 748 2638 2636 2644 5004 760
3371 758 750 604 759 2654 2642 5009 762 5013 2653
3372 605 758 757 751 5010 761 5003 2640 2651 2655
3373 605 758 672 757 5010 2648 5000 5003 2645 761
3374 672 604 673 758 5011 5014 675 2648 2649 5009
3375 672 673 604 496 675 5014 5011 2358 2174 2355
3376 759 102 604 2656 2652 2641 5013 5008 5012 2660
3377 759 604 102 750 5013 2641 2652 2653 752 2642
3378 673 55 604 496 2354 2173 5014 2355 2174 498
3379 673 604 55 2656 5014 2173 2354 5007 2657 5012
3 6 11 92
3380 1021 3138 3139 3184 5453 3169 5454 3190 5455 5456
3381 1021 3139 3220 3184 5454 5457 5458 3190 5459 5455
3382 3185 3142 3136 1020 5462 3163 5463 3199 5464 5465
3383 3130 3144 759 3189 5466 5467 5468 5469 5470 5471
3384 3140 1019 3189 3188 5472 3195 5473 5474 3202 3200
3385 3142 932 3136 1020 3162 3155 3163 5465 5464 5461
3386 3187 3141 3142 1020 5475 3166 5476 3206 5465 5460
3387 3141 932 3142 1020 3165 3162 3166 5460 5465 5461
3388 3139 3143 3220 3184 3170 5477 5457 5455 5459 5478
3389 3139 3220 757 1021 5457 5479 5480 5454 5481 5458
3390 3140 3136 931 1019 3157 3156 3158 5472 5483 5484
3391 1102 3220 3143 3184 3226 5477 5485 3192 5478 5459
3392 932 758 3136 1020 2940 5486 3155 5461 5464 5487
3393 3185 3187 3142 1020 3205 5476 5462 3199 5465 3206
3394 757 3220 100 1021 5479 3221 2650 5481 3064 5458
3395 101 3139 3220 757 5488 5457 3222 760 5479 5480
3396 759 136 3144 3130 2938 3145 5467 5468 5466 3134
3397 759 102 103 3130 2652 764 763 5468 3131 3132
3398 3186 1092 3138 3184 3216 3181 5489 3208 5456 3219
3399 172 1093 1102 3143 1101 3197 1103 3152 5485 3154
3400 3220 100 101 757 3221 749 3222 5479 760 2650
3401 931 932 758 3136 935 2940 2942 3156 5486 3155
3402 153 1021 3220 3184 1025 5458 3223 3191 5459 3190
3403 3138 3137 1092 3186 3168 3180 3181 5489 3216 5490
3404 139 3139 101 933 3148 5488 918 937 2936 3149
3405 3143 3139 3138 3184 3170 3169 3183 5478 5456 5455
3406 3139 3143 1084 3220 3170 3153 3150 5457 3225 5477
3407 171 3144 3130 3189 3146 5466 3135 3193 5469 5471
3408 3220 3143 1084 1102 5477 3153 3225 3226 3227 5485
3409 931 759 136 3144 2939 2938 934 3147 3145 5467
3410 136 759 103 3130 2938 763 914 3134 3131 5468
3411 1093 1102 3143 3184 3197 5485 3154 3218 5478 3192
3412 1021 3220 100 153 5458 3221 3064 1025 1000 3223
3413 751 750 758 1020 753 2654 2655 3069 5487 3068
3414 758 757 751 1020 761 2651 2655 5487 3069 5491
3415 3139 101 933 757 5488 2936 3149 5480 2937 760
3416 1019 758 750 1020 5492 2654 3067 1023 3068 5487
3417 3137 933 932 757 3160 936 3161 5493 2941 2937
3418 3220 3139 101 139 5457 5488 3222 3224 918 3148
3419 751 757 100 1021 2651 2650 754 3065 3064 5481
3420 3144 136 171 3130 3145 1082 3146 5466 3135 3134
3421 1021 751 757 1020 3065 2651 5481 1024 5491 3069
3422 759 750 102 1019 2653 752 2652 5482 3066 3067
3423 3142 1089 3187 3185 3175 3214 5476 5462 3205 3211
3424 759 758 750 1019 762 2654 2653 5482 3067 5492
3425 1087 3140 3189 3188 3171 5473 3196 3210 3202 5474
3426 3138 1021 3186 3184 5453 3204 5489 5456 3208 3190
3427 3140 1087 1088 3188 3171 1095 3172 5474 3209 3210
3428 3141 1090 1091 3187 3177 1098 3178 5475 3215 3213
3429 3143 172 1084 1102 3152 1086 3153 5485 3227 1103
3430 3144 171 1087 3189 3146 1094 3151 5471 3196 3193
3431 1088 1089 3136 3185 1096 3174 3173 3212 5463 3211
3432 1087 3140 3144 3189 3171 3159 3151 3196 5471 5473
3433 3189 3130 171 158 5469 3135 3193 3194 1083 3133
3434 1102 153 3220 3184 1104 3223 3226 3192 5459 3191
3435 1089 3142 3136 3185 3175 3163 3174 3211 5463 5462
3436 1090 3142 1089 3187 3176 3175 1097 3213 3214 5476
3437 1091 1092 3137 3186 1099 3180 3179 3217 5490 3216
3438 1092 1093 3138 3184 1100 3182 3181 3219 5456 3218
3439 3220 1084 3139 139 3225 3150 5457 3224 3148 1085
3440 3143 3138 1093 3184 3183 3182 3154 5478 3218 5456
3441 3141 3142 1090 3187 3166 3176 3177 5475 3213 5476
3442 1020 3136 1019 758 5464 5484 1023 5487 5492 5486
3443 1020 1019 3136 3185 1023 5484 5464 3199 5463 3198
3444 932 1020 757 758 5461 5491 2941 2940 761 5487
3445 931 3144 3189 759 3147 5471 5494 2939 5470 5467
3446 3189 3144 931 3140 5471 3147 5494 5473 3158 3159
3447 3189 1019 931 759 3195 5483 5494 5470 2939 5482
3448 931 1019 3189 3140 5483 3195 5494 3158 5473 5472
3449 1088 3140 3185 3136 3172 5495 3212 3173 5463 3157
3450 1088 3185 3140 3188 3212 5495 3172 3209 5474 3201
3451 1019 3185 3140 3136 3198 5495 5472 5484 3157 5463
3452 1019 3140 3185 3188 5472 5495 3198 3200 3201 5474
3453 758 931 1019 759 2942 5483 5492 762 5482 2939
3454 1019 931 758 3136 5483 2942 5492 5484 5486 3156
3455 3138 3137 757 933 3168 5493 5496 3167 2937 3160
3456 757 3139 3138 933 5480 3169 5496 2937 3167 3149
3457 3138 3139 757 1021 3169 5480 5496 5453 5481 5454
3458 757 1020 3186 1021 5491 3203 5497 5481 3204 1024
3459 757 3138 3186 3137 5496 5489 5497 5493 5490 3168
3460 3186 3138 757 1021 5489 5496 5497 3204 5481 5453
3461 3186 3141 1091 3187 5498 3178 3217 3207 3215 5475
3462 3186 1091 3141 3137 3217 3178 5498 5490 3164 3179
3463 1020 3141 3186 3187 5460 5498 3203 3206 3207 5475
3464 759 3189 158 3130 5470 3194 5499 5468 3133 5469
3465 759 158 3189 1019 5499 3194 5470 5482 3195 1022
3466 759 158 102 3130 5499 1028 2652 5468 3132 3133
3467 759 102 158 1019 2652 1028 5499 5482 1022 3066
3468 3186 3141 932 3137 5498 3165 5500 5490 3161 3164
3469 3186 932 3141 1020 5500 3165 5498 3203 5460 5461
3470 3186 932 757 3137 5500 2941 5497 5490 5493 3161
3471 3186 757 932 1020 5497 2941 5500 3203 5461 5491
3 7 11 103
3511 3142 3564 1204 3141 5712 3600 5713 3166 5714 5715
3512 3564 3563 1205 3141 3588 3603 3599 5715 5716 5717
3513 1204 932 3142 3141 5718 3162 5713 5714 3166 3165
3514 3137 932 1205 3141 3161 5719 5720 3164 5716 3165
3515 3564 1205 1204 3141 3599 1209 3600 5715 5714 5716
3516 3566 1203 3567 3140 3598 3574 3579 5721 5722 5723
3517 1206 1205 3561 3137 1210 3602 3601 5724 5725 5720
3518 1204 932 3136 3142 5718 3155 5726 5713 3163 3162
3519 3605 1206 3560 3139 5727 3576 5728 5729 5730 5731
3520 3140 931 924 3144 3158 2930 5732 3159 5733 3147
3521 1203 3562 1204 3136 3597 3596 1208 5734 5726 5735
3522 3139 3605 1206 926 5729 5727 5731 5736 5737 5738
3523 932 1204 1205 3141 5718 1209 5719 3165 5716 5714
3524 3139 138 3605 926 5739 3607 5729 5736 5738 930
3525 1204 925 924 3136 5740 928 5741 5726 5742 5743
3526 183 924 135 3539 3545 927 1191 3542 3540 5744
3527 3539 924 136 3144 5744 2929 3541 5745 3145 5733
3528 1206 3138 933 3137 5747 3167 5748 5724 3160 3168
3529 924 1203 1204 3136 5749 1208 5741 5742 5726 5734
3530 924 925 931 3136 928 2933 2930 5742 3156 5743
3531 1197 1206 3605 926 3555 5727 5751 3547 5738 5737
3532 3605 138 1197 926 3607 3546 5751 5738 3547 930
3533 185 138 1197 3605 1194 3546 1201 3608 5751 3607
3534 3566 3567 1087 3140 3579 3570 3577 5721 3171 5722
3535 925 1204 932 3136 5740 5718 2935 5743 3155 5726
3536 3560 3565 1093 3143 3595 3593 3571 5746 3154 5752
3537 1205 1206 926 3137 1210 5737 5753 5720 5754 5724
3538 931 925 932 3136 2933 2935 935 3156 3155 5743
3539 139 138 3139 933 917 5739 3148 937 3149 2931
3540 1093 3565 3138 3143 3593 5755 3182 3154 3183 5752
3541 924 931 136 3144 2930 934 2929 5733 3145 3147
3542 171 3567 3539 3144 3569 5756 3543 3146 5745 5757
3543 135 924 136 3539 927 2929 913 3540 3541 5744
3544 926 933 932 3137 2932 936 2934 5754 3161 3160
3545 138 3139 933 926 5739 3149 2931 930 2932 5736
3546 1206 3560 186 3605 3576 3575 1211 5727 3611 5728
3547 1206 186 185 3605 1211 1202 3554 5727 3608 3611
3548 1206 185 1197 3605 3554 1201 3555 5727 5751 3608
3549 1204 925 1195 924 5740 3549 3556 5741 3548 928
3550 172 1093 3143 3560 1101 3154 3152 3572 5746 3571
3551 1195 925 1204 1196 3549 5740 3556 1199 3557 3551
3552 1204 1205 925 932 1209 5758 5740 5718 2935 5719
3553 1203 184 3567 3539 1207 3568 3574 5759 5756 3544
3554 1196 925 1205 926 3551 5758 3558 3550 5753 929
3555 1206 933 926 3137 5748 2932 5737 5724 5754 3160
3556 3139 3605 138 139 5729 3607 5739 3148 917 3606
3557 171 3539 136 3144 3543 3541 1082 3146 3145 5745
3558 1197 1196 1205 926 1200 3558 3559 3547 5753 3550
3559 1195 1203 1204 924 3553 1208 3556 3548 5741 5749
3560 184 1203 183 3539 1207 3552 1192 3544 3542 5759
3561 1212 3143 172 1084 5750 3152 1214 3610 1086 3153
3562 3567 1087 3140 3144 3570 3171 5722 5757 3159 3151
3563 1204 925 1205 1196 5740 5758 1209 3557 3558 3551
3564 1087 1088 3566 3140 1095 3578 3577 3171 5721 3172
3565 3563 3564 1090 3141 3588 3584 3586 5717 3177 5715
3566 3143 3560 1212 172 5746 3573 5750 3152 1214 3572
3567 1087 3567 171 3144 3570 3569 1094 3151 3146 5757
3568 1206 1197 1205 926 3555 3559 1210 5737 5753 3547
3569 3562 3564 3142 1089 3585 5712 5760 3581 3175 3583
3570 3142 3136 3562 1089 3163 5735 5760 3175 3581 3174
3571 3539 184 3567 171 3544 3568 5756 3543 3569 1193
3572 1089 3136 3562 1088 3174 5735 3581 1096 3580 3173
3573 1090 1091 3563 3141 1098 3587 3586 3177 5717 3178
3574 1093 3138 3565 1092 3182 5755 3593 1100 3592 3181
3575 3142 1090 3564 3141 3176 3584 5712 3166 5715 3177
3576 1092 3137 3561 1091 3180 5725 3590 1099 3589 3179
3577 3605 3139 1084 139 5729 3150 3609 3606 1085 3148
3578 1212 186 3560 3605 1213 3575 3573 3612 5728 3611
3579 3142 3564 1090 1089 5712 3584 3176 3175 1097 3583
3580 3566 1203 3136 3562 3598 5734 5761 3582 5735 3597
3581 3136 1203 3566 3140 5734 3598 5761 3157 5721 5723
3582 3136 1088 3566 3562 3173 3578 5761 5735 3582 3580
3583 3566 1088 3136 3140 3578 3173 5761 5721 3157 3172
3584 3565 1092 3137 3561 3592 3180 5762 3594 5725 3590
3585 3137 1092 3565 3138 3180 3592 5762 3168 5755 3181
3586 3137 1206 3565 3561 5724 3604 5762 5725 3594 3601
3587 3565 1206 3137 3138 3604 5724 5762 5755 3168 5747
3588 3140 3136 924 931 3157 5742 5732 3158 2930 3156
3589 3140 924 3136 1203 5732 5742 3157 5723 5734 5749
3590 1206 3139 933 3138 5731 3149 5748 5747 3167 3169
3591 933 3139 1206 926 3149 5731 5748 2932 5737 5736
3592 3143 3139 3565 3138 3170 5763 5752 3183 5755 3169
3593 3143 3565 3139 3560 5752 5763 3170 5746 5730 3595
3594 1206 3565 3139 3138 3604 5763 5731 5747 3169 5755
3595 1206 3139 3565 3560 5731 5763 3604 3576 3595 5730
3596 3141 1091 3561 3137 3178 3589 5764 3164 5725 3179
3597 3561 1091 3141 3563 3589 3178 5764 3591 5717 3587
3598 3561 1205 3141 3137 3602 5716 5764 5725 3164 5720
3599 3141 1205 3561 3563 5716 3602 5764 5717 3591 3603
3600 3142 1204 3562 3136 5713 3596 5760 3163 5735 5726
3601 3142 3562 1204 3564 5760 3596 5713 5712 3600 3585
3602 1205 932 926 925 5719 2934 5753 5758 929 2935
3603 1205 926 932 3137 5753 2934 5719 5720 3161 5754
3604 183 924 1203 1195 3545 5749 3552 1198 3553 3548
3605 1203 924 183 3539 5749 3545 3552 5759 3542 5744
3606 3144 1203 3140 3567 5765 5723 3159 5757 5722 3574
3607 3144 3140 1203 924 3159 5723 5765 5733 5749 5732
3608 3539 1203 3144 3567 5759 5765 5745 5756 5757 3574
3609 3539 3144 1203 924 5745 5765 5759 5744 5749 5733
3610 1212 3139 1084 3605 5766 3150 3610 3612 3609 5729
3611 1212 1084 3139 3143 3610 3150 5766 5750 3170 3153
3612 3560 3139 1212 3605 5730 5766 3573 5728 3612 5729
3613 3560 1212 3139 3143 3573 5766 5730 5746 3170 5750
3 8 11 37
3893 3613 920 1219 926 5767 5768 5769 5770 5771 2926
3894 920 1154 3613 1219 3470 5772 5767 5768 5769 3620
3895 3613 137 920 926 3615 923 5767 5770 2926 2925
3896 924 3630 183 135 5773 3634 3545 927 1191 3632
3897 187 3613 176 1219 3618 3616 1215 1222 3619 5769
3898 3613 137 1154 920 3615 3469 5772 5767 3470 923
3899 177 919 134 3630 3468 921 1158 3633 3631 5774
3900 1197 3613 1219 926 5775 5769 3626 3547 5771 5770
3901 3613 137 176 1154 3615 1151 3616 5772 1157 3469
3902 188 177 3630 1218 1217 3633 3635 1220 5776 3621
3903 1154 176 3613 1219 1157 3616 5772 3620 5769 3619
3904 1197 138 3613 926 3546 3614 5775 3547 5770 930
3905 185 138 3613 1197 1194 3614 3617 1201 5775 3546
3906 187 3613 1219 1197 3618 5769 1222 3625 3626 5775
3907 920 925 1218 1219 2927 5777 5778 5768 1221 5779
3908 3630 1195 1218 924 5780 3627 5776 5773 5781 3548
3909 1218 919 3630 924 5782 5774 5776 5781 5773 2924
3910 924 134 3630 135 2923 3631 5773 927 3632 912
3911 183 1195 3630 924 1198 5780 3634 3545 5773 3548
3912 1219 925 1218 1196 5779 5777 1221 3629 3628 3551
3913 1218 1154 920 1219 3623 3470 5778 1221 5768 3620
3914 3630 1195 188 1218 5780 3624 3635 5776 1220 3627
3915 1153 1154 920 1218 1156 3470 3472 3622 5778 3623
3916 3613 187 185 1197 3618 1216 3617 5775 1201 3625
3917 919 134 3630 924 921 3631 5774 2924 5773 2923
3918 188 1195 3630 183 3624 5780 3635 1223 3634 1198
3919 137 3613 138 926 3615 3614 916 2925 930 5770
3920 1219 925 1196 926 5779 3551 3629 5771 3550 929
3921 1218 1195 925 924 3627 3549 5777 5781 928 3548
3922 925 1195 1218 1196 3549 3627 5777 3551 3628 1199
3923 1197 1219 1196 926 3626 3629 1200 3547 3550 5771
3924 925 919 1218 924 2928 5782 5777 928 5781 2924
3925 920 925 1219 926 2927 5779 5768 2926 5771 929
3926 177 919 1218 1153 3468 5782 3621 1155 3622 3471
3927 1218 919 177 3630 5782 3468 3621 5776 3633 5774
3928 919 920 1218 1153 922 5778 5782 3471 3622 3472
3929 919 1218 920 925 5782 5778 922 2928 2927 5777
3 9 11 34
4031 1077 3457 827 920 5634 5635 5636 5637 2920 5638
4032 110 3457 827 1077 3459 5635 2776 3119 5636 5634
4033 3457 1077 1154 920 5634 3465 5639 5638 3470 5637
4034 110 165 3457 1077 1057 3460 3459 3119 5634 1079
4035 165 176 3457 1077 1150 3462 3460 1079 5634 3463
4036 137 3457 1154 920 3461 5639 3469 923 3470 5638
4037 919 3473 177 134 5640 3478 3468 921 1158 3477
4038 829 117 116 3473 833 820 2778 5641 3474 3475
4039 3457 137 827 920 3461 2917 5635 5638 2920 923
4040 137 3457 176 1154 3461 3462 1151 3469 1157 5639
4041 1078 1077 828 920 1080 5642 5643 5644 2921 5637
4042 823 822 828 1078 825 2780 2781 3122 5643 3123
4043 1077 176 3457 1154 3463 3462 5634 3465 5639 1157
4044 169 1078 116 3473 1081 3121 1067 3476 3474 5645
4045 1078 169 177 3473 1081 1152 3464 5645 3478 3476
4046 827 111 3457 110 830 3458 5635 2776 3459 799
4047 3473 1078 829 919 5645 5646 5641 5640 2919 5647
4048 829 117 3473 134 833 3475 5641 2918 3477 911
4049 1077 1078 1153 920 1080 3466 3467 5637 3472 5644
4050 1077 828 822 1078 5642 2780 3120 1080 3123 5643
4051 827 822 110 1077 2777 824 2776 5636 3119 3120
4052 1077 1153 1154 920 3467 1156 3465 5637 3470 3472
4053 919 829 3473 134 2919 5641 5640 921 3477 2918
4054 823 828 829 1078 2781 832 2779 3122 5646 5643
4055 1078 828 829 919 5643 832 5646 5647 2919 2922
4056 137 827 111 3457 2917 830 915 3461 3458 5635
4057 822 827 828 1077 2777 831 2780 3120 5642 5636
4058 1077 827 828 920 5636 831 5642 5637 2921 2920
4059 116 829 1078 823 2778 5646 3121 826 3122 2779
4060 116 1078 829 3473 3121 5646 2778 3474 5641 5645
4061 1078 920 919 1153 5644 922 5647 3466 3471 3472
4062 919 920 1078 828 922 5644 5647 2922 5643 2921
4063 919 177 1078 1153 3468 3464 5647 3471 3466 1155
4064 919 1078 177 3473 5647 3464 3468 5640 3478 5645
3 10 11 25
4278 81 82 649 110 632 653 2268 2894 2769 798
4279 652 84 83 116 657 641 2270 2770 2886 819
4280 649 642 81 898 2269 645 2268 5276 2887 2888
4281 2267 650 822 642 2275 2773 5277 2272 5278 2274
4282 822 651 2267 899 2774 2278 5277 2885 5279 5280
4283 644 643 2267 899 647 2273 2276 2893 5279 2892
4284 2267 643 642 899 2273 646 2272 5279 2891 2892
4285 651 652 644 823 656 2271 2277 2775 5281 2772
4286 822 651 899 823 2774 5280 2885 825 2884 2775
4287 110 822 649 898 824 2771 2769 2880 5276 2881
4288 650 822 642 649 2773 5278 2274 654 2269 2771
4289 822 651 650 2267 2774 655 2773 5277 2275 2278
4290 822 642 649 898 5278 2269 2771 2881 5276 2888
4291 83 900 116 131 2889 2882 2886 906 897 904
4292 898 81 110 132 2887 2894 2880 901 905 907
4293 898 110 81 649 2880 2894 2887 5276 2268 2769
4294 899 644 651 2267 2893 2277 5280 5279 2278 2276
4295 899 642 822 898 2891 5278 2885 902 2881 2888
4296 899 822 642 2267 2885 5278 2891 5279 2272 5277
4297 116 823 83 652 826 5282 2886 2770 2270 2772
4298 116 83 823 900 2886 5282 826 2882 2883 2889
4299 644 83 823 652 648 5282 5281 2271 2772 2270
4300 644 823 83 900 5281 5282 648 2890 2889 2883
4301 899 823 644 900 2884 5281 2893 903 2890 2883
4302 644 823 899 651 5281 2884 2893 2277 5280 2775
3 11 11 91
4166 2294 2293 644 1822 2306 4717 4718 4719 4720 4721
4167 644 2293 2289 1822 4717 2309 4722 4720 4723 4721
4168 642 1824 2288 2292 4724 4725 4726 4727 2321 4728
4169 2290 2288 2267 1821 2318 4729 4730 4731 4732 4733
4170 1828 2294 644 1822 4734 4718 4735 1843 4720 4719
4171 1826 2290 2267 1821 4736 4730 4737 1848 4732 4731
4172 1822 2289 644 1820 4723 4722 4720 1841 4738 4739
4173 2288 1821 1824 642 4733 1852 4725 4726 4724 4740
4174 2293 481 2289 1822 2305 2307 2309 4721 4723 1856
4175 466 1826 2267 1821 1849 4737 4741 1845 4732 1848
4176 1820 1825 2267 466 1847 4742 4743 1839 4741 1846
4177 2293 2294 480 1822 2306 2300 2304 4721 1855 4719
4178 642 649 2287 2292 2269 2302 4744 4727 2322 2325
4179 644 2289 2267 1820 4722 4745 2276 4738 4743 4739
4180 485 2288 1824 2292 2317 4725 1865 2319 4728 2321
4181 2292 2287 1827 486 2322 4746 4747 2320 1837 2295
4182 1827 1824 2292 486 1867 4728 4747 1837 2320 1866
4183 2291 2290 2267 1826 2315 4730 4748 4749 4737 4736
4184 1821 2288 2267 642 4733 4729 4732 4740 2272 4726
4185 1826 2267 1825 466 4737 4742 1850 1849 1846 4741
4186 2293 652 2294 644 2331 2303 2306 4717 4718 2271
4187 84 54 2294 1828 659 2299 2298 4750 4734 1833
4188 481 2289 1822 1820 2307 4723 1856 1857 1841 4739
4189 2288 650 2290 2267 2324 2328 2318 4729 4730 2275
4190 83 2294 644 1828 4751 4718 648 4752 4735 4734
4191 1825 2291 2267 1826 4753 4748 4742 1850 4737 4749
4192 649 642 2288 2292 2269 4726 2323 2325 2321 4727
4193 2289 652 2293 644 2330 2331 2309 4722 4717 2271
4194 1823 467 51 642 1830 471 1829 4754 2280 2281
4195 1828 480 2294 1822 1838 2300 4734 1843 4719 1855
4196 1820 643 465 466 4755 2285 1840 1839 469 2284
4197 2294 83 84 1828 4751 641 2298 4734 4750 4752
4198 2290 2291 483 1826 2315 2311 2313 4736 1861 4749
4199 467 466 643 1821 470 2284 2286 1844 4756 1845
4200 54 84 52 1828 659 2279 479 1833 1832 4750
4201 485 2288 1821 1824 2317 4733 1864 1865 1852 4725
4202 465 1828 644 1822 1834 4735 2283 1842 4720 1843
4203 2288 2290 484 1821 2318 2314 2316 4733 1863 4731
4204 2267 643 466 1821 2273 2284 4741 4732 1845 4756
4205 2291 2289 482 1825 2312 2308 2310 4753 1859 4757
4206 1823 1824 467 642 1853 1851 1830 4754 2281 4724
4207 2267 643 1820 466 2273 4755 4743 4741 1839 2284
4208 1828 644 52 465 4735 2282 1832 1834 468 2283
4209 644 465 1822 1820 2283 1842 4720 4738 1841 1840
4210 638 473 1827 53 2227 1836 4758 639 1835 475
4211 644 52 83 1828 2282 658 648 4735 4752 1832
4212 2267 651 2289 644 2278 2329 4745 2276 4722 2277
4213 2267 2288 650 642 4729 2324 2275 2272 2274 4726
4214 1825 2289 482 1820 4757 2308 1859 1847 1858 4739
4215 1826 484 2290 1821 1862 2314 4736 1848 4731 1863
4216 1824 1821 467 642 1852 1844 1851 4724 2281 4740
4217 2267 643 1821 642 2273 4756 4732 2272 4740 646
4218 651 2289 2291 2267 2329 2312 2327 2278 4748 4745
4219 2267 643 644 1820 2273 647 2276 4743 4738 4755
4220 465 644 643 1820 2283 647 2285 1840 4755 4738
4221 643 467 1821 642 2286 1844 4756 646 4740 2281
4222 1825 483 2291 1826 1860 2311 4753 1850 4749 1861
4223 2294 84 83 652 2298 641 4751 2303 2270 657
4224 1827 638 2287 2223 4758 2297 4746 4759 4760 2229
4225 83 2294 652 644 4751 2303 2270 648 2271 4718
4226 638 473 2223 1827 2227 2226 2229 4758 4759 1836
4227 52 84 83 1828 2279 641 658 1832 4752 4750
4228 638 53 1827 2287 639 1835 4758 2297 4746 2296
4229 486 53 2287 1827 494 2296 2295 1837 4746 1835
4230 651 652 2289 644 656 2330 2329 2277 4722 2271
4231 642 2288 650 649 4726 2324 2274 2269 654 2323
4232 1827 1823 473 2223 1854 1831 1836 4759 2226 4761
4233 2289 481 482 1820 2307 489 2308 4739 1858 1857
4234 2293 480 481 1822 2304 488 2305 4721 1856 1855
4235 2288 484 485 1821 2316 492 2317 4733 1864 1863
4236 54 480 2294 1828 487 2300 2299 1833 4734 1838
4237 2290 483 484 1826 2313 491 2314 4736 1862 1861
4238 2287 638 82 2223 2297 640 2301 4760 2228 2229
4239 2291 482 483 1825 2310 490 2311 4753 1860 1859
4240 2291 2290 650 2267 2315 2328 2326 4748 2275 4730
4241 2292 1824 485 486 4728 1865 2319 2320 493 1866
4242 473 1823 51 2223 1831 1829 474 2226 2225 4761
4243 2291 650 651 2267 2326 655 2327 4748 2278 2275
4244 1824 1827 642 1823 1867 4762 4724 1853 4754 1854
4245 2223 642 1827 1823 4763 4762 4759 4761 1854 4754
4246 2223 1827 642 2287 4759 4762 4763 4760 4744 4746
4247 2292 1827 642 1824 4747 4762 4727 4728 4724 1867
4248 2292 642 1827 2287 4727 4762 4747 2322 4746 4744
4249 2289 2267 1825 2291 4745 4742 4757 2312 4753 4748
4250 1825 2267 2289 1820 4742 4745 4757 1847 4739 4743
4251 82 2287 81 649 2301 4764 632 653 2268 2302
4252 82 81 2287 2223 632 4764 2301 2228 4760 2224
4253 642 81 2287 649 645 4764 4744 2269 2302 2268
4254 642 2287 81 2223 4744 4764 645 4763 2224 4760
4255 2223 642 51 81 4763 2280 2225 2224 630 645
4256 2223 51 642 1823 2225 2280 4763 4761 4754 1829
3 12 11 80
4065 358 1872 1870 1825 4440 1891 4441 4442 4443 4444
4066 358 1871 1873 1826 4445 1894 4446 4447 4448 4449
4067 357 1874 1875 1822 4450 1888 4451 4452 4453 4454
4068 1822 357 1874 1820 4452 4450 4454 1841 4455 4456
4069 357 1870 1874 1820 4457 1887 4450 4456 4455 4458
4070 1825 1870 358 1820 4443 4441 4442 1847 4459 4458
4071 358 1871 1826 1821 4445 4449 4447 4460 1848 4461
4072 1828 357 1875 1822 4462 4451 4463 1843 4453 4452
4073 1874 481 1822 1820 1898 1856 4454 4455 1841 1857
4074 481 1874 1870 1820 1898 1887 1901 1857 4458 4455
4075 1824 1821 1871 359 1852 4461 4464 4465 4466 4467
4076 358 1872 1873 369 4440 1895 4446 1589 1893 1892
4077 1870 1872 358 369 1891 4440 4441 1885 1589 1892
4078 1873 1871 358 369 1894 4445 4446 1893 1589 1889
4079 357 1870 368 1874 4457 1884 1586 4450 1886 1887
4080 466 358 1826 1821 1812 4447 1849 1845 1848 4460
4081 358 1825 1820 466 4442 1847 4459 1812 1839 1846
4082 357 358 1870 1820 361 4441 4457 4456 4458 4459
4083 1826 1825 358 466 1850 4442 4447 1849 1812 1846
4084 482 1870 1872 1825 1900 1891 1903 1859 4444 4443
4085 34 1813 1869 359 1814 4468 1877 1583 4469 4470
4086 1821 358 1871 359 4460 4445 4461 4467 4466 362
4087 480 1875 1874 1822 1883 1888 1899 1855 4454 4453
4088 484 1873 1871 1826 1904 1894 1907 1862 4449 4448
4089 51 467 1823 359 471 1830 1829 1806 4471 1808
4090 1874 368 357 1875 1886 1586 4450 1888 4451 1881
4091 1871 485 1824 1869 1906 1865 4464 1896 4472 1908
4092 1871 485 1821 1824 1906 1864 4461 4464 1852 1865
4093 1820 465 358 466 1840 1810 4459 1839 1812 469
4094 1813 1827 476 1869 4473 4474 1817 4468 1878 4475
4095 358 466 467 1821 1812 470 1811 4460 1844 1845
4096 1875 54 35 1828 1879 495 1880 4463 4476 1833
4097 52 35 54 1828 1868 495 479 1832 1833 4476
4098 357 1828 465 1822 4462 1834 1809 4452 1842 1843
4099 467 1824 1823 359 1851 1853 1830 1808 4471 4465
4100 1822 465 357 1820 1842 1809 4452 1841 4456 1840
4101 1828 52 357 465 1832 1807 4462 1834 1809 468
4102 369 358 1870 368 1589 4441 1885 372 1884 1587
4103 1871 370 358 369 1890 1588 4445 1889 1589 373
4104 35 357 368 1875 1584 1586 371 1880 1881 4451
4105 467 1821 1824 359 1844 1852 1851 1808 4465 4467
4106 1875 480 1828 1822 1883 1838 4463 4453 1843 1855
4107 1825 482 1870 1820 1859 1900 4443 1847 4458 1858
4108 53 486 476 1827 494 1882 478 1835 4474 1837
4109 358 357 465 1820 361 1809 1810 4459 1840 4456
4110 1821 467 358 359 1844 1811 4460 4467 362 1808
4111 1871 484 1826 1821 1907 1862 4449 4461 1848 1863
4112 1869 370 34 359 1876 374 1877 4469 1583 1585
4113 473 476 1827 53 1819 4474 1836 475 1835 478
4114 476 486 1869 1827 1882 1897 1878 4474 4475 1837
4115 358 357 1870 368 361 4457 4441 1587 1884 1586
4116 1813 34 32 359 1814 365 1815 4470 363 1583
4117 358 370 1871 359 1588 1890 4445 362 4466 1585
4118 481 1870 482 1820 1901 1900 489 1857 1858 4458
4119 1827 1824 486 1869 1867 1866 1837 4475 1897 4472
4120 473 1823 1827 1813 1831 1854 1836 1818 4473 4477
4121 473 476 1813 1827 1819 1817 1818 1836 4473 4474
4122 1874 481 480 1822 1898 488 1899 4454 1855 1856
4123 1813 476 34 1869 1817 477 1814 4468 1877 1878
4124 484 1871 485 1821 1907 1906 492 1863 1864 4461
4125 54 1875 480 1828 1879 1883 487 1833 1838 4463
4126 482 1872 483 1825 1903 1902 490 1859 1860 4444
4127 1873 484 483 1826 1904 491 1905 4448 1861 1862
4128 486 1824 485 1869 1866 1865 493 1897 1908 4472
4129 51 1823 473 1813 1829 1831 474 1816 1818 4477
4130 1873 358 1825 1872 4446 4442 4478 1895 4444 4440
4131 1825 358 1873 1826 4442 4446 4478 1850 4448 4447
4132 1825 483 1873 1872 1860 1905 4478 4444 1895 1902
4133 1873 483 1825 1826 1905 1860 4478 4448 1850 1861
4134 359 1813 51 32 4470 1816 1806 363 464 1815
4135 359 51 1813 1823 1806 1816 4470 4471 4477 1829
4136 1869 1871 359 1824 1896 4466 4469 4472 4465 4464
4137 1869 359 1871 370 4469 4466 1896 1876 1890 1585
4138 35 1828 357 1875 4476 4462 1584 1880 4451 4463
4139 357 52 35 33 1807 1868 1584 360 367 472
4140 357 35 52 1828 1584 1868 1807 4462 1832 4476
4141 1869 1823 1824 359 4479 1853 4472 4469 4465 4471
4142 1869 1824 1823 1827 4472 1853 4479 4475 1854 1867
4143 1813 1823 1869 359 4477 4479 4468 4470 4469 4471
4144 1813 1869 1823 1827 4468 4479 4477 4473 1854 4475
3 13 11 22
3741 33 24 22 316 364 323 1590 1576 1526 319
3742 368 369 358 302 372 1589 1587 1594 4341 1596
3743 370 303 358 369 1592 4342 1588 373 1589 1595
3744 32 16 14 318 1582 267 356 1575 322 1524
3745 316 358 317 302 1579 1580 320 1527 1528 4341
3746 303 358 317 359 4342 1580 1529 4343 1581 362
3747 318 303 317 359 1525 1529 321 1577 1581 4343
3748 358 303 370 359 4342 1592 1588 362 1585 4343
3749 368 22 357 35 1593 4344 1586 371 1584 375
3750 33 357 22 35 360 4344 1590 367 375 1584
3751 33 22 357 316 1590 4344 360 1576 1578 1526
3752 32 16 359 34 1582 4345 363 365 1583 366
3753 32 359 16 318 363 4345 1582 1575 1524 1577
3754 370 359 16 34 1585 4345 1591 374 366 1583
3755 302 358 303 369 4341 4342 305 1596 1595 1589
3756 302 303 358 317 305 4342 4341 1528 1580 1529
3757 359 303 16 318 4343 306 4345 1577 1524 1525
3758 359 16 303 370 4345 306 4343 1585 1592 1591
3759 22 302 357 316 304 4346 4344 1526 1578 1527
3760 22 357 302 368 4344 4346 304 1593 1594 1586
3761 358 357 302 316 361 4346 4341 1579 1527 1578
3762 358 302 357 368 4341 4346 361 1587 1586 1594
3 14 11 25
3614 23 316 22 24 1533 1526 1530 324 323 319
3615 21 22 308 302 307 4320 1517 1511 4321 304
3616 308 22 316 302 4320 1526 1534 4321 1527 304
3617 23 21 22 308 315 307 1530 311 4320 1517
3618 23 316 308 22 1533 1534 311 1530 4320 1526
3619 16 15 310 298 268 1515 4322 1509 1516 301
3620 297 21 308 302 299 1517 1518 1512 4321 1511
3621 16 15 11 310 268 263 1480 4322 314 1515
3622 298 310 16 318 1516 4322 1509 4323 1524 1532
3623 298 303 297 1514 1510 1513 300 1519 1520 4324
3624 14 310 16 11 1531 4322 267 257 1480 314
3625 14 310 318 16 1531 1532 322 267 1524 4322
3626 16 303 298 318 306 1510 1509 1524 4323 1525
3627 309 316 1514 308 1535 4325 1523 312 1521 1534
3628 317 309 1514 318 1537 1523 4326 321 4327 1536
3629 309 310 1514 318 313 1522 1523 1536 4327 1532
3630 1514 302 316 317 4328 1527 4325 4326 320 1528
3631 317 1514 303 318 4326 4324 1529 321 1525 4327
3632 309 316 317 1514 1535 320 1537 1523 4326 4325
3633 302 1514 297 303 4328 1520 1512 305 1513 4324
3634 302 1514 303 317 4328 4324 305 1528 1529 4326
3635 318 1514 298 310 4327 1519 4323 1532 1516 1522
3636 318 298 1514 303 4323 1519 4327 1525 4324 1510
3637 1514 302 308 316 4328 4321 1521 4325 1534 1527
3638 1514 308 302 297 1521 4321 4328 1520 1512 1518
3 15 11 25
3229 21 57 55 503 1921 511 502 4480 1914 506
3230 11 505 15 58 1922 4481 263 512 1920 509
3231 15 56 58 505 501 510 1920 4481 509 1916
3232 21 23 57 503 315 513 1921 4480 506 1924
3233 310 15 505 298 1515 4481 1923 1516 4482 301
3234 21 23 503 308 315 1924 4480 1517 1925 311
3235 15 56 505 298 501 1916 4481 301 4482 1909
3236 496 21 503 308 1910 4480 1915 4483 1925 1517
3237 11 505 310 15 1922 1923 314 263 1515 4481
3238 308 496 21 297 4483 1910 1517 1518 299 1911
3239 503 55 21 496 1914 502 4480 1915 1910 498
3240 503 309 1514 308 1926 1523 4484 1925 1521 312
3241 497 1514 298 297 4485 1519 1912 1913 300 1520
3242 1514 504 310 309 4486 1928 1522 1523 313 1927
3243 503 309 504 1514 1926 1927 507 4484 4486 1523
3244 497 505 56 298 1917 1916 500 1912 1909 4482
3245 496 503 504 1514 1915 507 1919 4487 4486 4484
3246 1514 497 496 297 4485 499 4487 1520 1911 1913
3247 497 496 504 1514 499 1919 1918 4485 4486 4487
3248 496 1514 308 503 4487 1521 4483 1915 1925 4484
3249 496 308 1514 297 4483 1521 4487 1911 1520 1518
3250 298 1514 505 310 1519 4488 4482 1516 1923 1522
3251 298 505 1514 497 4482 4488 1519 1912 4485 1917
3252 504 505 1514 310 508 4488 4486 1928 1522 1923
3253 504 1514 505 497 4486 4488 508 1918 1917 4485
3 16 11 32
3120 55 57 75 503 511 2178 609 1914 4638 506
3121 72 503 75 57 2165 4638 610 601 2178 506
3122 74 73 58 505 603 600 2172 4639 509 2166
3123 72 503 593 75 2165 2167 596 610 2179 4638
3124 56 74 58 505 602 2172 510 1916 509 4639
3125 74 73 505 595 603 2166 4639 2180 2168 599
3126 55 503 75 4642 1914 4638 609 4643 4644 4645
3127 604 55 75 4642 2173 609 606 4646 4644 4643
3128 55 496 503 4642 498 1915 1914 4643 4645 4647
3129 55 604 496 4642 2173 2174 498 4643 4647 4646
3130 75 503 593 4642 4638 2167 2179 4644 4648 4645
3131 75 593 604 4642 2179 2182 606 4644 4646 4648
3132 496 504 503 4642 1919 507 1915 4647 4645 4649
3133 593 503 504 4642 2167 507 2169 4648 4649 4645
3134 594 593 504 4642 597 2169 2171 4650 4649 4648
3135 593 594 604 4642 597 2183 2182 4648 4646 4650
3136 496 497 504 4651 499 1918 1919 4652 4653 4654
3137 496 504 4642 4651 1919 4649 4647 4652 4656 4653
3138 604 496 4642 4651 2174 4647 4646 4657 4656 4652
3139 594 4642 504 4651 4650 4649 2171 4658 4653 4656
3140 594 604 4642 4651 2183 4646 4650 4658 4656 4657
3141 56 74 505 605 602 4639 1916 2175 4640 608
3142 497 56 505 605 500 1916 1917 2176 4640 2175
3143 595 505 74 605 2168 4639 2180 2181 608 4640
3144 504 497 505 605 1918 1917 508 4641 4640 2176
3145 504 505 595 605 508 2168 2170 4641 2181 4640
3146 504 595 594 605 2170 598 2171 4641 2184 2181
3147 497 496 605 4651 499 2177 2176 4654 4655 4652
3148 496 604 605 4651 2174 607 2177 4652 4655 4657
3149 594 605 604 4651 2184 607 2183 4658 4657 4655
3150 504 4651 605 594 4653 4655 4641 2171 2184 4658
3151 504 605 4651 497 4641 4655 4653 1918 4654 2176
3 17 11 21
3077 593 102 75 604 5240 755 2179 2182 606 2641
3078 75 72 102 593 610 2825 755 2179 5240 596
3079 120 593 102 72 2817 5240 861 859 2825 596
3080 593 120 102 851 2817 861 5240 2819 2828 854
3081 595 100 73 121 5241 2824 599 2818 858 860
3082 121 595 100 853 2818 5241 860 857 2826 2820
3083 100 73 74 595 2824 603 747 5241 2180 599
3084 604 605 594 750 607 2184 2183 2642 5242 2643
3085 604 594 593 750 2183 597 2182 2642 5243 5242
3086 750 852 593 851 2831 2822 5243 2829 2819 855
3087 852 593 594 750 2822 597 2821 2831 5242 5243
3088 593 750 102 604 5243 752 5240 2182 2641 2642
3089 102 750 593 851 752 5243 5240 2828 2819 2829
3090 595 74 100 751 2180 747 5241 5244 754 2639
3091 74 595 605 751 2180 2181 608 2639 2640 5244
3092 853 595 100 751 2820 5241 2826 2827 754 5244
3093 594 605 595 751 2184 2181 598 5245 5244 2640
3094 594 595 853 751 598 2820 2823 5245 2827 5244
3095 853 852 594 751 856 2821 2823 2827 5245 2830
3096 594 750 751 852 5242 753 5245 2821 2830 2831
3097 594 751 750 605 5245 753 5242 2184 2643 2640
3 18 11 22
3098 1020 750 1019 1013 3068 3067 1023 3056 3054 5421
3099 157 102 120 851 3070 861 1027 3057 854 2828
3100 1020 1021 751 1013 1024 3065 3069 3056 5422 3055
3101 853 100 121 149 2826 860 857 3058 987 3030
3102 852 750 1013 851 2831 5421 3061 855 3062 2829
3103 1013 1021 751 1014 3055 3065 5422 1017 5423 3051
3104 1013 751 852 1014 5422 2830 3061 1017 3063 5423
3105 853 852 751 1014 856 2830 2827 3059 5423 3063
3106 157 102 1012 158 3070 5424 1015 1026 3052 1028
3107 157 1012 102 851 1015 5424 3070 3057 2828 3060
3108 1019 1012 102 158 3053 5424 3066 1022 1028 3052
3109 149 100 1014 853 3030 5425 1018 3058 3059 2826
3110 149 1014 100 153 1018 5425 3030 998 1000 3050
3111 1021 100 1014 153 3064 5425 3051 1025 3050 1000
3112 750 1013 751 852 5421 5422 753 2831 2830 3061
3113 751 1013 750 1020 5422 5421 753 3069 3068 3056
3114 751 1014 100 853 5423 5425 754 2827 2826 3059
3115 100 1014 751 1021 5425 5423 754 3064 3065 3051
3116 102 750 1012 1019 752 5426 5424 3066 3053 3067
3117 102 1012 750 851 5424 5426 752 2828 2829 3060
3118 1013 1012 750 1019 1016 5426 5421 3054 3067 3053
3119 1013 750 1012 851 5421 5426 1016 3062 3060 2829
3 19 11 77
3152 3189 3188 1012 3915 3202 5993 5994 5995 5996 5997
3153 3913 1012 3188 3915 5998 5993 5999 3937 5997 5996
3154 3188 3185 1012 3913 3201 6000 5993 5999 5998 6001
3155 1013 3185 3918 3913 6002 6003 6004 6005 3940 6001
3156 3918 3187 1013 3919 6006 6007 6004 3943 6008 6009
3157 3914 1013 3186 3919 6010 6011 6012 3946 6013 6008
3158 1012 3189 3915 3921 5994 5995 5996 6014 3934 6015
3159 3913 3188 1088 3915 5999 3209 3936 3937 3932 5997
3160 3917 1014 3186 3914 6016 6017 6018 3949 6012 6019
3161 3185 3188 1088 3913 3201 3209 3212 6001 3936 5999
3162 3186 1092 3184 3917 3216 3219 3208 6018 6020 3948
3163 1019 3188 3185 1012 3200 3201 3198 3053 6000 5993
3164 3914 1316 1013 3919 3955 3967 6010 3946 6008 3958
3165 3917 3186 1092 3914 6018 3216 3948 3949 3944 6012
3166 3918 1316 1013 3913 3957 3967 6004 3940 6005 3953
3167 3185 1013 1012 3913 6002 1016 6000 6001 5998 6005
3168 3918 1013 1316 3919 6004 3967 3957 3943 3958 6008
3169 3900 153 3184 1014 3901 3191 6021 6022 6023 3050
3170 1014 1013 3186 3914 1017 6011 6017 6019 6012 6010
3171 1089 3187 3185 3918 3214 3205 3211 3939 6003 6006
3172 3188 3189 1087 3915 3202 3196 3210 5997 3933 5995
3173 1014 3916 200 1317 6024 3928 3961 3963 1321 3930
3174 1019 3189 3188 1012 3195 3202 3200 3053 5993 5994
3175 3184 1102 3900 3920 3192 3904 6021 6025 6026 6027
3176 3913 1316 1013 1315 3953 3967 6005 3952 3965 1319
3177 1013 1317 1316 3914 3966 1320 3967 6010 3955 3956
3178 171 3189 158 3921 3193 3194 1083 3922 6028 6015
3179 3921 158 171 205 6028 1083 3922 3923 1322 3968
3180 3186 3187 1091 3919 3207 3215 3217 6013 3941 6009
3181 3921 3915 1012 1315 3934 5996 6014 3931 3964 3954
3182 1014 3917 3916 1317 6016 3960 6024 3963 3930 3959
3183 3915 3913 1012 1315 3937 5998 5996 3954 3964 3952
3184 1020 1019 3185 1013 1023 3198 3199 3056 6002 3054
3185 1020 3186 1021 1013 3203 3204 1024 3056 3055 6011
3186 1315 1012 3921 205 3964 6014 3931 1318 3923 3962
3187 158 3189 1019 1012 3194 3195 1022 3052 3053 5994
3188 1014 3917 1317 3914 6016 3959 3963 6019 3956 3949
3189 3915 3189 1087 3921 5995 3196 3933 3934 3924 6015
3190 3918 3185 1089 3913 6003 3211 3939 3940 3935 6001
3191 1093 172 1102 3920 1101 1103 3197 3926 6027 3925
3192 3913 1013 1012 1315 6005 1016 5998 3952 3964 3965
3193 1013 1014 1317 3914 1017 3963 3966 6010 3956 6019
3194 3184 153 1021 1014 3191 1025 3190 6023 3051 3050
3195 1102 1307 3920 172 3905 3927 6027 1103 3925 1309
3196 3914 3186 1091 3919 6012 3217 3945 3946 3941 6013
3197 1093 1102 3184 3920 3197 3192 3218 3926 6025 6027
3198 1013 1019 3185 1012 3054 3198 6002 1016 6000 3053
3199 3917 1093 3184 3920 3947 3218 6020 3950 6025 3926
3200 3900 153 1014 149 3901 3050 6022 3902 1018 998
3201 1013 3186 1021 1014 6011 3204 3055 1017 3051 6017
3202 3187 1090 1091 3919 3213 1098 3215 6009 3941 3942
3203 3185 1088 1089 3913 3212 1096 3211 6001 3935 3936
3204 3900 3916 3920 1307 6029 3951 6026 3906 3927 3929
3205 1307 1102 3920 3900 3905 6027 3927 3906 6026 3904
3206 3186 1091 1092 3914 3217 1099 3216 6012 3944 3945
3207 3187 1089 1090 3918 3214 1097 3213 6006 3938 3939
3208 3188 1087 1088 3915 3210 1095 3209 5997 3932 3933
3209 3900 153 1102 3184 3901 1104 3904 6021 3192 3191
3210 3189 171 1087 3921 3193 1094 3196 6015 3924 3922
3211 1090 3187 3918 3919 3213 6006 3938 3942 3943 6009
3212 3184 1092 1093 3917 3219 1100 3218 6020 3947 3948
3213 1307 3900 3916 200 3906 6029 3929 1308 3928 3903
3214 3186 3187 1013 1020 3207 6007 6011 3203 3056 3206
3215 3186 1013 3187 3919 6011 6007 3207 6013 6009 6008
3216 3187 3185 1013 1020 3205 6002 6007 3206 3056 3199
3217 3187 1013 3185 3918 6007 6002 3205 6006 6003 6004
3218 3900 1014 200 149 6022 3961 3903 3902 1295 1018
3219 3900 200 1014 3916 3903 3961 6022 6029 6024 3928
3220 3186 1014 3184 1021 6017 6023 3208 3204 3190 3051
3221 3186 3184 1014 3917 3208 6023 6017 6018 6016 6020
3222 1012 3921 158 3189 6014 6028 3052 5994 3194 6015
3223 205 1012 158 157 3962 3052 3968 1323 1026 1015
3224 205 158 1012 3921 3968 3052 3962 3923 6014 6028
3225 3184 3916 3917 3920 6030 3960 6020 6025 3950 3951
3226 3184 3917 3916 1014 6020 3960 6030 6023 6024 6016
3227 3900 3916 3184 3920 6029 6030 6021 6026 6025 3951
3228 3900 3184 3916 1014 6021 6030 6029 6022 6024 6023
3 20 11 91
3254 3566 3567 1381 3915 3579 6169 6170 6171 6172 6173
3255 3562 3566 1381 3915 3582 6170 6174 6175 6172 6171
3256 3561 1383 3565 3917 6176 6177 3594 6178 6179 6180
3257 3561 3563 4121 3914 3591 6181 6182 6183 6184 6185
3258 3567 1381 3915 3921 6169 6172 6173 6186 3934 6187
3259 3914 3563 4121 3919 6185 6181 6184 3946 6188 6189
3260 3913 3562 1381 3915 6190 6174 6191 3937 6172 6175
3261 3561 1383 3917 3914 6176 6180 6178 6183 3949 6192
3262 3566 3562 1088 3915 3582 3580 3578 6171 3932 6175
3263 4121 1316 3914 3919 6193 3955 6184 6188 3946 3958
3264 4121 1316 3918 3913 6193 3957 6194 6195 3940 3953
3265 3567 3566 1087 3915 3579 3577 3570 6173 3933 6171
3266 4121 3562 1381 3913 6196 6174 4129 6195 6191 6190
3267 3565 3560 1093 3920 3595 3571 3593 6197 3926 6198
3268 1092 3561 3565 3917 3590 3594 3592 3948 6179 6178
3269 3917 3565 1093 3920 6179 3593 3947 3950 3926 6197
3270 1383 3561 4121 3914 6176 6182 4131 6192 6184 6183
3271 3563 3564 4121 3919 3588 6199 6181 6189 6188 6200
3272 1316 4121 3918 3919 6193 6194 3957 3958 3943 6188
3273 186 4133 3560 1206 4135 6201 3575 1211 3576 6202
3274 3566 3567 1203 1381 3579 3574 3598 6170 4124 6169
3275 171 184 3567 3921 1193 3568 3569 3922 6186 6203
3276 3913 1088 3562 3915 3936 3580 6190 3937 6175 3932
3277 4121 3563 3561 1205 6181 3591 6182 4127 3602 3603
3278 1381 3567 219 3921 6169 6204 1384 6187 6205 6186
3279 3918 4121 3564 3919 6194 6199 6206 3943 6200 6188
3280 3565 1383 3561 1206 6177 6176 3594 3604 3601 4125
3281 1203 3562 3566 1381 3597 3582 3598 4124 6170 6174
3282 3915 1087 3567 3921 3933 3570 6173 3934 6186 3924
3283 3913 1382 1316 1315 6207 4145 3953 3952 1319 4144
3284 219 3567 184 3921 6204 3568 1379 6205 6203 6186
3285 3564 3563 1090 3919 3588 3586 3584 6200 3942 6189
3286 1316 1317 1382 3914 1320 4146 4145 3955 6208 3956
3287 3921 171 184 205 3922 1193 6203 3923 4120 1322
3288 3917 1092 3561 3914 3948 3590 6178 3949 6183 3944
3289 1381 3915 3921 1315 6172 3934 6187 4143 3931 3954
3290 3563 3561 1091 3914 3591 3589 3587 6185 3945 6183
3291 1382 4121 1316 3914 4132 6193 4145 6208 3955 6184
3292 3562 3564 1089 3918 3585 3583 3581 6209 3939 6206
3293 1316 4121 1382 3913 6193 4132 4145 3953 6207 6195
3294 1315 3921 1381 205 3931 6187 4143 1318 4142 3923
3295 1381 3913 3915 1315 6191 3937 6172 4143 3954 3952
3296 3920 1212 172 1307 6210 1214 3925 3927 1309 4134
3297 219 1381 3921 205 1384 6187 6205 1380 3923 4142
3298 4121 1381 3562 1204 4129 6174 6196 4128 3596 4126
3299 4133 186 220 1206 4135 1388 4136 6202 4123 1211
3300 1205 3561 4121 1383 3602 6182 4127 4130 4131 6176
3301 1089 3562 3918 3913 3581 6209 3939 3935 3940 6190
3302 1091 3563 3914 3919 3587 6185 3945 3941 3946 6189
3303 1317 3917 1383 3914 3959 6180 4141 3956 6192 3949
3304 4121 1382 1383 3914 4132 1386 4131 6184 6192 6208
3305 4133 1212 3560 3920 4137 3573 6201 6211 6198 6210
3306 1381 1382 4121 3913 1385 4132 4129 6191 6195 6207
3307 3564 4121 3562 1204 6199 6196 3585 3600 3596 4128
3308 1381 1382 3913 1315 1385 6207 6191 4143 3952 4144
3309 1317 1383 1382 3914 4141 1386 4146 3956 6208 6192
3310 4133 1212 3920 1307 4137 6210 6211 4139 3927 4134
3311 3918 3564 1090 3919 6206 3584 3938 3943 3942 6200
3312 3567 184 1203 219 3568 1207 3574 6204 4122 1379
3313 3920 3916 4133 1307 3951 6212 6211 3927 4139 3929
3314 219 1203 3567 1381 4122 3574 6204 1384 6169 4124
3315 3921 184 219 205 6203 1379 6205 3923 1380 4120
3316 172 3560 1212 3920 3572 3573 1214 3925 6210 6198
3317 172 1093 3560 3920 1101 3571 3572 3925 6198 3926
3318 1203 3562 1381 1204 3597 6174 4124 1208 4126 3596
3319 1205 3561 1383 1206 3602 6176 4130 1210 4125 3601
3320 4133 220 1383 1206 4136 1387 6213 6202 4125 4123
3321 3562 1089 1088 3913 3581 1096 3580 6190 3936 3935
3322 3566 1088 1087 3915 3578 1095 3577 6171 3933 3932
3323 1091 3561 1092 3914 3589 3590 1099 3945 3944 6183
3324 171 3567 1087 3921 3569 3570 1094 3922 3924 6186
3325 3563 1091 1090 3919 3587 1098 3586 6189 3942 3941
3326 1212 186 4133 3560 1213 4135 4137 3573 6201 3575
3327 3564 1090 1089 3918 3584 1097 3583 6206 3939 3938
3328 4121 3564 3563 1205 6199 3588 6181 4127 3603 3599
3329 1307 3916 4133 200 3929 6212 4139 1308 4138 3928
3330 3565 1093 1092 3917 3593 1100 3592 6179 3948 3947
3331 4121 3564 1205 1204 6199 3599 4127 4128 1209 3600
3332 4121 3562 3918 3564 6196 6209 6194 6199 6206 3585
3333 4121 3918 3562 3913 6194 6209 6196 6195 6190 3940
3334 1206 3565 4133 3560 3604 6214 6202 3576 6201 3595
3335 1206 4133 3565 1383 6202 6214 3604 4125 6177 6213
3336 3920 4133 3565 3560 6211 6214 6197 6198 3595 6201
3337 1383 4133 200 220 6213 4138 4140 1387 1389 4136
3338 4133 3917 3916 3920 6215 3960 6212 6211 3951 3950
3339 4133 3917 3565 1383 6215 6179 6214 6213 6177 6180
3340 4133 3565 3917 3920 6214 6179 6215 6211 3950 6197
3341 4133 3917 1317 3916 6215 3959 6216 6212 3930 3960
3342 4133 1317 3917 1383 6216 3959 6215 6213 6180 4141
3343 4133 1317 200 3916 6216 1321 4138 6212 3928 3930
3344 4133 200 1317 1383 4138 1321 6216 6213 4141 4140
3 21 11 27
3639 186 185 220 1206 1202 4246 1388 1211 4123 3554
3640 183 231 1195 1203 1434 4239 1198 3552 3553 6345
3641 183 1203 184 219 3552 1207 1192 4238 1379 4122
3642 1195 231 1436 1203 4239 1439 4242 3553 6346 6345
3643 1203 183 231 219 3552 1434 6345 4122 1435 4238
3644 1197 1438 185 1206 4241 4240 1201 3555 3554 6347
3645 231 1436 1203 219 1439 6346 6345 1435 4122 4247
3646 1204 1436 1195 1196 6348 4242 3556 3557 1199 4243
3647 219 1436 1203 1381 4247 6346 4122 1384 4124 4248
3648 220 1438 1383 1206 4249 4250 1387 4123 4125 6347
3649 1196 1204 1436 1437 3557 6348 4243 4245 1440 6349
3650 1205 1196 1197 1437 3558 1200 3559 6350 4244 4245
3651 4121 1382 1381 1437 4132 1385 4129 6351 4251 4252
3652 1437 4121 1382 1383 6351 4132 4252 4253 1386 4131
3653 1204 1437 1205 4121 6349 6350 1209 4128 4127 6351
3654 1205 1437 1204 1196 6350 6349 1209 3558 3557 4245
3655 1437 1204 1381 4121 6349 4126 4251 6351 4129 4128
3656 1437 1381 1204 1436 4251 4126 6349 1440 6348 4248
3657 1437 1205 1438 1197 6350 6352 1441 4244 4241 3559
3658 185 220 1438 226 4246 4249 4240 1428 1442 1443
3659 185 1438 220 1206 4240 4249 4246 3554 4123 6347
3660 1204 1203 1436 1381 1208 6346 6348 4126 4248 4124
3661 1204 1436 1203 1195 6348 6346 1208 3556 3553 4242
3662 1383 1437 1205 1438 4253 6350 4130 4250 6352 1441
3663 1383 1205 1437 4121 4130 6350 4253 4131 6351 4127
3664 1206 1438 1205 1197 6347 6352 1210 3555 3559 4241
3665 1206 1205 1438 1383 1210 6352 6347 4125 4250 4130
3 22 11 30
3763 1402 185 187 1197 6368 1216 4184 6369 3625 1201
3764 214 1402 185 187 1406 6368 4231 1373 1216 4184
3765 1402 1438 185 1197 4261 4240 6368 6369 1201 4241
3766 214 1402 1438 185 1406 4261 4260 4231 4240 6368
3767 185 1438 214 226 4240 4260 4231 1428 1422 1442
3768 1219 1402 187 1197 4185 4184 1222 3626 3625 6369
3769 1402 1437 1219 1401 4266 6370 4185 1405 4188 4265
3770 1197 1196 1219 1437 1200 3629 3626 4244 6370 4245
3771 1400 231 183 223 4262 1434 6371 1403 4267 1448
3772 183 188 1400 223 1223 4186 6371 4267 1403 1407
3773 1437 1197 1402 1219 4244 6369 4266 6370 4185 3626
3774 1437 1402 1197 1438 4266 6369 4244 1441 4241 4261
3775 1195 183 188 6372 1198 1223 3624 6373 6374 6375
3776 1400 188 183 6372 4186 1223 6371 6376 6375 6374
3777 183 1195 231 6372 1198 4239 1434 6375 6377 6373
3778 183 231 1400 6372 1434 4262 6371 6375 6376 6377
3779 1195 188 1218 6372 3624 1220 3627 6373 6378 6374
3780 1400 1218 188 6372 4187 1220 4186 6376 6374 6378
3781 231 1195 1436 6372 4239 4242 1439 6377 6379 6373
3782 231 1436 1400 6372 1439 4263 4262 6377 6376 6379
3783 1196 1195 1218 6372 1199 3627 3628 6380 6378 6373
3784 1436 1195 1196 6372 4242 1199 4243 6379 6380 6373
3785 1196 1437 1436 6372 4245 1440 4243 6380 6379 6381
3786 1437 1400 1436 6372 4264 4263 1440 6381 6379 6376
3787 1401 6372 1400 1437 6382 6376 1404 4265 4264 6381
3788 1401 1400 6372 1218 1404 6376 6382 4189 6378 4187
3789 1196 6372 1401 1437 6380 6382 6383 4245 4265 6381
3790 1196 1401 6372 1218 6383 6382 6380 3628 6378 4189
3791 1196 1401 1219 1437 6383 4188 3629 4245 6370 4265
3792 1196 1219 1401 1218 3629 4188 6383 3628 4189 1221
3 23 11 21
4145 206 1400 188 223 4176 4186 4183 1399 1407 1403
4146 1329 1402 187 1219 4179 4184 6268 6269 1222 4185
4147 1329 187 176 1219 6268 1215 3978 6269 3619 1222
4148 177 206 1327 188 1325 1330 3980 1217 6270 4183
4149 188 1327 177 1218 6270 3980 1217 1220 3621 6271
4150 1402 207 1329 187 4178 1333 4179 4184 6268 4113
4151 1400 206 188 1327 4176 4183 4186 4177 6270 1330
4152 1402 207 187 214 4178 4113 4184 1406 1373 1367
4153 1218 188 1327 1400 1220 6270 6271 4187 4177 4186
4154 187 176 207 1329 1215 1334 4113 6268 1333 3978
4155 1153 177 1327 1218 1155 3980 3981 3622 6271 3621
4156 1154 1329 176 1219 3979 3978 1157 3620 3619 6269
4157 1328 1218 1154 1153 6272 3623 3983 3982 1156 3622
4158 1400 1328 1218 1401 4180 6272 4187 1404 4189 4181
4159 1328 1400 1218 1327 4180 4187 6272 1331 6271 4177
4160 1328 1218 1153 1327 6272 3622 3982 1331 3981 6271
4161 1401 1329 1219 1402 4182 6269 4188 1405 4185 4179
4162 1329 1219 1328 1401 6269 6273 1332 4182 4181 4188
4163 1329 1328 1219 1154 1332 6273 6269 3979 3620 3983
4164 1218 1328 1219 1401 6272 6273 1221 4189 4188 4181
4165 1218 1219 1328 1154 1221 6273 6272 3623 3983 3620
3 24 11 21
4257 165 1070 1329 1077 3124 3973 6031 1079 6032 3125
4258 169 1327 1078 177 6033 6034 1081 1152 3464 3980
4259 176 165 1329 1077 1150 6031 3978 3463 6032 1079
4260 169 206 1327 177 3969 1330 6033 1152 3980 1325
4261 1078 1072 1327 169 3127 3972 6034 1081 6033 3126
4262 206 1072 169 1327 3971 3126 3969 1330 6033 3972
4263 1072 206 169 170 3971 3969 3126 1076 1069 1324
4264 207 165 1070 1329 3977 3124 3970 1333 3973 6031
4265 1070 163 165 207 1073 1053 3124 3970 3977 1326
4266 176 165 207 1329 1150 3977 1334 3978 1333 6031
4267 1327 1078 177 1153 6034 3464 3980 3981 1155 3466
4268 1077 1329 176 1154 6032 3978 3463 3465 1157 3979
4269 1078 1071 1327 1072 3129 3975 6034 3127 3972 1075
4270 1071 1077 1329 1070 3128 6032 3974 1074 3973 3125
4271 1153 1328 1077 1154 3982 6035 3467 1156 3465 3983
4272 1329 1328 1077 1071 1332 6035 6032 3974 3128 3976
4273 1329 1077 1328 1154 6032 6035 1332 3979 3983 3465
4274 1078 1077 1328 1071 1080 6035 6036 3129 3976 3128
4275 1328 1077 1078 1153 6035 1080 6036 3982 3466 3467
4276 1328 1327 1078 1071 1331 6034 6036 3976 3129 3975
4277 1078 1327 1328 1153 6034 1331 6036 3466 3982 3981
3 25 11 21
4303 116 900 170 131 2882 3112 3111 897 1068 904
4304 823 116 900 1078 826 2882 2883 3122 5447 3121
4305 1078 116 1072 169 3121 5448 3127 1081 3126 1067
4306 116 170 1072 169 3111 1076 5448 1067 3126 1069
4307 165 110 1070 1077 1057 5449 3124 1079 3125 3119
4308 1072 900 116 1078 3115 2882 5448 3127 3121 5447
4309 165 110 163 1070 1057 3098 1053 3124 1073 5449
4310 900 116 170 1072 2882 3111 3112 3115 1076 5448
4311 163 898 110 132 3113 2880 3098 1049 905 901
4312 898 163 110 1070 3113 3098 2880 3114 5449 1073
4313 1077 822 1071 1078 3120 5450 3128 1080 3129 3123
4314 1070 822 898 899 5451 2881 3114 3116 902 2885
4315 822 1070 1071 899 5451 1074 5450 2885 3117 3116
4316 1071 1070 822 1077 1074 5451 5450 3128 3120 3125
4317 1071 1078 900 1072 3129 5447 3118 1075 3115 3127
4318 1070 822 110 898 5451 824 5449 3114 2880 2881
4319 110 822 1070 1077 824 5451 5449 3119 3125 3120
4320 900 1078 899 823 5447 5452 903 2883 2884 3122
4321 900 899 1078 1071 903 5452 5447 3118 3129 3117
4322 822 899 1078 823 2885 5452 3123 825 3122 2884
4323 822 1078 899 1071 3123 5452 2885 5450 3117 3129
3 26 11 40
2589 2908 2943 771 948 5329 5330 5331 5332 2963 5333
2590 681 737 2943 2908 2589 5334 5335 5336 5329 5337
2591 2908 945 2943 948 5338 5339 5329 5332 5333 2959
2592 2908 737 2943 805 5337 5334 5329 5340 5341 2735
2593 771 684 2943 2908 2673 5342 5330 5331 5329 5343
2594 2943 684 681 2908 5342 2375 5335 5329 5336 5343
2595 2943 945 2908 942 5339 5338 5329 5344 5345 2956
2596 942 2908 2943 805 5345 5329 5344 2953 5341 5340
2597 737 681 96 2908 2589 2587 739 5337 2911 5336
2598 771 2908 948 139 5331 5332 2963 2961 950 2914
2599 948 2908 945 139 5332 5338 2959 950 2958 2914
2600 2908 96 737 805 2911 739 5337 5340 2735 2734
2601 2943 142 105 948 2949 941 2947 5333 2962 949
2602 737 99 89 2943 738 743 2588 5334 2945 2946
2603 2943 141 142 948 2951 940 2949 5333 949 2960
2604 113 99 737 2943 809 738 2736 2948 5334 2946
2605 2908 771 101 139 5331 773 2912 2914 918 2961
2606 85 96 681 2908 723 2587 683 2910 5336 2911
2607 111 96 2908 805 800 2911 2913 806 5340 2734
2608 2943 105 771 948 2947 772 5330 5333 2963 2962
2609 737 89 681 2943 2588 682 2589 5334 5335 2945
2610 2908 138 945 139 2916 947 5338 2914 2958 917
2611 141 2943 945 948 2951 5339 946 2960 2959 5333
2612 2943 737 113 805 5334 2736 2948 5341 807 2735
2613 684 771 101 2908 2673 773 2671 5343 2912 5331
2614 681 684 85 2908 2375 2374 683 5336 2910 5343
2615 111 2908 942 805 2913 5345 2952 806 2953 5340
2616 2908 945 138 942 5338 947 2916 5345 2955 2956
2617 942 2943 140 805 5344 2950 943 2953 2954 5341
2618 945 2943 140 942 5339 2950 2957 2956 943 5344
2619 681 90 684 2943 2376 685 2375 5335 5342 2944
2620 90 771 684 2943 2672 2673 685 2944 5342 5330
2621 90 105 771 2943 766 772 2672 2944 5330 2947
2622 89 90 681 2943 679 2376 682 2945 5335 2944
2623 113 140 2943 805 938 2950 2948 807 5341 2954
2624 2943 140 141 945 2950 939 2951 5339 946 2957
2625 684 101 86 2908 2671 748 686 5343 2909 2912
2626 684 86 85 2908 686 661 2374 5343 2910 2909
2627 2908 137 111 942 2915 915 2913 5345 2952 944
2628 138 137 2908 942 916 2915 2916 2955 5345 944
3 27 11 75
2759 2234 2236 2557 553 2259 5057 5058 2243 5059 2239
2760 2557 2552 2232 2555 2572 5060 5061 2584 5062 2586
2761 2557 2232 2234 2555 5061 2265 5058 2584 5065 5062
2762 638 2233 2235 2556 2248 2266 2242 5066 5067 5068
2763 2554 2231 2233 2556 5069 2263 5070 2580 5068 5071
2764 633 2231 2233 2554 2262 2263 2246 5072 5070 5069
2765 2231 2554 2551 2556 5069 2585 5073 5071 2579 2580
2766 2236 2232 2234 2557 2251 2265 2259 5057 5058 5061
2767 2230 634 2232 2553 2260 2264 2254 5064 5074 5063
2768 2231 2235 2233 2556 2258 2266 2263 5071 5068 5067
2769 634 2234 2232 2555 2245 2265 2264 5078 5062 5065
2770 2233 633 2554 2719 2246 5072 5070 5079 5080 5081
2771 634 2555 2553 805 5078 2583 5063 5082 5075 5083
2772 2556 2233 2554 2719 5068 5070 2580 5084 5080 5079
2773 2719 633 2554 805 5081 5072 5080 5085 5077 5076
2774 737 2553 2555 805 2581 2583 2567 2735 5083 5075
2775 2555 2234 2557 2737 5065 5058 2584 5086 5087 5088
2776 2554 2553 737 805 2582 2581 2566 5077 2735 5075
2777 634 2234 2555 2737 2245 5065 5078 5089 5086 5088
2778 2737 2555 634 805 5086 5078 5089 5090 5082 5083
2779 2551 2553 2230 527 2578 5064 5091 2576 2252 2574
2780 2551 2230 2231 527 5091 2257 5073 2576 2256 2252
2781 2719 802 633 805 5092 2729 5081 5085 5076 2732
2782 2737 2234 2557 553 5088 5058 5087 2741 5059 2243
2783 2557 2236 41 553 5057 2238 2558 5059 554 2239
2784 638 2233 2556 2719 2248 5068 5066 2723 5084 5079
2785 720 2556 2554 2719 2563 2580 2564 2726 5080 5084
2786 2557 740 2555 2737 2560 2569 2584 5087 5086 2744
2787 113 2555 2737 805 5093 5086 2742 807 5090 5083
2788 720 638 2556 2719 2720 5066 2563 2726 5084 2723
2789 2719 633 802 110 5081 2729 5092 2721 804 2728
2790 2557 740 2737 553 2560 2744 5087 5059 2741 2738
2791 2719 111 802 805 2725 2731 5092 5085 2732 806
2792 2737 99 2555 113 2743 2568 5086 2742 5093 809
2793 2737 112 113 805 2740 808 2742 5090 807 2733
2794 526 2230 2553 527 2253 5064 2573 531 2574 2252
2795 737 96 2554 805 739 2565 2566 2735 5077 2734
2796 737 2555 99 113 2567 2568 738 2736 809 5093
2797 2719 802 111 110 5092 2731 2725 2721 799 804
2798 113 737 2555 805 2736 2567 5093 807 5083 2735
2799 53 638 2235 2556 639 2242 2240 2562 5067 5066
2800 740 2557 41 553 2560 2558 742 2738 554 5059
2801 633 2233 82 2719 2246 2247 635 5081 2722 5079
2802 2232 2236 525 2557 2251 2237 2250 5061 2559 5057
2803 2231 2235 2556 528 2258 5067 5071 2255 2561 2241
2804 2719 82 633 110 2722 635 5081 2721 2728 798
2805 2737 634 65 112 5089 637 2739 2740 801 2727
2806 634 633 802 805 636 2729 2730 5082 2732 5076
2807 525 2236 41 2557 2237 2238 529 2559 2558 5057
2808 2552 2232 525 2557 5060 2250 2570 2572 2559 5061
2809 2556 2551 2231 528 2579 5073 5071 2561 2255 2577
2810 53 638 2556 720 639 5066 2562 722 2563 2720
2811 2234 634 65 2737 2245 637 2244 5088 2739 5089
2812 720 2554 96 2719 2564 2565 721 2726 2724 5080
2813 2555 740 99 2737 2569 741 2568 5086 2743 2744
2814 2556 2235 53 528 5067 2240 2562 2561 533 2241
2815 2552 525 2232 526 2570 2250 5060 2571 2249 530
2816 2231 2551 527 528 5073 2576 2256 2255 532 2577
2817 2233 638 82 2719 2248 640 2247 5079 2722 2723
2818 2737 65 2234 553 2739 2244 5088 2741 2243 555
2819 2553 2232 526 2552 5074 2249 2573 2575 2571 5060
2820 2553 526 2232 2230 2573 2249 5074 5064 2254 2253
2821 2553 2230 2554 2551 5064 5094 2582 2578 2585 5091
2822 2231 2230 2554 633 2257 5094 5069 2262 5072 2261
2823 2231 2554 2230 2551 5069 5094 2257 5073 5091 2585
2824 2232 2553 2555 2552 5074 2583 5062 5060 2586 2575
2825 2555 2553 2232 634 2583 5074 5062 5078 2264 5063
2826 805 2719 96 2554 5085 2724 2734 5077 2565 5080
2827 805 96 2719 111 2734 2724 5085 806 2725 800
2828 634 805 112 2737 5082 2733 2727 5089 2740 5090
2829 112 805 634 802 2733 5082 2727 803 2730 2732
2830 2554 634 2230 2553 5095 2260 5094 2582 5064 5063
2831 2554 2230 634 633 5094 2260 5095 5072 636 2261
2832 2554 805 634 2553 5077 5082 5095 2582 5063 5075
2833 2554 634 805 633 5095 5082 5077 5072 5076 636
3 28 11 71
2664 2554 2551 2556 1977 2585 2579 2580 4929 4930 4931
2665 1976 2555 1978 380 4932 4933 1994 1993 1979 4934
2666 2553 2554 681 379 2582 4935 4936 4937 4938 4939
2667 2553 2555 681 737 2583 4940 4936 2581 2589 2567
2668 681 2554 2553 737 4935 2582 4936 2589 2581 2566
2669 2479 2554 2556 1977 4941 2580 4942 4943 4930 4929
2670 2557 2555 2590 1978 2584 4944 4945 4946 4947 4933
2671 2555 2590 1978 380 4944 4947 4933 4934 1979 4948
2672 2554 2479 379 1977 4941 4949 4939 4929 1983 4943
2673 2479 681 2554 379 4950 4935 4941 4949 4939 4938
2674 2590 2555 681 380 4944 4940 4951 4948 4952 4934
2675 1976 526 2552 1974 1998 2571 4953 1992 4954 1999
2676 527 2551 1974 1975 2576 4955 2000 2001 1990 4956
2677 526 2553 2552 1974 2573 2575 2571 1999 4954 4957
2678 527 2551 2553 1974 2576 2578 2574 2000 4957 4955
2679 1978 2590 2557 409 4947 4945 4946 1981 4958 2594
2680 2554 2556 720 2479 2580 2563 2564 4941 2486 4942
2681 2555 740 2557 2590 2569 2560 2584 4944 4945 2597
2682 2555 681 89 2590 4940 682 4959 4944 2593 4951
2683 681 2479 264 379 4950 4960 2372 4938 1610 4949
2684 1977 2556 2479 476 4930 4942 4943 1984 2483 4961
2685 2590 740 2557 409 2597 2560 4945 2594 4958 2595
2686 1978 525 2557 1976 1995 2559 4946 1994 4962 1997
2687 525 2552 2557 1976 2570 2572 2559 1997 4962 4953
2688 2555 89 99 2590 4959 743 2568 4944 2596 2593
2689 85 681 2479 264 683 4950 2482 2373 4960 2372
2690 681 10 89 2590 2371 678 682 4951 2593 2591
2691 2553 526 527 1974 2573 531 2574 4957 2000 1999
2692 2554 681 96 737 4935 2587 2565 2566 739 2589
2693 264 2479 16 379 4960 2480 266 1610 1609 4949
2694 2555 99 89 737 2568 743 4959 2567 2588 738
2695 2479 16 85 264 2480 660 2482 4960 2373 266
2696 2556 720 2479 476 2563 2486 4942 4961 2483 2484
2697 1978 2557 525 409 4946 2559 1995 1981 1985 4958
2698 89 681 2555 737 682 4940 4959 2588 2567 2589
2699 41 525 2557 409 529 2559 2558 411 4958 1985
2700 41 2557 740 409 2558 2560 742 411 2595 4958
2701 1977 528 2556 476 1996 2561 4930 1984 4961 1986
2702 2590 10 29 380 2591 338 2592 4948 383 1607
2703 2590 29 1978 380 2592 1980 4947 4948 1979 383
2704 380 681 264 379 4952 2372 1608 382 1610 4938
2705 96 2554 720 2479 2565 2564 721 2485 2486 4941
2706 526 2552 525 1976 2571 2570 530 1998 1997 4953
2707 53 2556 528 476 2562 2561 533 478 1986 4961
2708 99 740 2555 2590 741 2569 2568 2596 4944 2597
2709 720 2556 53 476 2563 2562 722 2484 478 4961
2710 2551 527 528 1975 2576 532 2577 4956 2002 2001
2711 34 16 2479 379 366 2480 2481 381 4949 1609
2712 379 2479 34 1977 4949 2481 381 1983 1982 4943
2713 29 2590 1978 409 2592 4947 1980 410 1981 2594
2714 1977 2479 34 476 4943 2481 1982 1984 477 2483
2715 1977 2551 379 2554 4931 4963 1983 4929 4939 2585
2716 1977 379 2551 1975 1983 4963 4931 1991 4956 1989
2717 2553 379 2551 2554 4937 4963 2578 2582 2585 4939
2718 2552 2555 1974 2553 2586 4964 4954 2575 4957 2583
2719 2552 1974 2555 1976 4954 4964 2586 4953 4932 1992
2720 380 2555 1974 1976 4934 4964 1988 1993 1992 4932
2721 1976 2555 2557 1978 4932 2584 4962 1994 4946 4933
2722 1976 2557 2555 2552 4962 2584 4932 4953 2586 2572
2723 1974 379 2551 2553 1987 4963 4955 4957 2578 4937
2724 1974 2551 379 1975 4955 4963 1987 1990 1989 4956
2725 1977 2551 528 1975 4931 2577 1996 1991 2002 4956
2726 1977 528 2551 2556 1996 2577 4931 4930 2579 2561
2727 2479 681 96 2554 4950 2587 2485 4941 2565 4935
2728 2479 96 681 85 2485 2587 4950 2482 683 723
2729 380 681 10 264 4952 2371 1607 1608 265 2372
2730 380 10 681 2590 1607 2371 4952 4948 4951 2591
2731 379 2555 2553 1974 4965 2583 4937 1987 4957 4964
2732 379 2553 2555 681 4937 2583 4965 4938 4940 4936
2733 379 380 2555 1974 382 4934 4965 1987 4964 1988
2734 379 2555 380 681 4965 4934 382 4938 4952 4940
3 29 11 24
2453 2332 681 85 264 4783 683 2336 4784 2373 2372
2454 681 89 10 2365 682 678 2371 4785 2367 2369
2455 48 90 684 2365 680 685 2377 2368 4786 2370
2456 681 2332 260 264 4783 4787 4788 2372 1482 4784
2457 2332 517 684 260 4789 2378 4790 4787 4791 1936
2458 2332 85 16 264 2336 660 2334 4784 266 2373
2459 2332 684 681 260 4790 2375 4783 4787 4788 4791
2460 684 681 260 2365 2375 4788 4791 4786 4792 4785
2461 517 684 86 2332 2378 686 2379 4789 2337 4790
2462 15 517 2332 260 1935 4789 2333 261 4787 1936
2463 260 2332 15 264 4787 2333 261 1482 1483 4784
2464 260 10 8 2365 1481 253 262 4792 2366 2367
2465 260 8 48 2365 262 448 1934 4792 2368 2366
2466 517 86 56 2332 2379 662 519 4789 2335 2337
2467 16 15 2332 264 268 2333 2334 266 4784 1483
2468 56 15 517 2332 501 1935 519 2335 4789 2333
2469 85 684 681 2332 2374 2375 683 2336 4783 4790
2470 681 90 89 2365 2376 679 682 4785 2369 2370
2471 681 684 90 2365 2375 685 2376 4785 2370 4786
2472 684 85 86 2332 2374 661 686 4790 2337 2336
2473 10 681 260 264 2371 4788 1481 265 1482 2372
2474 10 260 681 2365 1481 4788 2371 2367 4785 4792
2475 684 48 260 517 2377 1934 4791 2378 1936 518
2476 684 260 48 2365 4791 1934 2377 4786 2368 4792
3 30 11 26
2357 2633 768 101 771 5015 2674 2638 5016 773 2675
2358 771 768 104 2662 2675 769 2676 5017 2666 5018
2359 517 684 48 2662 2378 2377 518 5019 2664 5020
2360 104 105 771 2662 767 772 2676 2666 5017 2667
2361 684 90 48 2662 685 680 2377 5020 2664 2665
2362 623 768 771 2662 2670 2675 5021 5022 5017 5018
2363 768 101 100 2633 2674 749 770 5015 2637 2638
2364 623 684 517 2662 5023 2378 2201 5022 5019 5020
2365 623 768 2633 771 2670 5015 5024 5021 5016 2675
2366 684 2633 623 517 5025 5024 5023 2378 2201 5026
2367 623 771 684 2662 5021 2673 5023 5022 5020 5017
2368 771 2633 623 684 5016 5024 5021 2673 5023 5025
2369 86 2633 684 517 2636 5025 686 2379 2378 5026
2370 768 623 78 2662 2670 625 2669 5018 2663 5022
2371 517 78 623 2662 2199 625 2201 5019 5022 2663
2372 768 78 104 2662 2669 765 769 5018 2666 2663
2373 517 48 78 2662 518 619 2199 5019 2663 2664
2374 100 623 768 2633 2668 2670 770 2637 5015 5024
2375 2633 86 56 517 2636 662 2635 5026 519 2379
2376 56 623 2633 517 2200 5024 2635 519 5026 2201
2377 771 101 2633 684 773 2638 5016 2673 5025 2671
2378 771 105 90 2662 772 766 2672 5017 2665 2667
2379 684 771 90 2662 2673 2672 685 5020 2665 5017
2380 623 100 74 2633 2668 747 624 5024 2634 2637
2381 74 56 623 2633 602 2200 624 2634 5024 2635
2382 101 86 2633 684 748 2636 2638 2671 5025 686
3 31 11 70
2383 3229 3234 3232 3268 3254 3251 3263 5501 5502 5503
2384 3228 3231 3233 3266 3262 3250 3261 5504 5505 5506
2385 3231 3230 771 993 3247 5507 5508 5509 5510 5511
2386 3232 3230 771 948 3249 5507 5512 3239 2963 3248
2387 3231 771 3230 948 5508 5507 3247 3235 3248 2963
2388 3220 3233 3231 3266 5513 3250 5514 5515 5506 5505
2389 3293 3232 3234 3268 5516 3251 5517 5518 5503 5502
2390 3232 3293 994 3268 5516 5519 5520 5502 3269 5518
2391 3220 3231 993 3266 5514 5509 5521 5515 3273 5506
2392 3220 3231 771 993 5514 5508 5522 5521 5510 5509
2393 3293 771 3232 994 5523 5512 5516 5519 5520 5524
2394 3267 3229 1109 3264 5525 3252 3287 3282 3289 5526
2395 1110 3228 3265 3264 3259 5527 3291 3290 3280 5528
2396 3230 1109 3229 3264 3256 3252 3257 5529 5526 3289
2397 3228 1110 3230 3264 3259 3255 3260 5528 5529 3290
2398 3234 3293 3268 1117 5517 5518 5503 5530 3271 3299
2399 3231 1084 3233 3220 3237 3241 3250 5514 5513 3225
2400 1105 3232 3234 3293 3240 3251 3245 3298 5517 5516
2401 105 771 3232 3293 772 5512 5531 3295 5516 5523
2402 771 768 3220 993 2675 5532 5522 5510 5521 3032
2403 1102 3233 3220 3266 5533 5513 3226 3274 5515 5505
2404 3293 3234 1105 1117 5517 3245 3298 3299 3300 5530
2405 3232 142 105 3293 3238 941 5531 5516 3295 3297
2406 771 768 101 3220 2675 2674 773 5522 3222 5532
2407 771 105 104 3293 772 767 2676 5523 3294 3295
2408 3230 1110 1109 3264 3255 1114 3256 5529 3289 3290
2409 948 3231 771 139 3235 5508 2963 950 2961 3236
2410 768 100 3220 993 770 3221 5532 3032 5521 3031
2411 3232 105 142 948 5531 941 3238 3239 949 2962
2412 768 100 101 3220 770 749 2674 5532 3222 3221
2413 3220 1084 3233 1102 3225 3241 5513 3226 5533 3227
2414 3268 1108 3234 1117 3288 3246 5503 3271 5530 3276
2415 771 105 3232 948 772 5531 5512 2963 3239 2962
2416 173 3234 1108 1117 3244 3246 1112 1118 3276 5530
2417 3234 173 1105 1117 3244 1107 3245 5530 3300 1118
2418 1111 3233 1102 3266 3243 5533 3275 3285 3274 5505
2419 994 3293 104 152 5519 3294 3033 997 999 3296
2420 152 994 3293 3268 997 5519 3296 3270 5518 3269
2421 768 771 994 993 2675 5524 3034 3032 996 5510
2422 1109 1108 3229 3267 1113 3253 3252 3287 5525 3286
2423 3220 3231 1084 139 5514 3237 3225 3224 1085 3236
2424 1111 3233 172 1102 3243 3242 1116 3275 1103 5533
2425 142 3232 1105 3293 3238 3240 1106 3297 3298 5516
2426 1111 1110 3228 3265 1115 3259 3258 3292 5527 3291
2427 172 3233 1084 1102 3242 3241 1086 1103 3227 5533
2428 993 100 3220 153 3031 3221 5521 995 3223 1000
2429 153 3220 993 3266 3223 5521 995 3272 3273 5515
2430 3293 152 3268 1117 3296 3270 5518 3299 3271 1119
2431 1102 3220 153 3266 3226 3223 1104 3274 3272 5515
2432 3229 3268 994 3267 5501 3269 5534 5525 3283 3284
2433 994 3268 3229 3232 3269 5501 5534 5520 3263 5502
2434 994 3264 3229 3267 3278 5526 5534 3283 5525 3282
2435 3228 3266 993 3231 5504 3273 5535 3262 5509 5506
2436 993 3266 3228 3265 3273 5504 5535 3279 5527 3281
2437 3228 3264 993 3265 5528 3277 5535 5527 3279 3280
2438 3228 3266 1111 3265 5504 3285 3258 5527 3292 3281
2439 1111 3266 3228 3233 3285 5504 3258 3243 3261 5505
2440 3229 3268 1108 3234 5501 3288 3253 3254 3246 5503
2441 1108 3268 3229 3267 3288 5501 3253 3286 5525 3284
2442 771 3220 139 3231 5522 3224 2961 5508 3236 5514
2443 139 3220 771 101 3224 5522 2961 918 773 3222
2444 994 771 104 3293 5524 2676 3033 5519 3294 5523
2445 994 104 771 768 3033 2676 5524 3034 2675 769
2446 3230 3228 993 3231 3260 5535 5511 3247 5509 3262
2447 3230 993 3228 3264 5511 5535 3260 5529 5528 3277
2448 771 994 3230 3232 5524 5536 5507 5512 3249 5520
2449 3229 994 3230 3264 5534 5536 3257 5526 5529 3278
2450 3229 3230 994 3232 3257 5536 5534 3263 5520 3249
2451 994 993 3230 3264 996 5511 5536 3278 5529 3277
2452 994 3230 993 771 5536 5511 996 5524 5510 5507
3 32 11 73
2477 3646 1212 3648 3233 3654 3651 3670 5783 5784 5785
2478 3644 3646 3233 3231 3674 5783 5786 5787 3250 5788
2479 3644 1229 3646 3231 3673 3655 3674 5787 5788 5789
2480 3231 3233 3644 3228 3250 5786 5787 3262 5790 3261
2481 3644 3646 3648 3233 3674 3670 3669 5786 5784 5783
2482 1230 3645 3647 3232 3675 3662 3657 5791 5792 5793
2483 3605 3646 1229 3231 5794 3655 5795 5796 5789 5788
2484 3233 3646 3605 3231 5783 5794 5797 3250 5796 5788
2485 3605 1229 945 3231 5795 5798 5799 5796 5800 5789
2486 945 3230 3232 948 5801 3249 5802 2959 3239 3248
2487 3231 3230 945 948 3247 5801 5800 3235 2959 3248
2488 3232 3234 3647 3676 3251 5803 5792 5804 5805 5806
2489 3647 1230 3232 3676 3657 5791 5792 5805 5804 5807
2490 3232 1230 945 3676 5791 5808 5802 5804 5809 5807
2491 3645 3643 1109 3229 3665 3664 3659 5810 3252 5811
2492 1110 3230 3643 3228 3255 5812 3663 3259 5813 3260
2493 1109 3643 3230 3229 3664 5812 3256 3252 3257 5811
2494 3643 3644 1110 3228 3668 3667 3663 5813 3259 5790
2495 945 1225 1229 3605 3637 3640 5798 5799 5795 5814
2496 3234 1234 3647 3676 5815 3658 5803 5806 5805 3683
2497 1212 3646 3605 3233 3654 5794 3612 5785 5797 5783
2498 1084 3233 3605 3231 3241 5797 3609 3237 5796 3250
2499 1229 1225 185 3605 3640 1227 3639 5795 3608 5814
2500 3234 3232 1105 3676 3251 3240 3245 5806 3680 5804
2501 3232 945 141 3676 5802 946 5816 5804 3678 5809
2502 3233 3605 1212 1084 5797 3612 5785 3241 3610 3609
2503 1234 3234 1105 3676 5815 3245 3681 3683 3680 5806
2504 141 142 3232 3676 940 3238 5816 3678 5804 3677
2505 1225 945 138 3605 3637 947 3636 5814 3607 5799
2506 945 189 141 3676 3638 1224 946 5809 3678 3679
2507 1110 3643 3230 1109 3663 5812 3255 1114 3256 3664
2508 1225 138 185 3605 3636 1194 1227 5814 3608 3607
2509 3647 3645 1108 3234 3662 3660 3661 5803 3246 5817
2510 945 3231 948 139 5800 3235 2959 2958 950 3236
2511 3229 1108 3645 3234 3253 3660 5810 3254 5817 3246
2512 142 141 3232 948 940 5816 3238 949 3239 2960
2513 1108 1234 3647 3234 3652 3658 3661 3246 5803 5815
2514 3234 1108 1234 173 3246 3652 5815 3244 1236 1112
2515 3232 141 945 948 5816 946 5802 3239 2959 2960
2516 3648 1212 172 3233 3651 1214 3649 5784 3242 5785
2517 173 1234 3234 1105 1236 5815 3244 1107 3245 3681
2518 186 1229 185 3605 1231 3639 1202 3611 3608 5795
2519 186 3646 1229 3605 3653 3655 1231 3611 5795 5794
2520 3648 3644 3233 1111 3669 5786 5784 3650 3243 3666
2521 190 189 1230 3676 1228 3641 1233 3682 5807 3679
2522 945 1225 1230 1229 3637 3642 5808 5798 1232 3640
2523 1111 3644 3233 3228 3666 5786 3243 3258 3261 5790
2524 3233 1212 172 1084 5785 1214 3242 3241 1086 3610
2525 1230 3647 190 3676 3657 3656 1233 5807 3682 5805
2526 3605 1084 3231 139 3609 3237 5796 3606 3236 1085
2527 1108 3645 1109 3229 3660 3659 1113 3253 3252 5810
2528 1105 3232 142 3676 3240 3238 1106 3680 3677 5804
2529 3233 172 3648 1111 3242 3649 5784 3243 3650 1116
2530 3644 1111 1110 3228 3666 1115 3667 5790 3259 3258
2531 190 3647 1234 3676 3656 3658 1235 3682 3683 5805
2532 186 1212 3646 3605 1213 3654 3653 3611 5794 3612
2533 1230 3232 3643 3645 5791 5818 3671 3675 3665 5793
2534 3229 3643 3232 3645 5811 5818 3263 5810 5793 3665
2535 3229 3232 3643 3230 3263 5818 5811 3257 5812 3249
2536 3643 3230 3231 3228 5812 3247 5819 5813 3262 3260
2537 3643 3644 3231 1229 3668 5787 5819 3672 5789 3673
2538 3231 3644 3643 3228 5787 3668 5819 3262 5813 5790
2539 3232 3645 3234 3229 5793 5817 3251 3263 3254 5810
2540 3232 3234 3645 3647 3251 5817 5793 5792 3662 5803
2541 3232 3643 945 1230 5818 5820 5802 5791 5808 3671
2542 3232 945 3643 3230 5802 5820 5818 3249 5812 5801
2543 1229 945 3643 1230 5798 5820 3672 1232 3671 5808
2544 945 3605 139 138 5799 3606 2958 947 917 3607
2545 139 3605 945 3231 3606 5799 2958 3236 5800 5796
2546 1230 945 189 1225 5808 3638 3641 3642 1226 3637
2547 189 945 1230 3676 3638 5808 3641 3679 5807 5809
2548 3231 3643 945 3230 5819 5820 5800 3247 5801 5812
2549 945 3643 3231 1229 5820 5819 5800 5798 5789 3672
3 33 11 24
2735 945 138 3613 1225 947 3614 5910 3637 5911 3636
2736 3800 189 141 945 3804 1224 3801 5912 946 3638
2737 3800 140 178 942 3802 1160 3803 5913 3490 943
2738 3613 138 185 1225 3614 1194 3617 5911 1227 3636
2739 1269 945 3613 1225 5914 5910 5915 3810 5911 3637
2740 1269 3613 942 1161 5915 5916 5917 3808 3489 5918
2741 3613 945 1269 942 5910 5914 5915 5916 5917 2956
2742 945 3800 1269 942 5912 5919 5914 2956 5917 5913
2743 3613 137 942 1161 3615 944 5916 5918 3489 3488
2744 187 1269 3613 1225 1270 5915 3618 3809 5911 3810
2745 3613 1269 187 1161 5915 1270 3618 5918 3806 3808
2746 3613 185 187 1225 3617 1216 3618 5911 3809 1227
2747 195 1269 189 3800 1271 3811 1268 3805 3804 5919
2748 1269 195 178 3800 1271 1267 3807 5919 3803 3805
2749 137 3613 176 1161 3615 3616 1151 3488 1163 5918
2750 176 3613 187 1161 3616 3618 1215 1163 3806 5918
2751 3613 138 945 942 3614 947 5910 5916 2956 2955
2752 945 140 3800 942 2957 3802 5912 2956 5913 943
2753 3800 141 140 945 3801 939 3802 5912 2957 946
2754 138 3613 137 942 3614 3615 916 2955 944 5916
2755 178 942 1269 3800 3490 5917 3807 3803 5919 5913
2756 178 1269 942 1161 3807 5917 3490 1162 3489 3808
2757 945 189 1269 3800 3638 3811 5914 5912 5919 3804
2758 1269 189 945 1225 3811 3638 5914 3810 3637 1226
3 34 11 26
2834 805 111 802 3457 806 2731 2732 5648 5649 3458
2835 3479 178 942 1161 3484 3490 5650 5651 3489 1162
2836 3479 113 112 805 3480 808 3481 5652 2733 807
2837 942 140 178 3479 943 1160 3490 5650 3484 3483
2838 3479 112 802 805 3481 803 5653 5652 2732 2733
2839 3457 802 805 1054 5649 2732 5648 5654 5655 3100
2840 1161 942 3479 1054 3489 5650 5651 3486 5656 5657
2841 1161 3457 942 1054 5658 5659 3489 3486 5657 5654
2842 802 3479 805 1054 5653 5652 2732 3100 5655 5656
2843 3457 111 802 110 3458 2731 5649 3459 804 799
2844 805 3479 942 1054 5652 5650 2953 5655 5657 5656
2845 3457 805 942 1054 5648 2953 5659 5654 5657 5655
2846 3457 942 137 1161 5659 944 3461 5658 3488 3489
2847 1161 3479 164 1054 5651 3482 3485 3486 1056 5656
2848 3479 802 164 1054 5653 3101 3482 5656 1056 3100
2849 164 178 3479 1161 1159 3484 3482 3485 5651 1162
2850 164 112 802 3479 1051 803 3101 3482 5653 3481
2851 176 3457 137 1161 3462 3461 1151 1163 3488 5658
2852 1054 3457 802 110 5654 5649 3100 3099 804 3459
2853 1161 176 3457 1054 1163 3462 5658 3486 5654 3487
2854 805 942 111 3457 2953 2952 806 5648 3458 5659
2855 3457 1054 165 110 5654 1055 3460 3459 1057 3099
2856 1054 176 3457 165 3487 3462 5654 1055 3460 1150
2857 3479 942 140 805 5650 943 3483 5652 2954 2953
2858 140 113 3479 805 938 3480 3483 2954 5652 807
2859 942 137 111 3457 944 915 2952 5659 3458 3461
3 35 11 20
3045 62 634 112 65 2213 2727 2864 547 801 637
3046 82 81 2212 110 632 2218 2220 798 5283 2894
3047 80 132 133 2212 2895 909 908 2217 5284 5285
3048 80 132 2212 81 2895 5285 2217 629 2218 907
3049 802 2212 133 110 5286 5284 2898 804 2897 5283
3050 133 2211 2212 802 5287 2219 5284 2898 5286 5288
3051 802 2211 2212 633 5288 2219 5286 2729 2221 2222
3052 2211 133 128 802 5287 910 5289 5288 2899 2898
3053 2212 133 110 132 5284 2897 5283 5285 905 909
3054 633 2212 802 110 2221 5286 2729 2728 804 5283
3055 2211 80 62 133 2215 631 2214 5287 2896 908
3056 133 62 2211 128 2896 2214 5287 910 5289 883
3057 2211 2212 80 133 2219 2217 2215 5287 908 5284
3058 82 2212 633 110 2220 2221 635 798 2728 5283
3059 110 81 2212 132 2894 2218 5283 905 5285 907
3060 633 802 2211 634 2729 5288 2222 636 2216 2730
3061 802 634 128 2211 2730 5290 2899 5288 5289 2216
3062 802 128 634 112 2899 5290 2730 803 2727 887
3063 62 128 634 2211 883 5290 2213 2214 2216 5289
3064 62 634 128 112 2213 5290 883 2864 887 2727
3 36 11 86
2947 2234 2232 2236 2031 2265 2251 2259 4665 4666 4667
2948 2236 2232 1946 2031 2251 4668 4669 4666 4670 4667
2949 2232 2211 1946 2031 4671 4672 4668 4667 4670 4673
2950 2233 2223 2235 2231 4674 4675 2266 2263 2258 4676
2951 2230 2211 1946 2232 4677 4672 4678 2254 4668 4671
2952 2235 2223 1947 2231 4675 4679 4680 2258 4681 4676
2953 2223 2233 2212 2231 4674 4682 4683 4676 4684 2263
2954 1946 2230 2232 526 4678 2254 4668 1968 2249 2253
2955 2230 1946 1948 526 4678 1971 4685 2253 1970 1968
2956 2236 1946 397 2031 4669 1963 4686 4666 2038 4670
2957 2212 2231 633 2230 4684 2262 2221 4687 2261 2257
2958 2230 1947 2231 527 4688 4681 2257 2252 2256 1972
2959 1948 1947 2230 527 1973 4688 4685 1969 2252 1972
2960 1948 1950 1946 626 1961 1964 1971 4689 4690 4691
2961 1947 1949 2202 2223 1967 4692 4693 4679 4694 4695
2962 2223 1947 473 2235 4679 1965 2226 4675 4696 4680
2963 60 38 1950 626 524 1951 1952 627 4691 2208
2964 526 1948 2230 527 1970 4685 2253 531 2252 1969
2965 1946 1950 397 2031 1964 1953 1963 4670 2038 4697
2966 2235 1947 473 528 4680 1965 4696 2241 1958 1966
2967 2236 397 41 553 4686 399 2238 2239 554 2033
2968 626 38 1950 538 2208 1951 4691 2209 4698 539
2969 397 1946 2236 525 1963 4669 4686 1954 2237 1962
2970 2236 41 397 525 2238 399 4686 2237 1954 529
2971 1946 2232 2236 525 4668 2251 4669 1962 2237 2250
2972 1947 2235 2231 528 4680 2258 4681 1966 2255 2241
2973 473 638 2235 53 2227 2242 4696 475 2240 639
2974 1949 1947 473 2223 1967 1965 1957 4695 2226 4679
2975 65 634 2234 2031 637 2245 2244 2034 4665 4699
2976 553 2236 397 2031 2239 4686 2033 2037 2038 4666
2977 2231 2233 2212 633 2263 4682 4684 2262 2221 2246
2978 473 53 2235 528 475 2240 4696 1958 2241 533
2979 2234 2236 553 2031 2259 2239 2243 4665 2037 4666
2980 633 2211 2212 2230 2222 2219 2221 2261 4687 4677
2981 62 634 2031 2211 2213 4699 2035 2214 4673 2216
2982 634 62 2031 65 2213 2035 4699 637 2034 547
2983 51 60 1949 2202 523 1955 1956 2204 4692 2203
2984 638 473 2235 2223 2227 4696 2242 2229 4675 2226
2985 2233 2212 82 2223 4682 2220 2247 4674 2228 4683
2986 2211 2230 634 2232 4677 2260 2216 4671 2264 2254
2987 538 397 1950 2031 2032 1953 4698 2036 4697 2038
2988 638 2233 2223 2235 2248 4674 2229 2242 4675 2266
2989 2202 51 81 2223 2204 630 2205 4694 2224 2225
2990 2212 81 82 2223 2218 632 2220 4683 2228 2224
2991 1950 1948 60 626 1961 1960 1952 4691 627 4689
2992 60 1948 1949 626 1960 1959 1955 627 4701 4689
2993 2212 2202 81 2223 4702 2205 2218 4683 2224 4694
2994 1949 473 51 2223 1957 474 1956 4695 2225 2226
2995 82 2212 2233 633 2220 4682 2247 635 2246 2221
2996 2202 1949 51 2223 4692 1956 2204 4694 2225 4695
2997 525 1946 2232 526 1962 4668 2250 530 2249 1968
2998 38 397 1950 538 398 1953 1951 539 4698 2032
2999 82 638 2233 2223 640 2248 2247 2228 4674 2229
3000 527 1947 2231 528 1972 4681 2256 532 2255 1966
3001 626 1949 60 2202 4701 1955 627 2206 2203 4692
3002 81 80 2202 2212 629 2207 2205 2218 4702 2217
3003 65 2234 553 2031 2244 2243 555 2034 2037 4665
3004 2230 633 2211 634 2261 2222 4677 2260 2216 636
3005 1946 2230 626 2211 4678 4703 4690 4672 4700 4677
3006 626 2230 1946 1948 4703 4678 4690 4689 1971 4685
3007 2031 2232 634 2234 4667 2264 4699 4665 2245 2265
3008 2031 634 2232 2211 4699 2264 4667 4673 4671 2216
3009 1947 2230 626 1948 4688 4703 4704 1973 4689 4685
3010 626 2230 1947 2202 4703 4688 4704 2206 4693 4705
3011 626 1949 1947 1948 4701 1967 4704 4689 1973 1959
3012 1947 1949 626 2202 1967 4701 4704 4693 2206 4692
3013 80 2202 2211 626 2207 4706 2215 628 4700 2206
3014 80 2211 2202 2212 2215 4706 2207 2217 4702 2219
3015 2230 2211 2202 626 4677 4706 4705 4703 2206 4700
3016 2230 2202 2211 2212 4705 4706 4677 4687 2219 4702
3017 2223 2231 2202 1947 4676 4707 4694 4679 4693 4681
3018 2223 2202 2231 2212 4694 4707 4676 4683 4684 4702
3019 2230 2202 2231 1947 4705 4707 2257 4688 4681 4693
3020 2230 2231 2202 2212 2257 4707 4705 4687 4702 4684
3021 538 80 62 4708 2210 631 540 4709 4710 4711
3022 2211 62 80 4708 2214 631 2215 4712 4711 4710
3023 62 2031 538 4708 2035 2036 540 4710 4709 4713
3024 62 2211 2031 4708 2214 4673 2035 4710 4713 4712
3025 538 626 80 4708 2209 628 2210 4709 4711 4714
3026 2211 80 626 4708 2215 628 4700 4712 4714 4711
3027 538 1950 626 4708 4698 4691 2209 4709 4714 4715
3028 538 2031 1950 4708 2036 4697 4698 4709 4715 4713
3029 626 1950 1946 4708 4691 1964 4690 4714 4716 4715
3030 626 1946 2211 4708 4690 4672 4700 4714 4712 4716
3031 1946 1950 2031 4708 1964 4697 4670 4716 4713 4715
3032 2031 2211 1946 4708 4673 4672 4670 4713 4716 4712
3 37 11 75
2860 1948 1946 520 1976 1971 4492 4493 4494 4495 4496
2861 1946 1950 520 1654 1964 4497 4492 4498 4499 4500
2862 1946 1950 1948 520 1964 1961 1971 4492 4493 4497
2863 1937 1949 1947 1813 4501 1967 4502 4503 4504 4505
2864 1978 1976 380 1599 1994 1993 1979 4506 1603 4507
2865 38 60 1950 520 524 1952 1951 1945 4497 522
2866 525 41 397 409 529 399 1954 1985 1660 411
2867 397 1950 1946 1654 1953 1964 1963 1661 4498 4500
2868 527 526 1948 1974 531 1970 1969 2000 4508 1999
2869 520 1950 388 1654 4497 4509 1944 4499 1657 4500
2870 388 38 1950 520 390 1951 4509 1944 4497 1945
2871 528 1947 473 1813 1966 1965 1958 4512 1818 4504
2872 476 473 528 53 1819 1958 1986 478 533 475
2873 473 1947 1949 1813 1965 1967 1957 1818 4505 4504
2874 476 1977 528 1813 1984 1996 1986 1817 4512 4513
2875 1949 60 51 1937 1955 523 1956 4501 1940 1942
2876 473 476 528 1813 1819 1986 1958 1818 4512 1817
2877 1950 397 388 1654 1953 1659 4509 4500 1657 1661
2878 32 51 1937 1813 464 1940 1939 1815 4503 1816
2879 1974 380 1976 1599 1988 1993 1992 4514 4507 1603
2880 379 1974 1975 1599 1987 1990 1989 1606 4515 4514
2881 526 525 1946 1976 530 1962 1968 1998 4496 1997
2882 60 1948 1950 520 1960 1961 1952 522 4497 4493
2883 1949 1948 60 520 1959 1960 1955 4516 522 4493
2884 1949 51 473 1813 1956 474 1957 4505 1818 1816
2885 51 1949 1937 1813 1956 4501 1940 1816 4503 4505
2886 528 527 1947 1975 532 1972 1966 2002 4517 2001
2887 1950 397 38 388 1953 398 1951 4509 390 1659
2888 1937 36 32 1599 1938 377 1939 4518 1605 1602
2889 1654 29 1978 409 1656 1980 4510 1658 1981 410
2890 1937 1949 60 520 4501 1955 1942 1941 522 4516
2891 476 34 1977 1813 477 1982 1984 1817 4513 1814
2892 36 1937 520 1599 1938 1941 521 1602 4519 4518
2893 1974 379 380 1599 1987 382 1988 4514 1603 1606
2894 1977 528 1947 1975 1996 1966 4520 1991 4517 2002
2895 1947 528 1977 1813 1966 1996 4520 4504 4513 4512
2896 1947 1937 1977 1975 4502 4521 4520 4517 1991 4522
2897 1977 1937 1947 1813 4521 4502 4520 4513 4504 4503
2898 1978 1599 520 1976 4506 4519 4523 1994 4495 4507
2899 520 1599 1978 1654 4519 4506 4523 4499 4510 4511
2900 1978 520 1946 1976 4523 4492 4524 1994 4496 4495
2901 1946 520 1978 1654 4492 4523 4524 4498 4510 4499
2902 1978 1946 525 1976 4524 1962 1995 1994 1997 4496
2903 1948 1976 526 1946 4494 1998 1970 1971 1968 4496
2904 526 1976 1948 1974 1998 4494 1970 1999 4508 1992
2905 1947 1949 520 1948 1967 4516 4525 1973 4493 1959
2906 520 1949 1947 1937 4516 1967 4525 1941 4502 4501
2907 1978 409 397 1654 1981 1660 4526 4510 1661 1658
2908 397 409 1978 525 1660 1981 4526 1954 1995 1985
2909 397 1946 1978 1654 1963 4524 4526 1661 4510 4498
2910 1978 1946 397 525 4524 1963 4526 1995 1954 1962
2911 1976 1974 520 1948 1992 4527 4495 4494 4493 4508
2912 1976 520 1974 1599 4495 4527 1992 4507 4514 4519
2913 34 1977 32 379 1982 4528 365 381 1604 1983
2914 34 32 1977 1813 365 4528 1982 1814 4513 1815
2915 26 1599 388 1654 1601 4529 389 1655 1657 4511
2916 26 388 1599 36 389 4529 1601 378 1602 1943
2917 520 388 1599 1654 1944 4529 4519 4499 4511 1657
2918 520 1599 388 36 4519 4529 1944 521 1943 1602
2919 1975 1937 520 1947 4522 1941 4530 4517 4525 4502
2920 520 1937 1975 1599 1941 4522 4530 4519 4515 4518
2921 1975 1974 520 1599 1990 4527 4530 4515 4519 4514
2922 1975 520 1948 1947 4530 4493 4531 4517 1973 4525
2923 1948 520 1975 1974 4493 4530 4531 4508 1990 4527
2924 1948 527 1975 1947 1969 2001 4531 1973 4517 1972
2925 1975 527 1948 1974 2001 1969 4531 1990 4508 2000
2926 32 1937 1977 1813 1939 4521 4528 1815 4513 4503
2927 32 379 1937 1599 1604 4532 1939 1605 4518 1606
2928 32 1937 379 1977 1939 4532 1604 4528 1983 4521
2929 1975 1937 379 1599 4522 4532 1989 4515 1606 4518
2930 1975 379 1937 1977 1989 4532 4522 1991 4521 1983
2931 1978 1599 26 1654 4506 1601 4533 4510 1655 4511
2932 1978 26 1599 380 4533 1601 4506 1979 1603 1600
2933 1978 26 29 1654 4533 332 1980 4510 1656 1655
2934 1978 29 26 380 1980 332 4533 1979 1600 383
3 38 11 17
2629 29 10 26 380 338 1549 332 383 1600 1607
2630 380 13 4 1599 4347 259 4348 1603 4349 4350
2631 4 26 380 1599 327 1600 4348 4349 1603 1601
2632 13 10 264 380 1477 265 1478 4347 1608 1607
2633 264 16 14 379 266 267 1479 1610 4351 1609
2634 4 10 13 380 252 1477 259 4348 4347 1607
2635 10 4 26 380 252 327 1549 1607 1600 4348
2636 16 34 32 379 366 365 1582 1609 1604 381
2637 4 36 1599 13 1598 1602 4349 259 4350 376
2638 36 4 1599 26 1598 4349 1602 378 1601 327
2639 13 32 36 1599 1597 377 376 4350 1602 1605
2640 32 14 16 379 356 267 1582 1604 1609 4351
2641 13 14 379 264 256 4351 4352 1478 1610 1479
2642 379 380 13 264 382 4347 4352 1610 1478 1608
2643 13 380 379 1599 4347 382 4352 4350 1606 1603
2644 32 379 13 14 1604 4352 1597 356 256 4351
2645 13 379 32 1599 4352 1604 1597 4350 1605 1606
3 39 11 19
2550 8 1 10 260 246 1468 253 262 1481 1474
2551 4 13 10 4302 259 1477 252 4303 4304 4305
2552 12 13 4 4302 255 259 1473 4307 4303 4305
2553 264 10 13 4302 265 1477 1478 4308 4305 4304
2554 260 10 264 4302 1481 265 1482 4306 4308 4304
2555 13 12 11 4302 255 254 1472 4305 4309 4307
2556 15 11 12 4302 263 254 1476 4310 4307 4309
2557 15 12 260 4302 1476 1475 261 4310 4306 4307
2558 15 260 264 4302 261 1482 1483 4310 4308 4306
2559 4302 15 16 264 4310 268 4311 4308 266 1483
2560 4302 16 15 11 4311 268 4310 4309 263 1480
2561 4302 16 14 264 4311 267 4312 4308 1479 266
2562 4302 14 16 11 4312 267 4311 4309 1480 257
2563 4302 14 13 264 4312 256 4305 4308 1478 1479
2564 4302 13 14 11 4305 256 4312 4309 257 1472
2565 1 12 4302 260 258 4307 4313 1474 4306 1475
2566 1 4302 12 4 4313 4307 258 238 1473 4303
2567 10 1 4302 260 1468 4313 4304 1481 4306 1474
2568 10 4302 1 4 4304 4313 1468 252 238 4303
3 40 11 12
2261 44 8 48 260 1783 448 446 4489 1934 262
2262 48 59 260 517 1931 4490 1934 518 1936 1932
2263 11 59 58 15 1929 514 512 263 1920 4491
2264 59 56 58 15 1933 510 514 4491 1920 501
2265 44 1 8 260 439 246 1783 4489 262 1474
2266 59 56 15 517 1933 501 4491 1932 1935 519
2267 59 48 260 44 1931 1934 4490 516 4489 446
2268 11 12 59 15 254 515 1929 263 4491 1476
2269 12 44 59 260 1930 516 515 1475 4490 4489
2270 12 1 44 260 258 439 1930 1475 4489 1474
2271 15 260 59 517 261 4490 4491 1935 1932 1936
2272 59 260 15 12 4490 261 4491 515 1476 1475
3 41 11 12
2176 48 78 59 517 619 4662 1931 518 1932 2199
2177 78 59 44 48 4662 516 2190 619 446 1931
2178 56 59 623 517 1933 4663 2200 519 2201 1932
2179 79 44 78 59 2195 2190 2198 621 4662 516
2180 79 44 76 78 2195 613 622 2198 618 2190
2181 73 59 79 623 2194 621 620 2196 2197 4663
2182 623 78 59 79 625 4662 4663 2197 621 2198
2183 59 78 623 517 4662 625 4663 1932 2201 2199
2184 59 56 74 58 1933 602 4664 514 2172 510
2185 74 56 59 623 602 1933 4664 624 4663 2200
2186 74 73 59 58 603 2194 4664 2172 514 600
2187 59 73 74 623 2194 603 4664 4663 624 2196
3 42 11 12
2147 104 79 78 768 5246 2198 765 769 2669 5247
2148 623 78 79 768 625 2198 2197 2670 5247 2669
2149 104 79 768 122 5246 5247 769 2835 2836 863
2150 78 76 79 104 618 622 2198 765 5246 2837
2151 76 122 104 123 2833 2835 2837 865 866 864
2152 122 76 104 79 2833 2837 2835 863 5246 622
2153 74 73 100 623 603 2824 747 624 2668 2196
2154 768 79 121 122 5247 2832 2834 2836 862 863
2155 768 100 73 623 770 2824 5248 2670 2196 2668
2156 73 100 768 121 2824 770 5248 858 2834 860
2157 73 79 768 623 620 5247 5248 2196 2670 2197
2158 768 79 73 121 5247 620 5248 2834 858 2832
3 43 11 17
2159 994 104 151 152 3033 3029 3027 997 992 999
2160 3021 122 123 994 5409 864 5410 3028 5411 5412
2161 3021 123 151 994 5410 991 3026 3028 3027 5411
2162 122 768 104 994 2836 769 2835 5412 3033 3034
2163 100 768 121 993 770 2834 860 3031 5413 3032
2164 122 121 768 993 862 2834 2836 5414 3032 5413
2165 104 123 122 994 866 864 2835 3033 5412 5411
2166 153 993 100 149 995 3031 1000 998 3030 3024
2167 123 104 151 994 866 3029 991 5411 3027 3033
2168 150 123 3021 122 3020 5410 3023 989 5409 864
2169 150 123 151 3021 3020 991 990 3023 3026 5410
2170 149 122 150 3021 3019 989 988 3022 3023 5409
2171 993 121 100 149 5413 860 3031 3024 3030 987
2172 122 993 994 3021 5414 996 5412 5409 3028 3025
2173 994 993 122 768 996 5414 5412 3034 2836 3032
2174 122 993 149 121 5414 3024 3019 862 987 5413
2175 149 993 122 3021 3024 5414 3019 3022 5409 3025
3 44 11 73
2188 3267 3866 3864 1297 5950 3885 5951 5952 5953 5954
2189 3864 3868 3892 1297 3890 5955 5956 5953 5957 5958
2190 3268 1108 3892 3864 3288 5959 5960 5961 5956 3880
2191 3266 1111 3265 3865 3285 3292 3281 5962 5963 3887
2192 3268 3267 1108 3864 3284 3286 3288 5961 3880 5951
2193 3268 3892 1108 1117 5960 5959 3288 3271 3276 3896
2194 3866 3868 3864 1297 3878 3890 3885 5954 5953 5958
2195 3867 3865 3900 3855 3891 5964 5965 5966 5967 5968
2196 3267 994 3021 3268 3283 3028 5969 3284 5970 3269
2197 3266 3900 1111 3865 5971 5972 3285 5962 3887 5964
2198 173 1108 1304 1117 1112 3870 1306 1118 3897 3276
2199 1304 3892 1108 3864 3899 5959 3870 3882 3880 5956
2200 3892 1304 3868 3864 3899 3879 5955 5956 3890 3882
2201 3264 1110 1109 3866 3290 1114 3289 5973 3883 3884
2202 3892 3868 1301 1297 5955 5974 3895 5957 3862 5958
2203 3892 1304 1108 1117 3899 3870 5959 3896 3276 3897
2204 3868 201 202 1301 3874 1300 3875 5974 1302 3863
2205 1301 3868 201 1297 5974 3874 3863 3862 1298 5958
2206 1307 1111 3900 3865 3869 5972 3906 3889 5964 3887
2207 1102 1307 172 1111 3905 1309 1103 3275 1116 3869
2208 3865 3900 1307 3867 5964 3906 3889 3891 3873 5965
2209 1102 3900 1111 3266 3904 5972 3275 3274 3285 5971
2210 151 3892 1301 1297 3893 3895 1303 3861 3862 5957
2211 1102 1307 1111 3900 3905 3869 3275 3904 5972 3906
2212 1304 3892 3868 1301 3899 5955 3879 3898 5974 3895
2213 200 201 3867 3855 1296 3872 3871 3858 5966 3860
2214 3900 149 200 3855 3902 1295 3903 5967 3858 3856
2215 3021 994 3267 3264 3028 3283 5969 5975 3282 3278
2216 3264 3265 3021 993 3280 5976 5975 3277 3025 3279
2217 1109 1108 3267 3864 1113 3286 3287 3881 5951 3880
2218 200 1307 3900 3867 1308 3906 3903 3871 5965 3873
2219 3867 3900 200 3855 5965 3903 3871 5966 3858 5967
2220 3868 3866 201 1297 3878 3876 3874 5958 1298 5954
2221 3265 1111 1110 3865 3292 1115 3291 5963 3886 3887
2222 3866 3867 201 1297 3877 3872 3876 5954 1298 5977
2223 3868 202 1304 1301 3875 1305 3879 5974 3898 1302
2224 3021 150 149 3855 3023 988 3022 5978 3856 3857
2225 3268 152 3892 1117 3270 3894 5960 3271 3896 1119
2226 1297 3867 201 3855 5977 3872 1298 3859 3860 5966
2227 1102 153 3900 3266 1104 3901 3904 3274 5971 3272
2228 150 3021 1297 3855 3023 5979 1299 3857 3859 5978
2229 3021 994 3264 993 3028 3278 5975 3025 3277 996
2230 3864 3268 1297 3892 5961 5980 5953 5956 5957 5960
2231 3864 1297 3268 3267 5953 5980 5961 5951 3284 5952
2232 3021 3268 1297 3267 5970 5980 5979 5969 5952 3284
2233 3855 3266 3865 3900 5981 5962 5968 5967 5964 5971
2234 3855 3865 3266 3265 5968 5962 5981 5982 3281 5963
2235 3866 3267 1109 3264 5950 3287 3883 5973 3289 3282
2236 1109 3267 3866 3864 3287 5950 3883 3881 3885 5951
2237 3867 3865 1297 3866 3891 5983 5977 3877 5954 3888
2238 3867 1297 3865 3855 5977 5983 3891 5966 5968 3859
2239 3264 3267 1297 3866 3282 5952 5984 5973 5954 5950
2240 1297 3267 3264 3021 5952 3282 5984 5979 5975 5969
2241 153 149 3266 993 998 5985 3272 995 3273 3024
2242 153 3266 149 3900 3272 5985 998 3901 3902 5971
2243 1297 151 3021 150 3861 3026 5979 1299 3023 990
2244 3855 3265 1297 3865 5982 5986 3859 5968 5983 5963
2245 3855 1297 3265 3021 3859 5986 5982 5978 5976 5979
2246 3264 3265 1297 3021 3280 5986 5984 5975 5979 5976
2247 3265 1297 3866 3264 5986 5954 5987 3280 5973 5984
2248 3866 1297 3265 3865 5954 5986 5987 3888 5963 5983
2249 3866 1110 3265 3264 3884 3291 5987 5973 3280 3290
2250 3265 1110 3866 3865 3291 3884 5987 5963 3888 3886
2251 3266 3855 149 3900 5981 3856 5985 5971 3902 5967
2252 993 3265 3855 3266 3279 5982 5988 3273 5981 3281
2253 3855 3265 993 3021 5982 3279 5988 5978 3025 5976
2254 3855 149 993 3266 3856 3024 5988 5981 3273 5985
2255 993 149 3855 3021 3024 3856 5988 3025 5978 3022
2256 151 3268 152 3892 5989 3270 992 3893 3894 5960
2257 151 152 3268 994 992 3270 5989 3027 3269 997
2258 3021 151 3268 994 3026 5989 5970 3028 3269 3027
2259 3268 151 1297 3892 5989 3861 5980 5960 5957 3893
2260 3268 1297 151 3021 5980 3861 5989 5970 3026 5979
3 45 11 84
2273 4133 3644 3646 3648 6217 3674 6218 6219 3670 3669
2274 3648 4133 3644 3865 6219 6217 3669 6220 6221 6222
2275 4133 4157 3644 3865 6223 6224 6217 6222 6221 6225
2276 4157 3644 3646 4133 6224 3674 6226 6223 6218 6217
2277 1109 3643 3645 3864 3664 3665 3659 3881 6227 6228
2278 3643 1109 3866 3864 3664 3883 6229 6228 3885 3881
2279 4157 3644 3643 1229 6224 3668 6230 4160 3672 3673
2280 3645 3647 1108 3864 3662 3661 3660 6227 3880 6231
2281 3644 3643 1110 3865 3668 3663 3667 6221 3886 6232
2282 3865 3643 1110 3866 6232 3663 3886 3888 3884 6229
2283 4133 3648 1307 3865 6219 6233 4139 6222 3889 6220
2284 1304 1234 1108 173 4169 3652 3870 1306 1112 1236
2285 1109 1110 3643 3866 1114 3663 3664 3883 6229 3884
2286 3868 1304 4168 3864 3879 4175 6234 3890 6235 3882
2287 1307 3648 1111 3865 6233 3650 3869 3889 3887 6220
2288 3865 1307 4133 3867 3889 4139 6222 3891 6236 3873
2289 202 201 3868 1391 1300 3874 3875 4153 6237 1393
2290 3868 1395 202 1391 6238 1396 3875 6237 4153 4154
2291 1111 3648 3644 3865 3650 3669 3666 3887 6221 6220
2292 172 1212 3648 1307 1214 3651 3649 1309 6233 4134
2293 1229 4157 3644 3646 4160 6224 3673 3655 3674 6226
2294 1111 172 3648 1307 1116 3649 3650 3869 6233 1309
2295 4156 4157 3643 1229 4165 6230 6241 4167 3672 4160
2296 1212 4133 3648 1307 4137 6219 3651 4134 6233 4139
2297 3646 1212 4133 3648 3654 4137 6218 3670 6219 3651
2298 4168 1395 1304 3868 4174 4173 4175 6234 3879 6238
2299 186 4157 3646 4133 4158 6226 3653 4135 6218 6223
2300 3867 201 200 4147 3872 1296 3871 6242 4148 4149
2301 220 4133 200 4147 4136 4138 1389 4150 4148 6243
2302 1230 4156 3645 3643 4166 6239 3675 3671 3665 6241
2303 186 220 4157 4133 1388 4159 4158 4135 6223 4136
2304 200 4133 1307 3867 4138 4139 1308 3871 3873 6236
2305 1395 4156 221 1391 6244 4163 4155 4154 1392 6245
2306 1108 1109 3645 3864 1113 3659 3660 3880 6227 3881
2307 3867 200 4133 4147 3871 4138 6236 6242 6243 4148
2308 3646 1229 4157 186 3655 4160 6226 3653 4158 1231
2309 4133 220 4157 4147 4136 4159 6223 6243 6246 4150
2310 201 3866 3868 1391 3876 3878 3874 1393 6237 6247
2311 201 3867 3866 1391 3872 3877 3876 1393 6247 6248
2312 202 1304 1395 3868 1305 4173 1396 3875 6238 3879
2313 4156 222 1395 221 4164 1397 6244 4163 4155 1394
2314 1110 1111 3644 3865 1115 3666 3667 3886 6221 3887
2315 3646 1212 186 4133 3654 1213 3653 6218 4135 4137
2316 1234 3647 190 4168 3658 3656 1235 4172 4170 6240
2317 221 4157 220 4147 4162 4159 1390 4152 4150 6246
2318 201 3867 1391 4147 3872 6248 1393 4149 4151 6242
2319 3643 1230 4156 1229 3671 4166 6241 3672 4167 1232
2320 3864 3643 4156 3866 6228 6241 6249 3885 6250 6229
2321 3864 4156 3643 3645 6249 6241 6228 6227 3665 6239
2322 3865 3643 4157 3644 6232 6230 6225 6221 6224 3668
2323 4157 3865 4156 3643 6225 6251 4165 6230 6241 6232
2324 3866 4156 3865 3643 6250 6251 3888 6229 6232 6241
2325 3647 3864 1304 1108 6231 3882 6252 3661 3870 3880
2326 1304 3864 3647 4168 3882 6231 6252 4175 6240 6235
2327 1304 1234 3647 1108 4169 3658 6252 3870 3661 3652
2328 3647 1234 1304 4168 3658 4169 6252 6240 4175 4172
2329 3866 3868 4156 3864 3878 6253 6250 3885 6249 3890
2330 3866 4156 3868 1391 6250 6253 3878 6247 6237 6245
2331 4133 3867 4157 3865 6236 6254 6223 6222 6225 3891
2332 4133 4157 3867 4147 6223 6254 6236 6243 6242 6246
2333 1395 3868 4156 1391 6238 6253 6244 4154 6245 6237
2334 4156 4157 3867 3865 4165 6254 6255 6251 3891 6225
2335 3867 3866 4156 3865 3877 6250 6255 3891 6251 3888
2336 4156 3866 3867 1391 6250 3877 6255 6245 6248 6247
2337 4147 221 4156 1391 4152 4163 6256 4151 6245 1392
2338 4156 221 4147 4157 4163 4152 6256 4165 6246 4162
2339 4156 3867 4147 1391 6255 6242 6256 6245 4151 6248
2340 4147 3867 4156 4157 6242 6255 6256 6246 4165 6254
2341 222 190 1230 6257 1398 1233 4161 6258 6259 6260
2342 222 4168 190 6257 4171 4170 1398 6258 6260 6261
2343 190 3647 1230 6257 3656 3657 1233 6260 6259 6262
2344 190 4168 3647 6257 4170 6240 3656 6260 6262 6261
2345 1230 4156 222 6257 4166 4164 4161 6259 6258 6263
2346 4156 1395 222 6257 6244 1397 4164 6263 6258 6264
2347 4168 222 1395 6257 4171 1397 4174 6261 6264 6258
2348 1395 4156 3868 6257 6244 6253 6238 6264 6265 6263
2349 4168 1395 3868 6257 4174 6238 6234 6261 6265 6264
2350 3864 3647 4168 6257 6231 6240 6235 6266 6261 6262
2351 3864 3868 4156 6257 3890 6253 6249 6266 6263 6265
2352 3868 3864 4168 6257 3890 6235 6234 6265 6261 6266
2353 3645 3864 6257 3647 6227 6266 6267 3662 6262 6231
2354 3645 6257 3864 4156 6267 6266 6227 6239 6249 6263
2355 1230 3645 6257 3647 3675 6267 6259 3657 6262 3662
2356 1230 6257 3645 4156 6259 6267 3675 4166 6239 6263
3 46 11 20
2569 222 1230 190 189 4161 1233 1398 4256 1228 3641
2570 185 220 4157 186 4246 4159 6353 1202 4158 1388
2571 4157 227 185 1225 6354 4228 6353 6355 1227 4229
2572 221 226 4157 227 4254 6356 4162 1444 6354 1424
2573 226 221 4157 220 4254 4162 6356 1443 4159 1390
2574 227 185 226 4157 4228 1428 1424 6354 6356 6353
2575 185 4157 1225 1229 6353 6355 1227 3639 3640 4160
2576 227 4157 4156 1225 6354 4165 6357 4229 6358 6355
2577 4157 4156 1225 1229 4165 6358 6355 4160 3640 4167
2578 4156 228 227 1225 6359 1426 6357 6358 4229 4230
2579 185 4157 1229 186 6353 4160 3639 1202 1231 4158
2580 222 228 227 4156 1445 1426 4255 4164 6357 6359
2581 4156 227 222 221 6357 4255 4164 4163 1394 1444
2582 220 226 185 4157 1443 1428 4246 4159 6353 6356
2583 4156 4157 227 221 4165 6354 6357 4163 1444 4162
2584 1230 1225 4156 1229 3642 6358 4166 1232 4167 3640
2585 222 1230 228 4156 4161 6360 1445 4164 6359 4166
2586 222 228 1230 189 1445 6360 4161 4256 3641 1427
2587 1225 228 1230 4156 4230 6360 3642 6358 4166 6359
2588 1225 1230 228 189 3642 6360 4230 1226 1427 3641
3 47 11 18
2646 216 195 1269 189 1372 1271 4112 4227 3811 1268
2647 215 214 185 187 1369 4231 6331 4110 1216 1373
2648 215 226 185 214 4225 1428 6331 1369 4231 1422
2649 226 215 185 227 4225 6331 1428 1424 4228 1423
2650 187 185 215 6332 1216 6331 4110 6333 6334 6335
2651 187 1225 185 6332 3809 1227 1216 6333 6335 6336
2652 227 215 185 6332 1423 6331 4228 6337 6335 6334
2653 227 185 1225 6332 4228 1227 4229 6337 6336 6335
2654 1269 187 215 6332 1270 4110 4111 6338 6334 6333
2655 1269 1225 187 6332 3810 3809 1270 6338 6333 6336
2656 216 215 227 6332 1371 1423 4226 6339 6337 6334
2657 216 1269 215 6332 4112 4111 1371 6339 6334 6338
2658 216 227 228 6332 4226 1426 1425 6339 6340 6337
2659 1225 228 227 6332 4230 1426 4229 6336 6337 6340
2660 189 1225 6332 228 1226 6336 6341 1427 6340 4230
2661 189 6332 1225 1269 6341 6336 1226 3811 3810 6338
2662 216 189 6332 228 4227 6341 6339 1425 6340 1427
2663 216 6332 189 1269 6339 6341 4227 4112 3811 6338
3 48 11 12
2935 1269 178 195 203 3807 1267 1271 6163 4109 1314
2936 178 1269 1161 203 3807 3808 1162 1314 3987 6163
2937 195 216 1269 203 1372 4112 1271 4109 6163 1370
2938 187 176 1161 207 1215 1163 3806 4113 3986 1334
2939 1269 1161 203 208 3808 3987 6163 6164 1337 3988
2940 215 207 214 187 4107 1367 1369 4110 1373 4113
2941 203 216 1269 208 1370 4112 6163 1337 6164 4108
2942 216 215 1269 208 1371 4111 4112 4108 6164 1368
2943 215 207 1269 208 4107 6165 4111 1368 6164 1336
2944 215 1269 207 187 4111 6165 4107 4110 4113 1270
2945 1161 1269 207 208 3808 6165 3986 3988 1336 6164
2946 1161 207 1269 187 3986 6165 3808 3806 1270 4113
3 49 11 12
3033 164 178 1161 203 1159 1162 3485 3912 3987 1314
3034 203 1161 164 208 3987 3485 3912 1337 6037 3988
3035 1054 165 163 207 1055 1053 3096 6038 1326 3977
3036 1161 1054 208 207 3486 6039 3988 3986 1336 6038
3037 165 1054 176 207 1055 3487 1150 3977 1334 6038
3038 1054 1161 176 207 3486 1163 3487 6038 1334 3986
3039 162 208 203 164 3985 1337 1310 1052 3912 6037
3040 162 208 164 161 3985 6037 1052 1048 3095 1335
3041 208 1054 161 207 6039 3097 1335 1336 3984 6038
3042 1054 163 161 207 3096 1050 3097 6038 3984 1326
3043 164 1054 208 1161 1056 6039 6037 3485 3988 3486
3044 208 1054 164 161 6039 1056 6037 1335 3095 3097
3 50 11 12
3065 1054 802 164 161 3100 3101 1056 3097 3095 5433
3066 1054 165 110 163 1055 1057 3099 3096 3098 1053
3067 128 161 802 133 3092 5433 2899 910 2898 1046
3068 164 112 161 802 1051 5434 3095 3101 5433 803
3069 164 161 112 162 3095 5434 1051 1052 3094 1048
3070 128 161 112 802 3092 5434 887 2899 803 5433
3071 128 112 161 162 887 5434 3092 1047 1048 3094
3072 163 110 133 132 3098 2897 3093 1049 909 905
3073 161 802 163 1054 5433 5435 1050 3097 3096 3100
3074 161 163 802 133 1050 5435 5433 1046 2898 3093
3075 110 163 802 1054 3098 5435 804 3099 3100 3096
3076 110 802 163 133 804 5435 3098 2897 3093 2898
3 51 11 40
1669 961 780 2964 2943 2984 5346 5347 5348 5349 5350
1670 2964 690 744 2943 5351 2632 5352 5349 5353 5354
1671 958 961 2964 2943 2980 5347 5355 5356 5349 5348
1672 814 2964 744 2943 5357 5352 2754 5358 5353 5349
1673 690 2964 693 2943 5351 5359 2390 5354 5360 5349
1674 780 693 2964 2943 2688 5359 5346 5350 5349 5360
1675 955 958 2964 2943 2977 5355 5361 5362 5349 5356
1676 2964 814 955 2943 5357 2974 5361 5349 5362 5358
1677 97 91 744 2964 727 2631 745 2967 5352 2966
1678 145 961 2964 144 962 5347 2970 953 2972 2981
1679 961 2964 107 145 5347 2968 2983 962 954 2970
1680 97 744 115 2964 745 2752 818 2967 2969 5352
1681 99 744 690 2943 746 2632 2630 2946 5354 5353
1682 961 142 780 2943 963 2982 2984 5348 5350 2949
1683 142 961 958 2943 963 2980 2979 2949 5356 5348
1684 744 99 814 2943 746 2753 2754 5353 5358 2946
1685 958 2964 961 144 5355 5347 2980 959 2981 2972
1686 690 744 91 2964 2632 2631 691 5351 2966 5352
1687 780 2964 107 961 5346 2968 781 2984 2983 5347
1688 142 105 780 2943 941 782 2982 2949 5350 2947
1689 690 89 99 2943 692 743 2630 5354 2946 2945
1690 958 141 142 2943 960 940 2979 5356 2949 2951
1691 113 814 99 2943 815 2753 809 2948 2946 5358
1692 744 115 2964 814 2752 2969 5352 2754 5357 816
1693 105 693 780 2943 2686 2688 782 2947 5350 5360
1694 89 690 693 2943 692 2390 2389 2945 5360 5354
1695 693 105 90 2943 2686 766 695 5360 2944 2947
1696 693 90 89 2943 695 679 2389 5360 2945 2944
1697 141 958 955 2943 960 2977 2976 2951 5362 5356
1698 814 113 955 2943 815 2973 2974 5358 5362 2948
1699 955 140 141 2943 957 939 2976 5362 2951 2950
1700 113 140 955 2943 938 957 2973 2948 5362 2950
1701 2964 958 143 144 5355 2978 2971 2972 952 959
1702 2964 107 92 780 2968 775 2965 5346 2687 781
1703 690 91 92 2964 691 688 2391 5351 2965 2966
1704 955 2964 958 143 5361 5355 2977 956 2978 2971
1705 955 814 2964 143 2974 5357 5361 956 2971 2975
1706 92 690 2964 693 2391 5351 2965 694 5359 2390
1707 693 2964 92 780 5359 2965 694 2688 2687 5346
1708 814 115 2964 143 816 2969 5357 2975 2971 951
3 52 11 73
1828 2041 2603 2602 2042 5098 2624 5099 2074 5100 5101
1829 2602 549 2041 2042 5102 2073 5099 5100 2074 2054
1830 2042 2044 2603 544 2068 5103 5101 2052 5104 2048
1831 2602 2599 2603 2041 2629 2616 2624 5099 5098 5105
1832 2598 2045 2040 2043 5106 2067 5107 5108 2072 2075
1833 2603 2041 2044 2042 5098 2060 5103 5101 2068 2074
1834 553 2045 740 2043 2051 5112 2738 2057 5113 2075
1835 2600 2601 2598 548 2627 2625 2622 5096 5114 5115
1836 549 2602 2755 2042 5102 5116 5117 2054 5118 5100
1837 2600 2601 548 814 2627 5115 5096 5111 5119 5120
1838 2603 2755 2602 2042 5121 5116 2624 5101 5100 5118
1839 2600 2602 744 814 2628 2610 2626 5111 2754 5109
1840 549 2755 2602 814 5117 5116 5102 5110 5109 5122
1841 2601 2600 744 814 2627 2626 2613 5120 2754 5111
1842 2043 2601 2737 548 5123 5124 5125 2055 5126 5115
1843 2601 2737 740 2043 5124 2744 2611 5123 5113 5125
1844 548 2601 2737 814 5115 5124 5126 5119 5127 5120
1845 403 740 41 2045 2607 742 408 2050 2049 5112
1846 401 2599 2600 2039 2615 2619 2617 2062 5097 5128
1847 401 2599 2039 2041 2615 5128 2062 2058 2063 5105
1848 2042 2603 2755 544 5101 5121 5118 2052 2759 5104
1849 403 2598 740 2045 2621 2623 2607 2050 5112 5106
1850 2755 115 97 2602 2760 818 2761 5116 2608 5129
1851 2602 2755 115 814 5116 2760 5129 5109 816 5122
1852 811 548 2737 814 2747 5126 5130 2750 5127 5119
1853 402 2600 2598 2039 2618 2622 2620 2061 5131 5097
1854 2040 402 2598 2039 2065 2620 5107 2066 5131 2061
1855 115 744 97 2602 2752 745 818 5129 2608 2610
1856 2737 548 811 112 5126 2747 5130 2740 812 2746
1857 112 811 2737 113 812 5130 2740 808 2742 2749
1858 814 2737 811 113 5127 5130 2750 815 2749 2742
1859 2600 402 401 2039 2618 406 2617 5097 2062 2061
1860 114 115 2755 814 817 2760 2758 2751 5122 816
1861 2601 744 99 814 2613 746 2612 5120 2753 2754
1862 553 740 2737 2043 2738 2744 2741 2057 5125 5113
1863 2045 740 41 553 5112 742 2049 2051 554 2738
1864 2755 724 2603 2602 2762 2606 5121 5116 2624 2609
1865 115 744 2602 814 2752 2610 5129 816 5109 2754
1866 549 64 2755 114 552 2757 5117 2745 2758 810
1867 2603 724 2755 544 2606 2762 5121 5104 2759 2756
1868 549 2755 64 2042 5117 2757 552 2054 2053 5118
1869 400 2603 2041 2044 2605 5098 2059 2046 2060 5103
1870 40 2603 2044 544 2604 5103 2047 545 2048 5104
1871 548 2737 65 112 5126 2739 550 2746 801 2740
1872 811 549 548 814 2748 551 2747 2750 5119 5110
1873 400 2603 2599 2041 2605 2616 2614 2059 5105 5098
1874 2045 403 2598 2040 2050 2621 5106 2067 5107 2064
1875 2043 2737 65 548 5125 2739 2056 2055 550 5126
1876 2737 740 99 2601 2744 741 2743 5124 2612 2611
1877 724 2755 97 2602 2762 2761 725 2609 2608 5116
1878 2599 401 400 2041 2615 405 2614 5105 2059 2058
1879 2603 400 40 2044 2605 404 2604 5103 2047 2046
1880 402 2598 403 2040 2620 2621 407 2065 2064 5107
1881 2603 40 724 544 2604 726 2606 5104 2756 545
1882 2042 2755 64 544 5118 2757 2053 2052 546 2759
1883 2737 65 553 2043 2739 555 2741 5125 2057 2056
1884 549 2039 2602 2041 2069 5132 5102 2073 5099 2063
1885 2599 2039 2602 2600 5128 5132 2629 2619 2628 5097
1886 2599 2602 2039 2041 2629 5132 5128 5105 2063 5099
1887 2598 2039 548 2040 5131 2070 5114 5107 2071 2066
1888 548 2039 2598 2600 2070 5131 5114 5096 2622 5097
1889 2598 2043 740 2045 5108 5113 2623 5106 5112 2075
1890 740 2043 2598 2601 5113 5108 2623 2611 2625 5123
1891 2598 2043 548 2601 5108 2055 5114 2625 5115 5123
1892 548 2043 2598 2040 2055 5108 5114 2071 5107 2072
1893 549 814 114 2755 5110 2751 2745 5117 2758 5122
1894 114 814 549 811 2751 5110 2745 813 2748 2750
1895 814 2737 99 2601 5127 2743 2753 5120 2612 5124
1896 99 2737 814 113 2743 5127 2753 809 815 2742
1897 2602 548 2039 549 5133 2070 5132 5102 2069 551
1898 2602 2039 548 2600 5132 2070 5133 2628 5096 5097
1899 2602 814 548 549 5109 5119 5133 5102 551 5110
1900 2602 548 814 2600 5133 5119 5109 2628 5111 5096
3 53 11 66
1738 2601 2600 333 690 2627 4966 4972 4973 4974 4975
1739 1663 334 1665 2602 1669 1681 1682 4970 4979 4976
1740 744 2602 2600 690 2610 2628 2626 2632 4975 4978
1741 744 2600 2601 690 2626 2627 2613 2632 4973 4975
1742 2601 333 2590 690 4972 4980 4981 4973 4982 4974
1743 2487 97 91 2602 2493 727 2490 4971 4983 2608
1744 2598 740 1666 403 2623 4984 4985 2621 1689 2607
1745 2487 334 2602 690 4986 4976 4971 4987 4978 4977
1746 334 1663 2487 2602 1669 4968 4986 4976 4971 4970
1747 1665 1662 401 2599 1680 1685 1684 4988 2615 4989
1748 740 409 1666 403 2595 1672 4984 2607 1689 1674
1749 2599 1662 401 2600 4989 1685 2615 2619 2617 4967
1750 2602 91 2487 690 4983 2490 4971 4978 4987 691
1751 409 740 41 403 2595 742 411 1674 408 2607
1752 744 91 97 2602 2631 727 745 2610 2608 4983
1753 402 1662 1664 2598 1686 1678 1687 2620 4991 4992
1754 2590 333 249 690 4980 1553 4993 4982 2387 4974
1755 1662 402 2600 2598 1686 2618 4967 4992 2622 2620
1756 10 2590 333 249 2591 4980 1552 251 1553 4993
1757 249 89 2590 690 2388 2593 4993 2387 4982 692
1758 2590 740 409 1666 2597 2595 2594 4994 1672 4984
1759 2598 1666 1664 403 4985 1679 4991 2621 1688 1689
1760 402 401 1662 2600 406 1685 1686 2618 4967 2617
1761 2590 10 89 249 2591 678 2593 4993 2388 251
1762 2601 99 744 690 2612 746 2613 4973 2632 2630
1763 91 9 2487 690 687 2489 2490 691 4987 2386
1764 2602 744 91 690 2610 2631 4983 4978 691 2632
1765 1663 40 724 2603 1668 726 4990 4969 2606 2604
1766 2590 29 10 333 2592 338 2591 4980 1552 335
1767 1663 40 28 724 1668 396 1667 4990 2491 726
1768 249 333 334 690 1553 336 1551 2387 4977 4974
1769 2590 99 740 2601 2596 741 2597 4981 2611 2612
1770 724 97 2487 2602 725 2493 2492 2609 4971 2608
1771 333 2590 29 1666 4980 2592 335 1671 1670 4994
1772 2487 1663 28 724 4968 1667 2488 2492 2491 4990
1773 334 28 9 2487 337 331 1550 4986 2489 2488
1774 334 1663 28 2487 1669 1667 337 4986 2488 4968
1775 40 1663 400 2603 1668 1673 404 2604 2605 4969
1776 1664 402 2598 403 1687 2620 4991 1688 2621 407
1777 401 400 1665 2599 405 1683 1684 2615 4988 2614
1778 409 29 2590 1666 410 2592 2594 1672 4994 1670
1779 334 2602 1662 1665 4976 4995 1676 1681 1680 4979
1780 2599 1662 2602 1665 4989 4995 2629 4988 4979 1680
1781 2599 2602 1662 2600 2629 4995 4989 2619 4967 2628
1782 1666 333 2598 1664 1671 4996 4985 1679 4991 1677
1783 2600 333 2598 2601 4966 4996 2622 2627 2625 4972
1784 333 1662 2598 1664 1675 4992 4996 1677 4991 1678
1785 333 2598 1662 2600 4996 4992 1675 4966 4967 2622
1786 2602 1665 2603 2599 4979 4997 2624 2629 2616 4988
1787 2602 2603 1665 1663 2624 4997 4979 4970 1682 4969
1788 400 2603 1665 2599 2605 4997 1683 2614 4988 2616
1789 400 1665 2603 1663 1683 4997 2605 1673 4969 1682
1790 333 2598 2590 1666 4996 4998 4980 1671 4994 4985
1791 333 2590 2598 2601 4980 4998 4996 4972 2625 4981
1792 740 2590 2598 1666 2597 4998 2623 4984 4985 4994
1793 740 2598 2590 2601 2623 4998 2597 2611 4981 2625
1794 2590 690 99 2601 4982 2630 2596 4981 2612 4973
1795 99 690 2590 89 2630 4982 2596 743 2593 692
1796 690 9 334 249 2386 1550 4977 2387 1551 250
1797 690 334 9 2487 4977 1550 2386 4987 2489 4986
1798 333 690 2602 334 4974 4978 4999 336 4976 4977
1799 333 2602 690 2600 4999 4978 4974 4966 4975 2628
1800 1662 333 2602 334 1675 4999 4995 1676 4976 336
1801 1662 2602 333 2600 4995 4999 1675 4967 4966 2628
1802 724 1663 2602 2487 4990 4970 2609 2492 4971 4968
1803 724 2602 1663 2603 2609 4970 4990 2606 4969 2624
3 54 11 24
1534 2365 443 90 693 4793 2394 2370 4794 695 2393
1535 443 90 48 2365 2394 680 445 4793 2368 2370
1536 2365 89 249 690 2369 2388 4795 4796 2387 692
1537 690 91 9 2380 691 687 2386 4797 2382 2384
1538 10 89 249 2365 678 2388 251 2367 4795 2369
1539 249 243 2365 690 1471 4798 4795 2387 4796 4799
1540 243 443 2365 693 1786 4793 4798 4800 4794 2393
1541 690 243 2365 693 4799 4798 4796 2390 4794 4800
1542 2380 243 690 693 4801 4799 4797 4802 2390 4800
1543 8 243 443 2365 244 1786 1785 2366 4793 4798
1544 8 249 243 2365 1470 1471 244 2366 4798 4795
1545 48 8 443 2365 448 1785 445 2368 4793 2366
1546 249 8 10 2365 1470 253 251 4795 2367 2366
1547 92 47 2380 693 689 2383 2385 694 4802 2392
1548 690 2365 89 693 4796 2369 692 2390 2389 4794
1549 90 89 2365 693 679 2369 2370 695 4794 2389
1550 243 9 7 2380 1469 248 245 4801 2381 2382
1551 243 7 47 2380 245 447 1784 4801 2383 2381
1552 690 92 91 2380 2391 688 691 4797 2384 2385
1553 2380 690 92 693 4797 2391 2385 4802 694 2390
1554 9 690 243 249 2386 4799 1469 250 1471 2387
1555 9 243 690 2380 1469 4799 2386 2382 4797 4801
1556 47 693 243 2380 2392 4800 1784 2383 4801 4802
1557 243 693 47 443 4800 2392 1784 1786 444 2393
3 55 11 26
1441 693 443 90 2662 2393 2394 695 5027 2665 5028
1442 48 90 443 2662 680 2394 445 2664 5028 2665
1443 105 780 2662 777 782 5029 2667 2689 5030 2690
1444 2662 104 105 777 2666 767 2667 5030 2689 779
1445 107 106 2677 780 776 2681 2682 781 5031 2691
1446 2677 780 777 615 5031 2690 5032 5033 2684 5034
1447 693 2677 443 615 5035 5036 2393 5037 2193 5033
1448 106 2677 780 777 2681 5031 2691 778 2690 5032
1449 780 2662 777 615 5029 5030 2690 5034 2684 5038
1450 693 443 2662 615 2393 5028 5027 5037 5038 2193
1451 2677 443 47 693 5036 444 2679 5035 2392 2393
1452 2677 693 780 615 5035 2688 5031 5033 5034 5037
1453 2662 780 693 615 5029 2688 5027 5038 5037 5034
1454 777 71 2677 615 2683 2678 5032 2684 5033 617
1455 71 443 2677 615 2191 5036 2678 617 5033 2193
1456 2662 443 48 615 5028 445 2664 5038 2192 2193
1457 777 2662 104 615 5030 2666 779 2684 2685 5038
1458 78 104 2662 615 765 2666 2663 616 5038 2685
1459 2662 48 78 615 2664 619 2663 5038 616 2192
1460 2677 106 71 777 2681 774 2678 5032 2683 778
1461 47 92 2677 693 689 2680 2679 2392 5035 694
1462 443 47 71 2677 444 591 2191 5036 2678 2679
1463 780 693 105 2662 2688 2686 782 5029 2667 5027
1464 90 105 693 2662 766 2686 695 2665 5027 2667
1465 92 107 2677 780 775 2682 2680 2687 5031 781
1466 693 92 2677 780 694 2680 5035 2688 5031 2687
3 56 11 67
1467 3305 3306 3334 3302 3323 5537 5538 3332 5539 3326
1468 3306 3334 3361 3305 5537 5540 5541 3323 5542 5538
1469 3305 780 961 3303 5543 2984 3311 3319 3318 5544
1470 3303 780 961 3304 5544 2984 3318 3317 3307 5545
1471 3304 1006 780 3293 5546 5547 5545 5548 5549 5550
1472 3361 107 145 3305 3363 954 3365 5542 3310 5551
1473 1007 780 3361 3305 5552 5553 5554 5555 5542 5543
1474 3361 3334 1007 3305 5540 3343 5554 5542 5555 5538
1475 3302 3336 3333 1124 5556 3351 5557 3324 3357 3356
1476 3302 3333 3303 1124 5557 5558 3329 3324 3328 3357
1477 1105 1126 3337 1117 3313 3354 5559 3300 3340 3344
1478 1120 3334 3361 3306 5560 5540 3366 3315 5541 5537
1479 3361 780 107 3305 5553 781 3363 5542 5551 5543
1480 3335 3333 1125 3301 3349 3358 3359 5561 3330 5562
1481 1105 173 1126 1117 1107 1131 3313 3300 3344 1118
1482 107 961 145 3305 2983 962 954 5551 3310 3311
1483 3361 1120 3306 3305 3366 3315 5541 5542 3323 3312
1484 1006 777 780 3293 3047 2690 5547 5550 5549 5563
1485 1125 3333 3303 3301 3358 5558 3327 3330 3331 5562
1486 104 777 1006 3293 779 3047 3046 3294 5550 5563
1487 3293 1105 3337 1117 3298 5559 5564 3299 3340 3300
1488 1124 3333 3303 1125 3357 5558 3328 1129 3327 3358
1489 105 780 777 3293 782 2690 2689 3295 5563 5549
1490 777 104 105 3293 779 767 2689 5563 3295 3294
1491 961 780 142 3304 2984 2982 963 3307 3308 5545
1492 107 106 780 3361 776 2691 781 3363 5553 3362
1493 961 107 780 3305 2983 781 2984 3311 5543 5551
1494 1006 104 3293 152 3046 3294 5550 1008 3296 999
1495 156 3334 1120 174 3341 5560 3367 1132 1122 3342
1496 3306 1120 3334 174 3315 5560 5537 3314 3342 1122
1497 1007 777 780 1006 3049 2690 5552 1009 5547 3047
1498 1105 3304 142 3293 3309 3308 1106 3298 3297 5548
1499 1120 3361 145 3305 3366 3365 1121 3312 3310 5542
1500 3293 3337 1006 152 5564 3339 5550 3296 1008 3338
1501 156 3334 3361 1120 3341 5540 3364 3367 3366 5560
1502 1007 106 156 3361 3048 1011 1010 5554 3364 3362
1503 156 3334 1007 3361 3341 3343 1010 3364 5554 5540
1504 3335 1125 1126 3301 3359 1130 3360 5561 3321 3330
1505 1123 3306 3334 174 3316 5537 3345 1127 3342 3314
1506 3302 1123 3336 1124 3325 3355 5556 3324 3356 1128
1507 152 3293 3337 1117 3296 5564 3338 1119 3340 3299
1508 3301 3304 3333 3303 3322 5565 5562 3331 5558 3317
1509 3301 3333 3304 3335 5562 5565 3322 5561 5566 3349
1510 1006 3304 3333 3335 5546 5565 3346 3348 3349 5566
1511 1105 3304 3335 3301 3309 5566 5567 3320 5561 3322
1512 1105 1126 3335 3337 3313 3360 5567 5559 3350 3354
1513 3335 1126 1105 3301 3360 3313 5567 5561 3320 3321
1514 3333 3302 1007 3336 5557 5568 3347 3351 3352 5556
1515 3334 1007 3302 3336 3343 5568 5539 3353 5556 3352
1516 3334 3302 1007 3305 5539 5568 3343 5538 5555 3332
1517 1105 3335 3293 3337 5567 5569 3298 5559 5564 3350
1518 1105 3293 3335 3304 3298 5569 5567 3309 5566 5548
1519 1006 3293 3335 3337 5550 5569 3348 3339 3350 5564
1520 1006 3335 3293 3304 3348 5569 5550 5546 5548 5566
1521 3334 3302 1123 3336 5539 3325 3345 3353 3355 5556
1522 1123 3302 3334 3306 3325 5539 3345 3316 5537 3326
1523 3293 780 142 105 5549 2982 3297 3295 941 782
1524 3293 142 780 3304 3297 2982 5549 5548 5545 3308
1525 106 780 1007 777 2691 5552 3048 778 3049 2690
1526 106 1007 780 3361 3048 5552 2691 3362 5553 5554
1527 3303 780 1007 3305 5544 5552 5570 3319 5555 5543
1528 1007 3302 3303 3305 5568 3329 5570 5555 3319 3332
1529 3303 3302 1007 3333 3329 5568 5570 5558 3347 5557
1530 1007 3304 3303 3333 5571 3317 5570 3347 5558 5565
1531 1007 3303 3304 780 5570 3317 5571 5552 5545 5544
1532 1007 1006 3304 3333 1009 5546 5571 3347 5565 3346
1533 1007 3304 1006 780 5571 5546 1009 5552 5547 5545
3 57 11 73
1558 3693 3305 3306 3694 5823 3323 5824 3724 5825 5826
1559 3305 3693 1242 3694 5823 3723 5827 5826 3708 3724
1560 3306 3696 3694 1247 5828 3727 5825 5829 3709 3703
1561 3302 3305 3306 3693 3332 3323 3326 5830 5824 5823
1562 3301 3692 3697 3695 5831 3719 5832 5833 3720 3726
1563 3696 3693 3306 3694 3712 5824 5828 3727 5825 3724
1564 3697 3695 1234 1105 3720 3705 3700 5837 3681 5838
1565 3301 3304 3303 1243 3322 3317 3331 5839 5822 5840
1566 1242 3728 3305 3694 5841 5842 5827 3708 5826 5843
1567 958 3303 3304 1243 5835 3317 5844 5845 5840 5822
1568 3305 3728 3306 3694 5842 5846 3323 5826 5825 5843
1569 961 958 3305 3303 2980 5834 3311 3318 3319 5835
1570 3305 958 3728 1242 5834 5847 5842 5827 5841 5836
1571 961 958 3303 3304 2980 5835 3318 3307 3317 5844
1572 3304 1243 3695 3676 5840 3706 5848 5849 5850 5851
1573 3304 3695 1105 3676 5848 5838 3309 5849 3680 5850
1574 1243 3304 958 3676 5840 5844 5845 5851 5852 5849
1575 173 1126 3697 1105 1131 3699 3698 1107 5837 3313
1576 3303 3302 1124 3691 3329 3324 3328 5821 3714 5853
1577 3305 145 3728 144 3310 3729 5842 5854 3730 953
1578 3693 1124 3302 3691 3710 3324 5830 3715 5853 3714
1579 3728 958 3305 144 5847 5834 5842 3730 5854 959
1580 3694 3728 3306 1247 5843 5846 5825 3709 5829 3735
1581 1126 3301 3697 1105 3321 5832 3699 3313 5837 3320
1582 961 145 3305 144 962 3310 3311 2981 5854 953
1583 1238 1243 958 3676 3688 5845 3685 5855 5852 5851
1584 3301 3303 1125 3691 3331 3327 3330 5856 3713 5821
1585 3692 3301 1125 3691 5831 3330 3717 3718 3713 5856
1586 189 1243 1238 3676 3687 3688 1240 3679 5855 5851
1587 189 1238 141 3676 1240 3684 1224 3679 3678 5855
1588 958 141 1238 3676 960 3684 3685 5852 5855 3678
1589 1125 3303 1124 3691 3327 3328 1129 3713 3714 5821
1590 958 961 142 3304 2980 963 2979 5844 3308 3307
1591 191 958 3728 144 3686 5847 3731 1237 3730 959
1592 1105 3695 1234 3676 5838 3705 3681 3680 3683 5850
1593 3305 958 961 144 5834 2980 3311 5854 2981 959
1594 3697 1234 173 1105 3700 1236 3698 5837 1107 3681
1595 3728 3306 1120 3305 5846 3315 3732 5842 3312 3323
1596 3728 1120 3306 1247 3732 3315 5846 3735 5829 3733
1597 1242 3728 3694 192 5841 5843 3708 1244 3707 3734
1598 3693 3306 1123 3696 5824 3316 3711 3712 3701 5828
1599 3306 174 3696 1247 3314 3702 5828 5829 3703 1249
1600 3728 1242 191 192 5841 3689 3731 3734 1241 1244
1601 189 190 1243 3676 1228 1246 3687 3679 5851 3682
1602 958 1242 1243 1238 5836 1245 5845 3685 3688 3690
1603 3302 3306 1123 3693 3326 3316 3325 5830 3711 5824
1604 1126 3301 3692 3697 3321 5831 3716 3699 3719 5832
1605 190 3695 1243 3676 3704 3706 1246 3682 5851 5850
1606 1105 142 3304 3676 1106 3308 3309 3680 5849 3677
1607 1120 145 3728 3305 1121 3729 3732 3312 5842 3310
1608 1124 3302 1123 3693 3324 3325 1128 3710 3711 5830
1609 174 1123 3306 3696 1127 3316 3314 3702 5828 3701
1610 1125 1126 3301 3692 1130 3321 3330 3717 5831 3716
1611 174 3306 1120 1247 3314 3315 1122 1249 3733 5829
1612 1247 3694 3728 192 3709 5843 3735 1248 3734 3707
1613 3695 190 1234 3676 3704 1235 3705 5850 3683 3682
1614 3691 1242 3305 3693 3721 5827 5857 3715 5823 3723
1615 3691 3302 3305 3303 5853 3332 5857 5821 3319 3329
1616 3305 3302 3691 3693 3332 5853 5857 5823 3715 5830
1617 3301 3691 1243 3303 5856 3722 5839 3331 5822 5821
1618 1243 3691 3301 3692 3722 5856 5839 3725 5831 3718
1619 3695 3301 1105 3697 5833 3320 5838 3720 5837 5832
1620 3695 1105 3301 3304 5838 3320 5833 5848 3322 3309
1621 3301 3695 1243 3692 5833 3706 5839 5831 3725 3726
1622 1243 3695 3301 3304 3706 5833 5839 5840 3322 5848
1623 958 1242 191 3728 5836 3689 3686 5847 3731 5841
1624 958 191 1242 1238 3686 3689 5836 3685 3690 1239
1625 3676 958 142 3304 5852 2979 3677 5849 3308 5844
1626 3676 142 958 141 3677 2979 5852 3678 960 940
1627 3305 1243 3691 3303 5858 3722 5857 3319 5821 5822
1628 3305 3691 1243 1242 5857 3722 5858 5827 1245 3721
1629 3305 958 1243 3303 5834 5845 5858 3319 5822 5835
1630 3305 1243 958 1242 5858 5845 5834 5827 5836 1245
3 58 11 24
1804 178 1166 140 3800 1167 3500 1160 3803 3802 5920
1805 189 141 1238 3800 1224 3684 1240 3804 5921 3801
1806 955 140 1166 3800 957 3500 3501 5922 5920 3802
1807 141 958 1238 3800 960 3685 3684 3801 5921 5923
1808 958 191 3812 144 3686 3816 5924 959 3813 1237
1809 1274 1238 958 3800 3823 3685 5925 5926 5923 5921
1810 1274 955 1166 3800 5927 3501 3820 5926 5920 5922
1811 1274 958 955 3800 5925 2977 5927 5926 5922 5923
1812 958 955 3812 1274 2977 5928 5924 5925 5929 5927
1813 195 1274 1166 3800 1275 3820 3818 3805 5920 5926
1814 1238 1274 195 3800 3823 1275 3821 5921 3805 5926
1815 1166 178 195 3800 1167 1267 3818 5920 3805 3803
1816 1238 195 189 3800 3821 1268 1240 5921 3804 3805
1817 143 955 179 3812 956 3502 1165 3814 3815 5928
1818 1274 3812 191 196 5929 3816 3822 1276 1273 3817
1819 179 3812 1274 196 3815 5929 3819 1272 1276 3817
1820 958 141 955 3800 960 2976 2977 5923 5922 3801
1821 141 140 955 3800 939 957 2976 3801 5922 3802
1822 3812 143 958 144 3814 2978 5924 3813 959 952
1823 958 955 143 3812 2977 956 2978 5924 3814 5928
1824 191 958 1274 1238 3686 5925 3822 1239 3823 3685
1825 1274 958 191 3812 5925 3686 3822 5929 3816 5924
1826 955 179 1274 1166 3502 3819 5927 3501 3820 1168
1827 955 1274 179 3812 5927 3819 3502 5928 3815 5929
3 59 11 26
1901 140 1166 178 3479 3500 1167 1160 3483 3484 5660
1902 3491 114 811 814 3493 813 5661 5662 2750 2751
1903 112 811 113 3479 812 2749 808 3481 3480 5663
1904 1166 140 955 3479 3500 957 3501 5660 5664 3483
1905 811 814 113 3479 2750 815 2749 5663 3480 5665
1906 3491 115 114 814 3492 817 3493 5662 2751 816
1907 3491 811 1064 814 5661 3109 5666 5662 5667 2750
1908 1064 1166 3491 955 3499 5668 5666 5669 5670 3501
1909 814 811 1064 3479 2750 3109 5667 5665 5671 5663
1910 955 1064 1166 3479 5669 3499 3501 5664 5660 5671
1911 1166 179 3491 955 1168 3496 5668 3501 5670 3502
1912 814 1064 3491 955 5667 5666 5662 2974 5670 5669
1913 814 1064 955 3479 5667 5669 2974 5665 5664 5671
1914 1064 168 811 3491 1066 3110 3109 5666 5661 3494
1915 168 1064 1166 3491 1066 3499 3498 3494 5668 5666
1916 168 114 811 3491 1062 813 3110 3494 5661 3493
1917 1064 178 1166 3479 3497 1167 3499 5671 5660 3484
1918 811 112 1064 3479 812 3108 3109 5663 5671 3481
1919 164 1064 112 3479 1065 3108 1051 3482 3481 5671
1920 1064 164 178 3479 1065 1159 3497 5671 3484 3482
1921 179 3491 955 143 3496 5670 3502 1165 956 3495
1922 168 1166 179 3491 3498 1168 1164 3494 3496 5668
1923 955 113 814 3479 2973 815 2974 5664 5665 3480
1924 955 140 113 3479 957 938 2973 5664 3480 3483
1925 3491 814 955 143 5662 2974 5670 3495 956 2975
1926 814 3491 115 143 5662 3492 816 2975 951 3495
3 60 11 19
2110 548 62 112 65 2026 2864 2746 550 801 547
2111 2020 63 64 114 2023 543 2028 5261 810 2860
2112 127 2020 811 114 5262 5263 2863 2862 813 5261
2113 63 127 2020 61 2859 5262 2023 542 2024 881
2114 549 811 2020 114 2748 5263 2029 2745 5261 813
2115 2019 2020 811 127 2025 5263 5264 5265 2863 5262
2116 2020 811 549 2019 5263 2748 2029 2025 2030 5264
2117 2019 811 128 127 5264 2861 5266 5265 882 2863
2118 2020 64 549 114 2028 552 2029 5261 2745 810
2119 61 128 2019 62 2858 5266 2021 537 2022 883
2120 128 61 2019 127 2858 2021 5266 882 5265 881
2121 61 2020 2019 127 2024 2025 2021 881 5265 5262
2122 548 549 811 2019 551 2748 2747 2027 5264 2030
2123 811 548 128 112 2747 5267 2861 812 887 2746
2124 811 128 548 2019 2861 5267 2747 5264 2027 5266
2125 62 128 548 112 883 5267 2026 2864 2746 887
2126 62 548 128 2019 2026 5267 883 2022 5266 2027
2127 63 127 114 2020 2859 2862 2860 2023 5261 5262
2128 63 114 127 129 2860 2862 2859 884 885 886
3 61 11 85
2013 2045 2040 2043 2031 2067 2072 2075 4534 4535 4536
2014 2045 2040 2031 1626 2067 4536 4534 4537 4538 4539
2015 2019 2031 2040 1626 4540 4536 4541 4542 4539 4538
2016 2012 2044 2041 2042 4543 2060 4544 4545 2074 2068
2017 2040 2039 2019 1626 2066 4546 4541 4539 4542 4547
2018 2041 2044 2012 1627 2060 4543 4544 4548 4549 4550
2019 2041 2012 2020 1627 4544 4551 4552 4548 4553 4549
2020 2041 2012 2042 2020 4544 4545 2074 4552 4554 4551
2021 2039 2040 402 1626 2066 2065 2061 4547 1652 4539
2022 402 2039 1626 1628 2061 4547 1652 1649 1653 4555
2023 2031 397 2045 1626 2038 4556 4534 4538 4537 1645
2024 2041 549 2039 2020 2073 2069 2063 4552 4557 2029
2025 2041 2039 401 1627 2063 2062 2058 4548 1648 4558
2026 1628 401 2039 1627 1650 2062 4555 1651 4558 1648
2027 1630 1626 534 1628 1647 4559 4560 1637 4561 1653
2028 37 38 534 1630 387 2003 535 1631 4560 1632
2029 2039 402 401 1628 2061 406 2062 4555 1650 1649
2030 1626 2031 397 1630 4538 2038 1645 1647 1638 4562
2031 2045 41 397 553 2049 399 4556 2051 2033 554
2032 38 538 534 1630 539 2004 2003 1632 4560 4563
2033 2044 2012 1627 393 4543 4549 4550 4564 1643 2015
2034 2045 397 403 1626 4556 1641 2050 4537 1646 1645
2035 403 41 397 2045 408 399 1641 2050 4556 2049
2036 2040 2045 403 1626 2067 2050 2064 4539 1646 4537
2037 2044 2041 400 1627 2060 2059 2046 4550 1642 4548
2038 400 2044 1627 393 2046 4550 1642 1640 1643 4564
2039 65 2043 548 2031 2056 2055 550 2034 4565 4535
2040 397 2045 553 2031 4556 2051 2033 2038 2037 4534
2041 2042 549 2041 2020 2054 2073 2074 4554 4552 2029
2042 2020 549 2039 2019 2029 2069 4557 2025 4546 2030
2043 2043 553 2045 2031 2057 2051 2075 4535 4534 2037
2044 548 62 2031 2019 2026 2035 4565 2027 4540 2022
2045 548 62 65 2031 2026 547 550 4565 2034 2035
2046 2012 1629 1627 393 4567 1644 4549 2015 1643 1639
2047 39 37 2006 1629 392 2008 2007 1633 4568 1634
2048 2042 2012 64 2020 4545 2017 2053 4554 2028 4551
2049 2039 548 2040 2019 2070 2071 2066 4546 4541 2027
2050 2031 538 397 1630 2036 2032 2038 4562 1638 4563
2051 2012 2044 2042 544 4543 2068 4545 2018 2052 2048
2052 2012 39 63 2006 2013 541 2014 4569 2010 2007
2053 544 393 2044 40 2016 4564 2048 545 2047 394
2054 393 544 2044 2012 2016 2048 4564 2015 4543 2018
2055 2044 400 40 393 2046 404 2047 4564 394 1640
2056 63 64 2012 2020 543 2017 2014 2023 4551 2028
2057 1630 534 37 1628 4560 535 1631 1637 1636 4561
2058 2020 2012 63 2006 4551 2014 2023 4570 2010 4569
2059 2042 64 549 2020 2053 552 2054 4554 2029 2028
2060 2006 2012 39 1629 4569 2013 2007 4568 1633 4567
2061 2040 403 402 1626 2064 407 2065 4539 1652 1646
2062 538 38 397 1630 539 398 2032 4563 1638 1632
2063 2042 64 2012 544 2053 2017 4545 2052 2018 546
2064 1629 2012 39 393 4567 2013 1633 1639 395 2015
2065 2041 401 400 1627 2058 405 2059 4548 1642 1648
2066 2020 63 61 2006 2023 542 2024 4570 2011 2010
2067 65 553 2043 2031 555 2057 2056 2034 4535 2037
2068 548 2039 549 2019 2070 2069 551 2027 2030 4546
2069 1627 2039 2020 2041 4558 4557 4553 4548 4552 2063
2070 2040 2031 548 2043 4536 4565 2071 2072 2055 4535
2071 2040 548 2031 2019 2071 4565 4536 4541 4540 2027
2072 1628 2039 2020 1627 4555 4557 4571 1651 4553 4558
2073 1628 37 2006 534 1636 2008 4572 4561 2009 535
2074 2006 37 1628 1629 2008 1636 4572 4568 1635 1634
2075 2019 2020 1628 2039 2025 4571 4573 4546 4555 4557
2076 1628 1626 2019 2039 1653 4542 4573 4555 4546 4547
2077 2019 1626 1628 534 4542 1653 4573 4566 4561 4559
2078 2006 1628 1627 1629 4572 1651 4574 4568 1644 1635
2079 1627 1628 2006 2020 1651 4572 4574 4553 4570 4571
2080 1627 2012 2006 1629 4549 4569 4574 1644 4568 4567
2081 2006 2012 1627 2020 4569 4549 4574 4570 4553 4551
2082 2006 1628 2019 2020 4572 4573 4575 4570 2025 4571
2083 2019 1628 2006 534 4573 4572 4575 4566 2009 4561
2084 2019 61 2006 2020 2021 2011 4575 2025 4570 2024
2085 2006 61 2019 534 2011 2021 4575 2009 4566 536
2086 538 62 61 4576 540 537 2005 4577 4578 4579
2087 2019 61 62 4576 2021 537 2022 4580 4579 4578
2088 61 534 538 4576 536 2004 2005 4578 4577 4581
2089 61 2019 534 4576 2021 4566 536 4578 4581 4580
2090 62 538 2031 4576 540 2036 2035 4579 4582 4577
2091 2019 62 2031 4576 2022 2035 4540 4580 4582 4579
2092 538 534 1630 4576 2004 4560 4563 4577 4583 4581
2093 1630 534 1626 4576 4560 4559 1647 4583 4584 4581
2094 1626 534 2019 4576 4559 4566 4542 4584 4580 4581
2095 538 1630 2031 4576 4563 4562 2036 4577 4582 4583
2096 1626 2031 1630 4576 4538 4562 1647 4584 4583 4582
2097 2019 2031 1626 4576 4540 4538 4542 4580 4584 4582
3 62 11 74
1927 1663 1665 1614 1627 1682 4353 4354 4355 4356 4357
1928 1626 384 1664 1628 4358 4359 4360 1653 4361 4362
1929 1654 384 1626 1630 4363 4358 4364 4365 1647 4366
1930 1614 1620 1663 1627 4367 4368 4354 4356 4355 4369
1931 1665 334 1663 1614 1681 1669 1682 4353 4354 4370
1932 1665 384 1614 1627 4371 1617 4353 4357 4356 4372
1933 403 1666 1664 1626 1689 1679 1688 1646 4360 4373
1934 384 1626 1630 1628 4358 1647 4366 4362 1637 1653
1935 1620 1614 1629 1627 4367 4374 4375 4369 1644 4356
1936 1664 333 1541 1666 1677 1546 4376 1679 4377 1671
1937 1628 1629 384 1627 1635 4378 4362 1651 4372 1644
1938 384 38 37 1630 1613 387 386 4366 1631 1632
1939 409 41 397 403 411 399 1660 1674 1641 408
1940 402 1662 401 1628 1686 1685 406 1649 1650 4379
1941 1626 397 1654 1630 1645 1661 4364 1647 4365 1638
1942 384 1654 388 1630 4363 1657 1612 4366 4380 4365
1943 384 388 38 1630 1612 390 1613 4366 1632 4380
1944 384 1541 1665 1614 4383 4384 4371 1617 4353 4385
1945 1665 1541 334 1614 4384 1548 1681 4353 4370 4385
1946 1629 1614 384 1627 4374 1617 4378 1644 4372 4356
1947 1541 1654 388 384 4381 1657 4386 4383 1612 4363
1948 1663 1620 400 1627 4368 4387 1673 4355 1642 4369
1949 400 1665 1663 1627 1683 1682 1673 1642 4355 4357
1950 37 39 1614 1629 392 1618 1619 1634 4374 1633
1951 1654 388 26 1541 1657 389 1655 4381 1543 4386
1952 397 388 1654 1630 1659 1657 1661 1638 4365 4380
1953 1541 27 334 1614 1544 1547 1548 4385 4370 1615
1954 1620 400 1627 393 4387 1642 4369 1625 1643 1640
1955 1663 1620 40 400 4368 1624 1668 1673 404 4387
1956 1662 1541 334 1665 4388 1548 1676 1680 1681 4384
1957 1620 27 39 1614 1622 391 1623 4367 1618 1615
1958 1627 1629 1620 393 1644 4375 4369 1643 1625 1639
1959 1541 1662 333 1664 4388 1675 1546 4376 1677 1678
1960 1541 388 25 384 4386 1611 1542 4383 385 1612
1961 1630 37 384 1628 1631 386 4366 1637 4362 1636
1962 384 37 1629 1628 386 1634 4378 4362 1635 1636
1963 1664 402 403 1626 1687 407 1688 4360 1646 1652
1964 400 1620 40 393 4387 1624 404 1640 394 1625
1965 40 28 1620 1663 396 1621 1624 1668 4368 1667
1966 388 397 38 1630 1659 398 390 4380 1632 1638
1967 25 27 1541 1614 329 1544 1542 1616 4385 1615
1968 25 26 388 1541 326 389 1611 1542 4386 1543
1969 1614 39 1620 1629 1618 1623 4367 4374 4375 1633
1970 1614 384 37 1629 1617 386 1619 4374 1634 4378
1971 409 1654 29 1666 1658 1656 410 1672 1670 4382
1972 1665 400 401 1627 1683 405 1684 4357 1648 1642
1973 39 1620 1629 393 1623 4375 1633 395 1639 1625
1974 384 25 1541 1614 385 1542 4383 1617 4385 1616
1975 1662 334 1541 333 1676 1548 4388 1675 1546 336
1976 1664 1628 402 1626 4361 1649 1687 4360 1652 1653
1977 402 1628 1664 1662 1649 4361 1687 1686 1678 4379
1978 1664 1662 384 1541 1678 4389 4359 4376 4383 4388
1979 1664 384 1662 1628 4359 4389 1678 4361 4379 4362
1980 1665 384 1662 1541 4371 4389 1680 4384 4388 4383
1981 1626 1666 397 403 4373 4390 1645 1646 1641 1689
1982 1626 397 1666 1654 1645 4390 4373 4364 4382 1661
1983 409 397 1666 403 1660 4390 1672 1674 1689 1641
1984 409 1666 397 1654 1672 4390 1660 1658 1661 4382
1985 401 1665 1628 1662 1684 4391 1650 1685 4379 1680
1986 401 1628 1665 1627 1650 4391 1684 1648 4357 1651
1987 384 1628 1665 1662 4362 4391 4371 4389 1680 4379
1988 384 1665 1628 1627 4371 4391 4362 4372 1651 4357
1989 1614 27 28 1620 1615 330 4392 4367 1621 1622
1990 28 27 1614 334 330 1615 4392 337 4370 1547
1991 28 1663 1614 1620 1667 4354 4392 1621 4367 4368
1992 1614 1663 28 334 4354 1667 4392 4370 337 1669
1993 1664 384 1666 1541 4359 4393 1679 4376 4377 4383
1994 1664 1666 384 1626 1679 4393 4359 4360 4358 4373
1995 1654 1666 384 1541 4382 4393 4363 4381 4383 4377
1996 1654 384 1666 1626 4363 4393 4382 4364 4373 4358
1997 26 1666 29 1654 4394 1670 332 1655 1656 4382
1998 26 29 1666 333 332 1670 4394 1545 1671 335
1999 1541 1666 26 1654 4377 4394 1543 4381 1655 4382
2000 1541 26 1666 333 1543 4394 4377 1546 1671 1545
3 63 11 17
1709 26 10 29 333 1549 338 332 1545 335 1552
1710 6 3 1541 334 241 4329 4330 4331 1548 4332
1711 1541 27 6 334 1544 328 4330 1548 4331 1547
1712 333 4 10 249 4333 252 1552 1553 251 1466
1713 334 9 3 249 1550 1467 4332 1551 1465 250
1714 28 9 27 334 331 1540 330 337 1547 1550
1715 3 6 9 334 241 247 1467 4332 1550 4331
1716 26 4 10 333 327 252 1549 1545 1552 4333
1717 25 6 1541 27 1539 4330 1542 329 1544 328
1718 6 25 1541 3 1539 1542 4330 241 4329 325
1719 27 9 6 334 1540 247 328 1547 4331 1550
1720 25 3 26 1541 325 1538 326 1542 1543 4329
1721 3 4 333 249 237 4333 4334 1465 1553 1466
1722 3 334 333 1541 4332 336 4334 4329 1546 1548
1723 333 334 3 249 336 4332 4334 1553 1465 1551
1724 26 333 3 4 1545 4334 1538 327 237 4333
1725 3 333 26 1541 4334 1545 1538 4329 1543 1546
3 64 11 19
1631 9 7 5 243 248 242 1464 1469 1463 245
1632 2 1 3 4290 235 1459 236 4291 4292 4293
1633 8 1 2 4290 246 235 1461 4294 4291 4293
1634 2 3 6 4290 236 241 1460 4291 4296 4292
1635 2 243 8 4290 1462 244 1461 4291 4294 4297
1636 9 6 3 4290 247 241 1467 4298 4292 4296
1637 249 9 3 4290 250 1467 1465 4295 4292 4298
1638 243 249 8 4290 1471 1470 244 4297 4294 4295
1639 249 243 9 4290 1471 1469 250 4295 4298 4297
1640 4290 8 10 249 4294 253 4299 4295 251 1470
1641 4290 10 8 1 4299 253 4294 4293 246 1468
1642 4290 10 4 249 4299 252 4300 4295 1466 251
1643 4290 4 10 1 4300 252 4299 4293 1468 238
1644 4290 4 3 249 4300 237 4292 4295 1465 1466
1645 4290 3 4 1 4292 237 4300 4293 238 1459
1646 4290 9 5 243 4298 1464 4301 4297 1463 1469
1647 4290 5 9 6 4301 1464 4298 4296 247 240
1648 4290 5 2 243 4301 239 4291 4297 1462 1463
1649 4290 2 5 6 4291 239 4301 4296 240 1460
3 65 11 12
1344 45 48 8 443 1779 448 4431 1781 1785 445
1345 48 45 8 44 1779 4431 448 446 1783 437
1346 243 47 45 443 1784 1780 4432 1786 1781 444
1347 1 45 44 8 1777 437 439 246 1783 4431
1348 1 45 8 2 1777 4431 246 235 1461 438
1349 2 46 45 243 1778 440 438 1462 4432 4433
1350 46 2 5 243 1778 239 441 4433 1463 1462
1351 5 7 46 243 242 1782 441 1463 4433 245
1352 47 45 46 243 1780 440 442 1784 4433 4432
1353 46 7 47 243 1782 447 442 4433 1784 245
1354 243 8 45 2 244 4431 4432 1462 438 1461
1355 45 8 243 443 4431 244 4432 1781 1786 1785
3 66 11 12
1258 443 45 48 615 1781 1779 445 2193 2192 4659
1259 45 47 71 443 1780 591 4660 1781 2191 444
1260 45 46 77 71 440 2186 612 4660 2187 2154
1261 68 77 46 71 614 2186 583 592 2154 2187
1262 77 76 45 615 611 2185 612 2188 4659 2189
1263 47 45 71 46 1780 4660 591 442 2154 440
1264 48 78 45 44 619 4661 1779 446 437 2190
1265 48 45 78 615 1779 4661 619 2192 616 4659
1266 76 45 78 44 2185 4661 618 613 2190 437
1267 76 78 45 615 618 4661 2185 2189 4659 616
1268 71 615 45 443 617 4659 4660 2191 1781 2193
1269 45 615 71 77 4659 617 4660 612 2187 2188
3 67 11 12
1229 777 77 71 615 5249 2187 2683 2684 617 2188
1230 104 78 76 615 765 618 2837 2685 2189 616
1231 106 77 71 777 5250 2187 774 778 2683 5249
1232 106 77 777 125 5250 5249 778 2841 2842 869
1233 71 68 77 106 592 614 2187 774 5250 2843
1234 777 77 123 125 5249 2839 2840 2842 870 869
1235 125 68 106 77 2838 2843 2841 869 5250 614
1236 68 125 106 124 2838 2841 2843 868 871 867
1237 777 77 76 123 5249 611 5251 2840 865 2839
1238 76 77 777 615 611 5249 5251 2189 2684 2188
1239 76 104 777 123 2837 779 5251 865 2840 866
1240 777 104 76 615 779 2837 5251 2684 2189 2685
3 68 11 17
1241 1006 151 104 152 3038 3029 3046 1008 999 992
1242 125 124 3037 1007 867 5415 5416 5417 3044 5418
1243 124 155 3037 1007 1004 3042 5415 5418 3044 3043
1244 777 123 104 1006 2840 866 779 3047 3046 5419
1245 125 777 106 1007 2842 778 2841 5417 3048 3049
1246 106 156 155 1007 1011 1005 3045 3048 3043 1010
1247 151 104 123 1006 3029 866 991 3038 5419 3046
1248 154 124 3037 125 3036 5415 3040 1002 5416 867
1249 154 124 155 3037 3036 1004 1003 3040 3042 5415
1250 124 125 106 1007 867 2841 871 5418 3048 5417
1251 125 154 151 3037 1002 1001 3035 5416 3039 3040
1252 155 124 106 1007 1004 871 3045 3043 3048 5418
1253 1007 1006 125 777 1009 5420 5417 3049 2842 3047
1254 1007 125 1006 3037 5417 5420 1009 3044 3041 5416
1255 123 125 1006 777 870 5420 5419 2840 3047 2842
1256 151 1006 125 3037 3038 5420 3035 3039 5416 3041
1257 125 1006 151 123 5420 3038 3035 870 991 5419
3 69 11 74
1270 3998 4000 3335 1338 4022 6040 6041 6042 6043 6044
1271 4002 3998 3892 1338 4024 6045 6046 6047 6048 6042
1272 1007 3336 3334 3989 3352 3353 3343 6049 6050 6051
1273 3336 3999 3989 1338 6052 6053 6051 6054 3992 6055
1274 3337 1126 3998 1304 3354 4021 6056 6057 4023 4003
1275 4000 3998 4002 1338 4022 4024 4012 6044 6047 6042
1276 3998 3892 3337 1304 6045 6058 6056 4023 6057 3899
1277 1006 3335 3037 3337 3348 6059 3041 3339 6060 3350
1278 1304 3337 1126 1117 6057 3354 4003 3897 3344 3340
1279 3335 3337 1126 3998 3350 3354 3360 6041 4021 6056
1280 3999 4001 4026 3989 4025 6061 6062 6053 6063 6064
1281 4000 4001 3999 1338 4011 4025 4019 6044 6055 6065
1282 1304 3892 3337 1117 3899 6058 6057 3897 3340 3896
1283 202 209 4002 1338 1343 4006 4005 3997 6047 1339
1284 1125 1124 3333 4000 1129 3357 3358 4018 6066 4017
1285 173 1304 1126 1117 1306 4003 1131 1118 3344 3897
1286 3892 3998 4002 1304 6045 4024 6046 3899 4007 4023
1287 1338 3892 4002 1301 6048 6046 6047 3996 6067 3895
1288 1006 3037 3892 3337 3041 6068 6069 3339 6058 6060
1289 4002 202 1338 1301 4005 3997 6047 6067 3996 1302
1290 3989 3037 3336 1338 6070 6071 6051 3992 6054 6072
1291 3037 3336 1007 3989 6071 3352 3044 6070 6049 6051
1292 1123 3334 3336 3999 3345 3353 3355 4014 6052 6073
1293 3989 3999 4001 1338 6053 4025 6064 3992 6065 6055
1294 3037 3892 1338 1301 6068 6048 6072 6074 3996 3895
1295 4026 3334 1123 3999 6075 3345 6076 6062 4014 6073
1296 1006 3892 151 152 6069 3893 3038 1008 992 3894
1297 3892 1006 3337 152 6069 3339 6058 3894 3338 1008
1298 3989 209 4001 210 3994 4008 6064 3993 4009 1341
1299 3892 3037 151 1301 6068 3039 3893 3895 1303 6074
1300 1304 4002 3892 1301 4007 6046 3899 3898 3895 6067
1301 151 3037 3892 1006 3039 6068 3893 3038 6069 3041
1302 155 3037 1007 3989 3042 3044 3043 3991 6049 6070
1303 1123 4026 3999 1344 6076 6062 4014 4004 4016 4031
1304 1007 3336 3037 3333 3352 6071 3044 3347 6077 3351
1305 3334 4026 1123 174 6075 6076 3345 3342 1127 4030
1306 3989 4026 155 210 6063 4027 3991 3993 1342 4029
1307 4026 4001 3999 1344 6061 4025 6062 4031 4016 4013
1308 3335 3037 3333 1006 6059 6077 3349 3348 3346 3041
1309 1338 154 3037 1301 1340 3040 6072 3996 6074 3995
1310 1126 1125 3335 3998 1130 3359 3360 4021 6041 4020
1311 4000 4002 209 1338 4012 4006 4010 6044 1339 6047
1312 209 4001 4000 1338 4008 4011 4010 1339 6044 6065
1313 4026 1123 174 1344 6076 1127 4030 4031 1345 4004
1314 4026 3334 156 174 6075 3341 4028 4030 1132 3342
1315 4002 1304 202 1301 4007 1305 4005 6067 1302 3898
1316 155 154 3037 3989 1003 3040 3042 3991 6070 3990
1317 3337 3892 152 1117 6058 3894 3338 3340 1119 3896
1318 154 151 3037 1301 1001 3039 3040 3995 6074 1303
1319 3989 4001 4026 210 6064 6061 6063 3993 4029 4009
1320 4001 209 3989 1338 4008 3994 6064 6065 3992 1339
1321 1124 1123 3336 3999 1128 3355 3356 4015 6052 4014
1322 210 4001 4026 1344 4009 6061 4029 1346 4031 4013
1323 3989 154 3037 1338 3990 3040 6070 3992 6072 1340
1324 3037 1007 3333 1006 3044 3347 6077 3041 3346 1009
1325 3335 4000 1125 3333 6040 4018 3359 3349 3358 6066
1326 1125 4000 3335 3998 4018 6040 3359 4020 6041 4022
1327 3336 3333 1338 3037 3351 6078 6054 6071 6072 6077
1328 3335 1338 3333 3037 6043 6078 3349 6059 6077 6072
1329 3335 3333 1338 4000 3349 6078 6043 6040 6044 6066
1330 3999 3334 3989 4026 6073 6050 6053 6062 6063 6075
1331 3999 3989 3334 3336 6053 6050 6073 6052 3353 6051
1332 3336 1124 4000 3333 3356 4017 6079 3351 6066 3357
1333 4000 1124 3336 3999 4017 3356 6079 4019 6052 4015
1334 4000 1338 3336 3333 6044 6054 6079 6066 3351 6078
1335 3336 1338 4000 3999 6054 6044 6079 6052 4019 6055
1336 155 3989 156 4026 3991 6080 1005 4027 4028 6063
1337 155 156 3989 1007 1005 6080 3991 3043 6049 1010
1338 3334 156 3989 4026 3341 6080 6050 6075 6063 4028
1339 3334 3989 156 1007 6050 6080 3341 3343 1010 6049
1340 1338 3892 3337 3998 6048 6058 6081 6042 6056 6045
1341 3337 3892 1338 3037 6058 6048 6081 6060 6072 6068
1342 3337 3335 1338 3998 3350 6043 6081 6056 6042 6041
1343 1338 3335 3337 3037 6043 3350 6081 6072 6060 6059
3 70 11 85
1356 3692 3697 3695 4168 3719 3720 3726 6280 6281 6282
1357 3697 3692 3998 4168 3719 6283 6284 6282 6285 6280
1358 3694 3696 3693 4080 3727 3712 3724 6286 6287 6288
1359 3692 4213 3998 4168 6289 6290 6283 6280 6285 6291
1360 4213 3691 3692 3998 6292 3718 6289 6290 6283 6293
1361 4080 3696 3693 3999 6288 3712 6287 6294 6295 6296
1362 4214 4080 3693 3999 6297 6287 6298 6299 6295 6294
1363 4080 3693 3694 4214 6287 3724 6286 6297 6300 6298
1364 1125 3692 3691 3998 3717 3718 3713 4020 6293 6283
1365 4000 1125 3691 3998 4018 3713 6301 4022 6293 4020
1366 1304 3697 3998 4168 6302 6284 4023 4175 6285 6282
1367 3693 3691 1242 4214 3715 3721 3723 6298 4218 6303
1368 3691 3693 1124 3999 3715 3710 3714 6304 4015 6295
1369 4000 3691 1124 3999 6301 3714 4017 4019 4015 6304
1370 3998 1417 4000 4002 6305 6306 4022 4024 4012 6307
1371 209 4002 1417 202 4006 6307 1419 1343 4210 4005
1372 3999 4080 3696 1344 6294 6288 6296 4016 6308 4086
1373 1124 1125 3691 4000 1129 3713 3714 4017 6301 4018
1374 3998 4002 1304 4168 4024 4007 4023 6285 4175 6309
1375 1234 1304 3697 173 4169 6302 3700 1236 3698 1306
1376 4002 1395 1417 202 6310 4211 6307 4005 4210 1396
1377 1126 3697 3998 1304 3699 6284 4021 4003 4023 6302
1378 1126 3697 1304 173 3699 6302 4003 1131 1306 3698
1379 3697 3692 1126 3998 3719 3716 3699 6284 4021 6283
1380 3696 1123 3693 3999 3701 3711 3712 6296 6295 4014
1381 3999 3696 1123 1344 6296 3701 4014 4016 4004 6308
1382 1243 3695 190 4168 3706 3704 1246 6311 4170 6281
1383 3999 4001 4080 1344 4025 6313 6294 4016 4086 4013
1384 3697 1304 1234 4168 6302 4169 3700 6282 4172 4175
1385 3693 1242 3694 4214 3723 3708 3724 6298 6300 4218
1386 4214 3691 1242 4213 6303 3721 4218 4223 4224 6292
1387 1234 3695 3697 4168 3705 3720 3700 4172 6282 6281
1388 222 1243 4168 4213 4215 6311 4171 4220 6291 4222
1389 1243 222 4168 190 4215 4171 6311 1246 4170 1398
1390 3696 3694 1247 4080 3727 3709 3703 6288 4084 6286
1391 4204 4001 209 210 6314 4008 4205 4206 1341 4009
1392 1243 3691 3692 4213 3722 3718 3725 4222 6289 6292
1393 1304 4002 1395 4168 4007 6310 4173 4175 4174 6309
1394 3694 192 4080 4214 3707 4083 6286 6300 6297 4217
1395 4080 1247 3696 1344 4084 3703 6288 4086 6308 4081
1396 4204 212 4080 210 4208 4082 6315 4206 4085 1357
1397 1247 174 3696 1344 1249 3702 3703 4081 6308 1345
1398 3696 174 1123 1344 3702 1127 3701 6308 4004 1345
1399 212 4080 192 4214 4082 4083 1356 4216 4217 6297
1400 4002 1417 4000 209 6307 6306 4012 4006 4010 1419
1401 4001 4204 4080 210 6314 6315 6313 4009 4085 4206
1402 192 3694 1242 4214 3707 3708 1244 4217 4218 6300
1403 210 4080 4001 1344 4085 6313 4009 1346 4013 4086
1404 4214 212 4080 4204 4216 4082 6297 6316 6315 4208
1405 1125 1126 3692 3998 1130 3716 3717 4020 6283 4021
1406 1395 4002 1304 202 6310 4007 4173 1396 1305 4005
1407 1123 1124 3693 3999 1128 3710 3711 4014 6295 4015
1408 192 1247 3694 4080 1248 3709 3707 4083 6286 4084
1409 212 4214 225 4204 4216 4219 1420 4208 4209 6316
1410 190 3695 1234 4168 3704 3705 1235 4170 4172 6281
1411 1243 1242 3691 4213 1245 3721 3722 4222 6292 4224
1412 3691 3999 4214 3693 6304 6299 6303 3715 6298 6295
1413 3692 4168 1243 4213 6280 6311 3725 6289 4222 6291
1414 1243 4168 3692 3695 6311 6280 3725 3706 3726 6281
1415 4214 3691 4000 3999 6303 6301 6317 6299 4019 6304
1416 4204 209 4000 1417 4205 4010 6318 4207 6306 1419
1417 4000 209 4204 4001 4010 4205 6318 4011 6314 4008
1418 4214 4213 4000 3691 4223 6319 6317 6303 6301 6292
1419 3998 4000 4213 3691 4022 6319 6290 6293 6292 6301
1420 3998 4213 4000 1417 6290 6319 4022 6305 6306 6312
1421 4204 4000 3999 4214 6318 4019 6320 6316 6299 6317
1422 3999 4000 4204 4001 4019 6318 6320 4025 6314 4011
1423 3999 4080 4204 4214 6294 6315 6320 6299 6316 6297
1424 4204 4080 3999 4001 6315 6294 6320 6314 4025 6313
1425 4204 225 4213 4214 4209 4221 6321 6316 4223 4219
1426 4213 225 4204 1417 4221 4209 6321 6312 4207 1418
1427 4213 4000 4204 4214 6319 6318 6321 4223 6316 6317
1428 4204 4000 4213 1417 6318 6319 6321 4207 6312 6306
1429 222 1395 225 6322 1397 4212 1421 6323 6324 6325
1430 222 225 4213 6322 1421 4221 4220 6323 6326 6324
1431 4168 1395 222 6322 4174 1397 4171 6327 6323 6325
1432 222 4213 4168 6322 4220 6291 4171 6323 6327 6326
1433 1417 225 1395 6322 1418 4212 4211 6328 6325 6324
1434 1417 4213 225 6322 6312 4221 1418 6328 6324 6326
1435 1417 1395 4002 6322 4211 6310 6307 6328 6329 6325
1436 4168 4002 1395 6322 6309 6310 4174 6327 6325 6329
1437 3998 1417 4002 6322 6305 6307 4024 6330 6329 6328
1438 1417 3998 4213 6322 6305 6290 6312 6328 6326 6330
1439 3998 4002 4168 6322 4024 6309 6285 6330 6327 6329
1440 4168 4213 3998 6322 6291 6290 6285 6327 6330 6326
3 71 11 19
1650 1243 222 190 189 4215 1398 1246 3687 1228 4256
1651 212 192 191 4214 1356 1241 4259 4216 6361 4217
1652 4214 229 212 225 6362 4257 4216 4219 1420 1446
1653 229 191 1238 4214 4236 1239 4237 6362 6363 6361
1654 1238 229 4214 4213 4237 6362 6363 6364 4223 6365
1655 4214 1242 1238 4213 4218 3690 6363 4223 6364 4224
1656 1238 229 4213 228 4237 6365 6364 4235 6366 1430
1657 1242 1238 191 4214 3690 1239 3689 4218 6361 6363
1658 225 228 4213 229 4258 6366 4221 1446 6365 1430
1659 228 225 4213 222 4258 4221 6366 1445 4220 1421
1660 229 4214 4213 225 6362 4223 6365 1446 4221 4219
1661 1242 191 192 4214 3689 1241 1244 4218 4217 6361
1662 1242 1243 1238 4213 1245 3688 3690 4224 6364 4222
1663 1238 1243 228 4213 3688 6367 4235 6364 6366 4222
1664 1238 228 1243 189 4235 6367 3688 1240 3687 1427
1665 222 228 1243 4213 1445 6367 4215 4220 4222 6366
1666 222 1243 228 189 4215 6367 1445 4256 1427 3687
1667 229 212 191 4214 4257 4259 4236 6362 6361 4216
1668 229 191 212 230 4236 4259 4257 1432 1447 1433
3 72 11 12
1726 195 1274 1238 217 1275 3823 3821 4117 6342 4118
1727 191 1274 196 218 3822 1276 1273 4234 1378 4119
1728 217 229 1238 228 1429 4237 6342 4232 4235 1430
1729 189 228 217 1238 1427 4232 6343 1240 6342 4235
1730 217 228 189 216 4232 1427 6343 1375 4227 1425
1731 217 195 189 1238 4117 1268 6343 6342 1240 3821
1732 189 195 217 216 1268 4117 6343 4227 1375 1372
1733 229 218 191 230 4233 4234 4236 1432 1433 1431
1734 217 1238 218 1274 6342 6344 1377 4118 4119 3823
1735 217 218 1238 229 1377 6344 6342 1429 4237 4233
1736 191 218 1238 1274 4234 6344 1239 3822 3823 4119
1737 191 1238 218 229 1239 6344 4234 4236 4233 4237
3 73 11 12
2001 1166 203 195 178 3909 4109 3818 1167 1267 1314
2002 196 1274 198 218 1276 6166 4116 1378 1376 4119
2003 1166 204 198 1274 3911 1313 3910 3820 6166 6167
2004 1274 198 179 196 6166 1285 3819 1276 1272 4116
2005 179 1166 198 1274 1168 3910 1285 3819 6166 3820
2006 203 217 195 216 4114 4117 4109 1370 1372 1375
2007 218 204 1274 198 4115 6167 4119 1376 6166 1313
2008 204 218 1274 217 4115 4119 6167 1374 4118 1377
2009 1166 203 1274 195 3909 6168 3820 3818 1275 4109
2010 1166 1274 203 204 3820 6168 3909 3911 1312 6167
2011 217 1274 203 195 4118 6168 4114 4117 4109 1275
2012 217 203 1274 204 4114 6168 4118 1374 6167 1312
3 74 11 12
2098 178 164 1064 203 1159 1065 3497 1314 5990 3912
2099 203 1166 1064 178 3909 3499 5990 1314 3497 1167
2100 168 204 198 1166 5991 1313 3840 3498 3910 3911
2101 162 1064 164 203 3105 1065 1052 1310 3912 5990
2102 1166 198 168 179 3910 3840 3498 1168 1164 1285
2103 203 1166 204 1064 3909 3911 1312 5990 5992 3499
2104 204 198 167 168 1313 1284 3908 5991 1063 3840
2105 167 166 204 168 1061 1311 3908 1063 5991 3107
2106 166 204 1064 203 1311 5992 3106 3907 5990 1312
2107 1064 162 166 203 3105 1059 3106 5990 3907 1310
2108 1064 168 204 166 1066 5991 5992 3106 1311 3107
2109 1064 204 168 1166 5992 5991 1066 3499 3498 3911
3 75 11 18
2129 112 162 1064 164 3094 3105 3108 1051 1065 1052
2130 166 167 114 168 1061 3104 5436 3107 1062 1063
2131 129 166 167 114 3103 1061 1060 886 3104 5436
2132 129 166 114 127 3103 5436 886 885 2862 1058
2133 127 166 114 5437 1058 5436 2862 5438 5439 5440
2134 127 114 811 5437 2862 813 2863 5438 5441 5439
2135 114 166 168 5437 5436 3107 1062 5439 5442 5440
2136 114 168 811 5437 1062 3110 813 5439 5441 5442
2137 128 162 127 5437 1047 3102 882 5443 5438 5444
2138 127 811 128 5437 2863 2861 882 5438 5443 5441
2139 127 162 166 5437 3102 1059 1058 5438 5440 5444
2140 1064 166 162 5437 3106 1059 3105 5445 5444 5440
2141 168 166 1064 5437 3107 3106 1066 5442 5445 5440
2142 168 1064 811 5437 1066 3109 3110 5442 5441 5445
2143 112 811 5437 128 812 5441 5446 887 5443 2861
2144 112 5437 811 1064 5446 5441 812 3108 3109 5445
2145 162 112 5437 128 3094 5446 5444 1047 5443 887
2146 162 5437 112 1064 5444 5446 3094 3105 3108 5445
3 76 11 81
573 980 234 706 791 5363 5364 5365 3015 2706 5366
574 707 700 792 981 2412 5367 2708 5368 3018 5369
575 729 700 707 981 2544 2412 5370 5371 5368 5369
576 981 707 729 969 5368 5370 5371 5372 5373 5374
577 980 706 792 791 5365 2707 3016 3015 795 2706
578 968 843 728 844 2998 2808 5375 2996 2806 847
579 701 730 729 707 2539 733 2543 2408 5370 5376
580 792 793 707 981 796 2704 2708 3018 5368 3017
581 975 981 974 969 3011 3010 978 3000 3004 5372
582 729 842 843 969 2810 846 2809 5373 2997 2995
583 700 701 729 707 704 2543 2544 2412 5370 2408
584 91 97 730 2964 727 734 2538 2966 5377 2967
585 145 2964 982 144 2970 5378 986 953 3005 2972
586 982 107 2964 145 3012 2968 5378 986 2970 954
587 97 115 730 2964 818 2804 734 2967 5377 2969
588 980 148 234 791 983 2990 5363 3015 5366 3014
589 234 148 980 973 2990 983 5363 5379 3008 3007
590 699 728 98 234 2541 731 2540 5380 2987 5381
591 234 728 98 844 5381 731 2987 5382 2805 2806
592 234 98 119 844 2987 850 2989 5382 848 2805
593 146 234 119 844 2991 2989 964 2994 848 5382
594 148 234 147 973 2990 2992 966 3007 976 5379
595 93 94 699 234 697 2409 702 2985 5380 2986
596 234 147 973 146 2992 976 5379 2991 3001 965
597 699 98 93 234 2540 736 702 5380 2985 2987
598 109 94 234 791 784 2986 2988 794 5366 2705
599 109 234 148 791 2988 2990 967 794 3014 5366
600 115 842 730 2964 845 2807 2804 2969 5377 5383
601 975 982 2964 144 3006 5378 5384 979 2972 3005
602 107 2964 793 982 2968 5385 797 3012 3013 5378
603 91 730 701 2964 2538 2539 705 2966 5386 5377
604 234 94 706 791 2986 708 5364 5366 2706 2705
605 706 699 94 234 2410 2409 708 5364 2986 5380
606 968 234 973 146 5387 5379 3002 970 3001 2991
607 146 968 234 844 970 5387 2991 2994 5382 2996
608 115 842 2964 143 845 5383 2969 951 2971 2993
609 975 2964 143 144 5384 2971 2999 979 952 2972
610 92 107 2964 793 775 2968 2965 2703 5385 797
611 701 92 91 2964 2407 688 705 5386 2966 2965
612 792 700 707 706 5367 2412 2708 2707 709 2411
613 969 843 974 968 2997 5388 3004 971 3003 2998
614 729 969 974 981 5373 3004 5389 5371 3010 5372
615 974 969 729 843 3004 5373 5389 5388 2809 2997
616 729 842 707 730 2810 5390 5370 733 5376 2807
617 729 707 842 969 5370 5390 2810 5373 2995 5374
618 981 969 793 707 5372 5391 3017 5368 2704 5374
619 143 969 2964 975 972 5392 2971 2999 5384 3000
620 143 2964 969 842 2971 5392 972 2993 2995 5383
621 730 2964 707 701 5377 5393 5376 2539 2408 5386
622 92 2964 707 793 2965 5393 710 2703 2704 5385
623 92 707 2964 701 710 5393 2965 2407 5386 2408
624 968 728 234 844 5375 5381 5387 2996 5382 2806
625 843 974 728 729 5388 5394 2808 2809 732 5389
626 843 728 974 968 2808 5394 5388 2998 3003 5375
627 982 981 969 793 985 5372 5395 3013 5391 3017
628 969 981 982 975 5372 985 5395 3000 3006 3011
629 969 2964 982 793 5392 5378 5395 5391 3013 5385
630 982 2964 969 975 5378 5392 5395 3006 3000 5384
631 842 2964 707 730 5383 5393 5390 2807 5376 5377
632 969 707 2964 793 5374 5393 5392 5391 5385 2704
633 2964 707 969 842 5393 5374 5392 5383 2995 5390
634 974 973 728 980 977 5396 5394 3009 5397 3008
635 974 728 973 968 5394 5396 977 3003 3002 5375
636 234 728 973 980 5381 5396 5379 5363 3008 5397
637 234 973 728 968 5379 5396 5381 5387 5375 3002
638 699 234 980 728 5380 5363 5398 2541 5397 5381
639 980 234 699 706 5363 5380 5398 5365 2410 5364
640 699 706 700 5399 2410 2411 703 5400 5401 5402
641 728 699 700 5399 2541 703 2542 5403 5401 5400
642 980 706 699 5399 5365 2410 5398 5404 5400 5402
643 699 728 980 5399 2541 5397 5398 5400 5404 5403
644 792 700 706 5399 5367 2411 2707 5405 5402 5401
645 700 729 728 5399 2544 732 2542 5401 5403 5406
646 729 700 981 5399 2544 5369 5371 5406 5407 5401
647 981 700 792 5399 5369 5367 3018 5407 5405 5401
648 980 792 706 5399 3016 2707 5365 5404 5402 5405
649 729 974 728 5399 5389 5394 732 5406 5403 5408
650 974 980 728 5399 3009 5397 5394 5408 5403 5404
651 729 981 974 5399 5371 3010 5389 5406 5408 5407
652 981 792 980 5399 3018 3016 984 5407 5404 5405
653 974 981 980 5399 3010 984 3009 5408 5404 5407
3 77 11 99
829 2500 2100 566 2499 5188 2135 5189 2521 5190 5191
830 2100 2099 565 2499 2124 2137 2136 5191 5192 5193
831 2499 566 2500 729 5190 5189 2521 2536 2535 5194
832 565 2499 2495 729 5192 2524 5195 5196 2534 2536
833 2100 565 566 2499 2136 570 2135 5191 5190 5192
834 2102 567 2103 2497 2140 2112 2115 5197 5198 5199
835 2096 2498 2755 564 5200 5201 5202 2111 5203 5204
836 2494 2500 566 729 2518 5189 5205 2530 5194 2535
837 564 2498 2755 842 5204 5201 5203 5206 5207 5208
838 728 2497 2501 844 2532 2512 2509 2806 5209 5210
839 564 565 2097 2495 569 2132 2133 5211 5212 5195
840 567 2098 566 2494 2138 2139 571 5213 5205 5214
841 2499 565 566 729 5192 570 5190 2536 5194 5196
842 2498 115 2755 842 5215 2760 5201 5208 5207 845
843 843 566 2494 844 5216 5205 5217 847 5218 5219
844 119 2811 118 844 2816 2815 849 848 2799 5220
845 2811 98 2501 844 2814 2503 5221 5220 5209 2805
846 566 567 2494 844 571 5213 5205 5219 5218 5222
847 2755 97 115 2498 2761 818 2760 5201 5215 2507
848 97 115 2498 730 818 5215 2507 734 2508 2804
849 728 843 2494 844 2808 5217 2531 2806 5218 847
850 837 564 2755 842 2791 5203 5223 2798 5207 5206
851 2755 115 837 842 2760 2797 5223 5207 2798 845
852 115 2755 837 114 2760 5223 2797 817 841 2758
853 2497 2103 2102 422 5198 2115 5197 2510 2114 2109
854 843 2494 566 729 5217 5205 5216 2809 5194 2530
855 564 565 2495 842 569 5195 5211 5206 5224 5225
856 2494 843 728 729 5217 2808 2531 2530 732 2809
857 728 2501 98 844 2509 2503 731 2806 2805 5209
858 2501 2103 43 2811 5226 2107 2504 5221 2812 5227
859 98 2811 119 844 2814 2816 850 2805 848 5220
860 842 2498 115 730 5208 5215 845 2807 2804 2508
861 2495 842 729 730 5224 2810 2534 2533 733 2807
862 428 2498 724 2096 2528 2506 2502 2105 5228 5200
863 2096 2755 64 564 5202 2757 2110 2111 568 5203
864 564 2755 64 114 5203 2757 568 2789 810 2758
865 2755 564 837 114 5203 2791 5223 2758 841 2789
866 2755 724 2498 2096 2762 2506 5201 5202 5200 5228
867 844 843 566 835 847 5216 5219 2800 2796 2801
868 836 566 843 835 2794 5216 2802 839 2801 2796
869 2103 567 67 2811 2112 572 2108 5227 2813 5229
870 843 566 565 729 5216 570 5230 2809 5196 5194
871 565 843 842 836 5230 846 5225 2795 2803 2802
872 428 724 40 2096 2502 726 436 2105 2104 5228
873 2501 43 98 2811 2504 735 2503 5221 2814 2812
874 842 837 565 836 2798 2793 5225 2803 2795 840
875 566 567 844 835 571 5222 5219 2796 2800 2792
876 567 118 67 2811 2790 834 572 5229 2813 2815
877 2096 2755 724 544 5202 2762 5228 2106 2756 2759
878 2497 2501 2103 422 2512 5226 5198 2510 2109 2505
879 843 565 566 836 5230 570 5216 2802 2794 2795
880 2102 2497 422 423 5197 2510 2114 2113 430 2511
881 2099 2100 425 2499 2124 2119 2123 5193 2519 5191
882 43 2103 2501 422 2107 5226 2504 429 2505 2109
883 565 564 837 842 569 2791 2793 5225 2798 5206
884 724 97 2755 2498 725 2761 2762 2506 5201 2507
885 2096 724 40 544 5228 726 2104 2106 545 2756
886 424 2100 2098 2500 2120 2121 2116 2516 5231 5188
887 2098 424 2500 2494 2116 2516 5231 5214 2518 2514
888 2103 67 43 2811 2108 574 2107 5227 2812 2813
889 424 2098 423 2494 2116 2117 431 2514 2513 5214
890 2101 428 2496 427 2128 2526 5232 2129 2525 435
891 2500 425 2100 2499 2517 2119 5188 2521 5191 2519
892 2499 425 2099 426 2519 2123 5193 2520 2122 433
893 2096 64 2755 544 2110 2757 5202 2106 2759 546
894 426 427 2097 2495 434 2125 2126 2522 5212 2523
895 425 2100 424 2500 2119 2120 432 2517 2516 5188
896 2102 567 2494 2098 2140 5213 5233 2118 5214 2138
897 2494 567 2102 2497 5213 2140 5233 2515 5197 5199
898 2494 423 2102 2098 2513 2113 5233 5214 2118 2117
899 2102 423 2494 2497 2113 2513 5233 5197 2515 2511
900 427 2495 2101 2097 2523 5234 2129 2125 2130 5212
901 427 2101 2495 2496 2129 5234 2523 2525 2527 5232
902 564 2101 2495 2097 2134 5234 5211 2133 5212 2130
903 564 2495 2101 2496 5211 5234 2134 5235 5232 2527
904 2494 2497 844 567 2515 5210 5218 5213 5222 5199
905 2494 844 2497 728 5218 5210 2515 2531 2532 2806
906 564 2496 2096 2498 5235 5236 2111 5204 5200 2529
907 564 2096 2496 2101 2111 5236 5235 2134 5232 2131
908 428 2096 2496 2498 2105 5236 2526 2528 2529 5200
909 428 2496 2096 2101 2526 5236 2105 2128 2131 5232
910 2495 564 730 2496 5211 5237 2533 2527 2537 5235
911 2495 730 564 842 2533 5237 5211 5224 5206 2807
912 2498 730 564 2496 2508 5237 5204 2529 5235 2537
913 2498 564 730 842 5204 5237 2508 5208 2807 5206
914 2499 565 2097 2099 5192 2132 5238 5193 2127 2137
915 2097 565 2499 2495 2132 5192 5238 5212 2524 5195
916 2097 426 2499 2099 2126 2520 5238 2127 5193 2122
917 2499 426 2097 2495 2520 2126 5238 2524 5212 2522
918 566 2500 2098 2100 5189 5231 2139 2135 2121 5188
919 566 2098 2500 2494 2139 5231 5189 5205 2518 5214
920 565 729 842 843 5196 2810 5225 5230 846 2809
921 842 729 565 2495 2810 5196 5225 5224 5195 2534
922 844 118 567 2811 2799 2790 5222 5220 5229 2815
923 567 118 844 835 2790 2799 5222 2792 2800 838
924 2501 567 2497 2103 5239 5199 2512 5226 5198 2112
925 2501 2497 567 844 2512 5199 5239 5209 5222 5210
926 2811 567 2501 2103 5229 5239 5221 5227 5226 2112
927 2811 2501 567 844 5221 5239 5229 5220 5222 5209
3 78 11 98
697 2500 350 1738 1741 4872 1756 4873 4874 1759 1758
698 350 2499 2495 1740 4875 2524 4876 1761 4877 4878
699 2495 350 1740 1739 4876 1761 4877 4879 1760 1754
700 2501 2545 1744 699 4880 4881 4882 4883 4884 4885
701 2497 1744 1743 351 4886 1765 4887 4888 1764 1750
702 729 2494 2500 700 2530 2518 2535 2544 4893 4892
703 1739 2496 2495 349 4896 2527 4879 1753 4897 4898
704 2487 91 97 2498 2490 727 2493 4899 2507 4900
705 350 701 2495 700 4901 4902 4876 4895 4903 704
706 2497 2494 728 351 2515 2531 2532 4888 4904 4890
707 1742 2487 724 2498 4905 2492 4906 4907 2506 4899
708 2487 91 2498 701 2490 4900 4899 4908 4909 705
709 91 97 2498 730 727 2507 4900 2538 2508 734
710 730 2495 2496 349 2533 2527 2537 4911 4898 4897
711 2501 98 2545 699 2503 2550 4880 4883 4885 2540
712 2545 93 18 699 2548 696 2546 4885 2403 702
713 2487 9 91 701 2489 687 2490 4908 705 2401
714 701 729 2495 700 2543 2534 4902 704 4903 2544
715 729 728 2494 700 732 2531 2530 2544 4892 2542
716 2545 43 2501 1744 2549 2504 4880 4881 4882 1749
717 2498 724 1742 428 2506 4906 4907 2528 1751 2502
718 1742 2496 427 1739 4912 2525 1776 1755 1775 4896
719 98 2501 728 699 2503 2509 731 2540 2541 4883
720 2545 98 93 699 2550 736 2548 4885 702 2540
721 730 2498 91 701 2508 4900 2538 2539 705 4909
722 275 276 350 700 278 1574 1573 2405 4895 2406
723 724 40 1742 428 726 1745 4906 2502 1751 436
724 730 729 2495 701 733 2534 2533 2539 4902 2543
725 276 701 350 700 2402 4901 1574 2406 4895 704
726 275 350 351 700 1573 354 1572 2405 4891 4895
727 9 701 349 276 2401 4910 1569 279 1570 2402
728 2501 98 43 2545 2503 735 2504 4880 2549 2550
729 275 351 18 699 1572 1571 277 2404 2403 4894
730 701 350 349 276 4901 353 4910 2402 1570 1574
731 699 275 351 700 2404 1572 4894 703 4891 2405
732 422 2497 1744 1743 2510 4886 1752 1766 1765 4887
733 2495 730 701 349 2533 2539 4902 4897 4910 4911
734 28 1742 2487 724 1746 4905 2488 2491 2492 4906
735 426 2495 1740 1739 2522 4877 1773 1774 1760 4879
736 1742 28 40 724 1746 396 1745 4906 726 2491
737 2499 426 2495 1740 2520 2522 2524 4878 4877 1773
738 2497 422 423 1743 2510 430 2511 4887 1767 1766
739 1742 2496 428 427 4912 2526 1751 1776 435 2525
740 1738 424 2500 1741 1769 2516 4873 1759 4874 1770
741 724 2487 97 2498 2492 2493 725 2506 2507 4899
742 2495 427 2496 1739 2523 2525 2527 4879 4896 1775
743 1742 2496 1739 349 4912 4896 1755 1747 1753 4898
744 422 2501 43 1744 2505 2504 429 1752 1749 4882
745 1742 2496 2498 428 4912 2529 4907 1751 2528 2526
746 422 2497 2501 1744 2510 2512 2505 1752 4882 4886
747 423 424 2494 1738 431 2514 2513 1768 4889 1769
748 31 43 2545 1744 421 2549 2547 1748 4881 1749
749 424 2500 2494 1738 2516 2518 2514 1769 4889 4873
750 426 2499 425 1740 2520 2519 433 1773 1772 4878
751 424 425 2500 1741 432 2517 2516 1770 4874 1771
752 2495 426 427 1739 2522 434 2523 4879 1775 1774
753 351 1744 728 2497 1750 4913 4904 4888 2532 4886
754 351 728 1744 699 4904 4913 1750 4894 4884 2541
755 2501 728 1744 2497 2509 4913 4882 2512 4886 2532
756 2501 1744 728 699 4882 4913 2509 4883 2541 4884
757 2495 2499 700 729 2524 4914 4903 2534 2544 2536
758 2495 700 2499 350 4903 4914 2524 4876 4875 4895
759 2500 700 2499 729 4893 4914 2521 2535 2536 2544
760 2500 2499 700 350 2521 4914 4893 4872 4895 4875
761 2495 350 349 701 4876 353 4897 4902 4910 4901
762 349 350 2495 1739 353 4876 4897 1753 4879 1754
763 350 1740 2500 2499 1761 4915 4872 4875 2521 4878
764 350 2500 1740 1741 4872 4915 1761 1758 1762 4874
765 425 2500 1740 2499 2517 4915 1772 2519 4878 2521
766 425 1740 2500 1741 1772 4915 2517 1771 4874 1762
767 2497 351 1738 2494 4888 1757 4916 2515 4889 4890
768 1738 351 2497 1743 1757 4888 4916 1763 4887 1764
769 1738 423 2497 2494 1768 2511 4916 4889 2515 2513
770 2497 423 1738 1743 2511 1768 4916 4887 1763 1767
771 700 728 351 699 2542 4904 4891 703 4894 2541
772 700 351 728 2494 4891 4904 2542 4892 2531 4890
773 31 699 18 351 4917 2403 348 355 1571 4894
774 31 18 699 2545 348 2403 4917 2547 4885 2546
775 1744 699 31 351 4884 4917 1748 1750 355 4894
776 1744 31 699 2545 1748 4917 4884 4881 4885 2547
777 349 9 28 4918 1569 331 352 4919 4920 4921
778 2487 28 9 4918 2488 331 2489 4922 4921 4920
779 701 9 349 4918 2401 1569 4910 4923 4919 4921
780 701 2487 9 4918 4908 2489 2401 4923 4921 4922
781 349 28 1742 4918 352 1746 1747 4919 4924 4920
782 2487 1742 28 4918 4905 1746 2488 4922 4920 4924
783 349 730 701 4918 4911 2539 4910 4919 4923 4925
784 730 2498 701 4918 2508 4909 2539 4925 4923 4926
785 2487 701 2498 4918 4908 4909 4899 4922 4926 4923
786 1742 2487 2498 4918 4905 4899 4907 4924 4926 4922
787 2494 351 350 700 4890 354 4927 4892 4895 4891
788 2494 350 351 1738 4927 354 4890 4889 1757 1756
789 2494 350 2500 700 4927 4872 2518 4892 4893 4895
790 2494 2500 350 1738 2518 4872 4927 4889 1756 4873
791 4918 2496 2498 1742 4928 2529 4926 4924 4907 4912
792 4918 2498 2496 730 4926 2529 4928 4925 2537 2508
793 349 2496 4918 1742 4898 4928 4919 1747 4924 4912
794 349 4918 2496 730 4919 4928 4898 4911 2537 4925
3 79 11 35
395 701 269 2380 707 4803 4804 4805 2408 4806 4807
396 450 2380 269 707 4808 4804 1789 2416 4807 4806
397 92 2380 450 707 2385 4808 2413 710 2416 4806
398 9 701 276 2380 2401 2402 279 2382 4809 4805
399 2395 94 49 706 2400 698 2398 4810 2414 708
400 2395 18 93 699 2397 696 2399 4811 702 2403
401 276 7 9 2380 1484 248 279 4809 2382 2381
402 2380 92 701 707 2385 2407 4805 4806 2408 710
403 269 276 701 2380 1485 2402 4803 4804 4805 4809
404 700 270 269 707 4812 272 4813 2412 4807 4814
405 2380 47 92 450 2383 689 2385 4808 2413 453
406 47 7 269 2380 447 271 1787 2383 4804 2381
407 270 18 17 2395 1486 274 273 4815 2396 2397
408 269 7 276 2380 271 1484 1485 4804 4809 2381
409 9 91 701 2380 687 705 2401 2382 4805 2384
410 270 17 49 2395 273 454 1788 4815 2398 2396
411 2380 269 47 450 4804 1787 2383 4808 453 1789
412 699 2395 270 706 4811 4815 4816 2410 4817 4810
413 449 269 270 707 1791 272 1790 2417 4814 4807
414 275 270 269 700 1487 272 1488 2405 4813 4812
415 2395 93 94 699 2399 697 2400 4811 2409 702
416 276 275 269 700 278 1488 1485 2406 4813 2405
417 449 450 269 707 452 1789 1791 2417 4807 2416
418 94 2395 699 706 2400 4811 2409 708 2410 4810
419 701 91 92 2380 705 688 2407 4805 2385 2384
420 700 699 270 706 703 4816 4812 2411 4817 2410
421 699 270 275 700 4816 1487 2404 703 2405 4812
422 269 701 276 700 4803 2402 1485 4813 2406 704
423 700 269 701 707 4813 4803 704 2412 2408 4807
424 707 270 706 700 4814 4817 709 2412 2411 4812
425 707 706 270 449 709 4817 4814 2417 1790 2415
426 699 18 270 2395 2403 1486 4816 4811 4815 2397
427 699 270 18 275 4816 1486 2403 2404 277 1487
428 706 49 270 449 2414 1788 4817 2415 1790 451
429 706 270 49 2395 4817 1788 2414 4810 2398 4815
3 80 11 39
252 787 587 786 2709 2702 2699 789 2714 2715 5039
253 2677 586 793 707 5040 5041 5042 5043 2704 5044
254 106 2677 586 793 2681 5040 2700 2710 5041 5042
255 586 2677 450 707 5040 5045 2150 5044 2416 5043
256 2677 71 106 586 2678 774 2681 5040 2700 588
257 450 2677 92 707 5045 2680 2413 2416 710 5043
258 2692 109 108 791 2697 785 2696 5046 2712 794
259 2692 49 94 706 2694 698 2695 5047 708 2414
260 2677 47 71 586 2679 591 2678 5040 588 2149
261 791 108 2692 786 2712 2696 5046 2713 5048 788
262 793 92 2677 707 2703 2680 5042 2704 5043 710
263 2677 92 47 450 2680 689 2679 5045 453 2413
264 787 586 587 2709 2701 589 2702 2714 5039 5049
265 791 2692 587 786 5046 5050 5051 2713 2699 5048
266 2692 108 70 786 2696 783 2693 5048 2698 788
267 2677 106 107 793 2681 776 2682 5042 797 2710
268 586 2677 47 450 5040 2679 2149 2150 453 5045
269 49 2692 449 706 2694 5052 451 2414 2415 5047
270 70 587 2692 786 590 5050 2693 2698 5048 2699
271 70 49 2692 449 584 2694 2693 2151 5052 451
272 706 2692 587 791 5047 5050 5053 2706 5051 5046
273 449 2692 587 706 5052 5050 2152 2415 5053 5047
274 2692 587 70 449 5050 590 2693 5052 2151 2152
275 94 109 2692 791 784 2697 2695 2705 5046 794
276 793 586 106 787 5041 2700 2710 2711 790 2701
277 587 586 450 707 589 2150 2153 5054 2416 5044
278 449 587 450 707 2152 2153 452 2417 2416 5054
279 587 792 791 2709 5055 795 5051 5039 2716 2718
280 706 94 2692 791 708 2695 5047 2706 5046 2705
281 107 92 2677 793 775 2680 2682 797 5042 2703
282 587 792 706 791 5055 2707 5053 5051 2706 795
283 786 587 791 2709 2699 5051 2713 2715 2716 5039
284 787 793 586 2709 2711 5041 2701 2714 5049 2717
285 587 792 586 707 5055 5056 589 5054 5044 2708
286 587 586 792 2709 589 5056 5055 5039 2718 5049
287 793 586 792 707 5041 5056 796 2704 2708 5044
288 793 792 586 2709 796 5056 5041 2717 5049 2718
289 706 587 707 792 5053 5054 709 2707 2708 5055
290 706 707 587 449 709 5054 5053 2415 2152 2417
3 81 11 104
291 3412 3374 3415 1038 5572 5573 3433 3430 3432 5574
292 3373 3369 3414 1038 3394 5575 5576 5577 3435 5578
293 3369 3414 1038 3413 5575 3435 5578 5579 3428 3434
294 791 3375 3451 3418 5580 5581 5582 5583 5584 5585
295 3371 3418 1039 3417 5586 3424 5587 5588 3438 3439
296 3374 981 792 3368 3392 3018 5589 3391 5590 3385
297 3412 1039 3368 2709 3431 5591 5592 5593 5594 5595
298 3369 3413 1037 3370 5579 3427 5597 3396 5598 5599
299 3361 145 107 3372 3365 954 3363 5600 5601 3377
300 792 793 3369 2709 796 5602 5603 2718 5604 2717
301 3368 3371 980 1039 3387 3386 3384 5591 5605 5587
302 3416 3361 3372 1120 5606 5600 5607 5608 3378 3366
303 3361 107 793 3372 3363 797 5609 5600 5610 5601
304 787 786 1038 2709 789 3091 3090 2714 5611 2715
305 982 107 145 3372 3012 954 986 3376 3377 5601
306 792 793 981 3369 796 3017 3018 5603 3389 5602
307 982 3369 1037 3370 3390 5597 5613 3397 5598 3396
308 3451 108 109 791 3452 785 3453 5582 794 2712
309 3451 148 3375 791 3455 3380 5581 5582 5580 3014
310 981 980 792 3368 984 3016 3018 3385 5590 3384
311 793 106 107 3361 2710 776 797 5609 3363 3362
312 1039 3412 1038 2709 3431 3430 1042 5595 5611 5593
313 3451 3375 175 3418 5581 3379 3456 5584 3423 5585
314 1120 3372 3416 1140 3378 5607 5608 3382 3425 3399
315 3416 3413 1139 3370 3429 3449 3450 5614 3411 5599
316 148 980 3375 791 983 3381 3380 3014 5580 3015
317 3451 109 148 791 3453 967 3455 5582 3014 794
318 982 793 107 3372 3013 797 3012 3376 5601 5610
319 174 1120 3416 1140 1122 5608 3419 1148 3425 3382
320 1037 793 106 787 5612 2710 3086 3087 790 2711
321 982 981 793 3369 985 3017 3013 3390 5602 3389
322 148 3375 175 3451 3380 3379 1133 3455 3456 5581
323 3371 1134 3418 3417 3401 3426 5586 5588 3439 3440
324 3361 3416 156 1120 5606 3420 3364 3366 3367 5608
325 793 982 3369 1037 3013 3390 5602 5612 5597 5613
326 3414 3369 1138 3413 5575 3409 3447 3434 3448 5579
327 1120 3416 156 174 5608 3420 3367 1122 1132 3419
328 1039 786 791 2709 3089 2713 5596 5595 2716 2715
329 3369 1138 3373 3414 3409 3406 3394 5575 5576 3447
330 1134 3371 1135 3417 3401 3400 1142 3440 3441 5588
331 3370 1139 3416 1140 3411 3450 5614 3410 3425 1147
332 3415 1136 3374 3412 3444 3405 5573 3433 5572 3443
333 3372 3361 145 1120 5600 3365 3377 3378 1121 3366
334 3413 3369 1139 3370 5579 3408 3449 5599 3411 3396
335 3416 1037 3413 3370 3421 3427 3429 5614 5599 5598
336 1134 175 3375 3418 1141 3379 3383 3426 5585 3423
337 3372 3370 3416 1140 3398 5614 5607 3399 3425 3410
338 3371 1134 3375 3418 3401 3383 3388 5586 5585 3426
339 3418 175 3451 160 3423 3456 5584 3422 3454 1149
340 3368 1136 1135 3412 3402 1143 3403 5592 3442 3443
341 3368 3374 1136 3412 3391 3405 3402 5592 3443 5572
342 1137 3373 1138 3414 3407 3406 1145 3446 3447 5576
343 786 1039 1038 2709 3089 1042 3091 2715 5611 5595
344 3374 1137 1136 3415 3404 1144 3405 5573 3444 3445
345 1139 1138 3369 3413 1146 3409 3408 3449 5579 3448
346 3418 1039 980 3371 3424 5605 5615 5586 3386 5587
347 980 1039 3418 791 5605 3424 5615 3015 5583 5596
348 980 3375 3418 3371 3381 5585 5615 3386 5586 3388
349 3418 3375 980 791 5585 3381 5615 5583 3015 5580
350 3374 3373 792 981 3395 5616 5589 3392 3018 3393
351 3369 792 3373 981 5603 5616 3394 3389 3393 3018
352 1038 1037 3369 3413 1041 5597 5578 3428 5579 3427
353 2709 3369 3373 1038 5604 3394 5617 5611 5577 5578
354 2709 3373 3369 792 5617 3394 5604 2718 5603 5616
355 3374 2709 3373 1038 5618 5617 3395 5574 5577 5611
356 3374 3373 2709 792 3395 5617 5618 5589 2718 5616
357 3368 3374 2709 792 3391 5618 5594 5590 2718 5589
358 1038 3414 3374 3415 3435 5619 5574 3432 5573 3436
359 1038 3374 3414 3373 5574 5619 3435 5577 5576 3395
360 1137 3374 3414 3415 3404 5619 3446 3445 3436 5573
361 1137 3414 3374 3373 3446 5619 3404 3407 3395 5576
362 3369 2709 787 1038 5604 2714 5620 5578 3090 5611
363 787 2709 3369 793 2714 5604 5620 2711 5602 2717
364 787 1037 3369 1038 3087 5597 5620 3090 5578 1041
365 3369 1037 787 793 5597 3087 5620 5602 2711 5612
366 3371 1135 3412 3368 3400 3442 5621 3387 5592 3403
367 3412 1135 3371 3417 3442 3400 5621 3437 5588 3441
368 3412 1039 3371 3368 3431 5587 5621 5592 3387 5591
369 3371 1039 3412 3417 5587 3431 5621 5588 3437 3438
370 792 980 2709 3368 3016 5622 2718 5590 5594 3384
371 792 2709 980 791 2718 5622 3016 795 3015 2716
372 1039 2709 980 3368 5595 5622 5605 5591 3384 5594
373 1039 980 2709 791 5605 5622 5595 5596 2716 3015
374 1039 108 791 786 3088 2712 5596 3089 2713 788
375 3412 3374 2709 3368 5572 5618 5593 5592 5594 3391
376 2709 3374 3412 1038 5618 5572 5593 5611 3430 5574
377 160 791 108 3451 5623 2712 1045 3454 3452 5582
378 160 108 791 1039 1045 2712 5623 1043 5596 3088
379 3418 791 160 3451 5583 5623 3422 5584 3454 5582
380 3418 160 791 1039 3422 5623 5583 3424 5596 1043
381 156 106 1037 5624 1011 3086 1040 5625 5626 5627
382 156 3361 106 5624 3364 3362 1011 5625 5627 5628
383 106 793 1037 5624 2710 5612 3086 5627 5626 5629
384 106 3361 793 5624 3362 5609 2710 5627 5629 5628
385 1037 3416 156 5624 3421 3420 1040 5626 5625 5630
386 3361 156 3416 5624 3364 3420 5606 5628 5630 5625
387 793 982 1037 5624 3013 5613 5612 5629 5626 5631
388 982 793 3372 5624 3013 5610 3376 5631 5632 5629
389 3361 3372 793 5624 5600 5610 5609 5628 5629 5632
390 3416 3372 3361 5624 5607 5600 5606 5630 5628 5632
391 5624 3372 3370 3416 5632 3398 5633 5630 5614 5607
392 5624 3370 3372 982 5633 3398 5632 5631 3376 3397
393 1037 5624 3370 3416 5626 5633 5598 3421 5614 5630
394 1037 3370 5624 982 5598 5633 5626 5613 5631 3397
3 82 11 97
430 3374 3373 1259 3753 3395 5859 5860 5861 3788 5862
431 1258 3373 3752 3753 5863 5864 3790 3789 3777 5862
432 3374 3373 981 1259 3395 3393 3392 5860 5865 5859
433 981 3373 3369 1258 3393 3394 3389 5866 5867 5863
434 3373 1258 1259 3753 5863 1263 5859 5862 3788 3789
435 3756 3755 3371 1260 3768 5868 5869 3765 5870 3793
436 3368 3374 981 1259 3391 3392 3385 5871 5865 5860
437 3749 3728 3372 1257 5872 5873 5874 3764 5875 5876
438 3375 980 973 3371 3381 3008 5877 3388 5878 3386
439 3751 1259 3368 1260 3792 5871 5879 3791 5880 1264
440 3754 1257 3370 3750 3787 5881 5882 3783 5883 3786
441 3372 975 3370 1257 5884 5885 3398 5875 5881 5886
442 3368 974 973 1259 5887 977 5888 5871 5889 5890
443 982 975 3370 3372 3006 5885 3397 3376 3398 5884
444 1258 981 3373 1259 5866 3393 5863 1263 5859 5865
445 980 974 973 3368 3009 977 3008 3384 5888 5887
446 145 3372 3728 144 3377 5873 3729 953 3730 5891
447 3369 982 975 3370 3390 3006 5892 3396 5885 3397
448 3372 145 982 144 3377 986 3376 5891 3005 953
449 3794 148 973 3375 3795 3007 5893 5894 5877 3380
450 973 3368 1259 1260 5888 5871 5889 5895 1264 5880
451 3794 973 147 193 5893 976 3796 3797 1250 3737
452 3368 981 974 1259 3385 3010 5887 5871 5890 5865
453 980 981 974 3368 984 3010 3009 3384 5887 3385
454 973 3794 1260 193 5893 5896 5895 3737 3744 3797
455 3755 3371 1134 3756 5868 3401 3767 3768 3762 5869
456 148 980 973 3375 983 3008 3007 3380 5877 3381
457 175 3375 3794 3756 3379 5894 3798 3760 5897 5898
458 1258 974 981 1259 5899 3010 5866 1263 5865 5890
459 973 147 148 3794 976 966 3007 5893 3795 3796
460 982 975 3372 144 3006 5884 3376 3005 5891 979
461 1251 1259 974 1252 3747 5890 3740 1254 3741 3746
462 1259 974 973 1251 5890 977 5889 3747 3739 3740
463 1140 1120 3372 3749 3382 3378 3399 3758 5874 5900
464 3754 3370 1139 3750 5882 3411 3782 3783 3778 5883
465 1257 3749 3728 192 3764 5872 5876 1261 3734 3763
466 3728 3372 1120 3749 5873 3378 3732 5872 5900 5874
467 1259 1258 974 1252 1263 5899 5890 3746 3741 3748
468 981 982 975 3369 985 3006 3011 3389 5892 3390
469 1251 973 1260 193 3739 5895 3745 1253 3744 3737
470 194 3756 3794 1260 3761 5897 3799 1265 5896 3765
471 1257 191 975 1252 3742 3736 5886 3743 3738 1255
472 1140 174 1120 3749 1148 1122 3382 3758 5900 3757
473 3375 3794 148 175 5894 3795 3380 3379 1133 3798
474 1257 3728 191 192 5876 3731 3742 1261 1241 3734
475 1260 1259 973 1251 1264 5889 5895 3745 3739 3747
476 1120 3728 3749 1247 3732 5872 5900 3733 3759 3735
477 3794 194 1260 193 3799 1265 5896 3797 3744 1256
478 3375 1134 3371 3756 3383 3401 3388 5898 5869 3762
479 1258 975 974 1252 5901 978 5899 3748 3741 3738
480 3373 1137 3752 3753 3407 3776 5864 5862 3777 3772
481 1135 3371 1134 3755 3400 3401 1142 3766 3767 5868
482 3375 175 1134 3756 3379 1141 3383 5898 3762 3760
483 3370 3369 1139 3750 3396 3408 3411 5883 3778 5902
484 145 3372 1120 3728 3377 3378 1121 3729 3732 5873
485 3374 1136 3753 3751 3405 3773 5861 5903 3774 3769
486 3749 174 1120 1247 3757 1122 5900 3759 3733 1249
487 1136 3374 3368 3751 3405 3391 3402 3769 5879 5903
488 3794 175 3756 194 3798 3760 5897 3799 3761 1266
489 1135 1136 3368 3751 1143 3402 3403 3770 5879 3769
490 1140 3370 1139 3754 3410 3411 1147 3781 3782 5882
491 1258 1257 975 1252 1262 5886 5901 3748 3738 3743
492 1137 3373 3374 3753 3407 3395 3404 3772 5861 5862
493 1138 3373 1137 3752 3406 3407 1145 3775 3776 5864
494 3728 3749 1247 192 5872 3759 3735 3734 1248 3763
495 3369 1138 1139 3750 3409 1146 3408 5902 3778 3779
496 1136 1137 3374 3753 1144 3404 3405 3773 5861 3772
497 3755 1260 3368 3371 3793 5880 5904 5868 3387 5870
498 3368 1260 3755 3751 5880 3793 5904 5879 3771 3791
499 3368 1135 3755 3371 3403 3766 5904 3387 5868 3400
500 3755 1135 3368 3751 3766 3403 5904 3771 5879 3770
501 3368 3371 973 980 3387 5878 5888 3384 3008 3386
502 3368 973 3371 1260 5888 5878 3387 5880 5870 5895
503 1140 3370 3749 3372 3410 5905 3758 3399 5874 3398
504 1140 3749 3370 3754 3758 5905 3410 3781 5882 3784
505 1257 3749 3370 3372 3764 5905 5881 5875 3398 5874
506 1257 3370 3749 3754 5881 5905 3764 3787 3784 5882
507 1258 981 975 3369 5866 3011 5901 5867 5892 3389
508 1258 975 981 974 5901 3011 5866 5899 3010 978
509 1258 3373 3750 3752 5863 5906 3785 3790 3780 5864
510 1258 3750 3373 3369 3785 5906 5863 5867 3394 5902
511 1138 3750 3373 3752 3779 5906 3406 3775 5864 3780
512 1138 3373 3750 3369 3406 5906 3779 3409 5902 3394
513 144 191 1257 3728 1237 3742 5907 3730 5876 3731
514 1257 191 144 975 3742 1237 5907 5886 979 3736
515 1257 3372 144 3728 5875 5891 5907 5876 3730 5873
516 144 3372 1257 975 5891 5875 5907 979 5886 5884
517 1259 3374 3751 3368 5860 5903 3792 5871 5879 3391
518 3751 3374 1259 3753 5903 5860 3792 3774 3788 5861
519 1258 3369 3370 3750 5867 3396 5908 3785 5883 5902
520 1258 3370 3369 975 5908 3396 5867 5901 5892 5885
521 1258 3370 1257 3750 5908 5881 1262 3785 3786 5883
522 1258 1257 3370 975 1262 5881 5908 5901 5885 5886
523 3375 3371 1260 3756 3388 5870 5909 5898 3765 5869
524 3375 1260 3371 973 5909 5870 3388 5877 5878 5895
525 3794 3375 1260 3756 5894 5909 5896 5897 3765 5898
526 3794 1260 3375 973 5896 5909 5894 5893 5877 5895
3 83 11 34
795 969 1279 975 3812 5930 5931 3000 5932 5933 5934
796 1279 191 975 3812 3835 3736 5931 5934 5933 3816
797 1279 969 1178 3812 5930 3521 3831 5934 5935 5932
798 1279 191 3812 196 3835 3816 5934 1281 3817 1273
799 3812 179 1279 196 3815 3830 5934 3817 1281 1272
800 143 1178 969 3812 3520 3521 972 3814 5932 5935
801 3824 968 146 181 5936 970 3826 3827 1171 3522
802 193 973 147 3824 3737 976 1250 3828 3825 5937
803 143 969 975 3812 972 3000 2999 3814 5933 5932
804 143 179 1178 3812 1165 1181 3520 3814 5935 3815
805 3812 191 975 144 3816 3736 5933 3813 979 1237
806 1252 974 1251 1280 3741 3740 1254 3839 3838 5938
807 1279 1178 179 3812 3831 1181 3830 5934 3815 5935
808 197 1280 193 3824 1283 3837 1278 3829 3828 5939
809 197 1280 3824 181 1283 5939 3829 1277 3827 3832
810 3824 1280 973 968 5939 5940 5937 5936 3002 5941
811 3824 973 147 146 5937 976 3825 3826 965 3001
812 974 1252 1279 1280 3741 3836 5942 5938 1282 3839
813 1252 191 975 1279 1255 3736 3738 3836 5931 3835
814 1178 969 1279 1177 3521 5930 3831 1180 3834 3524
815 973 3824 968 146 5937 5936 3002 3001 970 3826
816 975 143 3812 144 2999 3814 5933 979 3813 952
817 974 973 1251 1280 977 3739 3740 5938 3838 5940
818 974 973 1280 968 977 5940 5938 3003 5941 3002
819 1252 975 974 1279 3738 978 3741 3836 5942 5931
820 1279 975 974 969 5931 978 5942 5930 3004 3000
821 193 973 1280 1251 3737 5940 3837 1253 3838 3739
822 193 1280 973 3824 3837 5940 3737 3828 5937 5939
823 969 1279 1280 974 5930 1282 5943 3004 5938 5942
824 1280 1279 969 1177 1282 5930 5943 3833 3524 3834
825 1280 968 969 974 5941 971 5943 5938 3004 3003
826 969 968 1280 1177 971 5941 5943 3524 3833 3523
827 181 968 1280 3824 3522 5941 3832 3827 5939 5936
828 181 1280 968 1177 3832 5941 3522 1179 3523 3833
3 84 11 37
928 969 842 1172 3491 2995 5672 5673 5674 5675 5676
929 1172 1178 969 3491 3516 3521 5673 5675 5674 5677
930 3491 969 842 143 5674 2995 5676 3495 2993 972
931 844 118 119 3503 2799 849 848 5678 3504 3505
932 1172 168 179 3491 1174 1164 3515 5675 3496 3494
933 1178 969 3491 143 3521 5674 5677 3520 3495 972
934 3503 146 968 181 3507 970 5679 3508 3522 1171
935 1172 842 837 3491 5672 2798 3511 5675 5680 5676
936 3491 179 1178 143 3496 1181 5677 3495 3520 1165
937 1173 3503 181 180 5681 3508 3517 1176 1170 3506
938 1178 1172 179 3491 3516 3515 1181 5677 3496 5675
939 115 837 842 3491 2797 2798 845 3492 5676 5680
940 114 837 115 3491 841 2797 817 3493 3492 5680
941 168 1172 837 3491 1174 3511 3509 3494 5680 5675
942 1173 969 843 1172 5682 2997 5683 1175 5684 5673
943 3503 968 844 1173 5679 2996 5678 5681 5685 5686
944 844 3503 1173 835 5678 5681 5685 2800 3512 5687
945 119 146 844 3503 964 2994 848 3504 5678 3507
946 3503 844 118 835 5678 2799 3505 5687 838 2800
947 843 1173 1172 836 5683 1175 5684 2802 3514 3513
948 1173 1178 969 1172 3519 3521 5682 1175 5673 3516
949 180 1173 3503 835 1176 5681 3506 3510 5687 3512
950 1177 1178 969 1173 1180 3521 3524 3518 5682 3519
951 837 114 168 3491 841 1062 3509 5680 3494 3493
952 844 146 968 3503 2994 970 2996 5678 5679 3507
953 3503 118 180 835 3505 1169 3506 5687 3510 838
954 3491 842 115 143 5676 845 3492 3495 951 2993
955 1172 842 843 836 5672 846 5684 3514 2802 2803
956 843 844 1173 835 847 5685 5683 2801 3512 2800
957 836 843 1173 835 2802 5683 3513 839 3512 2801
958 1172 837 842 836 3511 2798 5672 3514 2803 840
959 844 968 843 1173 2996 2998 847 5685 5683 5686
960 969 842 843 1172 2995 846 2997 5673 5684 5672
961 181 968 1173 1177 3522 5686 3517 1179 3518 3523
962 181 1173 968 3503 3517 5686 3522 3508 5679 5681
963 969 968 1173 843 971 5686 5682 2997 5683 2998
964 969 1173 968 1177 5682 5686 971 3524 3523 3518
3 85 11 27
1166 564 64 63 114 568 543 2077 2789 2860 810
1167 835 567 118 130 2792 2790 838 2867 895 5268
1168 130 835 567 888 2867 2792 5268 891 5269 2868
1169 567 66 118 130 2079 2879 2790 5268 895 896
1170 118 67 66 567 834 563 2879 2790 2079 572
1171 130 567 66 888 5268 2079 896 891 2874 5269
1172 837 564 890 114 2791 5270 2866 841 2865 2789
1173 835 836 566 888 839 2794 2796 2868 5271 2869
1174 558 66 567 888 562 2079 2080 2875 5269 2874
1175 890 63 564 556 2872 2077 5270 2873 2078 559
1176 565 837 889 836 2793 2870 5272 2795 2871 840
1177 558 2076 557 889 2085 2081 561 2878 2876 5273
1178 557 2076 556 889 2081 2082 560 2876 2877 5273
1179 565 890 889 837 5274 893 5272 2793 2870 2866
1180 889 565 566 2076 5272 570 5275 5273 2087 2084
1181 566 565 889 836 570 5272 5275 2794 2871 2795
1182 889 888 566 836 892 5271 5275 2871 2794 2869
1183 566 558 889 2076 2086 2878 5275 2087 5273 2085
1184 566 889 558 888 5275 2878 2086 5271 2875 892
1185 556 565 889 2076 2083 5272 2877 2082 5273 2084
1186 889 565 556 890 5272 2083 2877 893 2873 5274
1187 114 63 890 129 2860 2872 2865 886 894 884
1188 114 890 63 564 2865 2872 2860 2789 2077 5270
1189 566 567 888 558 571 5269 5271 2086 2875 2080
1190 566 888 567 835 5271 5269 571 2796 2792 2868
1191 890 565 564 837 5274 569 5270 2866 2791 2793
1192 564 565 890 556 569 5274 5270 2078 2873 2083
3 86 11 86
1059 2102 558 1700 2103 4585 4586 4587 2115 4588 4589
1060 1700 558 2102 2098 4586 4585 4587 4590 2118 4591
1061 558 1704 1700 2103 4592 1726 4586 4589 4588 4593
1062 558 1700 1698 2098 4586 1725 4594 4591 4595 4590
1063 2098 2102 1700 423 2118 4587 4590 2117 1727 2113
1064 1699 2101 556 2097 4596 4597 4598 4599 4600 2130
1065 2101 556 1701 1699 4597 4601 4602 4596 1716 4598
1066 2103 1700 2102 422 4588 4587 2115 2109 2114 1728
1067 2076 1699 1703 557 4603 1722 4604 2081 4605 4606
1068 414 1703 1699 557 1721 1722 1714 2092 4606 4605
1069 2076 558 1698 2098 2085 4594 4607 4608 4595 4591
1070 2096 428 2101 1701 2105 2128 2131 4609 4602 1713
1071 2099 2076 1703 2100 4610 4604 4611 2124 4612 4613
1072 558 2102 567 2103 4585 2140 2080 4589 2112 2115
1073 2076 1699 556 2097 4603 4598 2082 4614 4600 4599
1074 2098 1700 1698 423 4590 1725 4595 2117 1730 1727
1075 1704 67 43 2103 4615 574 1709 4593 2107 2108
1076 2097 565 2076 2099 2132 2084 4614 2127 4610 2137
1077 558 66 1704 2103 562 4616 4592 4589 4593 4617
1078 2076 1702 1703 2100 4618 1723 4604 4613 4612 4619
1079 2101 564 556 2097 2134 2078 4597 2130 4600 2133
1080 2098 558 2102 567 4591 4585 2118 2138 2140 2080
1081 2103 1704 1700 422 4593 1726 4588 2109 1728 1712
1082 415 1698 414 557 1717 1718 418 2094 2092 4620
1083 1703 2099 2100 425 4611 2124 4612 1734 2119 2123
1084 66 67 1704 2103 563 4615 4616 4617 4593 2108
1085 1701 556 39 413 4601 2088 1705 1707 416 2089
1086 42 67 43 1704 2095 574 420 1710 1709 4615
1087 1700 415 1704 558 1724 1711 1726 4586 4592 2091
1088 414 1699 413 557 1714 1715 417 2092 2093 4606
1089 1704 415 42 558 1711 419 1710 4592 2090 2091
1090 415 1700 1698 558 1724 1725 1717 2091 4594 4586
1091 1702 2100 2098 424 4619 2121 4621 1732 2116 2120
1092 1704 42 66 558 1710 573 4616 4592 562 2090
1093 558 2076 566 2098 2085 2087 2086 4591 2139 4608
1094 565 2076 556 2097 2084 2082 2083 2132 4600 4614
1095 393 2096 2012 1701 4622 4623 2015 1706 4624 4609
1096 556 1699 2076 557 4598 4603 2082 560 2081 4606
1097 393 428 2096 1701 1708 2105 4622 1706 4609 1713
1098 1698 558 2076 557 4594 2085 4607 4620 2081 561
1099 1698 415 558 557 1717 2091 4594 4620 561 2094
1100 2098 1698 1702 424 4595 1719 4621 2116 1732 1729
1101 2100 566 2076 2098 2135 2087 4613 2121 4608 2139
1102 2100 1702 1703 425 4619 1723 4612 2119 1734 1731
1103 67 66 567 2103 563 2079 572 2108 2112 4617
1104 428 2101 1701 1699 2128 4602 1713 1737 1716 4596
1105 2097 1699 2101 427 4599 4596 2130 2125 2129 1735
1106 2096 40 428 393 2104 436 2105 4622 1708 394
1107 1699 556 413 557 4598 2089 1715 4606 2093 560
1108 556 1701 1699 413 4601 1716 4598 2089 1715 1707
1109 544 393 40 2096 2016 394 545 2106 2104 4622
1110 66 558 567 2103 562 2080 2079 4617 2112 4589
1111 66 67 42 1704 563 2095 573 4616 1710 4615
1112 544 393 2096 2012 2016 4622 2106 2018 4623 2015
1113 428 2101 1699 427 2128 4596 1737 435 1735 2129
1114 566 558 2098 567 2086 4591 2139 571 2138 2080
1115 556 564 565 2097 2078 569 2083 4600 2132 2133
1116 1698 2098 423 424 4595 2117 1730 1729 431 2116
1117 422 1700 2102 423 1728 4587 2114 430 2113 1727
1118 2103 43 1704 422 2107 1709 4593 2109 1712 429
1119 2096 2012 64 544 4623 2017 2110 2106 546 2018
1120 393 2012 39 1701 2015 2013 395 1706 1705 4624
1121 2099 565 2076 2100 2137 2084 4610 2124 4613 2136
1122 425 1703 2099 426 1734 4611 2123 433 2122 1733
1123 424 1702 2100 425 1732 4619 2120 432 2119 1731
1124 427 2097 1699 426 2125 4599 1735 434 1736 2126
1125 565 566 2076 2100 570 2087 2084 2136 4613 2135
1126 2101 2096 556 564 2131 4625 4597 2134 2078 2111
1127 2101 556 2096 1701 4597 4625 2131 4602 4609 4601
1128 426 2099 1699 1703 2122 4626 1736 1733 1722 4611
1129 426 1699 2099 2097 1736 4626 2122 2126 2127 4599
1130 2076 1699 2099 1703 4603 4626 4610 4604 4611 1722
1131 2076 2099 1699 2097 4610 4626 4603 4614 4599 2127
1132 2076 2098 1702 2100 4608 4621 4618 4613 4619 2121
1133 1702 2098 2076 1698 4621 4608 4618 1719 4607 4595
1134 1703 1702 557 414 1723 4627 4605 1721 2092 1720
1135 1703 557 1702 2076 4605 4627 1723 4604 4618 2081
1136 1698 557 1702 414 4620 4627 1719 1718 1720 2092
1137 1698 1702 557 2076 1719 4627 4620 4607 2081 4618
1138 64 2096 63 2012 2110 4628 543 2017 2014 4623
1139 64 63 2096 564 543 4628 2110 568 2111 2077
1140 556 2096 63 564 4625 4628 559 2078 2077 2111
1141 2096 63 1701 556 4628 4629 4609 4625 4601 559
1142 2096 1701 63 2012 4609 4629 4628 4623 2014 4624
1143 39 1701 63 556 1705 4629 541 2088 559 4601
1144 39 63 1701 2012 541 4629 1705 2013 4624 2014
3 87 11 73
965 1739 1740 1703 341 1760 4395 4396 4397 4398 4399
966 1741 1738 1702 341 1759 4400 4401 4402 4403 4404
967 1700 1698 1743 342 1725 4405 4406 4407 4408 4409
968 1743 1744 1700 342 1765 4410 4406 4408 4407 4411
969 1738 1743 1698 342 1763 4405 4412 4413 4409 4408
970 1739 1703 1699 341 4396 1722 4414 4397 4415 4398
971 1738 1698 1702 341 4412 1719 4400 4404 4403 4416
972 1744 1704 1700 342 4417 1726 4410 4411 4407 4418
973 423 1700 1698 1743 1727 1725 1730 1767 4405 4406
974 350 1740 1739 341 1761 1760 1754 1568 4397 4399
975 340 1742 1620 1701 4419 4420 4421 4422 4423 4424
976 1741 1740 350 341 1762 1761 1758 4402 1568 4399
977 1743 1698 423 1738 4405 1730 1767 1763 1768 4412
978 1699 1703 414 341 1722 1721 1714 4415 1696 4398
979 350 1738 1741 341 1756 1759 1758 1568 4402 4404
980 1701 340 1742 1699 4422 4419 4424 1716 4425 4426
981 1738 351 1743 342 1757 1764 1763 4413 4408 1565
982 414 1702 1698 341 1720 1719 1718 1696 4416 4403
983 341 1738 1698 342 4404 4412 4416 345 4409 4413
984 1702 414 1703 341 1720 1721 1723 4403 4398 1696
985 427 1699 1742 1739 1735 4425 1776 1775 1755 4414
986 1703 426 1740 1739 1733 1773 4395 4396 1760 1774
987 1699 340 1739 341 4426 4427 4414 4415 4397 344
988 1744 1700 422 1743 4410 1728 1752 1765 1766 4406
989 414 1698 415 341 1718 1717 418 1696 1695 4416
990 1740 425 1703 1741 1772 1734 4395 1762 4428 1771
991 1744 1743 351 342 1765 1764 1750 4411 1565 4408
992 1701 39 340 413 1705 1690 4422 1707 1692 416
993 42 43 31 1704 420 421 1697 1710 4429 1709
994 1704 43 31 1744 1709 421 4429 4417 1748 1749
995 1704 415 1700 342 1711 1724 1726 4418 4407 1693
996 1738 1702 424 1741 4400 1732 1769 1759 1770 4401
997 1698 1700 415 342 1725 1724 1717 4409 1693 4407
998 414 413 1699 341 417 1715 1714 1696 4415 1694
999 350 1739 349 341 1754 1753 353 1568 1566 4397
1000 1701 1742 428 1699 4424 1751 1713 1716 1737 4425
1001 42 415 1704 342 419 1711 1710 1691 4418 1693
1002 351 31 1744 342 355 1748 1750 1565 4411 1564
1003 1738 350 351 341 1756 354 1757 4404 1567 1568
1004 1699 1742 428 427 4425 1751 1737 1735 435 1776
1005 428 1620 1742 1701 4430 4420 1751 1713 4424 4423
1006 422 1704 1700 1744 1712 1726 1728 1752 4410 4417
1007 341 1698 415 342 4416 1717 1695 345 1693 4409
1008 340 28 1742 349 1562 1746 4419 1563 1747 352
1009 425 1702 1703 1741 1731 1723 1734 1771 4428 4401
1010 1620 428 393 1701 4430 1708 1625 4423 1706 1713
1011 424 1698 1702 1738 1729 1719 1732 1769 4400 4412
1012 413 340 1699 341 1692 4426 1715 1694 4415 344
1013 1620 1742 40 428 4420 1745 1624 4430 436 1751
1014 426 1703 1699 1739 1733 1722 1736 1774 4414 4396
1015 1699 1701 340 413 1716 4422 4426 1715 1692 1707
1016 40 1620 428 393 1624 4430 436 394 1708 1625
1017 351 1738 341 342 1757 4404 1567 1565 345 4413
1018 349 1739 340 341 1753 4427 1563 1566 344 4397
1019 424 423 1698 1738 431 1730 1729 1769 4412 1768
1020 423 422 1700 1743 430 1728 1727 1767 4406 1766
1021 43 1704 422 1744 1709 1712 429 1749 1752 4417
1022 426 1699 427 1739 1736 1735 434 1774 1775 4414
1023 40 28 1742 1620 396 1746 1745 1624 4420 1621
1024 425 424 1702 1741 432 1732 1731 1771 4401 1770
1025 426 425 1703 1740 433 1734 1733 1773 4395 1772
1026 393 39 1620 1701 395 1623 1625 1706 4423 1705
1027 341 1741 1703 1702 4402 4428 4398 4403 1723 4401
1028 341 1703 1741 1740 4398 4428 4402 4399 1762 4395
1029 1739 1742 340 1699 1755 4419 4427 4414 4426 4425
1030 340 1742 1739 349 4419 1755 4427 1563 1753 1747
1031 39 1620 340 27 1623 4421 1690 391 343 1622
1032 39 340 1620 1701 1690 4421 1623 1705 4423 4422
1033 31 342 1704 1744 1564 4418 4429 1748 4417 4411
1034 1620 28 340 27 1621 1562 4421 1622 343 330
1035 1620 340 28 1742 4421 1562 1621 4420 1746 4419
1036 342 42 31 1704 1691 1697 1564 4418 4429 1710
1037 342 31 42 30 1564 1697 1691 346 412 347
3 88 11 22
654 350 351 341 275 354 1567 1568 1573 4335 1572
655 350 349 276 341 353 1570 1574 1568 4336 1566
656 20 30 18 292 339 1561 289 296 1498 1555
657 6 9 27 290 247 1540 328 293 1554 1496
658 342 341 351 275 345 1567 1565 4337 1572 4335
659 341 342 291 275 345 1559 1560 4335 1501 4337
660 341 340 276 291 344 4338 4336 1560 1500 1558
661 342 292 291 275 1557 295 1559 4337 1501 1499
662 276 349 340 341 1570 1563 4338 4336 344 1566
663 340 290 276 291 1556 1497 4338 1558 1500 294
664 30 18 342 31 1561 4339 346 347 1564 348
665 30 342 18 292 346 4339 1561 1555 1498 1557
666 351 342 18 31 1565 4339 1571 355 348 1564
667 340 349 9 28 1563 1569 4340 1562 331 352
668 340 27 9 290 343 1540 4340 1556 1496 1554
669 9 27 340 28 1540 343 4340 331 1562 330
670 275 341 276 291 4335 4336 278 1501 1500 1560
671 275 276 341 350 278 4336 4335 1573 1568 1574
672 276 340 9 290 4338 4340 279 1497 1496 1556
673 276 9 340 349 279 4340 4338 1570 1563 1569
674 342 275 18 292 4337 277 4339 1557 1498 1499
675 18 275 342 351 277 4337 4339 1571 1565 1572
3 89 11 21
527 17 18 270 282 274 1486 273 1491 1492 4314
528 18 17 19 282 274 287 1495 4314 286 1491
529 290 5 9 280 1502 1464 1496 1503 4315 283
530 5 7 9 280 242 248 1464 283 4315 1489
531 19 20 18 282 288 289 1495 286 4314 1504
532 292 18 20 282 1498 289 296 1505 1504 4314
533 6 5 9 290 240 1464 247 293 1496 1502
534 269 270 275 281 272 1487 1488 1493 4316 1494
535 292 291 275 281 295 1501 1499 1507 4316 1508
536 275 18 282 270 277 4314 4317 1487 1492 1486
537 282 18 275 292 4314 277 4317 1505 1499 1498
538 282 281 275 270 285 4316 4317 1492 1487 1494
539 275 281 282 292 4316 285 4317 1499 1505 1507
540 280 7 9 276 1489 248 4315 4318 279 1484
541 269 7 280 276 271 1489 1490 1485 4318 1484
542 280 9 290 276 4315 1496 1503 4318 1497 279
543 281 269 280 276 1493 1490 284 4319 4318 1485
544 281 280 290 276 284 1503 1506 4319 1497 4318
545 281 290 291 276 1506 294 1508 4319 1500 1497
546 276 281 275 291 4319 4316 278 1500 1501 1508
547 276 275 281 269 278 4316 4319 1485 1493 1488
3 90 11 21
145 49 50 17 457 462 1798 454 1794 4434 461
146 19 457 17 50 1801 4434 287 463 1798 461
147 455 269 7 280 4435 271 4436 1800 1489 1490
148 457 19 17 282 1801 287 4434 1802 1491 286
149 455 5 280 7 1799 283 1800 4436 1489 242
150 269 7 47 455 271 447 1787 4435 1792 4436
151 455 5 7 46 1799 242 4436 458 1782 441
152 7 46 47 455 1782 442 447 4436 1792 458
153 455 47 269 450 1792 1787 4435 1793 1789 453
154 281 269 455 280 1493 4435 1803 284 1800 1490
155 449 456 269 450 1796 4437 1791 452 1789 1797
156 455 456 269 281 459 4437 4435 1803 1493 1804
157 455 269 456 450 4435 4437 459 1793 1797 1789
158 49 457 17 270 1794 4434 454 1788 273 4438
159 282 17 457 270 1491 4434 1802 1492 4438 273
160 457 49 449 270 1794 451 1795 4438 1790 1788
161 456 281 282 270 1804 285 1805 4439 1492 1494
162 456 282 457 270 1805 1802 460 4439 4438 1492
163 456 457 449 270 460 1795 1796 4439 1790 4438
164 270 456 269 449 4439 4437 272 1790 1791 1796
165 270 269 456 281 272 4437 4439 1494 1804 1493
3 91 11 24
48 49 70 50 457 584 2148 462 1794 461 4630
49 70 69 50 457 585 582 2148 4630 461 2142
50 71 455 575 586 4631 2143 2156 588 2159 4632
51 71 47 455 586 591 1792 4631 588 4632 2149
52 71 46 68 455 2154 583 592 4631 2141 458
53 455 68 71 575 2141 592 4631 2143 2156 578
54 49 70 457 449 584 4630 1794 451 1795 2151
55 71 47 46 455 591 442 2154 4631 458 1792
56 70 69 457 577 585 2142 4630 2157 2144 581
57 586 2155 587 450 2162 2164 589 2150 2153 4633
58 456 575 2155 576 2145 2160 4634 2147 2161 579
59 577 456 2155 576 2146 4634 2163 580 2161 2147
60 47 455 586 450 1792 4632 2149 453 2150 1793
61 586 2155 455 575 2162 4635 4632 2159 2143 2160
62 586 455 2155 450 4632 4635 2162 2150 4633 1793
63 456 455 2155 575 459 4635 4634 2145 2160 2143
64 456 2155 455 450 4634 4635 459 1797 1793 4633
65 450 587 456 2155 2153 4636 1797 4633 4634 2164
66 450 456 587 449 1797 4636 2153 452 2152 1796
67 577 456 587 2155 2146 4636 2158 2163 2164 4634
68 456 587 457 577 4636 4637 460 2146 2144 2158
69 456 457 587 449 460 4637 4636 1796 2152 1795
70 70 457 587 577 4630 4637 590 2157 2158 2144
71 70 587 457 449 590 4637 4630 2151 1795 2152
3 92 11 25
1 577 70 108 786 2157 783 5252 5253 788 2698
2 108 577 786 874 5252 5253 788 2854 2855 2847
3 575 106 71 586 5254 774 2156 2159 588 2700
4 69 70 108 577 585 783 2851 581 5252 2157
5 106 71 68 575 774 592 2843 5254 578 2156
6 577 126 108 69 2845 880 5252 581 2851 879
7 126 577 108 874 2845 5252 880 878 2854 2847
8 586 575 106 872 2159 5254 2700 5255 2852 2846
9 70 577 587 786 2157 2158 590 2698 2699 5253
10 586 787 587 2155 2701 2702 589 2162 2164 5256
11 124 106 68 575 871 2843 868 2844 578 5254
12 575 124 106 872 2844 871 5254 2846 2852 875
13 787 586 106 872 2701 2700 790 2853 2852 5255
14 873 575 2155 872 2849 2160 5257 876 5258 2846
15 575 2155 576 873 2160 2161 579 2849 2848 5257
16 2155 786 874 873 5259 2855 5260 5257 877 2856
17 787 873 2155 872 2857 5257 5256 2853 5258 876
18 576 2155 577 874 2161 2163 580 2850 2847 5260
19 874 576 2155 873 2850 2161 5260 877 5257 2848
20 786 2155 587 787 5259 2164 2699 789 2702 5256
21 786 2155 787 873 5259 5256 789 2856 2857 5257
22 2155 872 586 787 5258 5255 2162 5256 2701 2853
23 586 872 2155 575 5255 5258 2162 2159 2160 2846
24 2155 786 577 874 5259 5253 2163 5260 2847 2855
25 2155 577 786 587 2163 5253 5259 2164 2699 2158
3 93 11 22
26 786 1039 1030 1038 3089 3076 5427 3091 3077 1042
27 159 126 108 874 1044 880 3085 3079 2854 878
28 1030 1038 1037 787 3077 1041 3075 5428 3087 3090
29 155 106 124 872 3045 871 1004 3078 875 2852
30 786 1039 1031 1030 3089 3074 5429 5427 1034 3076
31 873 786 1031 1030 2856 5429 3083 3084 1034 5427
32 786 1031 874 873 5429 3081 2855 2856 877 3083
33 787 1030 873 1029 5428 3084 2857 5430 3082 1033
34 787 1037 1030 1029 3087 3075 5428 5430 1033 3072
35 873 787 1029 872 2857 5430 3082 876 3080 2853
36 108 159 1031 160 3085 1035 5431 1045 3073 1036
37 1031 159 108 874 1035 3085 5431 3081 2854 3079
38 1031 1039 108 160 3074 3088 5431 3073 1045 1043
39 155 106 1029 156 3045 5432 1032 1005 3071 1011
40 155 1029 106 872 1032 5432 3045 3078 2852 3080
41 1037 1029 106 156 3072 5432 3086 1040 1011 3071
42 1030 786 787 873 5427 789 5428 3084 2857 2856
43 787 786 1030 1038 789 5427 5428 3090 3077 3091
44 787 1029 106 1037 5430 5432 790 3087 3086 3072
45 787 106 1029 872 790 5432 5430 2853 3080 2852
46 1031 786 108 1039 5429 788 5431 3074 3088 3089
47 108 786 1031 874 788 5429 5431 2854 3081 2855
3 94 11 73
72 3413 3414 1030 4037 3434 6082 6083 6084 6085 6086
73 1030 3415 3412 4036 6087 3433 6088 6089 6090 6091
74 3417 1031 4032 4034 6092 6093 6094 6095 4052 6096
75 1031 3417 3418 4034 6092 3439 6097 6096 6098 6095
76 3417 1031 3412 4032 6092 6099 3437 6094 6100 6093
77 4037 1030 3413 4033 6085 6083 6084 4061 6101 6102
78 4032 1030 3412 4036 6103 6088 6100 4055 6090 6089
79 4038 1031 3418 4034 6104 6097 6105 4049 6098 6096
80 1135 3417 4032 4034 3441 6094 4050 4048 4052 6095
81 1029 4026 3416 4035 6106 6107 6108 6109 6110 6111
82 1038 3414 1030 3413 3435 6082 3077 3428 6083 3434
83 3415 3414 1030 1038 3436 6082 6087 3432 3077 3435
84 3412 1135 3417 4032 3442 3441 3437 6100 6094 4050
85 4033 4037 1030 1348 4061 6085 6102 4066 4078 4070
86 3412 3415 1030 1038 3433 6087 6088 3430 3077 3432
87 3416 1029 4035 4033 6108 6109 6110 6112 4064 6113
88 1039 3417 1031 3412 3438 6092 3074 3431 6099 3437
89 4036 4032 1030 1348 4055 6103 6089 4069 4078 4067
90 1031 1030 3412 4032 1034 6088 6099 6093 6100 6103
91 4037 4036 1030 1348 4058 6089 6085 4070 4078 4069
92 3416 1139 3413 4033 3450 3449 3429 6112 6101 4060
93 1138 3414 3413 4037 3447 3434 3448 4057 6084 6086
94 1029 3413 1030 4033 6114 6083 1033 6113 6102 6101
95 3417 1134 3418 4034 3440 3426 3439 6095 6098 4047
96 1348 4032 1030 1349 4067 6103 4078 1352 4077 4068
97 3415 3414 1137 4037 3436 3446 3445 6115 4056 6086
98 3418 1039 3417 1031 3424 3438 3439 6097 6092 3074
99 4035 1029 210 1347 6109 4072 4044 4045 1350 4074
100 211 160 175 4038 4079 1149 1354 4040 4041 6116
101 160 3418 175 4038 3422 3423 1149 6116 4041 6105
102 4038 1349 1031 4034 4046 4075 6104 4049 6096 4071
103 3412 3415 1136 4036 3433 3444 3443 6090 4053 6091
104 1349 4032 1031 4034 4068 6093 4075 4071 6096 4052
105 1348 1030 4033 1347 4078 6102 4066 1351 4065 4076
106 1030 1038 3413 1037 3077 3428 6083 3075 3427 1041
107 4035 1140 3416 4033 4063 3425 6110 4064 6112 4062
108 1031 211 1349 4038 4073 1353 4075 6104 4046 4040
109 3418 160 1039 1031 3422 1043 3424 6097 3074 3073
110 1139 3416 1140 4033 3450 3425 1147 4060 4062 6112
111 1140 3416 4026 4035 3425 6107 6117 4063 6111 6110
112 3412 1030 1039 1038 6088 3076 3431 3430 1042 3077
113 4038 3418 1134 4034 6105 3426 4042 4049 4047 6098
114 1031 1030 4032 1349 1034 6103 6093 4075 4068 4077
115 156 3416 1037 1029 3420 3421 1040 3071 3072 6108
116 4036 3415 1137 4037 6091 3445 4054 4058 4056 6115
117 4035 4026 1140 1344 6111 6117 4063 4043 4039 4031
118 4032 3412 1136 4036 6100 3443 4051 4055 4053 6090
119 1030 1029 4033 1347 1033 6113 6102 4076 4065 4074
120 3416 4026 174 1140 6107 4030 3419 3425 1148 6117
121 1029 4035 4033 1347 6109 4064 6113 4074 4065 4045
122 4037 3413 1138 4033 6084 3448 4057 4061 4059 6101
123 4026 174 1140 1344 4030 1148 6117 4031 4039 1345
124 1039 1031 1030 3412 3074 1034 3076 3431 6088 6099
125 1037 3413 1030 1029 3427 6083 3075 3072 1033 6114
126 3412 1136 1135 4032 3443 1143 3442 6100 4050 4051
127 3417 1135 1134 4034 3441 1142 3440 6095 4047 4048
128 3418 1134 175 4038 3426 1141 3423 6105 4041 4042
129 1139 1138 3413 4033 1146 3448 3449 4060 6101 4059
130 156 3416 4026 174 3420 6107 4028 1132 4030 3419
131 3415 1137 1136 4036 3445 1144 3444 6091 4053 4054
132 3414 1138 1137 4037 3447 1145 3446 6086 4056 4057
133 4035 210 4026 1344 4044 4029 6111 4043 4031 1346
134 1030 3415 4037 3414 6087 6115 6085 6082 6086 3436
135 4037 3415 1030 4036 6115 6087 6085 4058 6089 6091
136 3413 3416 1029 1037 3429 6108 6114 3427 3072 3421
137 1029 3416 3413 4033 6108 3429 6114 6113 6101 6112
138 4026 210 1029 155 4029 4072 6106 4027 1032 1342
139 4026 1029 210 4035 6106 4072 4029 6111 4044 6109
140 160 4038 1031 3418 6116 6104 3073 3422 6097 6105
141 4026 156 1029 3416 4028 3071 6106 6107 6108 3420
142 4026 1029 156 155 6106 3071 4028 4027 1005 1032
143 1031 211 160 159 4073 4079 3073 1035 1036 1355
144 1031 160 211 4038 3073 4079 4073 6104 4040 6116
3 95 11 86
166 4034 1360 3755 3756 6118 6119 6120 6121 3768 6122
167 3755 1360 4034 3751 6119 6118 6120 3771 6123 6124
168 1360 4034 4038 3756 6118 4049 6125 6122 6126 6121
169 4032 4034 1360 3751 4052 6118 6127 6128 6124 6123
170 3755 4034 1135 3751 6120 4048 3766 3771 3770 6123
171 4033 1358 3754 3750 6129 6130 6131 6132 3783 6133
172 4035 1358 3754 4033 6134 6130 6135 4064 6131 6129
173 3755 1134 4034 3756 3767 4047 6120 3768 6121 3762
174 1359 4033 4037 4087 6136 4061 6137 4098 6138 6139
175 1348 4033 4037 1359 4066 4061 4070 4105 6137 6136
176 4032 1360 4087 3751 6127 4097 6140 6128 6141 6124
177 4037 4087 3752 3753 6138 6142 6143 6144 3777 6145
178 1140 3749 3754 4035 3758 3784 3781 4063 6135 6146
179 3756 1360 3755 1260 6122 6119 3768 3765 3793 4091
180 1358 4033 4087 3750 6129 6139 4095 6133 6147 6132
181 4034 4032 1135 3751 4052 4050 4048 6123 3770 6128
182 3756 175 4038 194 3760 4041 6126 3761 6148 1266
183 4087 3752 1258 3750 6142 3790 4094 6147 3785 3780
184 1360 4038 213 3756 6125 6149 1364 6122 6150 6126
185 4087 4037 4036 3753 6138 4058 6151 6145 6152 6144
186 1257 3754 1358 3750 3787 6130 4090 3786 6133 3783
187 3751 3755 1360 1260 3771 6119 6124 3791 4091 3793
188 1134 4038 4034 3756 4042 4049 4047 3762 6121 6126
189 1349 1348 4032 1359 1352 4067 4068 4106 6153 4105
190 1137 4037 3752 3753 4056 6143 3776 3772 3777 6144
191 4038 213 3756 194 6149 6150 6126 6148 3761 1365
192 4035 210 1358 1347 4044 4100 6134 4045 4101 1350
193 4038 175 211 194 4041 1354 4040 6148 4099 1266
194 4034 4038 1349 1360 4049 4046 4071 6118 4103 6125
195 3749 4080 4035 1344 6154 6155 6146 6156 4043 4086
196 4033 1348 1347 1359 4066 1351 4065 6136 4104 4105
197 211 1349 4038 1360 1353 4046 4040 4102 6125 4103
198 4034 1349 4032 1360 4071 4068 4052 6118 6127 4103
199 1136 4036 3753 3751 4053 6152 3773 3769 3774 6157
200 213 211 4038 1360 1366 4040 6149 1364 6125 4102
201 1259 4087 1360 3751 4093 4097 4096 3792 6124 6141
202 1258 1358 4087 3750 4092 4095 4094 3785 6147 6133
203 1359 1358 4033 4087 1362 6129 6136 4098 6139 4095
204 1140 3749 4035 1344 3758 6146 4063 4039 4043 6156
205 4032 1360 1359 4087 6127 1363 6153 6140 4098 4097
206 1360 1349 4032 1359 4103 4068 6127 1363 6153 4106
207 4036 1136 4032 3751 4053 4051 4055 6157 6128 3769
208 4087 1259 3753 3751 4093 3788 6145 6141 3774 3792
209 4037 1137 4036 3753 4056 4054 4058 6144 6152 3772
210 194 213 3756 1260 1365 6150 3761 1265 3765 4089
211 4035 3754 1140 4033 6135 3781 4063 4064 4062 6131
212 4033 3754 1139 3750 6131 3782 4060 6132 3778 3783
213 3749 1140 174 1344 3758 1148 3757 6156 1345 4039
214 3749 1247 4080 1344 3759 4084 6154 6156 4086 4081
215 1347 1358 4033 1359 4101 6129 4065 4104 6136 1362
216 4033 4035 1358 1347 4064 6134 6129 4065 4101 4045
217 1247 3749 174 1344 3759 3757 1249 4081 1345 6156
218 213 1360 3756 1260 1364 6122 6150 4089 3765 4091
219 213 4038 211 194 6149 4040 1366 1365 4099 6148
220 3754 1139 1140 4033 3782 1147 3781 6131 4062 4060
221 3751 1360 1259 1260 6124 4096 3792 3791 1264 4091
222 1258 1257 1358 3750 1262 4090 4092 3785 6133 3786
223 4032 1136 1135 3751 4051 1143 4050 6128 3770 3769
224 4034 1135 1134 3755 4048 1142 4047 6120 3767 3766
225 4038 1134 175 3756 4042 1141 4041 6126 3760 3762
226 3749 1247 192 4080 3759 1248 3763 6154 4083 4084
227 4080 210 4035 1344 4085 4044 6155 4086 4043 1346
228 1258 3752 4087 3753 3790 6142 4094 3789 6145 3777
229 4036 1137 1136 3753 4054 1144 4053 6152 3773 3772
230 4037 1138 1137 3752 4057 1145 4056 6143 3776 3775
231 1139 1138 4033 3750 1146 4059 4060 3778 6132 3779
232 1259 1258 4087 3753 1263 4094 4093 3788 6145 3789
233 3749 3754 1358 1257 3784 6130 6158 3764 4090 3787
234 1358 3754 3749 4035 6130 3784 6158 6134 6146 6135
235 4087 3752 4033 4037 6142 6159 6139 6138 4061 6143
236 4087 4033 3752 3750 6139 6159 6142 6147 3780 6132
237 1138 4033 3752 4037 4059 6159 3775 4057 6143 4061
238 1138 3752 4033 3750 3775 6159 4059 3779 6132 3780
239 3751 4087 4036 3753 6141 6151 6157 3774 6152 6145
240 3751 4036 4087 4032 6157 6151 6141 6128 6140 4055
241 4032 4036 1359 1348 4055 6160 6153 4067 4105 4069
242 4032 1359 4036 4087 6153 6160 4055 6140 6151 4098
243 4037 1359 4036 1348 6137 6160 4058 4070 4069 4105
244 4037 4036 1359 4087 4058 6160 6137 6138 4098 6151
245 3749 1358 212 1257 6158 1361 6161 3764 4088 4090
246 212 192 3749 1257 1356 3763 6161 4088 3764 1261
247 3749 192 212 4080 3763 1356 6161 6154 4082 4083
248 3749 212 4035 4080 6161 6162 6146 6154 6155 4082
249 3749 4035 212 1358 6146 6162 6161 6158 1361 6134
250 210 4035 212 4080 4044 6162 1357 4085 4082 6155
251 210 212 4035 1358 1357 6162 4044 4100 6134 1361
3 96 11 25
548 191 1257 192 212 3742 1261 1241 4259 1356 4088
549 1260 194 213 193 1265 1365 4089 3744 4282 1256
550 213 1360 1260 1452 1364 4091 4089 4285 6390 4286
551 212 1257 1358 1450 4088 4090 1361 4283 4284 6391
552 1258 4087 1358 1252 4094 4095 4092 3748 6392 6393
553 1452 1251 1260 193 4279 3745 6390 4278 3744 1253
554 1451 4087 1259 1252 6394 4093 6395 4280 3746 6393
555 1360 1359 4087 1451 1363 4098 4097 4289 6394 4288
556 4087 1359 1358 1451 4098 1362 4095 6394 4287 4288
557 1259 1251 1451 1252 3747 4281 6395 3746 4280 1254
558 1257 191 1252 1450 3742 1255 3743 6391 4277 4276
559 1258 1358 1257 1252 4092 4090 1262 3748 3743 6392
560 4087 1258 1259 1252 4094 1263 4093 6393 3746 3748
561 1252 1358 1257 1450 6392 4090 3743 4277 6391 4284
562 193 213 1452 232 4282 4285 4278 1457 1456 1458
563 193 1452 213 1260 4278 4285 4282 3744 4089 6390
564 1452 1451 1259 1251 1455 6395 6396 4279 3747 4281
565 212 1450 191 1257 4283 4276 4259 4088 3742 6391
566 191 1450 212 230 4276 4283 4259 1433 1447 1453
567 1451 1360 1259 4087 4289 4096 6395 6394 4093 4097
568 1259 1360 1451 1452 4096 4289 6395 6396 1455 4286
569 1358 1451 1252 4087 4287 4280 6392 4095 6393 6394
570 1358 1252 1451 1450 6392 4280 4287 4284 1454 4277
571 1260 1452 1259 1251 6390 6396 1264 3745 3747 4279
572 1259 1452 1260 1360 6396 6390 1264 4096 4091 4286
3 97 11 21
676 1452 224 193 232 4269 4275 4278 1456 1457 1449
677 1411 197 1280 193 4200 1283 4201 6384 3837 1278
678 1411 224 197 193 1415 1416 4200 6384 1278 4275
679 196 1279 191 1409 1281 3835 1273 4198 6385 4199
680 1251 1410 1252 1280 6386 6387 1254 3838 3839 4202
681 1410 1451 1251 1252 4273 4281 6386 6387 1254 4280
682 218 196 191 1409 1378 1273 4234 1412 6385 4198
683 1452 224 1411 193 4269 1415 4270 4278 6384 4275
684 218 191 230 1409 4234 1433 1431 1412 4268 6385
685 1450 230 191 1409 1453 1433 4276 4271 6385 4268
686 1411 1451 1251 1410 4274 4281 6388 1414 6386 4273
687 1451 1411 1251 1452 4274 6388 4281 1455 4279 4270
688 1251 1411 1410 1280 6388 1414 6386 3838 4202 4201
689 1279 1252 1410 1280 3836 6387 4203 1282 4202 3839
690 1252 1410 1451 1409 6387 4273 4280 6389 4272 1413
691 1450 1252 1451 1409 4277 4280 1454 4271 4272 6389
692 1410 1252 1279 1409 6387 3836 4203 1413 4199 6389
693 1409 1252 191 1450 6389 1255 6385 4271 4276 4277
694 1409 191 1252 1279 6385 1255 6389 4199 3836 3835
695 1251 1411 193 1452 6388 6384 1253 4279 4278 4270
696 1251 193 1411 1280 1253 6384 6388 3838 4201 3837
3 98 11 21
1038 197 1280 181 1289 1283 3832 1277 6275 3851 6276
1039 197 181 199 1289 1277 1294 4197 6275 1293 3851
1040 1280 197 1411 1289 1283 4200 4201 6276 4193 6275
1041 196 198 1287 1409 4116 1290 6274 4198 4191 4190
1042 199 1411 197 1289 4192 4200 4197 1293 6275 4193
1043 1411 199 197 224 4192 4197 4200 1415 1416 1408
1044 198 196 218 1409 4116 1378 1376 4190 1412 4198
1045 179 198 1287 196 1285 1290 3849 1272 6274 4116
1046 1280 1177 181 1289 3833 1179 3832 6276 3851 3852
1047 1289 1410 1177 1288 4196 6277 3852 1292 3854 4195
1048 1280 1410 1289 1411 4202 4196 6276 4201 4193 1414
1049 1280 1289 1410 1177 6276 4196 4202 3833 6277 3852
1050 1410 1279 1280 1177 4203 1282 4202 6277 3833 3834
1051 179 196 1287 1279 1272 6274 3849 3830 6278 1281
1052 179 1287 1178 1279 3849 3850 1181 3830 3831 6278
1053 196 1409 1287 1279 4198 4191 6274 1281 6278 4199
1054 1287 1288 1178 1279 1291 3853 3850 6278 3831 6279
1055 1287 1409 1288 1279 4191 4194 1291 6278 6279 4199
1056 1288 1409 1410 1279 4194 1413 4195 6279 4203 4199
1057 1279 1288 1177 1410 6279 3854 3834 4203 6277 4195
1058 1279 1177 1288 1178 3834 3854 6279 3831 3853 1180
3 99 11 21
1145 1183 1287 1172 168 3843 5944 3534 3533 1174 5945
1146 168 1287 1172 179 5945 5944 1174 1164 3515 3849
1147 1185 181 199 180 5946 1294 3842 3535 3848 1170
1148 1173 181 1185 180 3517 5946 3536 1176 3535 1170
1149 1183 198 1287 168 3841 1290 3843 3533 5945 3840
1150 1183 198 168 167 3841 3840 3533 1186 1063 1284
1151 199 1185 180 182 3842 3535 3848 1286 1190 1189
1152 168 198 1287 179 3840 1290 5945 1164 3849 1285
1153 1185 181 1289 199 5946 3851 3844 3842 1293 1294
1154 1177 1185 181 1289 5947 5946 1179 3852 3851 3844
1155 1185 1177 181 1173 5947 1179 5946 3536 3517 3518
1156 1178 1172 1287 179 3516 5944 3850 1181 3849 3515
1157 1184 1177 1178 1288 5948 1180 5949 3847 3853 3854
1158 1173 1177 1178 1184 3518 1180 3519 3538 5949 5948
1159 1172 1173 1178 1184 1175 3519 3516 3537 5949 3538
1160 1177 1184 1289 1288 5948 3846 3852 3854 1292 3847
1161 1177 1184 1185 1289 5948 1188 5947 3852 3844 3846
1162 1184 1173 1177 1185 3538 3518 5948 1188 5947 3536
1163 1288 1178 1184 1287 3853 5949 3847 1291 3845 3850
1164 1184 1172 1287 1178 3537 5944 3845 5949 3850 3516
1165 1184 1287 1172 1183 3845 5944 3537 1187 3534 3843
3 100 11 36
1193 167 1183 114 168 1186 5688 3104 1063 1062 3533
1194 890 167 1183 114 3525 1186 3527 2865 5688 3104
1195 890 167 114 129 3525 3104 2865 894 886 1060
1196 1172 889 837 836 5689 2870 3511 3514 840 2871
1197 180 182 1185 5690 1190 1189 3535 5692 5694 5693
1198 835 180 1173 5690 3510 1176 3512 5691 5695 5692
1199 1185 1173 180 5690 3536 1176 3535 5694 5692 5695
1200 888 1185 182 5690 3528 1189 3526 5696 5693 5694
1201 888 835 836 5690 2868 839 2869 5696 5697 5691
1202 1173 836 835 5690 3513 839 3512 5695 5691 5697
1203 836 889 888 5690 2871 892 2869 5697 5696 5698
1204 1185 888 889 5690 3528 892 3529 5694 5698 5696
1205 114 837 168 5699 841 3509 1062 5700 5701 5702
1206 114 168 1183 5699 1062 3533 5688 5700 5703 5701
1207 114 890 837 5699 2865 2866 841 5700 5702 5704
1208 1183 890 114 5699 3527 2865 5688 5703 5700 5704
1209 1172 168 837 5699 1174 3509 3511 5705 5702 5701
1210 1172 1183 168 5699 3534 3533 1174 5705 5701 5703
1211 890 889 837 5699 893 2870 2866 5704 5702 5706
1212 1172 837 889 5699 3511 2870 5689 5705 5706 5702
1213 1184 889 890 5699 3530 893 3531 5707 5704 5706
1214 1184 1172 889 5699 3537 5689 3530 5707 5706 5705
1215 1184 890 1183 5699 3531 3527 1187 5707 5703 5704
1216 1184 1183 1172 5699 1187 3534 3537 5707 5705 5703
1217 130 888 5690 835 891 5696 5708 2867 5691 2868
1218 130 5690 888 182 5708 5696 891 1182 3526 5693
1219 118 130 5690 835 895 5708 5709 838 5691 2867
1220 118 5690 130 182 5709 5708 895 3532 1182 5693
1221 180 118 5690 835 1169 5709 5692 3510 5691 838
1222 180 5690 118 182 5692 5709 1169 1190 3532 5693
1223 1184 5690 1185 889 5710 5694 1188 3530 3529 5698
1224 1184 1185 5690 1173 1188 5694 5710 3538 5695 3536
1225 836 5690 1184 889 5697 5710 5711 2871 3530 5698
1226 836 1184 5690 1173 5711 5710 5697 3513 5695 3538
1227 836 1184 1172 889 5711 3537 3514 2871 5689 3530
1228 836 1172 1184 1173 3514 3537 5711 3513 3538 1175
$EndElements
